{"vanishing_points_gaussian_sphere": {"x": [-0.3447416633510764, -0.03818470952523354, 0.9379206328407573], "y": [0.9386972545885884, -0.014881550943313551, 0.3444212590264554], "z": [0.0008060879481641983, 0.9991598807998624, 0.040974172624041134]}, "nonfixated_points_in_view": [0, 1033, 1040, 1048, 26, 1055, 34, 36, 1061, 48, 50, 55, 572, 576, 577, 1089, 579, 582, 71, 88, 93, 97, 613, 1132, 625, 115, 631, 119, 641, 134, 650, 658, 147, 1176, 678, 171, 685, 688, 693, 701, 192, 1217, 708, 197, 714, 1231, 1232, 728, 221, 223, 740, 743, 753, 757, 760, 1273, 254, 772, 1284, 777, 805, 301, 1329, 818, 1336, 827, 829, 319, 328, 841, 330, 1365, 343, 1368, 1383, 360, 885, 392, 906, 398, 911, 912, 406, 1432, 1441, 943, 944, 948, 965, 971, 465, 984, 501], "point_pitch": -0.0538615425440927, "camera_rotation_from_original_to_final": [0.012680010870099068, -0.05235942080616951, 0.1502830982208252], "camera_location": [2.5174548625946045, -7.046302795410156, 1.517836332321167], "camera_rotation_original": [1.5836472511291504, 0.0011349497362971306, 1.7721537351608276], "view_id": 9, "point_location": [-2.7651493549346924, -8.98616886138916, 1.287058711051941], "camera_distance": 5.63225046910689, "bounding_box_ranges": {"x": [-12.061742923793222, -6.16081010673142], "y": [-3.5510297257841814, 2.5174548625946045], "z": [-0.09580940581405503, 2.4275185317790013]}, "obliqueness_angle": 0.420024037361145, "resolution": 512, "point_uuid": "410", "point_normal": [0.9504245519638062, 0.02601405419409275, 0.309865266084671], "camera_rotation_final": [1.5298106670379639, -0.0008060880354605615, 1.922760009765625], "vanishing_points_image": {"x": [116.80544073326686, 271.4176427688705], "y": [499.1426613844973, 259.8546399110031], "z": [256.17645246341385, 37.284135666637816]}, "camera_uuid": "3d5b30db610d18db270d0baeb235eacb", "field_of_view_rads": 1.0763812130584112, "room": "856e4980d5eb3351797f528948f684e5"}