{"vanishing_points_gaussian_sphere": {"x": [0.03345123473094303, 0.023193104864940854, 0.9991712039393946], "y": [0.9991405293379946, 0.02370999200843538, -0.03400057224741946], "z": [-0.024478920098064197, 0.9994498067265228, -0.02238004256360566]}, "nonfixated_points_in_view": [768, 1281, 908, 1170, 28, 542, 671, 1058, 1447, 552, 1064, 1192, 686, 687, 1456, 946, 820, 1465, 1339, 1085, 1471, 1091, 712, 969, 75, 972, 333, 334, 79, 208, 462, 338, 463, 1483, 214, 599, 1366, 1242, 860, 605, 94, 994, 228, 1382, 999, 1002, 1258, 367, 1009, 372, 1140, 1141, 1018], "point_pitch": 0.028313593068395093, "camera_rotation_from_original_to_final": [-0.026369139552116394, -0.03519250079989433, -2.6675872802734375], "camera_location": [5.132575988769531, -10.393342971801758, 1.5002893209457397], "camera_rotation_original": [1.587233543395996, -0.019086314365267754, 2.634567975997925], "view_id": 4, "point_location": [5.319850921630859, -4.889913558959961, 1.6235582828521729], "camera_distance": 5.507994383064489, "bounding_box_ranges": {"x": [-10.393342971801758, -3.1598976324072288], "y": [1.6156603586184253, 6.506339541665843], "z": [-0.015521184292583812, 2.427732075501888]}, "obliqueness_angle": 0.14149503409862518, "resolution": 512, "point_uuid": "1386", "point_normal": [-0.17226816713809967, -0.9850438833236694, 0.0035031477455049753], "camera_rotation_final": [1.5931849479675293, 0.024481365457177162, -0.03346750885248184], "vanishing_points_image": {"x": [271.0839621827139, 245.5416740369565], "y": [477.68615961821547, 250.73930151105847], "z": [250.53748605786095, 32.97102315622418]}, "camera_uuid": "3d449594a2cb2c364ffe85b6c45b4104", "field_of_view_rads": 1.0319856049102254, "room": "856e4980d5eb3351797f528948f684e5"}