{"vanishing_points_gaussian_sphere": {"x": [-0.650153458998438, -0.2763036515657983, 0.7077829977357272], "y": [0.7597704107734019, -0.2278019742536024, 0.6089788037685523], "z": [-0.00702870298009108, 0.9336822546549586, 0.3580335803759903]}, "nonfixated_points_in_view": [1027, 1159, 1417, 779, 399, 527, 528, 786, 279, 925, 1317, 1324, 941, 46, 1198, 54, 823, 190, 63, 191, 1474, 452, 1100, 335, 1363, 469, 1241, 859, 1248, 1379, 1135, 368], "point_pitch": -0.3601322611186166, "camera_rotation_from_original_to_final": [-0.1772146373987198, 0.3307575285434723, -2.971273422241211], "camera_location": [-4.307779312133789, 0.3686792552471161, 1.49626624584198], "camera_rotation_original": [1.5781090259552002, -0.005691109225153923, -1.0627084970474243], "view_id": 3, "point_location": [-7.077905178070068, -2.0147476196289062, 0.09499148279428482], "camera_distance": 3.9138078740000717, "bounding_box_ranges": {"x": [-5.979757430311658, 0.3686792552471161], "y": [-7.4309548502951905, -4.307779312133789], "z": [-0.026857120977283877, 2.500725392168171]}, "obliqueness_angle": 0.6799722909927368, "resolution": 512, "point_uuid": "1353", "point_normal": [0.9855592846870422, 0.033872079104185104, 0.16590885818004608], "camera_rotation_final": [1.2046258449554443, 0.007028760854154825, -4.004581451416016], "vanishing_points_image": {"x": [32.264088253432725, 351.083781446325], "y": [498.8867925214449, 328.8247508351733], "z": [254.0964416587903, 3.134194043738182]}, "camera_uuid": "5fb98853d32c905b4569c0e295d9d2d9", "field_of_view_rads": 1.0446974082879248, "room": "8de55a2e5745f73de25402626a4c3d61"}