{"vanishing_points_gaussian_sphere": {"x": [0.33058434797040104, 0.36568086834946534, 0.8700525796755998], "y": [0.9437163957073926, -0.11768211181092883, -0.30911209137264106], "z": [-0.010646753027695664, 0.9232705037435677, -0.3840028952587028]}, "nonfixated_points_in_view": [128, 773, 1019, 1288, 1420, 639, 528, 1148, 1295, 1300, 281, 1305, 1436, 31, 1313, 1186, 292, 293, 1316, 1317, 424, 1448, 811, 300, 173, 430, 1069, 1071, 689, 437, 828, 1469, 702, 63, 1342, 1474, 1476, 709, 1349, 1223, 458, 204, 1100, 722, 981, 475, 352, 1248, 1250, 483, 611, 762, 106, 1006, 1135, 624, 1263, 1390, 502, 1143, 122, 251, 764, 382, 255], "point_pitch": 0.385462955632482, "camera_rotation_from_original_to_final": [-0.2569965124130249, -0.2846757173538208, -1.1191329956054688], "camera_location": [-2.0300116539001465, -0.3511151969432831, 1.4951437711715698], "camera_rotation_original": [1.5840462446212769, -0.0036451206542551517, -2.3237228393554688], "view_id": 5, "point_location": [-4.025896072387695, -5.968883991241455, 3.9745781421661377], "camera_distance": 6.456816257190762, "bounding_box_ranges": {"x": [-6.441887029966554, -0.3511151969432831], "y": [-7.250805591880033, -0.057778204779607156], "z": [0.1787033123139028, 5.478481568092059]}, "obliqueness_angle": 0.5226234197616577, "resolution": 512, "point_uuid": "156", "point_normal": [-0.00964281614869833, 0.9999526739120483, 0.0013485339004546404], "camera_rotation_final": [1.9649475812911987, 0.01064695417881012, -3.4785351753234863], "vanishing_points_image": {"x": [371.4335051193029, 128.31148525994766], "y": [417.2517051256374, 276.108203352845], "z": [254.2379499824624, 103.19765706207785]}, "camera_uuid": "6f269c44fb405f239d56a612bcda89ad", "field_of_view_rads": 1.1511071197649465, "room": "8de55a2e5745f73de25402626a4c3d61"}