{"vanishing_points_gaussian_sphere": {"x": [-0.3048054140518739, 0.14722709453731003, 0.9409664405273802], "y": [0.9524118328300109, 0.04951926668880639, 0.30076492965766866], "z": [-0.0023152213814752395, 0.987862351170802, -0.15531456753714354]}, "nonfixated_points_in_view": [407, 1184, 834, 808, 565, 790, 438, 1046, 986, 990, 543], "point_pitch": 0.1573595563557486, "camera_rotation_from_original_to_final": [0.016821423545479774, -0.15305224061012268, -1.3681286573410034], "camera_location": [-3.781970262527466, -8.79295825958252, 4.280111312866211], "camera_rotation_original": [1.5727763175964355, 0.0018530383240431547, -1.4653403759002686], "view_id": 3, "point_location": [-2.8848705291748047, -11.599607467651367, 4.743373394012451], "camera_distance": 2.9827302000182967, "bounding_box_ranges": {"x": [-11.666553645881848, -8.79295825958252], "y": [-4.20195783641022, -1.820851611450239], "z": [3.347780963881233, 5.207849430223693]}, "obliqueness_angle": 1.0891729593276978, "resolution": 512, "point_uuid": "1025", "point_normal": [-0.01864381693303585, 0.33057132363319397, -0.9435968995094299], "camera_rotation_final": [1.7267426252365112, 0.0023152234498411417, -2.831857681274414], "vanishing_points_image": {"x": [101.14228368390543, 181.2006342773772], "y": [557.5721386142953, 240.32019569351533], "z": [255.42203471121508, 9.39284889016129]}, "camera_uuid": "719f11efd7d094b502660bf8fb326352", "field_of_view_rads": 0.8881939192273043, "room": "ef914082afe6874a9bab2b30c864407b"}