{"vanishing_points_gaussian_sphere": {"x": [0.06678547355915579, -0.2156382536049903, 0.9741867603820477], "y": [0.9977586119828368, 0.01852164413402327, -0.06430164004639062], "z": [-0.004177647132332901, 0.9762976453319769, 0.21639190138190303]}, "nonfixated_points_in_view": [3, 771, 775, 1032, 649, 1287, 1291, 12, 654, 1039, 144, 17, 529, 1424, 1428, 665, 538, 28, 285, 415, 1439, 1443, 165, 422, 934, 1062, 43, 1067, 429, 174, 687, 1070, 1460, 1333, 566, 1080, 1464, 1338, 1465, 317, 1085, 65, 195, 1347, 456, 1483, 1228, 1484, 334, 975, 848, 977, 724, 216, 89, 1113, 1370, 604, 1117, 1378, 99, 1253, 617, 746, 1391, 1264, 241, 116, 1141, 1271, 1404, 1399], "point_pitch": -0.22295634349318938, "camera_rotation_from_original_to_final": [-0.204567089676857, 0.09126079827547073, -1.256795883178711], "camera_location": [-1.2640292644500732, -10.590165138244629, 1.4937529563903809], "camera_rotation_original": [1.576294183731079, -0.003259384771808982, -0.3901067078113556], "view_id": 1, "point_location": [5.572956562042236, -11.041443824768066, -0.024918360635638237], "camera_distance": 7.018147060902484, "bounding_box_ranges": {"x": [-11.67380744997798, -5.836547669992059], "y": [-1.2640292644500732, 6.509528088709832], "z": [-0.028368245151761062, 2.427730408865088]}, "obliqueness_angle": 1.278670310974121, "resolution": 512, "point_uuid": "518", "point_normal": [-0.07159257680177689, 0.040161486715078354, 0.9966251254081726], "camera_rotation_final": [1.3526771068572998, 0.004177659284323454, -1.637632131576538], "vanishing_points_image": {"x": [279.02897412743437, 330.35640564494685], "y": [426.96736152662226, 252.8262898553829], "z": [255.17149868773257, 62.38291011681343]}, "camera_uuid": "bf987798a26d9c5da496954cb31ac414", "field_of_view_rads": 1.2529559735716955, "room": "856e4980d5eb3351797f528948f684e5"}