{"vanishing_points_gaussian_sphere": {"x": [-0.22471006671764526, -0.17388539354942287, 0.9587853022579735], "y": [0.9744070214145192, -0.04618593975950277, 0.2199950353681106], "z": [0.006028476908480307, 0.9836822296243304, 0.17981359400075964]}, "nonfixated_points_in_view": [512, 1, 1024, 902, 265, 651, 1168, 918, 666, 541, 158, 1181, 801, 1450, 306, 1458, 439, 59, 955, 1470, 449, 451, 1350, 82, 1110, 983, 1016, 478, 353, 482, 355, 609, 101, 873, 1385, 491, 369, 499, 886, 1398, 376, 1279], "point_pitch": -0.1896415193888803, "camera_rotation_from_original_to_final": [0.17285002768039703, 0.0751209408044815, -0.18838316202163696], "camera_location": [7.106297016143799, -6.809415817260742, 1.504452109336853], "camera_rotation_original": [1.5783125162124634, -0.007616623304784298, -2.721336841583252], "view_id": 2, "point_location": [7.986113548278809, -10.643839836120605, 0.7853319644927979], "camera_distance": 3.999252219636681, "bounding_box_ranges": {"x": [-11.651207533124065, -6.809415817260742], "y": [6.465007527149027, 9.96348403535044], "z": [-0.028318674618279194, 2.4439863662598817]}, "obliqueness_angle": 1.3472788333892822, "resolution": 512, "point_uuid": "9", "point_normal": [-0.020637240260839462, 0.03909425064921379, 0.9990224242210388], "camera_rotation_final": [1.38999605178833, -0.006028513424098492, -2.914942979812622], "vanishing_points_image": {"x": [180.30058004398015, 314.5778092756978], "y": [448.01250089020954, 265.101204737126], "z": [257.161721556974, 66.43887722962334]}, "camera_uuid": "b7487260ea08da3259345602cccf923b", "field_of_view_rads": 1.260951108753809, "room": "8868fae7afbf71557a2e4faceeb9d9d6"}