{"vanishing_points_gaussian_sphere": {"x": [-0.25310598045374416, 0.21512404049454176, 0.9432173714790518], "y": [0.9674323853886944, 0.05279878663591224, 0.24756184647662544], "z": [0.0034557719383326644, 0.9751584155054388, -0.22148165230833922]}, "nonfixated_points_in_view": [896, 385, 1159, 779, 1147, 1038, 272, 788, 23, 793, 1051, 1180, 669, 1446, 168, 297, 1068, 1324, 46, 815, 563, 692, 1334, 1208, 442, 443, 826, 318, 1215, 704, 322, 1474, 452, 842, 76, 1229, 337, 978, 1361, 606, 1379, 484, 231, 871, 1259, 493, 494, 1137, 1138, 1143, 1144, 121, 634, 635, 636, 893, 766, 1151], "point_pitch": 0.22638245026138826, "camera_rotation_from_original_to_final": [0.21923762559890747, -0.048461392521858215, 0.47492146492004395], "camera_location": [-5.588504314422607, -6.667678356170654, 1.5075440406799316], "camera_rotation_original": [1.5696860551834106, -0.004471865016967058, -0.2234717458486557], "view_id": 11, "point_location": [-7.22572135925293, -0.4298368990421295, 2.9722824096679688], "camera_distance": 6.61336568202803, "bounding_box_ranges": {"x": [-6.104098125434527, 1.5568102629030056], "y": [-7.382779560003742, -3.705716596389937], "z": [-0.04828208177840643, 4.321798783604767]}, "obliqueness_angle": 1.3216633796691895, "resolution": 512, "point_uuid": "1251", "point_normal": [0.9999149441719055, -0.0019916249439120293, 0.012893005274236202], "camera_rotation_final": [1.7941312789916992, -0.003455778816714883, 0.25589099526405334], "vanishing_points_image": {"x": [137.72562290805425, 155.47427618509258], "y": [528.6163192803497, 241.12163631015125], "z": [256.76820348198197, 39.22640971593719]}, "camera_uuid": "a16f93f6e5a1a0a39d5df06bb9e95552", "field_of_view_rads": 0.9565200077151886, "room": "8de55a2e5745f73de25402626a4c3d61"}