{"vanishing_points_gaussian_sphere": {"x": [-0.04729881223865978, -0.08497224120053243, 0.9952600366668857], "y": [0.9988762265736496, -0.007033673875416185, 0.046870154872814804], "z": [0.0030176724141904973, 0.996358492540297, 0.0852094360738751]}, "nonfixated_points_in_view": [1409, 387, 899, 264, 782, 1038, 1045, 23, 1434, 539, 1051, 1055, 1183, 804, 1446, 297, 553, 809, 939, 685, 815, 176, 563, 694, 1334, 1210, 443, 699, 318, 575, 704, 577, 706, 1087, 1217, 1224, 458, 1358, 464, 209, 337, 1361, 343, 861, 1118, 1376, 227, 743, 1256, 1259, 1004, 493, 1007, 1137, 1138, 628, 757, 885, 1268, 1273, 634, 635, 766], "point_pitch": -0.09227697452041106, "camera_rotation_from_original_to_final": [-0.07298308610916138, -0.05163224786520004, -0.6059746742248535], "camera_location": [-5.388822078704834, -10.731203079223633, 1.4981894493103027], "camera_rotation_original": [1.5747919082641602, -0.006452437024563551, 0.6547536253929138], "view_id": 10, "point_location": [-5.881392955780029, -0.27175024151802063, 0.6026996374130249], "camera_distance": 10.509266128112227, "bounding_box_ranges": {"x": [-10.731203079223633, -5.954378798454041], "y": [-7.297354467652368, -2.905083630607798], "z": [-0.04193674090246213, 2.429326953603455]}, "obliqueness_angle": 0.27017056941986084, "resolution": 512, "point_uuid": "826", "point_normal": [0.21255142986774445, -0.9336114525794983, 0.28842952847480774], "camera_rotation_final": [1.4854830503463745, -0.003017676994204521, 0.04731668159365654], "vanishing_points_image": {"x": [237.17572650534194, 289.81777748967414], "y": [460.50419740791466, 257.4400341027787], "z": [256.6301914110891, 47.92686342894927]}, "camera_uuid": "71b3547b15480cf3650f1acaad8a6075", "field_of_view_rads": 1.138915624314731, "room": "ade82d56fe033105b37cc8ef1783cd93"}