{"vanishing_points_gaussian_sphere": {"x": [0.06424735421150382, -0.2976924720352807, 0.9524974905848022], "y": [0.9979314002124965, 0.021346100132156192, -0.060640452497273616], "z": [-0.002279900600399293, 0.9544231431093191, 0.298448095907112]}, "nonfixated_points_in_view": [864, 481, 741, 459, 1325, 1302, 311, 1017], "point_pitch": -0.29784993728133635, "camera_rotation_from_original_to_final": [0.035914283245801926, 0.3029898703098297, -1.504694938659668], "camera_location": [-0.41287627816200256, -7.842004776000977, 4.30043888092041], "camera_rotation_original": [1.572762131690979, 0.0053438530303537846, -1.6945343017578125], "view_id": 4, "point_location": [-0.5051327347755432, -9.291098594665527, 3.846390962600708], "camera_distance": 1.5213624151830198, "bounding_box_ranges": {"x": [-9.36230140864206, -7.842004776000977], "y": [-1.2930659897346164, 0.10143689045577409], "z": [3.3751767253833433, 4.533605541128726]}, "obliqueness_angle": 1.0941301584243774, "resolution": 512, "point_uuid": "531", "point_normal": [0.11080285161733627, 0.696717381477356, -0.7087365984916687], "camera_rotation_final": [1.2677292823791504, 0.0022799025755375624, -3.2058844566345215], "vanishing_points_image": {"x": [288.3457122360674, 405.87504393718046], "y": [511.39654028765, 250.53697907368627], "z": [255.29337783736784, -39.809626670549775]}, "camera_uuid": "58e0ccf199c02b51751470380455ffc0", "field_of_view_rads": 0.903841861773928, "room": "9be1cd563f04d329bc30a6918cfb1205"}