{"vanishing_points_gaussian_sphere": {"x": [0.027287518381307767, -0.14451535197809623, 0.9891262327848943], "y": [0.9996245245928942, 0.0014799491988427393, -0.027360913413100898], "z": [0.0024902154565721495, 0.9895014516376496, 0.14450147415844602]}, "nonfixated_points_in_view": [1409, 387, 899, 264, 782, 1038, 1045, 23, 1434, 1051, 1055, 804, 1446, 297, 553, 809, 939, 685, 815, 176, 563, 694, 1334, 826, 443, 699, 1210, 318, 575, 704, 577, 706, 1087, 1217, 1224, 458, 1358, 464, 209, 337, 1361, 343, 861, 1118, 227, 743, 1256, 1259, 1004, 493, 1007, 1137, 1138, 628, 757, 885, 1268, 1273, 634, 635, 766], "point_pitch": -0.15217892726394133, "camera_rotation_from_original_to_final": [-0.12087737768888474, -0.08742830902338028, -0.6774182319641113], "camera_location": [-5.388822078704834, -10.731203079223633, 1.4981894493103027], "camera_rotation_original": [1.5747919082641602, -0.006452437024563551, 0.6547536253929138], "view_id": 3, "point_location": [-5.1744890213012695, -2.982834577560425, 0.3662293255329132], "camera_distance": 7.833548674478003, "bounding_box_ranges": {"x": [-10.731203079223633, -5.953656374806824], "y": [-7.2978452707752774, -2.905407078219557], "z": [-0.04113326591592448, 2.4297497989616863]}, "obliqueness_angle": 0.3001888692378998, "resolution": 512, "point_uuid": "1376", "point_normal": [-0.10459686815738678, -0.9839800596237183, -0.14437006413936615], "camera_rotation_final": [1.4257867336273193, -0.0024902180302888155, -0.027290990576148033], "vanishing_points_image": {"x": [268.6198430856339, 322.8349917329976], "y": [486.5115406603435, 255.6587264902657], "z": [256.627426923776, 6.6882987837968795]}, "camera_uuid": "71b3547b15480cf3650f1acaad8a6075", "field_of_view_rads": 1.0019774567206823, "room": "ade82d56fe033105b37cc8ef1783cd93"}