{"vanishing_points_gaussian_sphere": {"x": [0.22922486794427208, -0.15230735601992934, 0.9613836014922189], "y": [0.9732556111412871, 0.05123444507722457, -0.22393871264171494], "z": [-0.01514844209583111, 0.9870043064444285, 0.1599781977715148]}, "nonfixated_points_in_view": [773, 1159, 522, 779, 399, 272, 527, 528, 639, 786, 1045, 279, 408, 793, 1305, 669, 925, 1186, 164, 292, 421, 423, 1317, 1068, 941, 46, 430, 814, 689, 1198, 436, 692, 828, 1469, 1342, 63, 1087, 1215, 322, 1474, 966, 711, 76, 1100, 335, 1234, 852, 981, 854, 1371, 1374, 224, 352, 736, 611, 1248, 997, 1254, 1379, 1380, 106, 1006, 239, 368, 1144, 1265, 756, 1143, 632, 636, 893, 127], "point_pitch": -0.1712776859614511, "camera_rotation_from_original_to_final": [0.14792107045650482, -0.1017184630036354, -1.3239903450012207], "camera_location": [0.13430264592170715, -5.5853047370910645, 1.5091227293014526], "camera_rotation_original": [1.588117241859436, -0.006452574394643307, 2.6567111015319824], "view_id": 4, "point_location": [-6.653486251831055, -4.0041985511779785, 0.37960630655288696], "camera_distance": 7.060437779091563, "bounding_box_ranges": {"x": [-6.23924296273036, -3.769032857056505], "y": [-3.5512664432969925, 0.13430264592170715], "z": [-0.086157135257109, 2.427733230314264]}, "obliqueness_angle": 1.091813087463379, "resolution": 512, "point_uuid": "190", "point_normal": [0.6625801920890808, 0.7469471096992493, -0.05529574304819107], "camera_rotation_final": [1.4101091623306274, 0.01514902152121067, 1.3394880294799805], "vanishing_points_image": {"x": [340.1738731163922, 311.9289233113726], "y": [422.9071173534427, 247.21362010231306], "z": [252.86010043040568, 51.418276190558956]}, "camera_uuid": "caab66acefae8cc00595de890566047d", "field_of_view_rads": 1.1823057898627887, "room": "856e4980d5eb3351797f528948f684e5"}