{"vanishing_points_gaussian_sphere": {"x": [0.5190853253525239, -0.2736640237506835, 0.8097273782627395], "y": [0.8547223341215412, 0.16576155632604048, -0.49190734696504945], "z": [0.00039567346234286883, 0.9474339599934944, 0.3199511445417206]}, "nonfixated_points_in_view": [864, 481, 1092, 903, 778, 459, 1034, 1325, 1389, 531, 1302, 1017], "point_pitch": -0.3199983080241342, "camera_rotation_from_original_to_final": [0.03621767461299896, 0.3257567286491394, -1.9860684871673584], "camera_location": [-0.41287627816200256, -7.842004776000977, 4.30043888092041], "camera_rotation_original": [1.572762131690979, 0.0053438530303537846, -1.6945343017578125], "view_id": 4, "point_location": [-1.26737642288208, -9.248595237731934, 3.7446463108062744], "camera_distance": 1.737116176762613, "bounding_box_ranges": {"x": [-9.36229574840376, -7.842004776000977], "y": [-1.8907507616469306, -0.15520149826293442], "z": [2.781797000448783, 4.962509303841577]}, "obliqueness_angle": 0.935922384262085, "resolution": 512, "point_uuid": "752", "point_normal": [0.04557236656546593, 0.33254268765449524, 0.9419865608215332], "camera_rotation_final": [1.2451183795928955, -0.00039567347266711295, -3.687373161315918], "vanishing_points_image": {"x": [405.46459835760646, 334.79838130088547], "y": [373.55448250293176, 233.2019365881957], "z": [256.08071626256003, 62.726162982165555]}, "camera_uuid": "58e0ccf199c02b51751470380455ffc0", "field_of_view_rads": 1.2830978011851835, "room": "9be1cd563f04d329bc30a6918cfb1205"}