{"vanishing_points_gaussian_sphere": {"x": [0.028098184022224686, 0.06729124552679742, 0.9973376461009108], "y": [0.9995493117352305, 0.008655978810996839, -0.02874452018125209], "z": [-0.010567188097125568, 0.9976958265454838, -0.06701770086659292]}, "nonfixated_points_in_view": [69, 198, 551, 552, 999, 1002, 1009, 114, 946, 214, 599, 1462, 1402, 222, 1471], "point_pitch": 0.07300765911606355, "camera_rotation_from_original_to_final": [-0.0495525486767292, -0.050320930778980255, 2.648012399673462], "camera_location": [3.8354318141937256, -5.580057144165039, 1.5235874652862549], "camera_rotation_original": [1.571001648902893, -0.012118679471313953, -2.674816608428955], "view_id": 9, "point_location": [3.863420248031616, -4.60895299911499, 1.5888423919677734], "camera_distance": 0.9736964568215133, "bounding_box_ranges": {"x": [-5.580057144165039, -3.1634682127540152], "y": [2.503098131274862, 4.552240898260292], "z": [0.6350131548881693, 2.427733573956376]}, "obliqueness_angle": 0.9268015623092651, "resolution": 512, "point_uuid": "860", "point_normal": [-0.013758476823568344, -0.5452808141708374, -0.8381405472755432], "camera_rotation_final": [1.637868046760559, 0.010567384772002697, -0.028103452175855637], "vanishing_points_image": {"x": [268.3004346304066, 226.54216862746998], "y": [472.2587949620472, 254.12722441513816], "z": [253.7560552672092, 44.13907026855354]}, "camera_uuid": "c83171f93afe09cc67e6fc1972ae2a82", "field_of_view_rads": 1.0560010989501214, "room": "856e4980d5eb3351797f528948f684e5"}