{"vanishing_points_gaussian_sphere": {"x": [0.3981031086588714, -0.1198900327632256, 0.9094725366497747], "y": [0.9173325537270739, 0.05620072606992843, -0.39413508377430484], "z": [-0.0038601487935388356, 0.9911951666716529, 0.13235271367843648]}, "nonfixated_points_in_view": [1024, 902, 136, 265, 1160, 1168, 1425, 917, 24, 537, 666, 1178, 541, 285, 1311, 1443, 687, 1327, 1078, 1080, 1470, 1350, 973, 591, 1110, 983, 1366, 733, 478, 607, 353, 482, 873, 362, 623, 1398, 1279], "point_pitch": -0.1383792599055429, "camera_rotation_from_original_to_final": [0.09938865154981613, 0.096548892557621, -1.2352033853530884], "camera_location": [7.02915096282959, -4.004668712615967, 1.4965605735778809], "camera_rotation_original": [1.5762782096862793, -0.00407657353207469, -2.3110499382019043], "view_id": 6, "point_location": [3.755159378051758, -11.559456825256348, 0.39713579416275024], "camera_distance": 8.306779226603856, "bounding_box_ranges": {"x": [-6.106929878350048, -4.004668712615967], "y": [5.86254967828496, 7.088279361544409], "z": [-0.011021605803252121, 2.171683251815287]}, "obliqueness_angle": 0.26407429575920105, "resolution": 512, "point_uuid": "1188", "point_normal": [0.14487667381763458, 0.970848560333252, 0.1909552961587906], "camera_rotation_final": [1.4380531311035156, 0.0038601583801209927, -3.55104398727417], "vanishing_points_image": {"x": [445.9250978098313, 313.1965546204536], "y": [455.3432579717988, 243.7871598586118], "z": [254.92469273205856, -20.113544756221433]}, "camera_uuid": "c1644f81920efcf3b70623e2c3537e98", "field_of_view_rads": 0.9145481885781763, "room": "8efc299ca974ee46c0bc622cd51b4dc7"}