{"vanishing_points_gaussian_sphere": {"x": [-0.4954095994247299, -0.17732957460573417, 0.8503667154633805], "y": [0.8685904123389485, -0.11347212723835087, 0.48236373405642646], "z": [0.0109555643708596, 0.9775880002895662, 0.21024194942770844]}, "nonfixated_points_in_view": [257, 140, 1426, 27, 284, 168, 940, 1197, 947, 180, 1208, 1212, 73, 715, 1229, 718, 1361, 344, 600, 988, 606, 1120, 738, 870, 1262, 500, 884, 120, 633, 509], "point_pitch": -0.20237319072219329, "camera_rotation_from_original_to_final": [-0.15576307475566864, 0.15589874982833862, 1.2921149730682373], "camera_location": [-1.9361746311187744, -7.597706317901611, 4.284103870391846], "camera_rotation_original": [1.5789034366607666, -0.011993302032351494, -0.7884991765022278], "view_id": 5, "point_location": [-7.026959419250488, 1.376920461654663, 2.0652449131011963], "camera_distance": 10.553831030419245, "bounding_box_ranges": {"x": [-7.597706317901611, -5.95759048184367], "y": [-4.460599874168208, -1.9192687235421066], "z": [2.7686144782758335, 4.965837590260542]}, "obliqueness_angle": 0.5371887683868408, "resolution": 512, "point_uuid": "318", "point_normal": [0.012295232154428959, -0.9998223185539246, 0.014289600774645805], "camera_rotation_final": [1.3589609861373901, -0.010955783538520336, 0.518340528011322], "vanishing_points_image": {"x": [49.724516116120924, 329.8353553326288], "y": [529.9617056033285, 291.79019187299696], "z": [258.93010346826276, -5.459281623091969]}, "camera_uuid": "c967c3a72b851ec8965ae56c4998c340", "field_of_view_rads": 0.9822085669606044, "room": "ef914082afe6874a9bab2b30c864407b"}