{"vanishing_points_gaussian_sphere": {"x": [-0.5357478041197482, -0.01424110287790937, 0.8442579471759143], "y": [0.8443774703573032, -0.010206801442212862, 0.5356514806824686], "z": [0.000988905389731276, 0.9998464943145724, 0.01749313788289904]}, "nonfixated_points_in_view": [0, 643, 644, 773, 134, 774, 520, 521, 777, 900, 1030, 1033, 398, 911, 784, 402, 530, 658, 660, 278, 920, 1048, 410, 1176, 1304, 416, 544, 34, 36, 677, 678, 805, 1319, 1067, 684, 301, 48, 688, 818, 944, 1329, 693, 55, 695, 1336, 314, 827, 572, 1084, 62, 319, 192, 958, 1089, 579, 707, 965, 1218, 1286, 1351, 330, 971, 1231, 1360, 1490, 980, 981, 215, 728, 984, 1368, 221, 93, 223, 97, 740, 357, 613, 996, 119, 890, 1403, 1021, 639], "point_pitch": -0.02957431872817473, "camera_rotation_from_original_to_final": [0.020814204588532448, -0.0019727919716387987, -1.4723154306411743], "camera_location": [3.8354318141937256, -5.580057144165039, 1.5235874652862549], "camera_rotation_original": [1.571001648902893, -0.012118679471313953, -2.674816608428955], "view_id": 10, "point_location": [-3.0687127113342285, -9.960491180419922, 1.3805302381515503], "camera_distance": 8.177767231941042, "bounding_box_ranges": {"x": [-12.059588920871754, -5.580057144165039], "y": [-3.547458977887039, 3.8354318141937256], "z": [-0.06115654056571464, 2.427674948134809]}, "obliqueness_angle": 1.3223167657852173, "resolution": 512, "point_uuid": "26", "point_normal": [0.3036954700946808, 0.01157314982265234, -0.9526989459991455], "camera_rotation_final": [1.55330228805542, -0.0009889055509120226, -4.146995544433594], "vanishing_points_image": {"x": [49.837060543749175, 261.4801673620158], "y": [512.450351356012, 259.09996169718846], "z": [256.2218457731734, 31.699757641877827]}, "camera_uuid": "c83171f93afe09cc67e6fc1972ae2a82", "field_of_view_rads": 1.0445862180288632, "room": "856e4980d5eb3351797f528948f684e5"}