{"vanishing_points_gaussian_sphere": {"x": [-0.4136706339474298, -0.010259569449541867, 0.9103687977101597], "y": [0.9104265386809238, -0.005048827067319087, 0.41363997269451197], "z": [0.0003525266001558399, 0.9999346231529112, 0.011429135795931782]}, "nonfixated_points_in_view": [0, 521, 522, 528, 530, 535, 1048, 29, 34, 36, 37, 48, 50, 57, 572, 1084, 63, 66, 579, 1091, 1100, 591, 594, 85, 1109, 97, 1133, 625, 115, 631, 1143, 639, 1152, 644, 138, 141, 658, 1176, 677, 678, 1198, 688, 689, 192, 1218, 197, 200, 712, 728, 221, 223, 224, 1248, 1252, 229, 1258, 760, 248, 773, 774, 777, 272, 786, 1304, 1308, 797, 805, 1317, 299, 301, 814, 1329, 818, 1336, 315, 829, 319, 322, 1346, 841, 330, 852, 1365, 1368, 1383, 367, 373, 392, 398, 911, 401, 402, 920, 410, 1442, 436, 948, 958, 1472, 1474, 965, 966, 967, 1478, 971, 1490, 981, 994, 997, 488, 1002, 1013, 1018, 1019, 1021], "point_pitch": -0.016165300211634204, "camera_rotation_from_original_to_final": [0.013012874871492386, -0.003285628044977784, -1.2161571979522705], "camera_location": [6.898015022277832, -5.4319539070129395, 1.5056571960449219], "camera_rotation_original": [1.5721105337142944, -0.004563433583825827, -3.0698022842407227], "view_id": 2, "point_location": [-3.0687127113342285, -9.960491180419922, 1.3805302381515503], "camera_distance": 10.948012495553463, "bounding_box_ranges": {"x": [-6.106903942833078, -4.856352164268138], "y": [4.192385631726113, 6.898015022277832], "z": [0.0016586513270145306, 2.4290082763374388]}, "obliqueness_angle": 1.2970154285430908, "resolution": 512, "point_uuid": "26", "point_normal": [0.3036954700946808, 0.01157314982265234, -0.9526989459991455], "camera_rotation_final": [1.5593669414520264, -0.0003525266074575484, -4.285906791687012], "vanishing_points_image": {"x": [126.16297918661637, 259.2201268904328], "y": [452.275698538318, 257.0884591093676], "z": [256.06062813396125, 84.02951533817038]}, "camera_uuid": "7aee671bd52588b571fedb6abd1f939e", "field_of_view_rads": 1.2851355794203485, "room": "8efc299ca974ee46c0bc622cd51b4dc7"}