{"vanishing_points_gaussian_sphere": {"x": [0.041923856925167674, 0.28464132480971016, 0.9577169239556599], "y": [0.9988544735318546, -0.034072056440325064, -0.03359814987955413], "z": [0.023067963194000254, 0.9580283978987786, -0.2857436926575631]}, "nonfixated_points_in_view": [449, 482, 609, 101, 1385, 1450, 491, 651, 82, 306, 499, 1458, 886, 918, 376, 1016], "point_pitch": 0.29087002674606843, "camera_rotation_from_original_to_final": [-0.2914638817310333, 0.00430603651329875, -0.024352604523301125], "camera_location": [9.521198272705078, -7.487616062164307, 1.5325249433517456], "camera_rotation_original": [-1.572507381439209, -3.1185641288757324, -0.011458786204457283], "view_id": 1, "point_location": [9.415555000305176, -10.498981475830078, 2.4309935569763184], "camera_distance": 3.1443167111264936, "bounding_box_ranges": {"x": [-11.651377486094665, -7.487616062164307], "y": [7.031134703462907, 9.9510021193082], "z": [0.6440092806487618, 2.446100595867164]}, "obliqueness_angle": 1.2741687297821045, "resolution": 512, "point_uuid": "158", "point_normal": [0.0025089855771511793, 0.006762133911252022, -0.9999740719795227], "camera_rotation_final": [-1.2809345722198486, -3.1185226440429688, -0.041947316378355026], "vanishing_points_image": {"x": [274.5722541512054, 129.9039913303349], "y": [482.79117697069006, 263.73610369345425], "z": [260.6598377325951, 62.47372982685058]}, "camera_uuid": "0cc55cb7b667b337a397194e0a67a643", "field_of_view_rads": 1.0124841411516392, "room": "8868fae7afbf71557a2e4faceeb9d9d6"}