{"vanishing_points_gaussian_sphere": {"x": [0.1434514827228059, -0.10279196718070081, 0.9843045685090314], "y": [0.9896572532792649, 0.015341425476097148, -0.14262945592023601], "z": [-0.0004394728316091551, 0.9945845625925848, 0.10392956613085223]}, "nonfixated_points_in_view": [1026, 517, 13, 910, 16, 1296, 915, 1427, 661, 664, 1050, 290, 547, 424, 936, 557, 1199, 305, 178, 690, 1332, 1466, 64, 710, 455, 1096, 1354, 1227, 844, 1356, 467, 341, 214, 87, 735, 1375, 354, 867, 618, 364, 240, 114, 500, 1020, 1407], "point_pitch": -0.10201768477889495, "camera_rotation_from_original_to_final": [0.06815353035926819, 0.07973494380712509, 2.111823558807373], "camera_location": [-2.9783132076263428, -7.1683149337768555, 4.279703140258789], "camera_rotation_original": [1.5714958906173706, -0.0020283132325857878, -2.2531356811523438], "view_id": 4, "point_location": [-2.021827459335327, -0.5674810409545898, 3.5827407836914062], "camera_distance": 6.706088893587048, "bounding_box_ranges": {"x": [-7.1683149337768555, -5.957542752168876], "y": [-3.6126839514026523, -1.985204953167683], "z": [3.0702464666537104, 5.002094592212103]}, "obliqueness_angle": 1.4064180850982666, "resolution": 512, "point_uuid": "759", "point_normal": [-0.9961650371551514, -0.030556851997971535, -0.08198545128107071], "camera_rotation_final": [1.4666787385940552, 0.0004394728457555175, -0.14394810795783997], "vanishing_points_image": {"x": [304.3247786251396, 290.62772893082314], "y": [414.0396545220889, 253.55010780339867], "z": [255.92069402723024, 76.52019928200622]}, "camera_uuid": "e17726a518b6f85be09164e3bce92661", "field_of_view_rads": 1.2846828192381763, "room": "ef914082afe6874a9bab2b30c864407b"}