{"vanishing_points_gaussian_sphere": {"x": [0.5221914079510152, 0.005912463522500228, 0.8528078190525881], "y": [0.8528208172491631, 0.0005726979565825871, -0.5222033374879177], "z": [-0.0035759094795542582, 0.9999823572404394, -0.00474321402093598]}, "nonfixated_points_in_view": [516, 1028, 1041, 20, 1059, 548, 38, 39, 552, 44, 45, 64, 578, 67, 589, 590, 1107, 1112, 1114, 92, 1126, 615, 618, 113, 626, 118, 128, 647, 1162, 1172, 664, 668, 160, 675, 1189, 681, 179, 1211, 1213, 1227, 204, 207, 211, 214, 1244, 1245, 1250, 233, 236, 762, 769, 261, 1285, 263, 1294, 1306, 1309, 1313, 813, 324, 846, 340, 1369, 1377, 1390, 370, 888, 391, 1415, 907, 1421, 1431, 1436, 414, 931, 424, 1455, 945, 435, 1461, 1462, 951, 440, 445, 1471, 450, 1479, 461, 467, 468, 1493, 471, 483, 999, 489, 1022], "point_pitch": -0.0038053234431405514, "camera_rotation_from_original_to_final": [0.006846418604254723, 0.006753296125680208, -1.0574898719787598], "camera_location": [-4.307779312133789, 0.3686792552471161, 1.49626624584198], "camera_rotation_original": [1.5781090259552002, -0.005691109225153923, -1.0627084970474243], "view_id": 3, "point_location": [1.4319840669631958, -3.145975351333618, 1.5281896591186523], "camera_distance": 6.730430747858283, "bounding_box_ranges": {"x": [-5.9896571467223705, 0.9496782408211772], "y": [-4.307779312133789, 1.490866084811965], "z": [-0.02323243830386781, 5.463474137896123]}, "obliqueness_angle": 0.7856122851371765, "resolution": 512, "point_uuid": "1496", "point_normal": [-0.23430612683296204, 0.9714797139167786, 0.036439429968595505], "camera_rotation_final": [1.5755395889282227, 0.003575917100533843, -2.1202187538146973], "vanishing_points_image": {"x": [409.42513751107305, 254.26285818732987], "y": [369.967408919491, 255.9234670391657], "z": [255.39878370601417, 87.87334849811748]}, "camera_uuid": "5fb98853d32c905b4569c0e295d9d2d9", "field_of_view_rads": 1.2991272995013354, "room": "8de55a2e5745f73de25402626a4c3d61"}