{"vanishing_points_gaussian_sphere": {"x": [0.21140039340646122, 0.1333516686252873, 0.9682598856414765], "y": [0.9773495890788341, -0.03885695619028017, -0.20803345327869974], "z": [0.00988202383258117, 0.9903067552180376, -0.13854557435910425]}, "nonfixated_points_in_view": [264, 1296, 18, 23, 1051, 540, 796, 1307, 1055, 547, 675, 804, 553, 809, 1065, 176, 304, 1203, 1076, 1204, 694, 1332, 1208, 443, 575, 1087, 1217, 706, 1219, 580, 1477, 839, 1224, 458, 1354, 719, 336, 209, 337, 464, 849, 1361, 1238, 343, 347, 1376, 227, 997, 1254, 231, 743, 1255, 234, 1256, 364, 750, 624, 628, 757, 630, 127], "point_pitch": 0.1483312408116202, "camera_rotation_from_original_to_final": [-0.04144779592752457, -0.12137968093156815, 1.6758989095687866], "camera_location": [-6.732573986053467, -9.080721855163574, 1.502792477607727], "camera_rotation_original": [1.58157217502594, -0.008283889852464199, -1.885231852531433], "view_id": 6, "point_location": [-4.484962463378906, 1.3804436922073364, 2.9996497631073], "camera_distance": 10.804088153889753, "bounding_box_ranges": {"x": [-9.080721855163574, -5.932700976140918], "y": [-7.296230787447848, -3.6160551295854564], "z": [-0.011223538246525389, 2.428187344668292]}, "obliqueness_angle": 0.4163457751274109, "resolution": 512, "point_uuid": "606", "point_normal": [0.0030179619789123535, -0.8762573003768921, -0.4818340837955475], "camera_rotation_final": [1.7097958326339722, -0.009882184676826, -0.21301807463169098], "vanishing_points_image": {"x": [335.4706326952289, 205.86981194382113], "y": [427.67833058622824, 262.82549769801096], "z": [257.79224997436694, 76.39334384085119]}, "camera_uuid": "6fe7ddd5d030b288cf1811fb32bc13b1", "field_of_view_rads": 1.16679859236184, "room": "ade82d56fe033105b37cc8ef1783cd93"}