{"vanishing_points_gaussian_sphere": {"x": [0.10573159782552677, -0.07574412659259774, 0.991505752130559], "y": [0.9943938110206367, 0.0067167121011235805, -0.10552646294842262], "z": [0.0013333510847654345, 0.9971046650504024, 0.07602965940742869]}, "nonfixated_points_in_view": [1280, 257, 642, 259, 764, 517, 1028, 1159, 1288, 779, 1420, 15, 272, 527, 528, 788, 1044, 409, 153, 793, 156, 164, 421, 1317, 1191, 1068, 173, 46, 814, 1072, 1324, 692, 437, 1206, 823, 1461, 953, 186, 191, 1343, 321, 711, 73, 842, 76, 1233, 1234, 725, 1241, 603, 988, 1371, 224, 993, 1122, 611, 1251, 1379, 870, 359, 616, 871, 1380, 748, 1006, 239, 368, 1137, 1263, 1265, 1393, 636, 893], "point_pitch": -0.09459273417922454, "camera_rotation_from_original_to_final": [0.03189317137002945, -0.08577287197113037, -0.5691382884979248], "camera_location": [0.30798399448394775, -4.362792491912842, 3.736617088317871], "camera_rotation_original": [1.5856736898422241, -0.011059120297431946, 2.032072067260742], "view_id": 3, "point_location": [-7.221382141113281, -3.561436414718628, 3.159255027770996], "camera_distance": 7.59387064472954, "bounding_box_ranges": {"x": [-5.9985400613842135, 1.0898446229483216], "y": [-7.430900134110014, 0.30798399448394775], "z": [-0.033214136949436535, 5.459052289052157]}, "obliqueness_angle": 0.1366037279367447, "resolution": 512, "point_uuid": "756", "point_normal": [0.9959470629692078, -0.0705186277627945, -0.05582685023546219], "camera_rotation_final": [1.4946931600570679, -0.0013333514798432589, 1.4648666381835938], "vanishing_points_image": {"x": [303.990528210407, 290.37951112791285], "y": [472.18316394968406, 254.53977362161007], "z": [256.3172271182094, 18.771678771492468]}, "camera_uuid": "73759aa4f227ecebe2f10f72d0e43db4", "field_of_view_rads": 1.0198536291530655, "room": "8de55a2e5745f73de25402626a4c3d61"}