{"vanishing_points_gaussian_sphere": {"x": [0.3702021675182534, 0.09345723071184366, 0.924238119313665], "y": [0.9289330949828425, -0.031029711480327172, -0.3689450664408528], "z": [-0.005801742012936039, 0.995139639966734, -0.09830278102116162]}, "nonfixated_points_in_view": [513, 1025, 1154, 1155, 524, 397, 19, 790, 407, 1046, 159, 166, 808, 810, 1195, 942, 1326, 1459, 565, 182, 574, 830, 833, 834, 968, 74, 586, 588, 205, 1359, 212, 598, 1116, 990, 869, 103, 619, 1008, 250], "point_pitch": 0.11289854446915193, "camera_rotation_from_original_to_final": [-0.005184468813240528, 0.08721602708101273, 2.877401828765869], "camera_location": [-5.609722137451172, -10.968703269958496, 4.285808086395264], "camera_rotation_original": [1.5832164287567139, -0.00936906412243843, 1.4556810855865479], "view_id": 3, "point_location": [-4.076937198638916, -11.580573081970215, 4.448836326599121], "camera_distance": 1.6584307297593033, "bounding_box_ranges": {"x": [-11.665012942353867, -10.166557051902839], "y": [-5.609722137451172, -1.7643482760672335], "z": [2.7651372813663078, 5.206235882895704]}, "obliqueness_angle": 1.0759409666061401, "resolution": 512, "point_uuid": "1184", "point_normal": [-0.11489070951938629, 0.9930979609489441, -0.023595208302140236], "camera_rotation_final": [1.669259786605835, 0.005801774561405182, 4.333155632019043], "vanishing_points_image": {"x": [387.909245069738, 222.69962028544907], "y": [406.30792329852613, 261.0208260620175], "z": [254.94015419400606, 74.21070784508294]}, "camera_uuid": "84fae33197a8eefa4becf372ea5729e2", "field_of_view_rads": 1.1776610787002564, "room": "ef914082afe6874a9bab2b30c864407b"}