{"vanishing_points_gaussian_sphere": {"x": [-0.6569250926973383, -0.09760816048289288, 0.747610907887077], "y": [0.7539401015885855, -0.09145345634219434, 0.6505463769322367], "z": [0.004872966364232788, 0.9910140828112446, 0.13366877671543523]}, "nonfixated_points_in_view": [388, 774, 520, 776, 398, 911, 1040, 146, 530, 658, 24, 1176, 26, 797, 34, 1442, 1067, 301, 48, 688, 1329, 695, 1336, 572, 1084, 958, 319, 192, 66, 323, 579, 965, 1094, 330, 971, 591, 980, 1236, 472, 728, 1368, 221, 223, 863, 97, 99, 617, 1133, 367, 1013, 758, 890], "point_pitch": -0.14397792418929534, "camera_rotation_from_original_to_final": [0.13617396354675293, 0.00415555527433753, -0.9287270307540894], "camera_location": [8.056329727172852, -4.2689995765686035, 1.4923113584518433], "camera_rotation_original": [1.572834849357605, -0.010850214399397373, -3.067706823348999], "view_id": 0, "point_location": [2.3725802898406982, -9.214810371398926, 0.47608864307403564], "camera_distance": 7.602549380060838, "bounding_box_ranges": {"x": [-6.1068532476300925, -4.403205248087469], "y": [4.19357052862348, 7.605954521839589], "z": [-0.01627455811536843, 2.4242443161079885]}, "obliqueness_angle": 0.9856966137886047, "resolution": 512, "point_uuid": "1063", "point_normal": [0.47653111815452576, 0.12243863195180893, 0.8705899715423584], "camera_rotation_final": [1.4367246627807617, -0.004872985649853945, -3.995645523071289], "vanishing_points_image": {"x": [51.693047969026715, 286.3566205390752], "y": [473.6133077214437, 282.3966448995752], "z": [257.0169773069025, 49.17755188353389]}, "camera_uuid": "bd5b2b073675437662294c1b37a7fa10", "field_of_view_rads": 1.1629159372562914, "room": "8efc299ca974ee46c0bc622cd51b4dc7"}