{"vanishing_points_gaussian_sphere": {"x": [0.6906570647649221, -0.20161399018091003, 0.6945103439500627], "y": [0.7231725506771517, 0.18752537089774793, -0.6647222707392648], "z": [0.003778999524300309, 0.9613459492986872, 0.27531742576451884]}, "nonfixated_points_in_view": [485, 269, 1423, 1392, 81, 1297, 405, 1397, 25], "point_pitch": -0.2852857549998422, "camera_rotation_from_original_to_final": [-0.06666397303342819, 0.2634350061416626, -2.571803092956543], "camera_location": [6.5858154296875, -9.66219425201416, 4.284074783325195], "camera_rotation_original": [1.5634019374847412, -0.00032041483791545033, -1.3415888547897339], "view_id": 0, "point_location": [4.795832633972168, -11.532391548156738, 3.542692184448242], "camera_distance": 2.6928283522007486, "bounding_box_ranges": {"x": [-11.641566447343605, -9.66219425201416], "y": [4.183105515768709, 6.5858154296875], "z": [2.766601630334495, 4.911358319949285]}, "obliqueness_angle": 0.795856773853302, "resolution": 512, "point_uuid": "573", "point_normal": [0.004261791240423918, 0.9999541640281677, 0.00857717078179121], "camera_rotation_final": [1.2918744087219238, -0.0037790085189044476, -3.903996706008911], "vanishing_points_image": {"x": [513.5235781633882, 331.1753059629647], "y": [388.1046048207513, 221.7440468486873], "z": [257.0665854045314, -15.330427970141171]}, "camera_uuid": "ce1da2161b0680bd4fb2a394f05a91e7", "field_of_view_rads": 0.968321286451427, "room": "b80a98836bb3f1f478d8093ef8f4a998"}