{"vanishing_points_gaussian_sphere": {"x": [0.42366510734819335, 0.1000269341680918, 0.900279117416691], "y": [0.9056934498168339, -0.030237142353629277, -0.4228535091271783], "z": [-0.015074872288882645, 0.9945251769881035, -0.10340416124245333]}, "nonfixated_points_in_view": [0, 520, 1032, 530, 1048, 26, 34, 1061, 1066, 1067, 48, 50, 55, 568, 570, 1084, 66, 71, 1100, 602, 99, 100, 617, 115, 116, 627, 119, 641, 644, 134, 646, 141, 657, 658, 1176, 1182, 1194, 171, 684, 685, 688, 695, 184, 701, 192, 706, 708, 197, 1232, 1236, 1243, 223, 753, 758, 1273, 254, 1278, 772, 1284, 774, 1286, 267, 784, 795, 802, 805, 1319, 296, 1320, 301, 814, 1329, 818, 1336, 313, 827, 829, 1346, 327, 328, 847, 1365, 1368, 858, 863, 1409, 900, 1418, 398, 1422, 912, 410, 1434, 1442, 933, 943, 944, 949, 958, 965, 458, 1484, 465, 980, 984, 996, 1013, 1021], "point_pitch": 0.083422259488378, "camera_rotation_from_original_to_final": [-0.09278307855129242, 0.012472027912735939, -1.5017166137695312], "camera_location": [5.132575988769531, -10.393342971801758, 1.5002893209457397], "camera_rotation_original": [1.587233543395996, -0.019086314365267754, 2.634567975997925], "view_id": 6, "point_location": [-2.887277126312256, -6.626485824584961, 2.421434164047241], "camera_distance": 8.90818583213501, "bounding_box_ranges": {"x": [-11.912640555500808, -3.1297032986927436], "y": [-3.5491798964967556, 5.132575988769531], "z": [-0.035118683425970576, 2.4276815410297745]}, "obliqueness_angle": 1.470017433166504, "resolution": 512, "point_uuid": "88", "point_normal": [-0.0023163924925029278, 0.0016792851965874434, -0.9999959468841553], "camera_rotation_final": [1.6743974685668945, 0.01507544331252575, 1.1332554817199707], "vanishing_points_image": {"x": [386.25066515197324, 225.24794021850155], "y": [382.38449417362557, 260.21942539431217], "z": [253.57690390808233, 96.1425880436284]}, "camera_uuid": "3d449594a2cb2c364ffe85b6c45b4104", "field_of_view_rads": 1.296163441764064, "room": "856e4980d5eb3351797f528948f684e5"}