{"vanishing_points_gaussian_sphere": {"x": [-0.5643551141861102, -0.18217519877244173, 0.8051804158349879], "y": [0.8253889223201779, -0.10635127451094736, 0.5544569715686083], "z": [-0.015376345570971678, 0.97749762320024, 0.21038527665871384]}, "nonfixated_points_in_view": [257, 132, 517, 905, 788, 1429, 536, 153, 794, 155, 799, 1312, 162, 932, 549, 1191, 175, 567, 953, 186, 316, 1343, 1090, 836, 838, 457, 595, 1497, 225, 1249, 1251, 232, 105, 361, 495, 377, 380], "point_pitch": -0.21276383002730803, "camera_rotation_from_original_to_final": [0.21673469245433807, 0.02725885435938835, -2.802915334701538], "camera_location": [4.866747856140137, -7.32299280166626, 4.294677257537842], "camera_rotation_original": [1.5751346349716187, -0.014772405847907066, -2.8775057792663574], "view_id": 3, "point_location": [3.1798882484436035, -4.873342037200928, 3.6546084880828857], "camera_distance": 3.0423628873577293, "bounding_box_ranges": {"x": [-7.32299280166626, -4.671906389741528], "y": [0.9299022236847705, 4.866747856140137], "z": [2.7710744755105283, 5.213377743304588]}, "obliqueness_angle": 0.27133432030677795, "resolution": 512, "point_uuid": "1226", "point_normal": [0.41699135303497314, -0.9089087843894958, 0.0017820874927565455], "camera_rotation_final": [1.3588018417358398, 0.015376951545476913, -5.683452606201172], "vanishing_points_image": {"x": [33.106907991738055, 327.9504303600916], "y": [525.4474566988439, 290.7182760256859], "z": [251.94547424831137, -1.7523552125364728]}, "camera_uuid": "85ddc613ad5dac20833685dcf49001a9", "field_of_view_rads": 0.9941215769384579, "room": "77c77478b552f1977cad320741ba92a5"}