{"vanishing_points_gaussian_sphere": {"x": [0.40179971375760526, -0.07486913590117297, 0.9126618226450136], "y": [0.9156964557653927, 0.02463332594466734, -0.40111494630791583], "z": [0.00754923327265026, 0.99688906691884, 0.07845506570438673]}, "nonfixated_points_in_view": [1026, 516, 13, 1038, 18, 23, 1051, 540, 547, 552, 1065, 47, 563, 1076, 580, 1096, 1105, 1106, 606, 1120, 618, 1137, 114, 1138, 630, 121, 634, 1147, 635, 647, 1162, 664, 675, 168, 178, 1202, 1203, 1204, 1208, 1209, 704, 196, 710, 1227, 719, 720, 214, 1238, 735, 227, 231, 1255, 234, 1259, 750, 240, 759, 1276, 766, 1296, 796, 290, 807, 297, 809, 815, 304, 305, 1332, 1334, 826, 318, 839, 1354, 844, 336, 337, 849, 1361, 340, 341, 347, 867, 364, 1407, 385, 1427, 1446, 1462, 1466, 443, 1477, 1480, 464, 978, 467, 468, 999, 1001, 493, 494], "point_pitch": -0.08773080905410247, "camera_rotation_from_original_to_final": [-0.053612735122442245, 0.07308865338563919, 0.5948264598846436], "camera_location": [-6.116707801818848, -5.171044826507568, 1.5127230882644653], "camera_rotation_original": [1.5826430320739746, -0.00107341050170362, -1.010670781135559], "view_id": 0, "point_location": [-3.2066569328308105, 1.4502315521240234, 0.9435385465621948], "camera_distance": 7.2549064903884455, "bounding_box_ranges": {"x": [-5.171044826507568, 1.557577470761398], "y": [-7.239597843358187, 1.4838153811754502], "z": [-0.036116333291539626, 4.189317905734541]}, "obliqueness_angle": 1.2073432207107544, "resolution": 512, "point_uuid": "1219", "point_normal": [0.7037760615348816, -0.7057934999465942, -0.08096211403608322], "camera_rotation_final": [1.4922583103179932, -0.007549304980784655, -0.4134938418865204], "vanishing_points_image": {"x": [392.84080853875116, 281.4981592582586], "y": [397.2242338799212, 252.20089980413627], "z": [257.45486583723357, 63.88249685882458]}, "camera_uuid": "676a1ae5fa5b4d774f8408cdbebb47fb", "field_of_view_rads": 1.2097322366686991, "room": "8de55a2e5745f73de25402626a4c3d61"}