{"vanishing_points_gaussian_sphere": {"x": [0.15381740724654716, 0.15829063146608616, 0.9753380343337471], "y": [0.9880649638045479, -0.01641264846744766, -0.1531608705649111], "z": [-0.008236050623164085, 0.9872561475930913, -0.1589259780834493]}, "nonfixated_points_in_view": [3, 643, 771, 774, 1029, 1160, 137, 1286, 1414, 12, 1164, 1422, 530, 1403, 1428, 662, 665, 285, 797, 287, 416, 673, 926, 1442, 1188, 165, 934, 1443, 296, 298, 43, 172, 682, 1066, 1070, 1328, 1330, 181, 821, 1078, 1080, 1084, 317, 958, 65, 66, 1221, 1351, 973, 847, 848, 1236, 1113, 351, 607, 1378, 99, 617, 362, 363, 1130, 751, 241, 1395, 116, 117, 1013, 1269, 248, 1271, 1021, 894], "point_pitch": 0.16075928608444734, "camera_rotation_from_original_to_final": [-0.11215591430664062, 0.12233983725309372, 0.6863616704940796], "camera_location": [2.0380539894104004, -3.850883722305298, 1.5039372444152832], "camera_rotation_original": [1.5646412372589111, 0.005592518951743841, 2.2927701473236084], "view_id": 6, "point_location": [1.6430937051773071, -6.366002082824707, 1.9137619733810425], "camera_distance": 2.5787148696718036, "bounding_box_ranges": {"x": [-11.703868008265992, -3.850883722305298], "y": [0.9158811226359398, 6.156720254846488], "z": [-0.026047838817335744, 2.4277340314789986]}, "obliqueness_angle": 1.4017016887664795, "resolution": 512, "point_uuid": "644", "point_normal": [0.9998313784599304, 0.01676037721335888, 0.007505942601710558], "camera_rotation_final": [1.7304044961929321, 0.008236143738031387, 2.987156867980957], "vanishing_points_image": {"x": [307.0436850406024, 203.4718935778035], "y": [412.03648934516235, 258.59190654616043], "z": [254.70282549364362, 100.50757231875673]}, "camera_uuid": "46dec00679fa99b86c497ab5e0e1ad5c", "field_of_view_rads": 1.2906770082115053, "room": "856e4980d5eb3351797f528948f684e5"}