{"vanishing_points_gaussian_sphere": {"x": [0.11267035717128586, -0.12709504307361413, 0.9854705681252034], "y": [0.9935979488817192, 0.022672600056674527, -0.1106755130311609], "z": [-0.00827687096283683, 0.9916313847558408, 0.128835904057364]}, "nonfixated_points_in_view": [3, 643, 644, 774, 1029, 1160, 137, 1286, 1414, 12, 1164, 1422, 1403, 1428, 662, 665, 285, 797, 416, 673, 1442, 1443, 1188, 165, 934, 296, 298, 682, 172, 1066, 1070, 1328, 1330, 181, 1078, 1080, 1084, 317, 958, 65, 66, 1221, 1351, 973, 847, 1236, 607, 351, 1378, 99, 617, 362, 363, 1130, 751, 241, 116, 117, 1013, 1269, 248, 1271, 1021, 894], "point_pitch": -0.12839095195266204, "camera_rotation_from_original_to_final": [0.07949643582105637, -0.09404973685741425, 0.7330198287963867], "camera_location": [2.0380539894104004, -3.850883722305298, 1.5039372444152832], "camera_rotation_original": [1.5646412372589111, 0.005592518951743841, 2.2927701473236084], "view_id": 3, "point_location": [1.4890755414962769, -8.739033699035645, 0.8648839592933655], "camera_distance": 4.960219639180673, "bounding_box_ranges": {"x": [-11.703411571046122, -3.850883722305298], "y": [0.9054588000709811, 5.437246336302008], "z": [-0.022065428917154795, 2.4257018761968037]}, "obliqueness_angle": 0.4028836786746979, "resolution": 512, "point_uuid": "530", "point_normal": [0.28423255681991577, 0.841513454914093, 0.45942026376724243], "camera_rotation_final": [1.4415968656539917, 0.008276965469121933, 3.0286786556243896], "vanishing_points_image": {"x": [304.58459895165277, 310.8046695821449], "y": [461.9409995395497, 251.30069690352406], "z": [254.06487995934205, 24.158066713567592]}, "camera_uuid": "46dec00679fa99b86c497ab5e0e1ad5c", "field_of_view_rads": 1.0588960847141224, "room": "856e4980d5eb3351797f528948f684e5"}