{"vanishing_points_gaussian_sphere": {"x": [-0.10746128334328771, -0.14174285413971469, 0.9840533704441754], "y": [0.9941585382715024, -0.005320926169649185, 0.10779836977694462], "z": [-0.010043573272664598, 0.9898892115004713, 0.14148666223673495]}, "nonfixated_points_in_view": [256, 268, 270, 419, 1187, 1315, 434, 308, 697, 1212, 444, 329, 974, 1230, 80, 1488, 723, 1498, 348, 1381, 998, 875, 621, 880, 246, 1406], "point_pitch": -0.1538514335963388, "camera_rotation_from_original_to_final": [-0.03726782277226448, -0.15110981464385986, -1.345132827758789], "camera_location": [-5.609722137451172, -10.968703269958496, 4.285808086395264], "camera_rotation_original": [1.5832164287567139, -0.00936906412243843, 1.4556810855865479], "view_id": 1, "point_location": [-6.0584001541137695, -6.872879505157471, 3.6969122886657715], "camera_distance": 4.16219681496247, "bounding_box_ranges": {"x": [-10.968703269958496, -5.973097713086213], "y": [-7.284179131674565, -3.9803204174112805], "z": [2.765145542154455, 5.208045860883081]}, "obliqueness_angle": 1.1470890045166016, "resolution": 512, "point_uuid": "853", "point_normal": [-0.5047500729560852, -0.3603063225746155, 0.7844787836074829], "camera_rotation_final": [1.428826093673706, 0.010043742135167122, 0.10767464339733124], "vanishing_points_image": {"x": [196.138506013667, 334.95810236682973], "y": [553.3409037192494, 257.5914252455727], "z": [252.9416372693696, -45.43059543816884]}, "camera_uuid": "84fae33197a8eefa4becf372ea5729e2", "field_of_view_rads": 0.8496111178942067, "room": "ef914082afe6874a9bab2b30c864407b"}