{"vanishing_points_gaussian_sphere": {"x": [0.1091467032596851, -0.059757632217671545, 0.9922278077937948], "y": [0.9938340365999001, 0.026158858484406026, -0.10774795505410516], "z": [-0.01951678413804088, 0.9978701015235051, 0.06224432200915032]}, "nonfixated_points_in_view": [2, 131, 514, 1283, 1411, 266, 400, 656, 1177, 283, 159, 1056, 803, 676, 1060, 41, 169, 812, 1454, 559, 432, 1207, 700, 705, 850, 212, 1494, 1247, 480, 102, 1127, 745, 110, 111, 1134, 125], "point_pitch": -0.06798140605422454, "camera_rotation_from_original_to_final": [0.06382586061954498, 0.03947470709681511, -2.792341709136963], "camera_location": [-0.3368440568447113, -10.415435791015625, 4.328280448913574], "camera_rotation_original": [1.5721080303192139, -0.020286651328206062, -2.0281968116760254], "view_id": 2, "point_location": [-7.276134490966797, -9.661885261535645, 3.892965316772461], "camera_distance": 6.993646330998308, "bounding_box_ranges": {"x": [-11.312795935021855, -9.812423522263694], "y": [-2.0128333416297517, -0.3368440568447113], "z": [3.0919501978632153, 5.1976210579010225]}, "obliqueness_angle": 0.13281221687793732, "resolution": 512, "point_uuid": "1261", "point_normal": [0.999912440776825, 0.012010551989078522, 0.005569966975599527], "camera_rotation_final": [1.5084998607635498, 0.01951802335679531, -4.821774482727051], "vanishing_points_image": {"x": [298.5371629790532, 279.2890235341108], "y": [441.1891161360504, 251.12560880041036], "z": [252.0442438693374, 53.746865273126055]}, "camera_uuid": "b87171fb6c278f89d23d6a3ee7d4a1a2", "field_of_view_rads": 1.1552903651461317, "room": "c6b90c3c2e476767ef8ca0b4e5cf1d4d"}