{"vanishing_points_gaussian_sphere": {"x": [0.6697711426598022, -0.04630970823802557, 0.7411221406644737], "y": [0.7424199616764473, 0.06166158857842124, -0.6670910350157078], "z": [-0.01480597732423169, 0.9970221960502658, 0.07568040445571018]}, "nonfixated_points_in_view": [517, 263, 13, 1294, 1296, 915, 1427, 661, 664, 1050, 552, 936, 557, 302, 305, 178, 1462, 1466, 67, 1096, 1354, 332, 589, 844, 720, 467, 341, 214, 1240, 1114, 735, 1375, 867, 618, 1393, 114, 370, 1014, 1407], "point_pitch": -0.09474770625564055, "camera_rotation_from_original_to_final": [-0.09848201274871826, 0.022077420726418495, -0.6604006886482239], "camera_location": [-2.484394073486328, -5.331701278686523, 4.301449775695801], "camera_rotation_original": [1.594873070716858, 5.2980572945671156e-05, -0.07394442707300186], "view_id": 7, "point_location": [1.1836017370224, -1.256645679473877, 3.8853206634521484], "camera_distance": 5.498493858042068, "bounding_box_ranges": {"x": [-5.331701278686523, -2.621114340631998], "y": [-2.484394073486328, 1.4801536351534788], "z": [2.7070891459372697, 5.007261843143073]}, "obliqueness_angle": 1.4408375024795532, "resolution": 512, "point_uuid": "64", "point_normal": [0.05186997726559639, -0.3182126581668854, -0.9465993046760559], "camera_rotation_final": [1.495035171508789, 0.014806518331170082, -0.7339994311332703], "vanishing_points_image": {"x": [495.0694273929454, 272.5298782315896], "y": [381.081478381246, 245.61137488637956], "z": [252.54266802737246, 23.18614108759761]}, "camera_uuid": "c5be5141daf3c047a2d6d480abd9ff63", "field_of_view_rads": 1.0357089743048804, "room": "7177ff6aafad58b0656fca6e31b41601"}