{"vanishing_points_gaussian_sphere": {"x": [-0.10219330633096307, -0.13712004605655032, 0.9852688065246944], "y": [0.9947272762120308, -0.022661093227662153, 0.1000206019454061], "z": [0.008612438733605551, 0.9902951922650017, 0.1387128619699095]}, "nonfixated_points_in_view": [3, 12, 529, 530, 544, 35, 1066, 43, 1067, 1070, 1078, 1080, 1084, 62, 65, 66, 89, 1113, 1117, 607, 99, 617, 1130, 116, 117, 1146, 643, 1160, 137, 1164, 660, 665, 1188, 165, 682, 181, 195, 1221, 1236, 215, 751, 241, 1271, 771, 774, 775, 1286, 1291, 278, 285, 797, 287, 1319, 296, 298, 1328, 1330, 821, 317, 1347, 1351, 847, 1360, 351, 1378, 357, 362, 363, 1395, 378, 1403, 894, 900, 1422, 1428, 926, 1439, 929, 1442, 1443, 934, 949, 958, 973, 980, 996, 1013], "point_pitch": -0.15547959407302336, "camera_rotation_from_original_to_final": [0.14253462851047516, -0.06802579015493393, 0.6145959496498108], "camera_location": [1.9597357511520386, -5.512042045593262, 1.5149836540222168], "camera_rotation_original": [1.5890778303146362, 0.002467385260388255, 2.6240296363830566], "view_id": 1, "point_location": [2.3919553756713867, -9.76972770690918, 0.9155576825141907], "camera_distance": 4.321343890343384, "bounding_box_ranges": {"x": [-11.70283194547433, -5.512042045593262], "y": [0.02788536598246094, 6.510196485560365], "z": [-0.0316757923788199, 2.4245617915447792]}, "obliqueness_angle": 1.501523733139038, "resolution": 512, "point_uuid": "1484", "point_normal": [-0.16147638857364655, -0.08456830680370331, 0.9832465052604675], "camera_rotation_final": [1.4316295385360718, -0.00861254520714283, 3.2439684867858887], "vanishing_points_image": {"x": [221.09338203383552, 302.83669836160954], "y": [437.46441314905746, 260.13397931494666], "z": [257.603795914334, 71.58865816462082]}, "camera_uuid": "5090c6fc5c0dcfff7ec7ff2b1a5d94fb", "field_of_view_rads": 1.272317712161673, "room": "856e4980d5eb3351797f528948f684e5"}