{"vanishing_points_gaussian_sphere": {"x": [0.18246105238476565, -0.11103378518442544, 0.9769234682974213], "y": [0.9832105275096623, 0.02287006504423518, -0.18103595974016892], "z": [-0.0022411953987556354, 0.9935534503349538, 0.11334248263865268]}, "nonfixated_points_in_view": [480, 131, 1060, 1127, 1260, 1454, 559, 177, 1201, 125], "point_pitch": -0.11083154281112151, "camera_rotation_from_original_to_final": [-0.09843778610229492, 0.06334948539733887, -2.7837302684783936], "camera_location": [-6.867229461669922, -9.096433639526367, 4.286715030670166], "camera_rotation_original": [1.574166178703308, -0.001123880734667182, -0.544407844543457], "view_id": 6, "point_location": [-7.265542507171631, -11.245847702026367, 4.037339687347412], "camera_distance": 2.2001868475130193, "bounding_box_ranges": {"x": [-11.991235187601884, -9.096433639526367], "y": [-7.284178649947517, -5.625428540233961], "z": [2.771501899490601, 5.210994554606875]}, "obliqueness_angle": 1.3980965614318848, "resolution": 512, "point_uuid": "803", "point_normal": [0.9999463558197021, -0.009794545359909534, 0.003395260078832507], "camera_rotation_final": [1.4572094678878784, 0.0022411972749978304, -3.3250820636749268], "vanishing_points_image": {"x": [321.9341466622528, 296.1231812550163], "y": [422.6602507323897, 252.12338286878153], "z": [255.56082765071375, 61.30871910261678]}, "camera_uuid": "7f2779005da07c7c8e1ad24c5414740e", "field_of_view_rads": 1.2112886305956059, "room": "ef914082afe6874a9bab2b30c864407b"}