{"vanishing_points_gaussian_sphere": {"x": [0.09526237172026025, 0.2550853658855623, 0.9622143922459588], "y": [0.9953523644637585, -0.010719162031557069, -0.09570146352980503], "z": [-0.014097910860703465, 0.9668591188360226, -0.25492095487227723]}, "nonfixated_points_in_view": [581], "point_pitch": 0.24384220043686433, "camera_rotation_from_original_to_final": [-0.040561169385910034, -0.2679866552352905, -2.9735372066497803], "camera_location": [6.297464370727539, -3.5494730472564697, 1.5135247707366943], "camera_rotation_original": [1.5593078136444092, -0.016167335212230682, -1.8285197019577026], "view_id": 1, "point_location": [4.196073055267334, -3.3404695987701416, 2.070249557495117], "camera_distance": 2.1839117013175873, "bounding_box_ranges": {"x": [-4.514753762900338, -3.173520338779195], "y": [4.192383769256326, 6.297464370727539], "z": [0.7787093668902441, 2.4272271287061487]}, "obliqueness_angle": 1.0695232152938843, "resolution": 512, "point_uuid": "763", "point_normal": [0.2422647476196289, -0.001097985776141286, -0.9702095985412598], "camera_rotation_final": [1.8285884857177734, 0.014098377898335457, -4.80780553817749], "vanishing_points_image": {"x": [291.04582644764207, 162.157307437083], "y": [437.3301393910131, 257.9527829688577], "z": [253.613035294782, 92.29783062307011]}, "camera_uuid": "2b99eef0440d6d0ed631659e27399caa", "field_of_view_rads": 1.1813431837751562, "room": "8efc299ca974ee46c0bc622cd51b4dc7"}