{"vanishing_points_gaussian_sphere": {"x": [-0.6510152253292852, 0.13029983141487247, 0.7477975196018746], "y": [0.759059845982439, 0.10823852717830064, 0.6419599453637184], "z": [0.0027067705066999483, 0.9855487685383855, -0.16937029912560222]}, "nonfixated_points_in_view": [0, 643, 644, 900, 134, 774, 520, 777, 1033, 1286, 398, 911, 784, 1422, 530, 658, 660, 278, 920, 1048, 26, 410, 1176, 1304, 544, 34, 36, 677, 678, 805, 296, 1319, 1066, 1067, 684, 301, 48, 688, 818, 944, 1329, 693, 55, 695, 1336, 827, 572, 1084, 62, 319, 192, 958, 1089, 579, 707, 965, 1351, 330, 971, 1360, 1490, 980, 1236, 215, 728, 984, 1368, 221, 93, 223, 97, 99, 740, 357, 613, 996, 617, 1269, 119, 890, 1403], "point_pitch": 0.15837712685135408, "camera_rotation_from_original_to_final": [-0.14797943830490112, -0.08447658270597458, -1.3211194276809692], "camera_location": [3.8354318141937256, -5.580057144165039, 1.5235874652862549], "camera_rotation_original": [1.571001648902893, -0.012118679471313953, -2.674816608428955], "view_id": 4, "point_location": [-0.06375977396965027, -8.927389144897461, 2.4067251682281494], "camera_distance": 5.214236214784462, "bounding_box_ranges": {"x": [-12.057122251791967, -5.580057144165039], "y": [-3.547389352037231, 3.8354318141937256], "z": [-0.017241858271847543, 2.423958886725994]}, "obliqueness_angle": 1.4018640518188477, "resolution": 512, "point_uuid": "1231", "point_normal": [-0.0050955344922840595, 0.0040087345987558365, -0.9999790191650391], "camera_rotation_final": [1.7409876585006714, -0.0027067738119512796, -4.003464698791504], "vanishing_points_image": {"x": [-6.059998344747011, 203.54903990512517], "y": [537.7394008476126, 215.82522595912948], "z": [256.6289293958016, 27.003640687096063]}, "camera_uuid": "c83171f93afe09cc67e6fc1972ae2a82", "field_of_view_rads": 0.9398535945383598, "room": "856e4980d5eb3351797f528948f684e5"}