{"vanishing_points_gaussian_sphere": {"x": [-0.06504016493068915, -0.0933610191461175, 0.9935056603008294], "y": [0.9978785187614208, -0.00894886945990475, 0.06448549860164175], "z": [0.0028703205921137894, 0.9955921041467676, 0.09374499144119976]}, "nonfixated_points_in_view": [7, 654, 144, 17, 1170, 28, 542, 1438, 806, 1064, 170, 687, 560, 1085, 703, 456, 75, 1483, 334, 463, 208, 591, 338, 977, 1366, 91, 1382, 1128, 1133, 367, 623, 1391, 372, 1141, 383], "point_pitch": -0.08130566676589446, "camera_rotation_from_original_to_final": [0.025363322347402573, -0.10376516729593277, 3.0039117336273193], "camera_location": [2.5174548625946045, -7.046302795410156, 1.517836332321167], "camera_rotation_original": [1.5836472511291504, 0.0011349497362971306, 1.7721537351608276], "view_id": 10, "point_location": [6.354461193084717, -6.797253608703613, 1.1557847261428833], "camera_distance": 3.862088038930665, "bounding_box_ranges": {"x": [-9.00225788423064, -4.667563343573201], "y": [2.5174548625946045, 6.510109712963962], "z": [-0.015335873168383418, 2.427732853149934]}, "obliqueness_angle": 0.08760952949523926, "resolution": 512, "point_uuid": "1465", "point_normal": [-0.9993853569030762, 0.000256289669778198, 0.035056136548519135], "camera_rotation_final": [1.4769130945205688, -0.002870324533432722, 4.777475357055664], "vanishing_points_image": {"x": [227.10988169983688, 297.4699269386762], "y": [486.49434106991964, 258.0670489751014], "z": [256.67317570232075, 22.503987124166752]}, "camera_uuid": "3d5b30db610d18db270d0baeb235eacb", "field_of_view_rads": 1.0400765520486877, "room": "856e4980d5eb3351797f528948f684e5"}