{"vanishing_points_gaussian_sphere": {"x": [-0.05105729661412766, -0.045373787740953395, 0.9976644585473093], "y": [0.9986910870687594, -0.005364363708696128, 0.050865864894058636], "z": [0.0030438580579241303, 0.9989556761879077, 0.045588287312460854]}, "nonfixated_points_in_view": [387, 899, 264, 1038, 1045, 23, 1051, 1055, 804, 1446, 297, 553, 809, 939, 815, 176, 563, 694, 1334, 826, 443, 699, 318, 575, 704, 1087, 706, 1217, 1224, 458, 464, 209, 337, 1361, 343, 1118, 1376, 227, 743, 1256, 493, 1137, 1138, 628, 757, 1268, 634, 635, 766], "point_pitch": -0.0525565584513803, "camera_rotation_from_original_to_final": [-0.04142459109425545, -0.02749810554087162, -0.6033397912979126], "camera_location": [-5.388822078704834, -10.731203079223633, 1.4981894493103027], "camera_rotation_original": [1.5747919082641602, -0.006452437024563551, 0.6547536253929138], "view_id": 12, "point_location": [-6.006031513214111, 1.3745170831680298, 0.9450177550315857], "camera_distance": 12.134059845572056, "bounding_box_ranges": {"x": [-10.731203079223633, -5.95350379485119], "y": [-7.297371210652192, -3.589622126339608], "z": [-0.017883208900024122, 2.428926532356909]}, "obliqueness_angle": 0.9201498627662659, "resolution": 512, "point_uuid": "1259", "point_normal": [0.8254477381706238, -0.564139187335968, 0.01957028917968273], "camera_rotation_final": [1.5251920223236084, -0.003043862758204341, 0.05107974261045456], "vanishing_points_image": {"x": [226.4286127560683, 282.2796101045511], "y": [553.4517026679292, 257.59773040887455], "z": [256.9041393110761, -40.72707454699149]}, "camera_uuid": "71b3547b15480cf3650f1acaad8a6075", "field_of_view_rads": 0.8306451472945882, "room": "ade82d56fe033105b37cc8ef1783cd93"}