{"vanishing_points_gaussian_sphere": {"x": [-0.505488115049284, 0.02175342970702219, 0.8625593045350004], "y": [0.8628285297414127, 0.009327924943116144, 0.5054106430226096], "z": [0.002948526444484278, 0.9997198498140554, -0.023484634967760105]}, "nonfixated_points_in_view": [388, 774, 520, 776, 398, 911, 1040, 146, 530, 658, 24, 1176, 26, 797, 34, 1442, 1063, 1067, 301, 48, 1329, 695, 1336, 572, 1084, 958, 319, 192, 66, 323, 579, 965, 1094, 330, 971, 591, 980, 1236, 472, 728, 1368, 221, 223, 863, 97, 99, 617, 1133, 367, 1013, 758, 890], "point_pitch": 0.012847856679234937, "camera_rotation_from_original_to_final": [-0.020807454362511635, -0.009460855275392532, -1.1144856214523315], "camera_location": [8.056329727172852, -4.2689995765686035, 1.4923113584518433], "camera_rotation_original": [1.572834849357605, -0.010850214399397373, -3.067706823348999], "view_id": 5, "point_location": [-3.0959208011627197, -10.803584098815918, 1.7959498167037964], "camera_distance": 12.92925670055919, "bounding_box_ranges": {"x": [-6.106725680457632, -4.374221011942029], "y": [4.1945888382658545, 7.605947081525395], "z": [-0.0021540983165027894, 2.423949486297594]}, "obliqueness_angle": 0.5466589331626892, "resolution": 512, "point_uuid": "688", "point_normal": [0.9998154640197754, -0.015570714138448238, 0.011256637051701546], "camera_rotation_final": [1.5942832231521606, -0.0029485307168215513, -4.182438850402832], "vanishing_points_image": {"x": [26.322179961047876, 246.11592920836068], "y": [554.3592332245597, 252.77447785084428], "z": [256.75308151408336, 0.662104162050371]}, "camera_uuid": "bd5b2b073675437662294c1b37a7fa10", "field_of_view_rads": 0.9198247694192747, "room": "8efc299ca974ee46c0bc622cd51b4dc7"}