{"vanishing_points_gaussian_sphere": {"x": [0.15911986633287498, 0.007401647970018506, 0.9872315248945083], "y": [0.9871853690511825, -0.01342794265916287, -0.15901175267011836], "z": [0.012079539291241512, 0.9998824460721721, -0.00944345102392116]}, "nonfixated_points_in_view": [1152, 641, 644, 772, 774, 1273, 392, 777, 138, 650, 906, 141, 912, 401, 657, 406, 535, 1048, 1176, 26, 410, 1055, 802, 36, 805, 678, 1061, 1320, 171, 685, 943, 944, 1329, 50, 818, 948, 1284, 568, 315, 827, 701, 829, 958, 576, 577, 1084, 707, 708, 197, 1217, 327, 200, 328, 714, 841, 967, 1232, 209, 465, 722, 1365, 343, 88, 1368, 223, 229, 743, 360, 1132, 753, 115, 373, 501, 119, 757, 885, 1013, 1346, 1021, 254], "point_pitch": -0.015729113421167895, "camera_rotation_from_original_to_final": [-0.0013086273102089763, -0.027556344866752625, 0.8100546002388], "camera_location": [5.059991836547852, -7.579131126403809, 1.5203824043273926], "camera_rotation_original": [1.596900224685669, 0.009909546934068203, 0.6009308099746704], "view_id": 6, "point_location": [-1.2161308526992798, -6.568247318267822, 1.5804170370101929], "camera_distance": 6.357295301839344, "bounding_box_ranges": {"x": [-10.224421843378694, -4.672342503906116], "y": [-3.5493195629237366, 5.059991836547852], "z": [-0.10246114422731187, 2.427732512530808]}, "obliqueness_angle": 0.6780982613563538, "resolution": 512, "point_uuid": "71", "point_normal": [0.6703581809997559, -0.7393463850021362, 0.06314167380332947], "camera_rotation_final": [1.5802406072616577, -0.012079833075404167, 1.4109854698181152], "vanishing_points_image": {"x": [336.51443039172057, 252.25477645249282], "y": [490.3166758676578, 259.1872341165881], "z": [259.08059123743965, 1.0044221410815994]}, "camera_uuid": "e2c81e729be96548bbabfecfc7939d49", "field_of_view_rads": 0.9265778648908007, "room": "856e4980d5eb3351797f528948f684e5"}