{"vanishing_points_gaussian_sphere": {"x": [-0.6539080431644133, -0.2334367133037184, 0.7196607339342932], "y": [0.7565411073036735, -0.19287639993441982, 0.6248553811147578], "z": [-0.007058614922162561, 0.9530508880591295, 0.3027278988218386]}, "nonfixated_points_in_view": [1027, 1159, 1417, 779, 399, 527, 528, 786, 925, 1317, 941, 46, 1198, 54, 823, 190, 63, 191, 1474, 1353, 1100, 335, 1363, 469, 1241, 859, 1248, 1379, 106, 1135, 368, 1143], "point_pitch": -0.3015581806513925, "camera_rotation_from_original_to_final": [-0.14596547186374664, 0.2802903354167938, -2.9573307037353516], "camera_location": [-4.307779312133789, 0.3686792552471161, 1.49626624584198], "camera_rotation_original": [1.5781090259552002, -0.005691109225153923, -1.0627084970474243], "view_id": 5, "point_location": [-7.424553871154785, -2.337503433227539, 0.18518337607383728], "camera_distance": 4.330894479293632, "bounding_box_ranges": {"x": [-5.980075280804242, 0.3686792552471161], "y": [-7.431148707221668, -4.307779312133789], "z": [-0.027352434263189562, 2.725416242680577]}, "obliqueness_angle": 1.0558902025222778, "resolution": 512, "point_uuid": "279", "point_normal": [0.22160649299621582, 0.061384040862321854, 0.9732022881507874], "camera_rotation_final": [1.2632348537445068, 0.0070586735382676125, -3.999629020690918], "vanishing_points_image": {"x": [15.287997505836781, 341.9310713522845], "y": [515.2926990408577, 322.10538652489265], "z": [254.03991841405505, -8.649299721375911]}, "camera_uuid": "5fb98853d32c905b4569c0e295d9d2d9", "field_of_view_rads": 0.9951649108529494, "room": "8de55a2e5745f73de25402626a4c3d61"}