{"vanishing_points_gaussian_sphere": {"x": [0.3175833397620176, 0.1003603221575941, 0.9429043578444353], "y": [0.9480884456365584, -0.01640446751774353, -0.3175833633802534], "z": [-0.01640492475013664, 0.9948159122078232, -0.10036024741928017]}, "nonfixated_points_in_view": [67, 867, 999, 552, 1065, 618, 1227, 720, 178, 467, 1203, 214, 1239, 664, 1462, 1276, 1471], "point_pitch": 0.11228378216293855, "camera_rotation_from_original_to_final": [-0.06356148421764374, 0.055232349783182144, -2.484147787094116], "camera_location": [0.27477186918258667, -2.2696449756622314, 2.261363983154297], "camera_rotation_original": [1.5901278257369995, -0.005768735893070698, 2.1587343215942383], "view_id": 9, "point_location": [1.4677482843399048, 1.2723000049591064, 2.6383588314056396], "camera_distance": 3.7564200896758746, "bounding_box_ranges": {"x": [-2.2696449756622314, 1.4243741545064186], "y": [-0.7169453314281081, 1.4755308486093828], "z": [0.36388194761033005, 3.729253427532886]}, "obliqueness_angle": 1.2166156768798828, "resolution": 512, "point_uuid": "114", "point_normal": [-0.9993337988853455, -0.02885499969124794, -0.022347303107380867], "camera_rotation_final": [1.6713393926620483, 0.016405660659074783, -0.32322487235069275], "vanishing_points_image": {"x": [372.86368146332626, 219.06960960555844], "y": [415.12910625354266, 258.75335942198], "z": [252.96179840790953, 71.75951524668974]}, "camera_uuid": "72c78639c6d82fd06b6c6cb47f559896", "field_of_view_rads": 1.1641219752472347, "room": "8de55a2e5745f73de25402626a4c3d61"}