{"vanishing_points_gaussian_sphere": {"x": [0.48933957047716625, -0.13792009008727324, 0.8611183620824381], "y": [0.8720869001871214, 0.0735945335218158, -0.4837853688958816], "z": [0.0033501174964975875, 0.9877053677013328, 0.15629102126077135]}, "nonfixated_points_in_view": [640, 1145, 258, 779, 1038, 399, 527, 18, 1042, 23, 279, 1051, 1180, 669, 1446, 168, 297, 939, 1324, 46, 1200, 692, 54, 823, 1208, 953, 186, 443, 826, 318, 1215, 704, 452, 1353, 76, 337, 1105, 1106, 1361, 1238, 606, 227, 1251, 231, 871, 1259, 493, 494, 368, 1137, 1138, 121, 1147, 636, 893, 766, 1151], "point_pitch": -0.15201704104873137, "camera_rotation_from_original_to_final": [-0.07251331955194473, 0.14555037021636963, 2.1732535362243652], "camera_location": [-1.9384469985961914, -2.428041458129883, 1.5036466121673584], "camera_rotation_original": [1.5763559341430664, -0.0021221297793090343, -1.119526982307434], "view_id": 7, "point_location": [-5.858551979064941, -0.22568532824516296, 0.7921565175056458], "camera_distance": 4.55234151132796, "bounding_box_ranges": {"x": [-3.192001064747057, 1.557196335592006], "y": [-7.431135347102866, -1.9384469985961914], "z": [-0.03960915660796671, 4.034343221806192]}, "obliqueness_angle": 0.7387268543243408, "resolution": 512, "point_uuid": "634", "point_normal": [0.29916298389434814, -0.8669012188911438, 0.39872777462005615], "camera_rotation_final": [1.4138610363006592, -0.0033501237630844116, 1.0594608783721924], "vanishing_points_image": {"x": [404.04467804584596, 297.72631147142675], "y": [376.97809812789677, 245.79078037272586], "z": [256.6260784029157, 71.41513101908109]}, "camera_uuid": "a7a591d05adb833dd3d4b184074676ca", "field_of_view_rads": 1.2779902394529126, "room": "8de55a2e5745f73de25402626a4c3d61"}