{"vanishing_points_gaussian_sphere": {"x": [0.2771901680008238, 0.09962112792785134, 0.9556365635711401], "y": [0.9608079305484954, -0.0249040420138634, -0.2760940225475542], "z": [-0.0037055848111652453, 0.9947137374952426, -0.1026199253529881]}, "nonfixated_points_in_view": [3, 771, 518, 775, 1287, 649, 1291, 144, 1428, 665, 28, 285, 415, 1439, 1443, 1188, 422, 934, 1062, 43, 429, 174, 1070, 1328, 1460, 566, 1080, 1464, 65, 195, 1347, 1221, 1484, 975, 848, 724, 216, 89, 1113, 1370, 1117, 1378, 363, 1264, 241, 1141, 1271, 894, 1399], "point_pitch": 0.13000555435684724, "camera_rotation_from_original_to_final": [-0.01580604910850525, 0.07765012979507446, 2.8508191108703613], "camera_location": [0.5467849373817444, -10.360032081604004, 1.5205349922180176], "camera_rotation_original": [1.5957993268966675, -0.011342709884047508, 1.5803825855255127], "view_id": 4, "point_location": [4.5382771492004395, -11.513219833374023, 1.9491567611694336], "camera_distance": 4.176789346736004, "bounding_box_ranges": {"x": [-11.703237322583494, -8.05267033644718], "y": [0.5467849373817444, 6.509222029463023], "z": [-0.0321599280924143, 2.4212006827361527]}, "obliqueness_angle": 1.2788937091827393, "resolution": 512, "point_uuid": "12", "point_normal": [-0.003124227514490485, 0.8173568248748779, -0.5761233568191528], "camera_rotation_final": [1.6735979318618774, 0.003705593291670084, 4.4315185546875], "vanishing_points_image": {"x": [344.7952812081886, 224.0873021852485], "y": [397.22451915448255, 259.660524904705], "z": [255.41039697126806, 97.72910289859226]}, "camera_uuid": "08b7810ec5503ef8e7e738fee540560e", "field_of_view_rads": 1.3063195393586797, "room": "856e4980d5eb3351797f528948f684e5"}