{"vanishing_points_gaussian_sphere": {"x": [-0.5861453835530948, -0.14610887192901878, 0.7969226981853541], "y": [0.8102056543690391, -0.10645798179474991, 0.5763969949094339], "z": [0.0006220673857456741, 0.9835237138248464, 0.18077808876174484]}, "nonfixated_points_in_view": [131, 1411, 266, 656, 1430, 1303, 1177, 1056, 1440, 803, 676, 1060, 41, 1454, 559, 432, 177, 1352, 1225, 1494, 601, 480, 1125, 102, 1127, 745, 1260, 1261, 110, 366, 1134, 379, 125], "point_pitch": -0.17913798888656096, "camera_rotation_from_original_to_final": [-0.022031566128134727, 0.18246352672576904, -2.6226577758789062], "camera_location": [-3.781970262527466, -8.79295825958252, 4.280111312866211], "camera_rotation_original": [1.5727763175964355, 0.0018530383240431547, -1.4653403759002686], "view_id": 0, "point_location": [-6.646313190460205, -10.864677429199219, 3.6303486824035645], "camera_distance": 3.594255407702232, "bounding_box_ranges": {"x": [-11.992286841665829, -8.682579653952002], "y": [-7.284178515248381, -3.781970262527466], "z": [2.7651550996651406, 5.212401985390574]}, "obliqueness_angle": 0.9646802544593811, "resolution": 512, "point_uuid": "1283", "point_normal": [0.9391855597496033, -0.334517240524292, 0.07764466851949692], "camera_rotation_final": [1.3890187740325928, -0.00062206742586568, -4.086095809936523], "vanishing_points_image": {"x": [77.25024257662095, 300.5570777277135], "y": [464.80457934977164, 283.43613795733074], "z": [256.12545425612024, 57.64972682724426]}, "camera_uuid": "719f11efd7d094b502660bf8fb326352", "field_of_view_rads": 1.218442593775293, "room": "ef914082afe6874a9bab2b30c864407b"}