{"vanishing_points_gaussian_sphere": {"x": [-0.5216222574004871, 0.21187157200352805, 0.8264506383088913], "y": [0.8531554945067563, 0.12272769218886188, 0.5070144137624967], "z": [0.005993561324645314, 0.9695609060532246, -0.2447768916297]}, "nonfixated_points_in_view": [539, 1055, 1316, 1448, 939, 815, 563, 694, 1334, 699, 318, 702, 1217, 706, 1476, 209, 343, 856, 743, 1137, 757, 635, 382], "point_pitch": 0.24263818661240144, "camera_rotation_from_original_to_final": [0.19423173367977142, 0.147446870803833, -0.09007934480905533], "camera_location": [-5.388822078704834, -10.731203079223633, 1.4981894493103027], "camera_rotation_original": [1.5747919082641602, -0.006452437024563551, 0.6547536253929138], "view_id": 2, "point_location": [-7.269731044769287, -7.665257453918457, 2.4062557220458984], "camera_distance": 3.709774292791836, "bounding_box_ranges": {"x": [-10.731203079223633, -5.957699928229066], "y": [-7.293076274351868, -5.383806292595355], "z": [0.32225195351611924, 2.42804980210094]}, "obliqueness_angle": 1.0408337116241455, "resolution": 512, "point_uuid": "1183", "point_normal": [0.6336432695388794, 0.006200728006660938, -0.7736005783081055], "camera_rotation_final": [1.8180904388427734, -0.005993597209453583, 0.5487622618675232], "vanishing_points_image": {"x": [38.77486774468758, 167.76789410987212], "y": [535.2723212101289, 215.82625946263042], "z": [257.30486952361923, 44.91506917610888]}, "camera_uuid": "71b3547b15480cf3650f1acaad8a6075", "field_of_view_rads": 0.9650478988287969, "room": "ade82d56fe033105b37cc8ef1783cd93"}