{"vanishing_points_gaussian_sphere": {"x": [0.44541283074833443, -0.09254122163442573, 0.8905299166806041], "y": [0.8951607284778317, 0.06510011977755714, -0.4409639946707502], "z": [-0.01716625747777769, 0.9935784300715046, 0.11183569600467837]}, "nonfixated_points_in_view": [773, 1159, 522, 779, 399, 272, 527, 528, 639, 786, 1045, 279, 408, 793, 1305, 669, 925, 1186, 164, 292, 421, 423, 1317, 1068, 941, 46, 430, 814, 689, 1198, 436, 692, 828, 1469, 190, 63, 1087, 1342, 322, 1474, 966, 711, 76, 1100, 335, 1234, 852, 981, 854, 1371, 1374, 224, 352, 736, 611, 1248, 997, 1254, 1379, 1380, 106, 1006, 239, 368, 1144, 1265, 756, 1143, 632, 636, 893, 127], "point_pitch": -0.11893789370986418, "camera_rotation_from_original_to_final": [0.10369745641946793, -0.08107645064592361, -1.5511388778686523], "camera_location": [0.13430264592170715, -5.5853047370910645, 1.5091227293014526], "camera_rotation_original": [1.588117241859436, -0.006452574394643307, 2.6567111015319824], "view_id": 6, "point_location": [-7.32234001159668, -1.8929970264434814, 0.5726926922798157], "camera_distance": 8.373264449620455, "bounding_box_ranges": {"x": [-6.240455429394248, -3.774033212816981], "y": [-3.551243497226595, 0.13430264592170715], "z": [-0.08630936588440541, 2.4277321720593275]}, "obliqueness_angle": 0.541424572467804, "resolution": 512, "point_uuid": "1215", "point_normal": [0.8389201164245605, -0.35404327511787415, -0.4133599102497101], "camera_rotation_final": [1.4587095975875854, 0.017167100682854652, 1.1090877056121826], "vanishing_points_image": {"x": [396.7227737137978, 285.237274932966], "y": [384.5455086227627, 246.6515916728846], "z": [252.81321254654839, 71.54958737680835]}, "camera_uuid": "caab66acefae8cc00595de890566047d", "field_of_view_rads": 1.2615938232303936, "room": "856e4980d5eb3351797f528948f684e5"}