{"vanishing_points_gaussian_sphere": {"x": [0.30847288000838136, 0.16347661267302996, 0.9370805084987559], "y": [0.9509671799341001, -0.0762922209509696, -0.299734748920697], "z": [0.02249233174927736, 0.9835928497764309, -0.17899497445783183]}, "nonfixated_points_in_view": [512, 1, 1024, 902, 9, 651, 1425, 918, 158, 801, 1450, 306, 1458, 439, 59, 955, 1470, 449, 82, 1016, 478, 353, 482, 355, 609, 873, 1385, 491, 369, 499, 886, 376], "point_pitch": 0.1747909347203116, "camera_rotation_from_original_to_final": [-0.18166550993919373, 0.001915076980367303, -0.2982375919818878], "camera_location": [9.521198272705078, -7.487616062164307, 1.5325249433517456], "camera_rotation_original": [-1.572507381439209, -3.1185641288757324, -0.011458786204457283], "view_id": 0, "point_location": [8.217204093933105, -11.564373970031738, 2.3112404346466064], "camera_distance": 4.35048890353481, "bounding_box_ranges": {"x": [-11.650793328343887, -7.487616062164307], "y": [6.463772928795265, 9.951195693676103], "z": [-0.028319339428349743, 2.4459683857011503]}, "obliqueness_angle": 0.36080271005630493, "resolution": 512, "point_uuid": "101", "point_normal": [0.005992423743009567, 0.9998316764831543, 0.0173468217253685], "camera_rotation_final": [-1.3907854557037354, -3.119098424911499, -0.31366926431655884], "vanishing_points_image": {"x": [363.2344083585215, 199.17063516257494], "y": [408.79365651224816, 268.25801231473287], "z": [259.8141326645909, 89.20743892589643]}, "camera_uuid": "0cc55cb7b667b337a397194e0a67a643", "field_of_view_rads": 1.2117861261357394, "room": "8868fae7afbf71557a2e4faceeb9d9d6"}