{"vanishing_points_gaussian_sphere": {"x": [-0.09690528030467177, 0.0027076897454581493, 0.9952899251300172], "y": [0.9952658784962437, 0.007728245620009435, 0.09688191431189445], "z": [-0.007429518838622902, 0.9999664707558344, -0.0034437790212790407]}, "nonfixated_points_in_view": [7, 521, 141, 535, 542, 1438, 1185, 420, 806, 1447, 1192, 170, 440, 1465, 193, 323, 1091, 967, 712, 201, 75, 334, 463, 208, 591, 210, 338, 1366, 1242, 994, 228, 1382, 1258, 1386, 1133, 367, 623, 245, 1018, 383], "point_pitch": -0.007530852160181567, "camera_rotation_from_original_to_final": [-0.0004795628192368895, 0.00835760124027729, -0.10965946316719055], "camera_location": [-1.854644775390625, -5.243408679962158, 1.4990227222442627], "camera_rotation_original": [1.582518458366394, 0.006183302495628595, -1.3640222549438477], "view_id": 4, "point_location": [4.078518867492676, -4.665872573852539, 1.5195516347885132], "camera_distance": 5.961241490757626, "bounding_box_ranges": {"x": [-5.971508004170579, -4.476650595223148], "y": [-1.854644775390625, 1.4912021493754448], "z": [-0.011919794505099116, 2.7847932702675298]}, "obliqueness_angle": 0.08318675309419632, "resolution": 512, "point_uuid": "222", "point_normal": [-0.9998717308044434, -0.01448560319840908, 0.006844755727797747], "camera_rotation_final": [1.5742402076721191, 0.007429587189108133, -1.473736047744751], "vanishing_points_image": {"x": [203.7815008877948, 254.54093095727296], "y": [539.1333833723511, 253.80146755032746], "z": [253.99228886034163, -14.225281909843]}, "camera_uuid": "614fa69f38f6a61f05c875e475650ac3", "field_of_view_rads": 0.8833833288414288, "room": "8de55a2e5745f73de25402626a4c3d61"}