{"vanishing_points_gaussian_sphere": {"x": [-0.07865390220131667, 0.2839980317719695, 0.955593366248507], "y": [0.9968954445097301, 0.02587856035036108, 0.07436244233442298], "z": [-0.0036105933381339866, 0.9584755698836774, -0.2851517938781141]}, "nonfixated_points_in_view": [1025, 1410, 10, 1275, 400, 403, 790, 1046, 1303, 923, 670, 30, 1184, 555, 565, 438, 1207, 312, 956, 700, 1341, 1088, 705, 77, 217, 985, 986, 349, 990, 1119, 619, 1005, 366, 878, 1267, 761, 379], "point_pitch": 0.3129715482380728, "camera_rotation_from_original_to_final": [0.26465269923210144, -0.015806294977664948, -2.9915049076080322], "camera_location": [-2.484394073486328, -5.331701278686523, 4.301449775695801], "camera_rotation_original": [1.594873070716858, 5.2980572945671156e-05, -0.07394442707300186], "view_id": 4, "point_location": [-2.2478458881378174, -8.371378898620605, 5.208498001098633], "camera_distance": 3.1809325334750214, "bounding_box_ranges": {"x": [-11.666860874670594, -5.957520038493343], "y": [-5.718413551350597, -1.7706227069208045], "z": [2.7651881591564136, 5.21176722615344]}, "obliqueness_angle": 1.2797926664352417, "resolution": 512, "point_uuid": "726", "point_normal": [-0.004880557768046856, 0.0014681568136438727, -0.999987006187439], "camera_rotation_final": [1.859963059425354, 0.003610601183027029, -3.062856912612915], "vanishing_points_image": {"x": [225.06073373554918, 144.28665231277182], "y": [468.68380501247594, 250.4789087823883], "z": [255.35088315352792, 83.68410034651697]}, "camera_uuid": "c5be5141daf3c047a2d6d480abd9ff63", "field_of_view_rads": 1.114510956353179, "room": "ef914082afe6874a9bab2b30c864407b"}