{"vanishing_points_gaussian_sphere": {"x": [-0.45087243302289476, -0.24129722621482974, 0.8593542329918696], "y": [0.8925760703025964, -0.11682448793981666, 0.4354997103796674], "z": [-0.00469125390378636, 0.9633938382814314, 0.26804907106382836]}, "nonfixated_points_in_view": [640, 258, 133, 1166, 1296, 914, 1426, 1427, 277, 23, 1051, 547, 1446, 1203, 1076, 1332, 1208, 1081, 1209, 443, 1466, 318, 1219, 710, 839, 1096, 336, 337, 978, 1105, 1106, 1361, 1239, 600, 735, 1120, 867, 1255, 1259, 1138, 371, 884, 1139, 1276, 1407], "point_pitch": -0.2704333504054208, "camera_rotation_from_original_to_final": [0.1521386206150055, -0.23138824105262756, -1.7075661420822144], "camera_location": [0.21503694355487823, -3.282130241394043, 2.989867687225342], "camera_rotation_original": [1.575566053390503, 0.00037009804509580135, 2.1583032608032227], "view_id": 7, "point_location": [-2.1547887325286865, 1.3941526412963867, 1.531244158744812], "camera_distance": 5.441624622659629, "bounding_box_ranges": {"x": [-3.282130241394043, 1.557436492289908], "y": [-7.2352146113794475, 0.833895049945911], "z": [-0.030258592555661323, 3.8641353433902155]}, "obliqueness_angle": 0.5466088056564331, "resolution": 512, "point_uuid": "580", "point_normal": [-0.02124599553644657, -0.9996330142021179, 0.01681044138967991], "camera_rotation_final": [1.2994258403778076, 0.004691271111369133, 0.46774807572364807], "vanishing_points_image": {"x": [87.66690710371502, 346.0882498486535], "y": [498.9607977768639, 287.79983391231735], "z": [254.84649370422676, 19.11645445797201]}, "camera_uuid": "41fbfac86809ed0f1940b75ebedda277", "field_of_view_rads": 1.0825100014783746, "room": "8de55a2e5745f73de25402626a4c3d61"}