{"vanishing_points_gaussian_sphere": {"x": [0.6601688977615697, 0.12629187072233633, 0.7404237906886345], "y": [0.7511046569719518, -0.10530454518266721, -0.651730578566725], "z": [-0.004338283453249302, 0.9863880150089641, -0.1643771977597714]}, "nonfixated_points_in_view": [1386, 79, 208, 1010, 1170, 372, 24, 222], "point_pitch": 0.17644555965927644, "camera_rotation_from_original_to_final": [-0.14028789103031158, -0.08854479342699051, 1.9606329202651978], "camera_location": [3.8354318141937256, -5.580057144165039, 1.5235874652862549], "camera_rotation_original": [1.571001648902893, -0.012118679471313953, -2.674816608428955], "view_id": 4, "point_location": [4.451500415802002, -4.880148410797119, 1.6789700984954834], "camera_distance": 0.945281197683826, "bounding_box_ranges": {"x": [-5.580057144165039, -3.878476412201924], "y": [3.8354318141937256, 6.504464352308433], "z": [0.7906170763529301, 2.4276657547895866]}, "obliqueness_angle": 0.25265154242515564, "resolution": 512, "point_uuid": "1447", "point_normal": [-0.5200923681259155, -0.8539191484451294, 0.018062276765704155], "camera_rotation_final": [1.735924482345581, 0.004338297061622143, -0.7210518717765808], "vanishing_points_image": {"x": [478.02057990066925, 213.52693822810127], "y": [375.9868577369176, 272.8221051016002], "z": [255.15092198377283, 62.946598109725684]}, "camera_uuid": "c83171f93afe09cc67e6fc1972ae2a82", "field_of_view_rads": 1.0872009869064274, "room": "856e4980d5eb3351797f528948f684e5"}