{"vanishing_points_gaussian_sphere": {"x": [-0.490597928049329, 0.09727269175480215, 0.8659397764466538], "y": [0.8713682176684606, 0.061124324340315124, 0.4868071961374751], "z": [-0.00557693742080511, 0.9933790013950946, -0.1147477989169693]}, "nonfixated_points_in_view": [643, 1287, 8, 904, 1290, 654, 144, 17, 1170, 275, 1428, 1432, 538, 28, 542, 1438, 416, 544, 420, 165, 422, 806, 1064, 1447, 298, 429, 687, 946, 693, 1333, 824, 1465, 60, 317, 703, 1091, 1351, 456, 712, 1483, 1228, 334, 79, 208, 463, 210, 338, 466, 591, 1231, 1366, 1242, 604, 860, 222, 94, 98, 994, 228, 613, 1382, 746, 747, 1258, 1386, 623, 1391, 116, 245, 372, 1141, 1018, 1403, 1399, 383], "point_pitch": 0.128771380582128, "camera_rotation_from_original_to_final": [-0.028814049437642097, 0.09624429792165756, -2.8510944843292236], "camera_location": [-2.125469923019409, -10.290050506591797, 1.5054166316986084], "camera_rotation_original": [1.585587501525879, -0.0013757790438830853, 1.7914842367172241], "view_id": 5, "point_location": [4.812044143676758, -6.389972686767578, 2.4247243404388428], "camera_distance": 8.011544038308122, "bounding_box_ranges": {"x": [-10.290050506591797, -3.9066322499991166], "y": [-2.125469923019409, 6.495185871689753], "z": [-0.004917542308491507, 2.4276986504196203]}, "obliqueness_angle": 1.4667797088623047, "resolution": 512, "point_uuid": "367", "point_normal": [0.001628842786885798, 0.01948687992990017, -0.9998087882995605], "camera_rotation_final": [1.685799241065979, 0.00557696633040905, -1.058011770248413], "vanishing_points_image": {"x": [-1.8480736657499397, 204.87549507397006], "y": [599.227239757806, 231.92345841862047], "z": [254.42814858894795, -23.982375134300376]}, "camera_uuid": "2b230e47a809ba0986cefc4de1b011af", "field_of_view_rads": 0.8113561810220955, "room": "856e4980d5eb3351797f528948f684e5"}