{"vanishing_points_gaussian_sphere": {"x": [-0.09298605272894804, -0.10186415173620411, 0.9904429759400352], "y": [0.9956454686020998, -0.01611708848903761, 0.09181688467129448], "z": [0.006610208014468998, 0.9946677505829271, 0.10291924552922711]}, "nonfixated_points_in_view": [264, 18, 23, 1051, 540, 796, 1307, 1055, 547, 804, 809, 304, 1076, 1204, 694, 1332, 1208, 443, 575, 1087, 1217, 706, 1219, 580, 1477, 839, 458, 719, 336, 337, 464, 1361, 1238, 343, 347, 606, 1376, 227, 231, 743, 1255, 1256, 364, 750, 628, 757, 630, 127], "point_pitch": -0.09122781356307463, "camera_rotation_from_original_to_final": [0.0369068942964077, 0.10776767879724503, 1.9794963598251343], "camera_location": [-6.732573986053467, -9.080721855163574, 1.502792477607727], "camera_rotation_original": [1.58157217502594, -0.008283889852464199, -1.885231852531433], "view_id": 5, "point_location": [-7.010810852050781, -6.0793375968933105, 1.1909115314483643], "camera_distance": 3.0303453491608288, "bounding_box_ranges": {"x": [-9.080721855163574, -5.932625168125547], "y": [-7.294585027993757, -4.905528815894819], "z": [-0.009428129753089709, 2.4293513101406714]}, "obliqueness_angle": 0.12734442949295044, "resolution": 512, "point_uuid": "209", "point_normal": [0.01200406439602375, -0.9999188780784607, 0.004254064988344908], "camera_rotation_final": [1.467692255973816, -0.006610256154090166, 0.09312261641025543], "vanishing_points_image": {"x": [221.2366835854945, 294.0824396151452], "y": [452.93319042431773, 259.18787134235], "z": [257.3151144572155, 58.10880867072545]}, "camera_uuid": "6fe7ddd5d030b288cf1811fb32bc13b1", "field_of_view_rads": 1.1919920982073462, "room": "ade82d56fe033105b37cc8ef1783cd93"}