{"vanishing_points_gaussian_sphere": {"x": [0.3322526382630805, -0.18529045274429387, 0.9248111334153786], "y": [0.9431147357889996, 0.07768791353458059, -0.32326333418482384], "z": [-0.011949037821855423, 0.9796081033823977, 0.20056217061717735]}, "nonfixated_points_in_view": [257, 132, 517, 905, 788, 153, 794, 155, 1312, 932, 679, 1191, 1068, 175, 691, 692, 953, 186, 1343, 457, 76, 1486, 211, 1251, 872, 239, 882, 377, 893, 638], "point_pitch": -0.21165506442519622, "camera_rotation_from_original_to_final": [0.20613905787467957, 0.02797485888004303, -2.1709976196289062], "camera_location": [4.866747856140137, -7.32299280166626, 4.294677257537842], "camera_rotation_original": [1.5751346349716187, -0.014772405847907066, -2.8775057792663574], "view_id": 0, "point_location": [1.6758846044540405, -6.207643032073975, 3.6026804447174072], "camera_distance": 3.450285775677387, "bounding_box_ranges": {"x": [-7.478340997554626, -4.747022826194163], "y": [0.9305270360467688, 4.866747856140137], "z": [2.767939620349118, 5.213375589780055]}, "obliqueness_angle": 0.4835444390773773, "resolution": 512, "point_uuid": "1124", "point_normal": [0.9953726530075073, 0.09234768152236938, -0.02655820921063423], "camera_rotation_final": [1.3688499927520752, 0.011949322186410427, -5.05110502243042], "vanishing_points_image": {"x": [384.5880093375066, 327.7108842000176], "y": [424.92070517772385, 242.08536518404756], "z": [253.23679641911482, 29.466561953683996]}, "camera_uuid": "85ddc613ad5dac20833685dcf49001a9", "field_of_view_rads": 1.1030561998678858, "room": "77c77478b552f1977cad320741ba92a5"}