{"vanishing_points_gaussian_sphere": {"x": [-0.10051204994289142, -0.21663025598357302, 0.9710657341337761], "y": [0.9949334705233338, -0.01975416751920513, 0.09857566686570032], "z": [-0.002171876762629558, 0.9760538433191659, 0.21751822427836512]}, "nonfixated_points_in_view": [514, 131, 1283, 1411, 266, 396, 400, 656, 1303, 1177, 1056, 803, 676, 1060, 41, 1454, 559, 432, 177, 1352, 1225, 717, 1101, 1230, 1488, 1362, 601, 1115, 476, 96, 480, 1381, 102, 1127, 745, 875, 1003, 1261, 110, 1134, 883, 629, 125], "point_pitch": -0.21864907344314055, "camera_rotation_from_original_to_final": [-0.05941864103078842, 0.21144932508468628, 2.946005344390869], "camera_location": [-2.806222438812256, -9.90909194946289, 4.287649154663086], "camera_rotation_original": [1.5709993839263916, -0.0022501780185848475, -1.2808427810668945], "view_id": 0, "point_location": [-6.71736478805542, -10.306122779846191, 3.4115540981292725], "camera_distance": 4.027680509678963, "bounding_box_ranges": {"x": [-11.933831720515617, -7.564501437500644], "y": [-7.284179462078438, -2.806222438812256], "z": [2.765143045219844, 5.212401649256548]}, "obliqueness_angle": 1.2437231540679932, "resolution": 512, "point_uuid": "1494", "point_normal": [0.10908732563257217, -0.00882634799927473, 0.9939930438995361], "camera_rotation_final": [1.3515247106552124, 0.002171878470107913, 1.6714786291122437], "vanishing_points_image": {"x": [220.67814860772907, 332.12800368979583], "y": [445.2029714480361, 259.75658001650095], "z": [255.55942176433626, 58.00162016480653]}, "camera_uuid": "48bee344cd0412ed9774218b24d4c13a", "field_of_view_rads": 1.2321362976537271, "room": "ef914082afe6874a9bab2b30c864407b"}