{"vanishing_points_gaussian_sphere": {"x": [0.22735907246420442, -0.19848651688841523, 0.9533682157391873], "y": [0.9736470893275722, 0.02837210479908288, -0.22628824342686618], "z": [0.017866102321529593, 0.979692873446967, 0.1997064748701501]}, "nonfixated_points_in_view": [1248, 1217, 706, 1474, 743, 423, 814, 528, 209, 757, 1055, 63], "point_pitch": -0.21904079516860442, "camera_rotation_from_original_to_final": [-0.21920354664325714, -0.05475856736302376, 1.2266294956207275], "camera_location": [-4.210936069488525, -6.891334056854248, 1.5098429918289185], "camera_rotation_original": [1.593726634979248, 0.010752296075224876, 0.11999154835939407], "view_id": 2, "point_location": [-7.2684736251831055, -6.16560697555542, 0.8693660497665405], "camera_distance": 3.2070899660634056, "bounding_box_ranges": {"x": [-7.607157474072842, -5.932657353663599], "y": [-7.294925493204204, -4.210936069488525], "z": [-0.00879525435246209, 2.277276684410839]}, "obliqueness_angle": 0.31010979413986206, "resolution": 512, "point_uuid": "343", "point_normal": [0.9998239278793335, 0.01449593622237444, 0.011917749419808388], "camera_rotation_final": [1.3697054386138916, -0.01786705292761326, 1.3413941860198975], "vanishing_points_image": {"x": [374.7579322421499, 359.67674387537767], "y": [495.0916640850757, 249.03286188151213], "z": [261.42538740872965, -41.50268325824237]}, "camera_uuid": "41b233ae6d911bdc4a03358505e283ee", "field_of_view_rads": 0.8758848026050623, "room": "ade82d56fe033105b37cc8ef1783cd93"}