{"vanishing_points_gaussian_sphere": {"x": [0.016050591645208938, 0.10612139848514808, 0.9942236304229524], "y": [0.9998697195608225, -3.458244446275287e-06, -0.016141372104097308], "z": [-0.001709506712807698, 0.9943531811039763, -0.10610762844961673]}, "nonfixated_points_in_view": [0, 521, 522, 528, 535, 1048, 29, 36, 37, 50, 1084, 63, 1091, 1100, 79, 594, 85, 1109, 115, 1143, 631, 639, 1152, 644, 138, 141, 677, 678, 1198, 689, 1218, 197, 200, 712, 222, 224, 1248, 1252, 229, 1258, 760, 773, 272, 786, 1304, 1308, 805, 1317, 299, 814, 1329, 818, 315, 829, 322, 1346, 841, 852, 1365, 1368, 1383, 1386, 367, 373, 392, 401, 402, 920, 410, 436, 948, 958, 1472, 1474, 966, 967, 1478, 1490, 981, 994, 997, 488, 1002, 1018, 1019, 1021], "point_pitch": 0.1018774072316031, "camera_rotation_from_original_to_final": [-0.10428139567375183, -0.013749335892498493, -1.6577705144882202], "camera_location": [6.898015022277832, -5.4319539070129395, 1.5056571960449219], "camera_rotation_original": [1.5721105337142944, -0.004563433583825827, -3.0698022842407227], "view_id": 2, "point_location": [-0.8638054132461548, -5.3059401512146, 2.334030866622925], "camera_distance": 7.80691589774906, "bounding_box_ranges": {"x": [-6.10688900803811, -4.68016286302758], "y": [4.192407967032966, 6.898015022277832], "z": [0.5611470022674496, 2.42886946772845]}, "obliqueness_angle": 0.08161823451519012, "resolution": 512, "point_uuid": "57", "point_normal": [0.9996584057807922, -0.006831107195466757, -0.025227157399058342], "camera_rotation_final": [1.6771042346954346, 0.0017095075454562902, -4.728440284729004], "vanishing_points_image": {"x": [264.6143643829964, 199.04456710434678], "y": [523.7047363279898, 256.0009259090455], "z": [255.56184893700694, 1.1446665712792559]}, "camera_uuid": "7aee671bd52588b571fedb6abd1f939e", "field_of_view_rads": 0.8856706784418169, "room": "8efc299ca974ee46c0bc622cd51b4dc7"}