{"vanishing_points_gaussian_sphere": {"x": [-0.27573877374532013, 0.016715575576852278, 0.9610872583624037], "y": [0.9611989844623356, -0.0035680968141473136, 0.2758328859177228], "z": [0.008039957835819437, 0.9998539184392186, -0.015083131629036267]}, "nonfixated_points_in_view": [7, 141, 1170, 542, 1438, 420, 806, 1447, 1192, 170, 820, 1465, 193, 323, 1091, 69, 198, 712, 201, 75, 1483, 334, 463, 208, 591, 210, 338, 721, 1366, 599, 1242, 860, 222, 994, 228, 1382, 1257, 1258, 1386, 1133, 367, 623, 1010, 372, 245, 1018, 1149, 383], "point_pitch": 0.03172750870255037, "camera_rotation_from_original_to_final": [0.0027187680825591087, 0.00036198506131768227, 2.3350296020507812], "camera_location": [0.13430264592170715, -5.5853047370910645, 1.5091227293014526], "camera_rotation_original": [1.588117241859436, -0.006452574394643307, 2.6567111015319824], "view_id": 8, "point_location": [3.7835981845855713, -4.537954330444336, 1.5663933753967285], "camera_distance": 3.797048965385216, "bounding_box_ranges": {"x": [-7.093667263801654, -3.7504626992531005], "y": [0.13430264592170715, 6.509210282461364], "z": [-0.016001817774825774, 2.4277343098298054]}, "obliqueness_angle": 0.4059242606163025, "resolution": 512, "point_uuid": "946", "point_normal": [-0.7783135175704956, -0.6109811663627625, -0.14467298984527588], "camera_rotation_final": [1.5858805179595947, -0.008040044456720352, 4.991756439208984], "vanishing_points_image": {"x": [158.9397975556291, 250.11610805609092], "y": [459.87143112531714, 256.75679751607396], "z": [257.4590938577308, 74.54622364769605]}, "camera_uuid": "caab66acefae8cc00595de890566047d", "field_of_view_rads": 1.221494116761504, "room": "856e4980d5eb3351797f528948f684e5"}