{"vanishing_points_gaussian_sphere": {"x": [0.232553481912139, -0.12927457915782278, 0.9639538169612216], "y": [0.9725831828391186, 0.03183939815427806, -0.23036537323066392], "z": [-0.000911322703635559, 0.9910975410668423, 0.13313464456026713]}, "nonfixated_points_in_view": [517, 15, 1044, 27, 31, 1068, 1069, 46, 1071, 1072, 1082, 73, 76, 603, 1122, 616, 106, 1138, 120, 636, 642, 140, 149, 153, 156, 679, 168, 1191, 1197, 1199, 690, 180, 692, 1206, 186, 711, 715, 1229, 718, 1233, 1234, 725, 1251, 1259, 748, 239, 1263, 1265, 756, 764, 256, 257, 258, 259, 1280, 1288, 272, 788, 1305, 292, 1324, 309, 823, 828, 318, 1343, 321, 344, 1371, 356, 1380, 870, 359, 871, 368, 1393, 893, 1420, 412, 932, 947, 437, 953, 455, 988, 991, 993, 1006, 511], "point_pitch": -0.1630306681010385, "camera_rotation_from_original_to_final": [0.06662837415933609, -0.14116856455802917, -0.8174280524253845], "camera_location": [0.3440798223018646, -5.207657814025879, 4.2956719398498535], "camera_rotation_original": [1.591770052909851, -0.020765699446201324, 2.1472725868225098], "view_id": 5, "point_location": [-7.101630687713623, -3.428283452987671, 3.2673211097717285], "camera_distance": 7.724136519397072, "bounding_box_ranges": {"x": [-6.4406847764221595, 1.5189776672360331], "y": [-7.430973712465252, 0.3440798223018646], "z": [-0.03331662658689161, 5.460287134852671]}, "obliqueness_angle": 0.36795109510421753, "resolution": 512, "point_uuid": "164", "point_normal": [0.854889452457428, -0.5139738917350769, -0.0706755518913269], "camera_rotation_final": [1.437265157699585, 0.0009113228297792375, 1.3360939025878906], "vanishing_points_image": {"x": [343.3131920458556, 304.5366895556465], "y": [425.62383434297686, 250.4470345638346], "z": [255.8101129585545, 49.49073702835764]}, "camera_uuid": "65572d2c193d1b3ea0911dbf66b34fb7", "field_of_view_rads": 1.1641219752472347, "room": "8de55a2e5745f73de25402626a4c3d61"}