{"vanishing_points_gaussian_sphere": {"x": [-0.22582515925243016, 0.2836631583850692, 0.9319539741980941], "y": [0.9741511290337996, 0.060150854676723535, 0.21774171048247323], "z": [0.005707473240241183, 0.9570355726182109, -0.2899143623426496]}, "nonfixated_points_in_view": [513, 1154, 901, 1031, 397, 1293, 19, 159, 166, 942, 1074, 1459, 182, 183, 1467, 830, 833, 968, 74, 588, 205, 1359, 976, 212, 1237, 1499, 1116, 734, 95, 612, 103, 1008, 244, 250], "point_pitch": 0.2991491119053702, "camera_rotation_from_original_to_final": [-0.25914105772972107, -0.13127775490283966, 1.3426673412322998], "camera_location": [-1.9461179971694946, -10.539590835571289, 4.280216217041016], "camera_rotation_original": [1.5751063823699951, -0.006250596605241299, -2.666795015335083], "view_id": 2, "point_location": [0.21824397146701813, -10.03390884399414, 4.953510761260986], "camera_distance": 2.3223915162224236, "bounding_box_ranges": {"x": [-11.26581919339726, -9.683324092107398], "y": [-1.9461179971694946, 0.8270610237167981], "z": [3.518427159924125, 5.223632602224441]}, "obliqueness_angle": 1.3263230323791504, "resolution": 512, "point_uuid": "810", "point_normal": [0.009882583282887936, -0.9925827383995056, -0.12116866558790207], "camera_rotation_final": [1.8649386167526245, -0.005707504227757454, -1.3430025577545166], "vanishing_points_image": {"x": [173.54618058476814, 152.42823273693713], "y": [469.14940065652377, 242.83867601114648], "z": [256.97197045508824, 93.0188940186729]}, "camera_uuid": "41fe4d40075167d2675e7ca53b4961cc", "field_of_view_rads": 1.161813169820338, "room": "c6b90c3c2e476767ef8ca0b4e5cf1d4d"}