{"vanishing_points_gaussian_sphere": {"x": [-0.0985087600895511, -0.3566689124493758, 0.9290227720986171], "y": [0.9951233063793599, -0.0400555806722974, 0.0901396447608707], "z": [0.005062537528764674, 0.9333717573128001, 0.3588753730260483]}, "nonfixated_points_in_view": [1280, 642, 259, 764, 1028, 1159, 1288, 779, 1420, 893, 527, 272, 788, 149, 1044, 409, 793, 156, 930, 419, 164, 421, 1317, 1191, 1068, 173, 46, 814, 1072, 1324, 692, 437, 1461, 823, 953, 186, 191, 711, 1352, 842, 76, 717, 1233, 1234, 725, 1241, 603, 348, 1371, 991, 224, 993, 1122, 611, 356, 1251, 870, 359, 871, 1379, 1380, 748, 1006, 239, 368, 1263, 1265, 1393, 756, 636, 509], "point_pitch": -0.38490037520858245, "camera_rotation_from_original_to_final": [0.172044038772583, -0.34275248646736145, -0.39557021856307983], "camera_location": [0.30798399448394775, -4.362792491912842, 3.736617088317871], "camera_rotation_original": [1.5856736898422241, -0.011059120297431946, 2.032072067260742], "view_id": 16, "point_location": [-6.810376167297363, -5.053460121154785, 0.9868411421775818], "camera_distance": 7.662202045425778, "bounding_box_ranges": {"x": [-6.441731420077724, 0.19892888990495283], "y": [-7.431080632881452, 0.30798399448394775], "z": [-0.030279451705936378, 5.461725222706808]}, "obliqueness_angle": 1.1892404556274414, "resolution": 512, "point_uuid": "528", "point_normal": [0.011528247967362404, 0.033309176564216614, 0.9993786811828613], "camera_rotation_final": [1.2037286758422852, -0.005062559153884649, 1.6694663763046265], "vanishing_points_image": {"x": [221.36926604540918, 381.38688138678276], "y": [452.1744139354248, 263.89638832982524], "z": [257.1614319605096, 41.86869058833417]}, "camera_uuid": "73759aa4f227ecebe2f10f72d0e43db4", "field_of_view_rads": 1.194276170378486, "room": "8de55a2e5745f73de25402626a4c3d61"}