{"vanishing_points_gaussian_sphere": {"x": [-0.5581370628548288, 0.2109214628712894, 0.8024930875515504], "y": [0.8293627101932427, 0.11231263044320389, 0.5473055526703962], "z": [0.025308378231416507, 0.9710293556546906, -0.2376162377619256]}, "nonfixated_points_in_view": [1289, 1174, 539, 1183, 1316, 1448, 811, 699, 1468, 702, 1476, 1223, 1118, 868, 358, 1384, 492, 877, 879, 1401, 251, 892, 382], "point_pitch": 0.24084957043198152, "camera_rotation_from_original_to_final": [0.2198035717010498, -0.009775056503713131, 2.0436670780181885], "camera_location": [-4.210936069488525, -6.891334056854248, 1.5098429918289185], "camera_rotation_original": [1.593726634979248, 0.010752296075224876, 0.11999154835939407], "view_id": 3, "point_location": [-7.252584457397461, -8.965758323669434, 2.410468101501465], "camera_distance": 3.7902488896142046, "bounding_box_ranges": {"x": [-11.548182319322743, -6.891334056854248], "y": [-7.293170975178861, -4.210936069488525], "z": [0.2797103866552626, 2.4275647763824746]}, "obliqueness_angle": 0.8023055791854858, "resolution": 512, "point_uuid": "856", "point_normal": [0.6334465742111206, 0.0052153198048472404, -0.7737689018249512], "camera_rotation_final": [1.8107857704162598, -0.025311080738902092, 2.1631507873535156], "vanishing_points_image": {"x": [22.09597180820959, 167.6070530321835], "y": [542.5135037783082, 217.20022654582232], "z": [261.67614627671765, 38.2181804268691]}, "camera_uuid": "41b233ae6d911bdc4a03358505e283ee", "field_of_view_rads": 0.9434080668934844, "room": "ade82d56fe033105b37cc8ef1783cd93"}