{"vanishing_points_gaussian_sphere": {"x": [0.4127499984781016, -0.15076317805164016, 0.8982805257268449], "y": [0.9108439036510366, 0.06733682626790156, -0.4072212359515495], "z": [0.0009066080014645943, 0.9862739051459974, 0.16511499656298875]}, "nonfixated_points_in_view": [385, 386, 769, 1026, 647, 1162, 1296, 18, 1427, 148, 789, 23, 664, 1306, 1051, 796, 290, 547, 675, 931, 295, 807, 681, 1065, 47, 304, 305, 178, 435, 1076, 1202, 1203, 1204, 1208, 1081, 1209, 443, 1332, 1462, 1466, 64, 1361, 67, 196, 580, 710, 839, 1096, 1219, 1354, 1227, 1477, 207, 336, 337, 464, 467, 719, 720, 214, 471, 600, 849, 978, 347, 1244, 606, 735, 227, 867, 231, 1255, 489, 234, 618, 364, 750, 114, 371, 374, 630, 1400, 1276, 1407], "point_pitch": -0.16761343081923918, "camera_rotation_from_original_to_final": [0.155575230717659, 0.05595102533698082, 2.39032244682312], "camera_location": [-3.8966617584228516, -5.1063923835754395, 1.5070674419403076], "camera_rotation_original": [1.5701526403427124, 0.0018522855825722218, -2.8113532066345215], "view_id": 3, "point_location": [-1.0188475847244263, 1.2417161464691162, 0.3402073383331299], "camera_distance": 7.066955157080343, "bounding_box_ranges": {"x": [-5.1063923835754395, 1.5575294190079498], "y": [-5.266068846134305, 1.4798773545912938], "z": [-0.022830245026050355, 4.0592949756806735]}, "obliqueness_angle": 1.1284410953521729, "resolution": 512, "point_uuid": "1480", "point_normal": [-0.8023949861526489, -0.003093296429142356, 0.5967854857444763], "camera_rotation_final": [1.4049216508865356, -0.0009066081256605685, -0.42547136545181274], "vanishing_points_image": {"x": [390.4063467567354, 305.0939504835183], "y": [391.747447651492, 245.96446892581758], "z": [256.17726149969025, 63.16209072820316]}, "camera_uuid": "62e24ad43a6e699e9b1ae0325438e489", "field_of_view_rads": 1.2395500717868164, "room": "8de55a2e5745f73de25402626a4c3d61"}