{"vanishing_points_gaussian_sphere": {"x": [0.05805597182386705, 0.18148798504996794, 0.9816779591180037], "y": [0.998295908637777, -0.016363306416795703, -0.05601357871253505], "z": [0.0058977057116867794, 0.9832570129348749, -0.1821287005985758]}, "nonfixated_points_in_view": [3, 643, 900, 774, 1146, 1160, 137, 1286, 12, 530, 660, 1428, 278, 665, 285, 797, 287, 544, 1439, 1443, 1188, 165, 934, 1319, 296, 298, 682, 1066, 1067, 1070, 1328, 1330, 181, 949, 1078, 1080, 1084, 317, 62, 958, 65, 66, 195, 1347, 1221, 1351, 1484, 973, 847, 1360, 980, 1236, 215, 89, 1117, 607, 1378, 99, 996, 357, 617, 362, 363, 1130, 751, 241, 1395, 117, 1013, 1271, 378, 1403, 894], "point_pitch": 0.1656746427204947, "camera_rotation_from_original_to_final": [-0.13950291275978088, 0.0885586068034172, 0.4535656273365021], "camera_location": [1.9597357511520386, -5.512042045593262, 1.5149836540222168], "camera_rotation_original": [1.5890778303146362, 0.002467385260388255, 2.6240296363830566], "view_id": 0, "point_location": [1.687974452972412, -10.274640083312988, 2.398578405380249], "camera_distance": 4.851487863276755, "bounding_box_ranges": {"x": [-11.703729421061501, -5.512042045593262], "y": [0.030373505687741886, 5.6716617829107], "z": [-0.02992949064406103, 2.42347112572628]}, "obliqueness_angle": 1.3928577899932861, "resolution": 512, "point_uuid": "1422", "point_normal": [0.6060470342636108, -0.0018511743983253837, -0.7954267263412476], "camera_rotation_final": [1.7539504766464233, -0.00589773990213871, 3.083503007888794], "vanishing_points_image": {"x": [277.0543394545088, 190.182315374041], "y": [435.31357858494243, 258.9391716480952], "z": [256.99811964125746, 89.59492911460539]}, "camera_uuid": "5090c6fc5c0dcfff7ec7ff2b1a5d94fb", "field_of_view_rads": 1.2122985569677618, "room": "856e4980d5eb3351797f528948f684e5"}