{"vanishing_points_gaussian_sphere": {"x": [-0.6830734513383896, -0.13599899917187777, 0.7175757327982241], "y": [0.730229868316929, -0.1449708715938827, 0.6676434570990346], "z": [0.013228737449256423, 0.9800447533728027, 0.1983362848596824]}, "nonfixated_points_in_view": [1145, 258, 387, 779, 140, 1147, 526, 399, 527, 18, 1426, 148, 23, 279, 1051, 1180, 669, 417, 295, 168, 297, 809, 1324, 46, 563, 692, 1334, 823, 1208, 953, 186, 442, 443, 826, 318, 1209, 704, 1215, 452, 1220, 711, 1353, 76, 1229, 335, 464, 337, 978, 1105, 1106, 1363, 1238, 600, 729, 859, 606, 736, 1376, 227, 1251, 1379, 1254, 231, 871, 1259, 493, 368, 1137, 1138, 884, 121, 634, 635, 636, 893, 766], "point_pitch": -0.19888488849135832, "camera_rotation_from_original_to_final": [-0.06327563524246216, 0.20277102291584015, 2.108879566192627], "camera_location": [-1.854644775390625, -5.243408679962158, 1.4990227222442627], "camera_rotation_original": [1.582518458366394, 0.006183302495628595, -1.3640222549438477], "view_id": 2, "point_location": [-6.970409393310547, 0.2549598813056946, -0.020715530961751938], "camera_distance": 7.6624219968226335, "bounding_box_ranges": {"x": [-5.243408679962158, 1.5575952955527264], "y": [-7.431119736843935, -1.854644775390625], "z": [-0.03690871697600695, 3.8412481332223525]}, "obliqueness_angle": 1.4193761348724365, "resolution": 512, "point_uuid": "1331", "point_normal": [-0.05713510140776634, 0.012554424814879894, 0.998287558555603], "camera_rotation_final": [1.371118426322937, -0.013229123316705227, 0.7520444393157959], "vanishing_points_image": {"x": [27.54071720689984, 301.48593383406825], "y": [491.0781499674784, 302.6695293798526], "z": [259.14932728231145, 22.683578722271026]}, "camera_uuid": "614fa69f38f6a61f05c875e475650ac3", "field_of_view_rads": 1.0762035262879448, "room": "8de55a2e5745f73de25402626a4c3d61"}