{"vanishing_points_gaussian_sphere": {"x": [-0.4027292602084278, 0.06144221951743682, 0.9132546176355987], "y": [0.9152927128340519, 0.03461597865697503, 0.4012991201765857], "z": [-0.006956493718413731, 0.9975101942749212, -0.07017848326057438]}, "nonfixated_points_in_view": [388, 134, 1146, 520, 398, 911, 784, 1039, 658, 1424, 285, 34, 1188, 1067, 301, 174, 944, 695, 572, 65, 1089, 579, 965, 1221, 971, 975, 1231, 728, 858, 93, 607, 863, 97, 100, 617, 362, 746, 1130, 237, 1269, 758, 378, 1404, 890], "point_pitch": 0.08408029476669832, "camera_rotation_from_original_to_final": [0.053431399166584015, 0.0161038339138031, -2.84682559967041], "camera_location": [-2.1478989124298096, -7.17814826965332, 1.5089408159255981], "camera_rotation_original": [1.586061954498291, -0.002639547921717167, 0.12005194276571274], "view_id": 0, "point_location": [-0.35127609968185425, -11.266804695129395, 1.8231301307678223], "camera_distance": 4.477016842838592, "bounding_box_ranges": {"x": [-12.060162083804158, -7.17814826965332], "y": [-2.6347621090717355, 3.9683085075903217], "z": [-0.016222355549856876, 2.4213375215630633]}, "obliqueness_angle": 1.4857497215270996, "resolution": 512, "point_uuid": "1338", "point_normal": [-0.9213134050369263, -0.3278864920139313, -0.20897863805294037], "camera_rotation_final": [1.6410342454910278, 0.0069565498270094395, -2.7270853519439697], "vanishing_points_image": {"x": [92.78388935377474, 231.09900300286708], "y": [508.1566549366608, 246.46354323255252], "z": [254.52000499114365, 43.7795670392907]}, "camera_uuid": "3dfb7fb5350fdc03281337b3a75a5e86", "field_of_view_rads": 1.0530359802965177, "room": "856e4980d5eb3351797f528948f684e5"}