{"vanishing_points_gaussian_sphere": {"x": [-0.5357856403605075, 0.03446442334049508, 0.8436503725520947], "y": [0.844330582184611, 0.02931693776906454, 0.5350199857459913], "z": [-0.0062940901865823915, 0.9989758358857596, -0.04480696089974449]}, "nonfixated_points_in_view": [8, 1039, 17, 538, 28, 542, 544, 1062, 1064, 568, 570, 60, 1091, 79, 591, 604, 94, 98, 613, 623, 1136, 116, 1141, 119, 643, 649, 654, 144, 657, 1170, 165, 687, 693, 703, 712, 1228, 1231, 208, 210, 216, 1242, 222, 228, 740, 746, 747, 1258, 1264, 245, 775, 1287, 1290, 275, 806, 298, 1333, 824, 1336, 827, 317, 1351, 334, 848, 338, 1366, 1370, 860, 1382, 1386, 367, 1391, 372, 1399, 1403, 904, 1428, 1432, 1438, 416, 1443, 420, 422, 1447, 429, 946, 1465, 456, 1483, 1484, 463, 466, 994, 1018], "point_pitch": 0.05827851692703767, "camera_rotation_from_original_to_final": [-0.014061885885894299, 0.02762305736541748, -2.797098159790039], "camera_location": [-2.125469923019409, -10.290050506591797, 1.5054166316986084], "camera_rotation_original": [1.585587501525879, -0.0013757790438830853, 1.7914842367172241], "view_id": 8, "point_location": [6.334534645080566, -4.924944877624512, 1.9547337293624878], "camera_distance": 10.027857347864998, "bounding_box_ranges": {"x": [-10.377279987368045, -3.1848599264854336], "y": [-2.125469923019409, 6.510154078564325], "z": [-0.02799703935022685, 2.4277304584338815]}, "obliqueness_angle": 1.5495303869247437, "resolution": 512, "point_uuid": "383", "point_normal": [-0.5471320748329163, 0.8033002018928528, 0.23527739942073822], "camera_rotation_final": [1.61561918258667, 0.0062941317446529865, -1.0053458213806152], "vanishing_points_image": {"x": [72.1648532581764, 244.1748000601338], "y": [484.6690887396036, 248.06012717561157], "z": [254.7787423767183, 62.16628950591074]}, "camera_uuid": "2b230e47a809ba0986cefc4de1b011af", "field_of_view_rads": 1.1460267391719703, "room": "856e4980d5eb3351797f528948f684e5"}