{"vanishing_points_gaussian_sphere": {"x": [0.37757327253757894, -0.10883834885540013, 0.9195611114459404], "y": [0.9258732507580641, 0.05943253156319232, -0.3731306711095793], "z": [-0.014040918629421114, 0.9922812041001384, 0.12321065129939701]}, "nonfixated_points_in_view": [0, 1032, 530, 1048, 26, 1061, 1066, 1067, 48, 50, 55, 568, 570, 1084, 71, 1100, 88, 99, 100, 617, 115, 627, 119, 641, 644, 134, 646, 657, 658, 1176, 171, 684, 685, 688, 184, 701, 192, 706, 708, 197, 1232, 1236, 1243, 223, 753, 758, 1273, 1278, 254, 772, 1284, 774, 1286, 267, 802, 805, 296, 1320, 814, 1329, 818, 1336, 313, 827, 829, 327, 328, 1365, 1368, 858, 863, 1409, 1418, 1422, 912, 410, 1434, 933, 943, 944, 949, 958, 458, 1484, 465, 980, 984, 996, 1013, 1021], "point_pitch": -0.14444880088302092, "camera_rotation_from_original_to_final": [0.10665986686944962, -0.09668203443288803, -1.4565047025680542], "camera_location": [5.132575988769531, -10.393342971801758, 1.5002893209457397], "camera_rotation_original": [1.587233543395996, -0.019086314365267754, 2.634567975997925], "view_id": 0, "point_location": [1.5426262617111206, -8.936647415161133, 1.0192766189575195], "camera_distance": 3.903981721342057, "bounding_box_ranges": {"x": [-11.46296132025308, -5.83913673776276], "y": [-3.5476289926742366, 5.132575988769531], "z": [-0.0249152106192152, 2.427114183445241]}, "obliqueness_angle": 0.39448973536491394, "resolution": 512, "point_uuid": "1194", "point_normal": [0.7038352489471436, -0.6334679126739502, 0.32145652174949646], "camera_rotation_final": [1.447259545326233, 0.014041380025446415, 1.1835819482803345], "vanishing_points_image": {"x": [415.8631601062268, 302.08176387018096], "y": [434.4749388694888, 244.54355341952586], "z": [252.57762693264027, 14.138583536566765]}, "camera_uuid": "3d449594a2cb2c364ffe85b6c45b4104", "field_of_view_rads": 1.0203967727988559, "room": "856e4980d5eb3351797f528948f684e5"}