{"vanishing_points_gaussian_sphere": {"x": [0.273409140354346, 0.2635839302690872, 0.9250788905139921], "y": [0.9618111562622726, -0.06200365708125412, -0.26659866128317355], "z": [-0.012912848644959417, 0.962641708120135, -0.2704703313256763]}, "nonfixated_points_in_view": [256, 139, 270, 284, 1057, 419, 940, 1196, 434, 180, 53, 308, 1077, 697, 444, 1212, 1345, 835, 329, 713, 1355, 974, 1230, 80, 1488, 723, 348, 738, 866, 1381, 875, 621, 629, 246, 509, 1406], "point_pitch": 0.24615915218857332, "camera_rotation_from_original_to_final": [-0.22810228168964386, 0.1151147410273552, -1.251006841659546], "camera_location": [-1.4434256553649902, -7.813687324523926, 4.310910701751709], "camera_rotation_original": [1.5920394659042358, -0.022030526772141457, 2.532801628112793], "view_id": 2, "point_location": [-4.469489574432373, -6.941605567932129, 5.195657253265381], "camera_distance": 3.2711413303264845, "bounding_box_ranges": {"x": [-8.053064873990797, -7.021478514772897], "y": [-1.9326144044545015, -1.4434256553649902], "z": [4.140392784719625, 5.1378026443034965]}, "obliqueness_angle": 1.2908172607421875, "resolution": 512, "point_uuid": "880", "point_normal": [0.005643267184495926, -0.0024375219363719225, -0.999981164932251], "camera_rotation_final": [1.8447012901306152, 0.012913207523524761, 1.2938371896743774], "vanishing_points_image": {"x": [341.7680384652302, 173.31411524561244], "y": [399.08833244241345, 265.2242638685599], "z": [254.0822355250525, 113.03231558776216]}, "camera_uuid": "6c4bbfd91682179d5f66aaabeac8d0e0", "field_of_view_rads": 1.2987146115222914, "room": "9be1cd563f04d329bc30a6918cfb1205"}