{"vanishing_points_gaussian_sphere": {"x": [-0.5712676873795424, -0.06366871806082747, 0.8182906107835531], "y": [0.8207624319414724, -0.046140570556340216, 0.56940326488549], "z": [0.0015032197275403494, 0.9969038780590767, 0.07861550891029377]}, "nonfixated_points_in_view": [0, 643, 644, 900, 134, 774, 520, 777, 1030, 1033, 1286, 398, 911, 784, 530, 658, 278, 920, 1048, 410, 26, 1176, 1304, 416, 544, 34, 36, 677, 678, 805, 1319, 1067, 684, 301, 48, 688, 818, 944, 1329, 693, 55, 695, 1336, 314, 827, 572, 1084, 62, 319, 192, 958, 1089, 579, 707, 965, 1351, 330, 971, 1231, 1490, 980, 215, 728, 1368, 221, 93, 223, 97, 740, 613, 996, 119, 890, 1403, 1021], "point_pitch": -0.09072379668685393, "camera_rotation_from_original_to_final": [0.07524475455284119, 0.0260267686098814, -1.4290800094604492], "camera_location": [3.8354318141937256, -5.580057144165039, 1.5235874652862549], "camera_rotation_original": [1.571001648902893, -0.012118679471313953, -2.674816608428955], "view_id": 6, "point_location": [-2.7701520919799805, -10.176519393920898, 0.8889690041542053], "camera_distance": 8.072418979357508, "bounding_box_ranges": {"x": [-12.059084962367802, -5.580057144165039], "y": [-3.546688931160042, 3.8354318141937256], "z": [-0.01472973170148506, 2.4229383568907865]}, "obliqueness_angle": 1.421440601348877, "resolution": 512, "point_uuid": "984", "point_normal": [0.08599597960710526, 0.0001878829498309642, 0.9962955117225647], "camera_rotation_final": [1.4920995235443115, -0.0015032202936708927, -4.104338645935059], "vanishing_points_image": {"x": [-4.105101236193954, 284.989138931969], "y": [564.6882767181474, 273.35344194316684], "z": [256.4209476428227, -23.163671086460283]}, "camera_uuid": "c83171f93afe09cc67e6fc1972ae2a82", "field_of_view_rads": 0.8881939192273043, "room": "856e4980d5eb3351797f528948f684e5"}