{"vanishing_points_gaussian_sphere": {"x": [-0.1420920142917497, 0.3049498881571726, 0.9417087793938427], "y": [0.9898311496181645, 0.05016063053548498, 0.13310975317333168], "z": [-0.006644901812360724, 0.9510465166632022, -0.3089763234014761]}, "nonfixated_points_in_view": [744, 1475, 1492, 1318, 1023], "point_pitch": 0.3104570666935782, "camera_rotation_from_original_to_final": [0.24124141037464142, 0.1972610354423523, -2.0590157508850098], "camera_location": [-5.388822078704834, -10.731203079223633, 1.4981894493103027], "camera_rotation_original": [1.5747919082641602, -0.006452437024563551, 0.6547536253929138], "view_id": 4, "point_location": [-3.5396742820739746, -10.469827651977539, 2.1048977375030518], "camera_distance": 1.96360881818762, "bounding_box_ranges": {"x": [-11.52838424163194, -8.961018994538792], "y": [-5.388822078704834, -3.0476343050203742], "z": [0.9304131424411658, 2.4276749460142795]}, "obliqueness_angle": 0.341327041387558, "resolution": 512, "point_uuid": "161", "point_normal": [-0.9999517202377319, -0.009612719528377056, 0.00204429286532104], "camera_rotation_final": [1.8849200010299683, 0.0066449507139623165, -1.4282186031341553], "vanishing_points_image": {"x": [204.54433816531005, 145.5687530382692], "y": [459.1940660711161, 245.70294834717217], "z": [254.8970958282687, 98.14767947553558]}, "camera_uuid": "71b3547b15480cf3650f1acaad8a6075", "field_of_view_rads": 1.1778391892585183, "room": "ade82d56fe033105b37cc8ef1783cd93"}