{"vanishing_points_gaussian_sphere": {"x": [-0.2820316410635719, 0.10928066637575107, 0.9531609986751768], "y": [0.959158491960074, 0.009591831637963743, 0.2827065334701441], "z": [0.02175179854323024, 0.993964653658419, -0.10752267917901775]}, "nonfixated_points_in_view": [520, 1033, 530, 1048, 26, 1055, 34, 36, 1061, 1063, 1066, 1067, 48, 50, 55, 568, 572, 1084, 576, 577, 1089, 1094, 71, 88, 97, 99, 100, 617, 1132, 115, 117, 119, 641, 134, 650, 657, 146, 658, 678, 1194, 171, 685, 688, 695, 701, 192, 1217, 707, 708, 197, 714, 1232, 209, 722, 1236, 215, 728, 1243, 221, 223, 743, 753, 757, 758, 1269, 1273, 254, 772, 1284, 774, 777, 784, 802, 805, 1319, 296, 1320, 301, 1329, 818, 827, 829, 327, 328, 841, 330, 1365, 343, 1368, 863, 357, 360, 885, 388, 392, 906, 398, 911, 912, 1422, 406, 410, 933, 428, 943, 944, 948, 958, 965, 971, 465, 980, 472, 996, 501, 1013], "point_pitch": 0.09025152126816316, "camera_rotation_from_original_to_final": [0.08525845408439636, 0.020021993666887283, 1.2571840286254883], "camera_location": [5.059991836547852, -7.579131126403809, 1.5203824043273926], "camera_rotation_original": [1.596900224685669, 0.009909546934068203, 0.6009308099746704], "view_id": 5, "point_location": [-2.8249969482421875, -9.917810440063477, 2.4098591804504395], "camera_distance": 8.27246273879706, "bounding_box_ranges": {"x": [-12.059730846554846, -6.086372057378257], "y": [-3.5496486005850585, 5.059991836547852], "z": [-0.10363205186894175, 2.426705866796384]}, "obliqueness_angle": 1.4567866325378418, "resolution": 512, "point_uuid": "1176", "point_normal": [0.005523451138287783, 0.0034589108545333147, -0.99997878074646], "camera_rotation_final": [1.6785528659820557, -0.02175351418554783, 1.8567769527435303], "vanishing_points_image": {"x": [157.8347881450207, 217.96327573043177], "y": [459.5098933810603, 253.96484871860747], "z": [259.7606471234575, 84.15442556761255]}, "camera_uuid": "e2c81e729be96548bbabfecfc7939d49", "field_of_view_rads": 1.2249205991250935, "room": "856e4980d5eb3351797f528948f684e5"}