{"vanishing_points_gaussian_sphere": {"x": [-0.5701727188718052, 0.041567519759036255, 0.8204725540537086], "y": [0.8215225122281932, 0.02646957612173158, 0.5695613430019756], "z": [0.0019576916539016677, 0.9987850133241979, -0.04924088344425043]}, "nonfixated_points_in_view": [779, 140, 1147, 526, 527, 1038, 1042, 279, 1180, 669, 168, 297, 939, 1324, 46, 815, 563, 692, 1331, 1334, 823, 953, 442, 826, 318, 1215, 704, 452, 1353, 76, 1229, 335, 978, 1251, 1379, 1259, 493, 1137, 1138, 121, 634, 635, 893, 766], "point_pitch": 0.04914744297531648, "camera_rotation_from_original_to_final": [-0.04844577983021736, -0.012574204243719578, -2.864807367324829], "camera_location": [-3.8966617584228516, -5.1063923835754395, 1.5070674419403076], "camera_rotation_original": [1.5701526403427124, 0.0018522855825722218, -2.8113532066345215], "view_id": 9, "point_location": [-7.183542728424072, -0.37152957916259766, 1.7912324666976929], "camera_distance": 5.7708979332891035, "bounding_box_ranges": {"x": [-5.1063923835754395, 1.5451374813317482], "y": [-7.431133813625189, -3.8966617584228516], "z": [-0.036938889672388286, 4.121156210031944]}, "obliqueness_angle": 0.32107123732566833, "resolution": 512, "point_uuid": "871", "point_normal": [0.28253015875816345, -0.9589589834213257, -0.023966964334249496], "camera_rotation_final": [1.620057225227356, -0.0019576929043978453, -5.6764678955078125], "vanishing_points_image": {"x": [22.468371909203228, 238.9747544143608], "y": [533.458193813998, 247.06025620425385], "z": [256.46152858212656, 20.535017488537505]}, "camera_uuid": "62e24ad43a6e699e9b1ae0325438e489", "field_of_view_rads": 0.9745585768036364, "room": "8de55a2e5745f73de25402626a4c3d61"}