{"vanishing_points_gaussian_sphere": {"x": [-0.6026265184774232, 0.08726124513704937, 0.7932381447742611], "y": [0.798023357530777, 0.06588534638780277, 0.5990140582379222], "z": [7.942639967845927e-06, 0.994004324049192, -0.10934076873894497]}, "nonfixated_points_in_view": [1032, 17, 538, 28, 1052, 542, 544, 551, 1064, 51, 60, 1085, 66, 1091, 69, 79, 591, 85, 599, 604, 98, 99, 104, 617, 623, 116, 1141, 1149, 643, 654, 1167, 144, 1170, 1185, 165, 1192, 687, 703, 198, 712, 1228, 208, 721, 1242, 222, 228, 746, 747, 1258, 1287, 1290, 275, 1308, 298, 1333, 824, 317, 832, 1351, 334, 1366, 860, 1382, 1386, 367, 1391, 372, 1399, 1403, 904, 1428, 1432, 416, 1442, 420, 422, 1447, 429, 946, 1465, 456, 1483, 972, 1484, 463, 977, 994, 1018], "point_pitch": 0.10316844383743806, "camera_rotation_from_original_to_final": [0.09751921147108078, -0.036519311368465424, -0.5355134606361389], "camera_location": [-1.2640292644500732, -10.590165138244629, 1.4937529563903809], "camera_rotation_original": [1.576294183731079, -0.003259384771808982, -0.3901067078113556], "view_id": 3, "point_location": [5.4480061531066895, -5.521569728851318, 2.4189469814300537], "camera_distance": 8.461563509874015, "bounding_box_ranges": {"x": [-10.590165138244629, -3.1638482637339527], "y": [-1.2640292644500732, 6.496394823635426], "z": [-0.0073097799444353795, 2.4277190276794007]}, "obliqueness_angle": 1.466093897819519, "resolution": 512, "point_uuid": "338", "point_normal": [-0.0001849634718382731, 0.00830110628157854, -0.9999655485153198], "camera_rotation_final": [1.6803561449050903, -7.942639967950527e-06, -0.9240080118179321], "vanishing_points_image": {"x": [-14.481229567873985, 216.83390266673598], "y": [564.5263724056819, 230.52785470012185], "z": [256.00203952295357, 0.7580850862779065]}, "camera_uuid": "bf987798a26d9c5da496954cb31ac414", "field_of_view_rads": 0.8830403200528529, "room": "856e4980d5eb3351797f528948f684e5"}