{"vanishing_points_gaussian_sphere": {"x": [0.4491804454816137, -0.2551965039334541, 0.8562194063305746], "y": [0.8934350711434229, 0.13180888868359372, -0.4294184329007583], "z": [-0.003271245616903365, 0.9578628091977153, 0.2872074819846714]}, "nonfixated_points_in_view": [1025, 1410, 1155, 901, 10, 403, 790, 407, 1046, 1303, 282, 923, 670, 30, 1184, 808, 937, 555, 1195, 1451, 303, 1074, 565, 438, 183, 312, 1467, 700, 956, 1341, 1088, 705, 834, 1348, 1482, 587, 83, 985, 986, 1499, 1372, 734, 95, 990, 1119, 612, 619, 1005, 366, 878, 754, 889, 1275], "point_pitch": -0.29269687732192473, "camera_rotation_from_original_to_final": [-0.251826673746109, 0.15475423634052277, -1.5115480422973633], "camera_location": [-6.867229461669922, -9.096433639526367, 4.286715030670166], "camera_rotation_original": [1.574166178703308, -0.001123880734667182, -0.544407844543457], "view_id": 2, "point_location": [-2.452557325363159, -11.310517311096191, 2.805870771408081], "camera_distance": 5.156005668631102, "bounding_box_ranges": {"x": [-11.714726380126953, -8.241059915410727], "y": [-6.867229461669922, -1.7646750538429092], "z": [2.765136784905882, 5.212402140542801]}, "obliqueness_angle": 1.0157133340835571, "resolution": 512, "point_uuid": "680", "point_normal": [-0.046471450477838516, 0.9669554233551025, 0.25067460536956787], "camera_rotation_final": [1.279484510421753, 0.0032712514512240887, -2.036646842956543], "vanishing_points_image": {"x": [396.3577525171602, 335.74258029850597], "y": [387.4374006197994, 236.60897958148888], "z": [255.31739937094022, 56.1257524862177]}, "camera_uuid": "7f2779005da07c7c8e1ad24c5414740e", "field_of_view_rads": 1.2431350616452903, "room": "ef914082afe6874a9bab2b30c864407b"}