{"vanishing_points_gaussian_sphere": {"x": [-0.4084340147036686, 0.09674123821651495, 0.9076468412666784], "y": [0.9127705361987732, 0.03716262532017901, 0.406778671425526], "z": [0.00562173286873672, 0.994615539848261, -0.10348103213587057]}, "nonfixated_points_in_view": [18, 914, 277, 23, 1051, 1446, 295, 168, 1204, 1332, 1208, 1209, 443, 704, 1219, 1220, 839, 719, 337, 1105, 1106, 1361, 1238, 347, 606, 227, 231, 1255, 1259, 1138, 371, 630, 1147, 252, 1151], "point_pitch": 0.10561974445847078, "camera_rotation_from_original_to_final": [0.03972870483994484, -0.08979574590921402, 1.5388668775558472], "camera_location": [-1.9384469985961914, -2.428041458129883, 1.5036466121673584], "camera_rotation_original": [1.5763559341430664, -0.0021221297793090343, -1.119526982307434], "view_id": 9, "point_location": [-3.686372995376587, 1.472112774848938, 1.948304295539856], "camera_distance": 4.296995173421057, "bounding_box_ranges": {"x": [-2.428041458129883, 1.5576064769994469], "y": [-6.930031980345676, -1.6263362146519948], "z": [-0.029780720066215016, 3.563902151431928]}, "obliqueness_angle": 1.474300503730774, "resolution": 512, "point_uuid": "464", "point_normal": [-0.003921192139387131, 0.006100562866777182, -0.999973714351654], "camera_rotation_final": [1.6744645833969116, -0.005621762480586767, 0.4207448661327362], "vanishing_points_image": {"x": [75.47636281478268, 213.24136687950056], "y": [532.6054556809291, 244.73825950408502], "z": [257.29034797796464, 27.70737552604544]}, "camera_uuid": "a7a591d05adb833dd3d4b184074676ca", "field_of_view_rads": 0.9750770640916797, "room": "8de55a2e5745f73de25402626a4c3d61"}