{"vanishing_points_gaussian_sphere": {"x": [0.6649666520640266, -0.18570387808475786, 0.7234178746112382], "y": [0.7466229713461731, 0.1903462921209263, -0.6374342536560353], "z": [-0.01932589715826131, 0.9639929246317612, 0.265224717850603]}, "nonfixated_points_in_view": [640, 257, 258, 133, 517, 523, 779, 527, 1426, 788, 23, 153, 794, 1179, 1277, 288, 164, 932, 679, 168, 297, 1191, 1068, 1324, 46, 692, 823, 1208, 569, 186, 443, 826, 953, 318, 1209, 1343, 1219, 839, 76, 1229, 1356, 337, 1106, 1361, 600, 988, 993, 1251, 1380, 870, 871, 1255, 1259, 239, 368, 1137, 1265, 1393, 884, 634, 635, 636, 893, 511], "point_pitch": -0.27488963206740813, "camera_rotation_from_original_to_final": [0.21698428690433502, -0.19158589839935303, -1.6797776222229004], "camera_location": [1.7699029445648193, -5.448235511779785, 4.298521995544434], "camera_rotation_original": [1.5894720554351807, -0.008107524365186691, 2.503649950027466], "view_id": 15, "point_location": [-5.994602203369141, 1.3934016227722168, 1.4518414735794067], "camera_distance": 10.733085943613133, "bounding_box_ranges": {"x": [-5.448235511779785, -4.955444486865201], "y": [1.4522926967937788, 1.7699029445648193], "z": [3.74323781235408, 4.429761276129031]}, "obliqueness_angle": 0.2708989977836609, "resolution": 512, "point_uuid": "1138", "point_normal": [0.8002569675445557, -0.5995882153511047, 0.009095952846109867], "camera_rotation_final": [1.3023079633712769, 0.01932710036635399, 0.8431808352470398], "vanishing_points_image": {"x": [495.0261213997216, 322.7523364813977], "y": [385.9014392620382, 222.88253877305857], "z": [250.8880017542551, 1.0089846141244718]}, "camera_uuid": "3d44530aec2e5604a8aef567eab9ad28", "field_of_view_rads": 1.0177555871225314, "room": "77c77478b552f1977cad320741ba92a5"}