{"vanishing_points_gaussian_sphere": {"x": [0.4171012692985419, 0.043896495759742825, 0.9077993328977281], "y": [0.9084443909747842, -0.050339893531654765, -0.4149634726402738], "z": [0.027483079448976905, 0.9977670032523809, -0.060874358844793426]}, "nonfixated_points_in_view": [136, 1160, 12, 1428, 917, 537, 1178, 285, 1443, 1188, 682, 174, 1070, 1327, 1330, 181, 1078, 1080, 1221, 973, 847, 848, 862, 607, 357, 486, 1253, 1130, 117, 1269, 375, 894], "point_pitch": 0.06584246555832429, "camera_rotation_from_original_to_final": [0.049872007220983505, -0.011150253936648369, 2.110262870788574], "camera_location": [5.059991836547852, -7.579131126403809, 1.5203824043273926], "camera_rotation_original": [1.596900224685669, 0.009909546934068203, 0.6009308099746704], "view_id": 0, "point_location": [3.2089221477508545, -11.628643989562988, 1.7919299602508545], "camera_distance": 4.460801609361234, "bounding_box_ranges": {"x": [-11.703303821023491, -7.579131126403809], "y": [0.554840844976682, 5.083034859942929], "z": [-0.02264884498793998, 2.423302393912465]}, "obliqueness_angle": 0.40534543991088867, "resolution": 512, "point_uuid": "362", "point_normal": [0.02939402125775814, 0.9995201230049133, 0.00977307464927435], "camera_rotation_final": [1.631731390953064, -0.027486540377140045, 2.7111656665802], "vanishing_points_image": {"x": [475.1574838768409, 232.93546802699868], "y": [471.87632353610644, 267.96241756873184], "z": [263.6529893542084, -21.840053115122963]}, "camera_uuid": "e2c81e729be96548bbabfecfc7939d49", "field_of_view_rads": 0.8391956486855445, "room": "856e4980d5eb3351797f528948f684e5"}