{"vanishing_points_gaussian_sphere": {"x": [0.42046549054018817, 0.2051356726155631, 0.8838145320627849], "y": [0.9072962663306084, -0.08999783092002156, -0.41074794647353846], "z": [-0.0047176654540661035, 0.9745869618716699, -0.22395981198065817]}, "nonfixated_points_in_view": [516, 1028, 13, 20, 32, 1059, 548, 38, 39, 552, 45, 557, 64, 578, 67, 1095, 1096, 589, 590, 87, 1112, 1114, 92, 1126, 615, 618, 118, 1148, 128, 647, 653, 148, 661, 1172, 664, 668, 160, 675, 1189, 681, 179, 691, 1211, 1213, 709, 204, 213, 214, 1240, 1244, 735, 1250, 236, 762, 769, 261, 1285, 263, 1294, 271, 276, 1306, 1309, 813, 302, 324, 843, 332, 844, 340, 1369, 1377, 1390, 888, 1400, 1407, 1415, 907, 1427, 1431, 1436, 414, 931, 424, 1455, 945, 435, 1461, 1462, 951, 440, 1466, 445, 1471, 450, 1479, 461, 468, 471, 483, 999, 489, 1014, 1022], "point_pitch": 0.20668239990738435, "camera_rotation_from_original_to_final": [0.1778785139322281, -0.1250801980495453, -1.2971117496490479], "camera_location": [-6.215150356292725, 0.12702560424804688, 1.4902317523956299], "camera_rotation_original": [1.5806941986083984, -0.017110392451286316, -0.7174729108810425], "view_id": 4, "point_location": [1.4724558591842651, -3.445747137069702, 3.4382801055908203], "camera_distance": 8.698211872017593, "bounding_box_ranges": {"x": [-5.988607746410772, 0.5713330354696756], "y": [-6.215150356292725, 1.49118065275435], "z": [0.020371415719361297, 5.459919719215375]}, "obliqueness_angle": 0.48849987983703613, "resolution": 512, "point_uuid": "370", "point_normal": [-0.9999921917915344, 0.00027770199812948704, 0.003946512006223202], "camera_rotation_final": [1.7966744899749756, 0.004717682953923941, -2.0047597885131836], "vanishing_points_image": {"x": [441.6060695050914, 165.44696588406765], "y": [441.4366184270961, 274.39409468648813], "z": [254.95480244273443, 40.080511471368474]}, "camera_uuid": "7d18db1fca787c6dcd4baad30e113130", "field_of_view_rads": 0.958357212376547, "room": "8de55a2e5745f73de25402626a4c3d61"}