{"vanishing_points_gaussian_sphere": {"x": [-0.07556768364872656, 0.20355490070640186, 0.9761428827719705], "y": [0.997132866413209, 0.011552054986313126, 0.0747836662926531], "z": [0.003946125510381682, 0.978995379163763, -0.20384424365052903]}, "nonfixated_points_in_view": [896, 385, 1159, 779, 1147, 1038, 18, 788, 23, 793, 1051, 1180, 669, 1446, 297, 1068, 1324, 46, 815, 563, 692, 1334, 1208, 1209, 442, 443, 826, 318, 1215, 704, 1219, 452, 839, 842, 76, 1229, 719, 464, 337, 978, 1361, 1238, 606, 1120, 227, 484, 1251, 1379, 231, 871, 1259, 493, 494, 1137, 1138, 121, 634, 635, 636, 893, 766, 1151], "point_pitch": 0.20766325394180818, "camera_rotation_from_original_to_final": [0.20149411261081696, -0.04501117020845413, 0.29543301463127136], "camera_location": [-5.588504314422607, -6.667678356170654, 1.5075440406799316], "camera_rotation_original": [1.5696860551834106, -0.004471865016967058, -0.2234717458486557], "view_id": 7, "point_location": [-6.160857200622559, 0.8031800389289856, 3.067654848098755], "camera_distance": 7.65344770684959, "bounding_box_ranges": {"x": [-6.062785934052986, 1.5574576124079682], "y": [-7.3810745966376174, -2.311179983443301], "z": [-0.046913894640139064, 4.321543763216808]}, "obliqueness_angle": 1.3949313163757324, "resolution": 512, "point_uuid": "168", "point_normal": [0.9871764779090881, -0.07407806813716888, -0.14140447974205017], "camera_rotation_final": [1.7760809659957886, -0.003946135751903057, 0.07564038038253784], "vanishing_points_image": {"x": [217.45773961182414, 152.1796153130117], "y": [526.4667722629212, 252.86656900961367], "z": [256.93504049819416, 24.025541849906958]}, "camera_uuid": "a16f93f6e5a1a0a39d5df06bb9e95552", "field_of_view_rads": 0.911601584428677, "room": "8de55a2e5745f73de25402626a4c3d61"}