{"vanishing_points_gaussian_sphere": {"x": [0.6177840327957069, -0.24193835813390208, 0.7482036619037258], "y": [0.7859765396657535, 0.16075050652987832, -0.5969925910306055], "z": [0.024161289653514995, 0.9568830155843814, 0.289466969736479]}, "nonfixated_points_in_view": [935, 663], "point_pitch": -0.3224131306025644, "camera_rotation_from_original_to_final": [0.2883818745613098, -0.12960241734981537, -0.2797067165374756], "camera_location": [3.7044036388397217, -10.948698043823242, 4.2955145835876465], "camera_rotation_original": [1.5925167798995972, -0.030547533184289932, 2.7276031970977783], "view_id": 4, "point_location": [3.244920253753662, -11.52456283569336, 4.072722434997559], "camera_distance": 0.7696632862580265, "bounding_box_ranges": {"x": [-11.601035230974166, -10.948698043823242], "y": [1.7348259635206027, 3.7044036388397217], "z": [2.7771448207117246, 4.6019555945773805]}, "obliqueness_angle": 0.6266851425170898, "resolution": 512, "point_uuid": "1163", "point_normal": [0.9499695897102356, 0.3100889027118683, 0.037453263998031616], "camera_rotation_final": [1.2770380973815918, -0.024163641035556793, 2.4754416942596436], "vanishing_points_image": {"x": [472.822328767708, 340.91258343378945], "y": [388.96577662355105, 228.8054021148466], "z": [262.2056838856345, 10.230275146530122]}, "camera_uuid": "7932379097c760f1e8c634ee2e00522a", "field_of_view_rads": 1.0551914293680462, "room": "77c77478b552f1977cad320741ba92a5"}