{"vanishing_points_gaussian_sphere": {"x": [-0.1147142858952386, -0.025084656656629307, 0.9930817653204416], "y": [0.9933722026736203, 0.004380966569545272, 0.11485849592988985], "z": [-0.007231843949192, 0.9996757309909727, 0.024415841184751045]}, "nonfixated_points_in_view": [7, 521, 535, 542, 1438, 1185, 420, 806, 1447, 1192, 170, 440, 1465, 193, 323, 1091, 967, 712, 201, 75, 334, 463, 208, 591, 210, 338, 1366, 1242, 222, 994, 228, 1382, 1258, 1386, 1133, 367, 623, 245, 1018, 383], "point_pitch": -0.03552500804397063, "camera_rotation_from_original_to_final": [-0.006391954142600298, 0.035586170852184296, -0.09167499095201492], "camera_location": [-1.854644775390625, -5.243408679962158, 1.4990227222442627], "camera_rotation_original": [1.582518458366394, 0.006183302495628595, -1.3640222549438477], "view_id": 1, "point_location": [1.2379952669143677, -4.885717868804932, 1.4229868650436401], "camera_distance": 3.1141846150426415, "bounding_box_ranges": {"x": [-5.985890996280743, -4.444570311511278], "y": [-1.854644775390625, 1.4911715119334867], "z": [-0.01905526374440273, 2.7865632300085266]}, "obliqueness_angle": 1.4673819541931152, "resolution": 512, "point_uuid": "141", "point_normal": [0.011925090104341507, -0.9998855590820312, 0.009310850873589516], "camera_rotation_final": [1.546377420425415, 0.007231906987726688, -1.455825924873352], "vanishing_points_image": {"x": [215.0002052459812, 264.9654550553195], "y": [445.6384645682827, 255.16365711529127], "z": [254.68261748929518, 73.89494717585949]}, "camera_uuid": "614fa69f38f6a61f05c875e475650ac3", "field_of_view_rads": 1.2366019201935605, "room": "8de55a2e5745f73de25402626a4c3d61"}