{"vanishing_points_gaussian_sphere": {"x": [-0.279660755414364, 0.30006688168171347, 0.912003140564154], "y": [0.9600920852014531, 0.09097794710835613, 0.26447344114953186], "z": [-0.0036124527115280925, 0.949569839273427, -0.313534799548065]}, "nonfixated_points_in_view": [128, 516, 261, 773, 391, 647, 1288, 1415, 1421, 1295, 1148, 148, 1300, 1301, 156, 668, 414, 1053, 1310, 417, 1313, 1436, 293, 424, 681, 300, 45, 173, 435, 437, 440, 1342, 578, 709, 1479, 204, 461, 846, 722, 981, 1112, 602, 475, 1244, 352, 1250, 483, 489, 1390, 113, 370, 626, 118, 502, 888, 762, 1019, 764, 639], "point_pitch": 0.30565650860336824, "camera_rotation_from_original_to_final": [-0.2073269784450531, -0.22635799646377563, -0.510772705078125], "camera_location": [-2.0300116539001465, -0.3511151969432831, 1.4951437711715698], "camera_rotation_original": [1.5840462446212769, -0.0036451206542551517, -2.3237228393554688], "view_id": 0, "point_location": [-0.9755204916000366, -3.9873881340026855, 2.7452473640441895], "camera_distance": 3.9871282153068925, "bounding_box_ranges": {"x": [-6.441887415549019, -0.3511151969432831], "y": [-4.503651639267051, 1.4911716368009649], "z": [-0.020108791694287254, 5.465897325094547]}, "obliqueness_angle": 0.9293231964111328, "resolution": 512, "point_uuid": "951", "point_normal": [-0.866294264793396, 0.4663985073566437, 0.17890404164791107], "camera_rotation_final": [1.8897117376327515, 0.003612460568547249, -2.858150005340576], "vanishing_points_image": {"x": [160.5730891177395, 153.61003278943463], "y": [461.37548685875385, 236.53869991349], "z": [255.42031359552485, 103.62354835266316]}, "camera_uuid": "6f269c44fb405f239d56a612bcda89ad", "field_of_view_rads": 1.2073716563583108, "room": "8de55a2e5745f73de25402626a4c3d61"}