{"vanishing_points_gaussian_sphere": {"x": [-0.5351367504656038, -0.11758657877066518, 0.8365417232834979], "y": [0.8446273659437208, -0.056572017990558575, 0.5323572291980715], "z": [-0.015273211845785176, 0.9914499499588904, 0.12959060817214998]}, "nonfixated_points_in_view": [1284, 1418, 267, 912, 920, 802, 293, 1061, 167, 171, 685, 50, 693, 568, 313, 827, 701, 829, 708, 197, 71, 328, 1232, 119, 88, 740, 613, 115, 627, 885, 631, 1273, 254], "point_pitch": -0.1527864178034921, "camera_rotation_from_original_to_final": [-0.025303572416305542, -0.1552058458328247, -1.0133661031723022], "camera_location": [0.5467849373817444, -10.360032081604004, 1.5205349922180176], "camera_rotation_original": [1.5957993268966675, -0.011342709884047508, 1.5803825855255127], "view_id": 1, "point_location": [-1.9661567211151123, -6.411216735839844, 0.9088150262832642], "camera_distance": 4.720404584328016, "bounding_box_ranges": {"x": [-10.360032081604004, -5.954065922468489], "y": [-3.5512183385718687, 0.5467849373817444], "z": [-0.015489295103206846, 2.427712860122145]}, "obliqueness_angle": 0.9420088529586792, "resolution": 512, "point_uuid": "242", "point_normal": [0.00931849330663681, -0.5698720812797546, 0.8216806650161743], "camera_rotation_final": [1.4408249855041504, 0.0152738057076931, 0.5647435188293457], "vanishing_points_image": {"x": [32.88990502662145, 305.0243899980553], "y": [535.1579794213518, 274.69763030515514], "z": [252.03905366368804, -1.1220831988958049]}, "camera_uuid": "08b7810ec5503ef8e7e738fee540560e", "field_of_view_rads": 0.9712130253702291, "room": "856e4980d5eb3351797f528948f684e5"}