{"vanishing_points_gaussian_sphere": {"x": [-0.5819579643577367, 0.110290516310526, 0.8057052374985265], "y": [0.8132188637821471, 0.07903056857648243, 0.5765667774155494], "z": [-8.549545590127968e-05, 0.9907523258829299, -0.13568279717079654]}, "nonfixated_points_in_view": [769, 386, 1400, 263, 647, 1162, 653, 1037, 1427, 664, 1306, 931, 807, 681, 1065, 47, 305, 178, 179, 435, 1202, 1462, 951, 1081, 1466, 64, 578, 1095, 843, 1227, 461, 589, 590, 720, 849, 467, 213, 214, 471, 1114, 1244, 735, 1121, 867, 489, 234, 618, 1131, 114, 370, 118, 374, 888, 1276, 1407], "point_pitch": 0.1341434280064444, "camera_rotation_from_original_to_final": [-0.13000500202178955, -0.042562469840049744, 1.86432945728302], "camera_location": [-3.8966617584228516, -5.1063923835754395, 1.5070674419403076], "camera_rotation_original": [1.5701526403427124, 0.0018522855825722218, -2.8113532066345215], "view_id": 11, "point_location": [1.446426272392273, -1.282850742340088, 2.4068567752838135], "camera_distance": 6.631567165257529, "bounding_box_ranges": {"x": [-5.1063923835754395, 1.4293937427793564], "y": [-3.8966617584228516, 1.4760391133876167], "z": [0.10765963369041887, 4.731118614401355]}, "obliqueness_angle": 0.6343523859977722, "resolution": 512, "point_uuid": "67", "point_normal": [-0.9999181628227234, 0.0032329419627785683, -0.012385547161102295], "camera_rotation_final": [1.7068989276885986, 8.549545600544661e-05, -0.9496620297431946], "vanishing_points_image": {"x": [-15.787486684540715, 204.49184293532267], "y": [574.654250212639, 225.03241218914476], "z": [255.97767170032552, -2.7484282327198897]}, "camera_uuid": "62e24ad43a6e699e9b1ae0325438e489", "field_of_view_rads": 0.8605875788641177, "room": "8de55a2e5745f73de25402626a4c3d61"}