{"vanishing_points_gaussian_sphere": {"x": [0.3315705199723045, 0.17546450157950955, 0.9269699018688525], "y": [0.9432504601382289, -0.0808468676192012, -0.32209059819433244], "z": [0.01842714666776042, 0.9811605335935694, -0.19231340978742792]}, "nonfixated_points_in_view": [7, 654, 144, 17, 1170, 28, 542, 1438, 1442, 422, 806, 1062, 1064, 170, 1447, 687, 1465, 193, 456, 201, 712, 75, 334, 463, 208, 591, 210, 338, 1366, 474, 1242, 604, 228, 1382, 1386, 1133, 367, 623, 1010, 372, 245, 1141, 1399, 383], "point_pitch": 0.19438918034103914, "camera_rotation_from_original_to_final": [-0.14244866371154785, 0.10457484424114227, 1.7442666292190552], "camera_location": [1.9597357511520386, -5.512042045593262, 1.5149836540222168], "camera_rotation_original": [1.5890778303146362, 0.002467385260388255, 2.6240296363830566], "view_id": 7, "point_location": [6.301759719848633, -7.020749092102051, 2.4157989025115967], "camera_distance": 4.684104554332838, "bounding_box_ranges": {"x": [-11.489566597154699, -4.669425843784836], "y": [1.9597357511520386, 6.509996738275433], "z": [-0.035960796351257485, 2.4277342650844926]}, "obliqueness_angle": 1.1367543935775757, "resolution": 512, "point_uuid": "1483", "point_normal": [-0.25112468004226685, 0.0049934349954128265, -0.9679418802261353], "camera_rotation_final": [1.7643486261367798, -0.018428189679980278, 4.374361515045166], "vanishing_points_image": {"x": [372.6269807633286, 194.28192249398464], "y": [409.3143803361863, 269.140717057634], "z": [259.17241853491487, 87.0833511763928]}, "camera_uuid": "5090c6fc5c0dcfff7ec7ff2b1a5d94fb", "field_of_view_rads": 1.1919904242379744, "room": "856e4980d5eb3351797f528948f684e5"}