{"vanishing_points_gaussian_sphere": {"x": [0.4806599319071087, 0.1366994556675472, 0.8661866361698557], "y": [0.8768729694497004, -0.06621371054720833, -0.47614025242992797], "z": [-0.007734682121368767, 0.9883971890671113, -0.1516943352162979]}, "nonfixated_points_in_view": [128, 1028, 261, 1400, 521, 653, 1037, 1294, 1295, 148, 1172, 1300, 919, 1431, 1150, 1307, 1436, 1053, 1309, 1310, 32, 1313, 675, 293, 38, 424, 1452, 45, 173, 302, 813, 435, 437, 1461, 951, 440, 184, 957, 1342, 831, 1344, 578, 1218, 325, 709, 1095, 843, 461, 589, 590, 213, 981, 1496, 729, 475, 1373, 352, 1121, 483, 356, 739, 489, 490, 1131, 109, 1390, 370, 626, 118, 502, 888, 762, 507, 381, 1022], "point_pitch": 0.14569564262894197, "camera_rotation_from_original_to_final": [0.10290243476629257, -0.099769227206707, -1.2263455390930176], "camera_location": [-6.425679683685303, -2.262380838394165, 1.4977667331695557], "camera_rotation_original": [1.5803217887878418, -0.003540406469255686, -0.8513162136077881], "view_id": 6, "point_location": [-1.1302332878112793, -5.173271656036377, 2.425152063369751], "camera_distance": 6.113516260084444, "bounding_box_ranges": {"x": [-6.441893127603617, -2.262380838394165], "y": [-6.425679683685303, 1.4909399756190895], "z": [-0.08839460103108865, 5.460863022825927]}, "obliqueness_angle": 1.3949671983718872, "resolution": 512, "point_uuid": "204", "point_normal": [-0.026808038353919983, 0.0001345765485893935, -0.9996406435966492], "camera_rotation_final": [1.7230831384658813, 0.007734759245067835, -2.0722198486328125], "vanishing_points_image": {"x": [480.7717997428796, 192.07500722526493], "y": [443.76166011404456, 270.17810406729365], "z": [254.09406815140437, 12.445364897293116]}, "camera_uuid": "928222235a04d0c536e00fac4a58b265", "field_of_view_rads": 0.8996354405984017, "room": "8de55a2e5745f73de25402626a4c3d61"}