{"vanishing_points_gaussian_sphere": {"x": [0.5978720317979764, 0.13645375959947445, 0.7898920211553783], "y": [0.8014900099137864, -0.08607695432798054, -0.5917808056552843], "z": [-0.012759216361441773, 0.986899756522813, -0.16082932870920755]}, "nonfixated_points_in_view": [1027, 764, 1159, 1288, 394, 779, 1420, 1295, 528, 786, 148, 1045, 1300, 281, 793, 1305, 156, 925, 31, 417, 1186, 164, 292, 1316, 1317, 40, 809, 1448, 811, 300, 173, 430, 941, 1069, 689, 1071, 1198, 437, 54, 1469, 190, 191, 63, 702, 1342, 1474, 1476, 1349, 1223, 458, 1100, 335, 1234, 852, 469, 981, 729, 1241, 475, 1374, 352, 736, 1248, 611, 1379, 106, 1006, 1135, 624, 1263, 756, 502, 1143, 122, 251, 636, 382, 255], "point_pitch": 0.1564409295704703, "camera_rotation_from_original_to_final": [-0.08983833342790604, -0.11927590519189835, -1.4540836811065674], "camera_location": [-2.0300116539001465, -0.3511151969432831, 1.4951437711715698], "camera_rotation_original": [1.5840462446212769, -0.0036451206542551517, -2.3237228393554688], "view_id": 7, "point_location": [-6.238879203796387, -5.968993186950684, 2.6389946937561035], "camera_distance": 7.1122087134061625, "bounding_box_ranges": {"x": [-6.441127997679805, -0.3511151969432831], "y": [-7.247220390152391, -2.0300116539001465], "z": [-0.019544279287171507, 5.475786579165284]}, "obliqueness_angle": 0.6726766228675842, "resolution": 512, "point_uuid": "828", "point_normal": [-0.008205054327845573, 0.9998213648796082, 0.017028801143169403], "camera_rotation_final": [1.7323404550552368, 0.012759562581777573, -3.7824971675872803], "vanishing_points_image": {"x": [481.85467194412905, 204.45264961265804], "y": [397.3659479042028, 271.1821608388989], "z": [253.30071649103897, 47.2158425473505]}, "camera_uuid": "6f269c44fb405f239d56a612bcda89ad", "field_of_view_rads": 1.0209903334312176, "room": "8de55a2e5745f73de25402626a4c3d61"}