{"vanishing_points_gaussian_sphere": {"x": [-0.21548979165348073, -0.03080726119597664, 0.976020011245027], "y": [0.9764742697931631, -0.014867336595628281, 0.2151208096267332], "z": [0.00788353506038798, 0.9994147662307954, 0.033286257146102644]}, "nonfixated_points_in_view": [769, 1026, 516, 1285, 263, 1162, 907, 13, 1296, 18, 1427, 661, 23, 664, 1051, 668, 796, 546, 1059, 1189, 39, 295, 552, 1065, 557, 1455, 305, 178, 179, 1076, 1202, 1462, 1209, 1466, 443, 445, 1471, 64, 1361, 450, 67, 196, 580, 1220, 839, 1096, 1477, 1354, 1480, 844, 719, 336, 337, 464, 467, 468, 720, 214, 471, 849, 1105, 1114, 735, 227, 1126, 999, 1001, 618, 364, 114, 630, 1407], "point_pitch": -0.05142025550338225, "camera_rotation_from_original_to_final": [-0.026495985686779022, 0.03533515706658363, -0.6371312737464905], "camera_location": [-6.215150356292725, 0.12702560424804688, 1.4902317523956299], "camera_rotation_original": [1.5806941986083984, -0.017110392451286316, -0.7174729108810425], "view_id": 11, "point_location": [-0.5369672179222107, 1.3785325288772583, 1.2965819835662842], "camera_distance": 5.81769146115672, "bounding_box_ranges": {"x": [-2.5957265997304786, 1.5575455027087228], "y": [-6.215150356292725, 1.4765863151723853], "z": [-0.026394571408880796, 4.320235600915238]}, "obliqueness_angle": 1.222916841506958, "resolution": 512, "point_uuid": "1203", "point_normal": [-0.12949411571025848, -0.990690290927887, 0.04200036823749542], "camera_rotation_final": [1.5375028848648071, -0.007883616723120213, -1.3535960912704468], "vanishing_points_image": {"x": [169.76623377815753, 268.32831559919595], "y": [480.17857293061087, 259.41323719875686], "z": [257.64256276340564, 47.76835421751971]}, "camera_uuid": "7d18db1fca787c6dcd4baad30e113130", "field_of_view_rads": 1.1168216118412302, "room": "8de55a2e5745f73de25402626a4c3d61"}