{"vanishing_points_gaussian_sphere": {"x": [0.44316820998848927, -0.06145859229984878, 0.8943292341683343], "y": [0.8963437861725831, 0.04487977149593307, -0.4410823314306202], "z": [-0.013028992493546391, 0.997100119116929, 0.07497731531342869]}, "nonfixated_points_in_view": [257, 132, 517, 905, 788, 153, 794, 155, 1312, 162, 932, 549, 679, 1191, 1068, 175, 307, 691, 692, 953, 186, 316, 1343, 457, 1226, 76, 1486, 211, 1377, 1251, 1124, 232, 872, 239, 882, 377, 638], "point_pitch": -0.0832567652079721, "camera_rotation_from_original_to_final": [0.08389691263437271, -0.006089460104703903, -2.294379949569702], "camera_location": [4.866747856140137, -7.32299280166626, 4.294677257537842], "camera_rotation_original": [1.5751346349716187, -0.014772405847907066, -2.8775057792663574], "view_id": 7, "point_location": [-7.104983806610107, -1.4185463190078735, 3.2910099029541016], "camera_distance": 13.386268258619774, "bounding_box_ranges": {"x": [-7.374338558259713, -4.677629252896698], "y": [0.9301445898453249, 4.866747856140137], "z": [2.7682451247400945, 5.213299788633636]}, "obliqueness_angle": 0.4254053831100464, "resolution": 512, "point_uuid": "893", "point_normal": [0.9986941814422607, -0.03361164778470993, 0.03847307339310646], "camera_rotation_final": [1.4957422018051147, 0.013029361143708229, -5.171560764312744], "vanishing_points_image": {"x": [429.7373707659277, 280.0939083546362], "y": [415.1631982116097, 248.0307274100703], "z": [253.0662341114897, 31.48085023889993]}, "camera_uuid": "85ddc613ad5dac20833685dcf49001a9", "field_of_view_rads": 1.0669501638404368, "room": "77c77478b552f1977cad320741ba92a5"}