{"vanishing_points_gaussian_sphere": {"x": [0.4065041792859091, 0.07544474652343858, 0.9105286609685077], "y": [0.913641501546978, -0.02955040262061901, -0.40544540983459515], "z": [-0.0036822376448301893, 0.9967120265788777, -0.08094181366236848]}, "nonfixated_points_in_view": [515, 260, 1156, 269, 271, 1423, 1041, 532, 791, 25, 33, 545, 163, 674, 1314, 935, 425, 564, 959, 68, 1097, 1104, 81, 1108, 597, 1495, 220, 989, 477, 350, 1387], "point_pitch": 0.0900678197529654, "camera_rotation_from_original_to_final": [0.0669085681438446, -0.02692689187824726, -3.0834438800811768], "camera_location": [4.716692924499512, -4.644749641418457, 4.289913177490234], "camera_rotation_original": [1.5800347328186035, -0.0031423436012119055, -0.47769707441329956], "view_id": 2, "point_location": [1.648706078529358, -11.534676551818848, 4.902395725250244], "camera_distance": 7.5669525807897395, "bounding_box_ranges": {"x": [-11.596091832706293, -5.881294035757487], "y": [1.4083197287295612, 4.724445761960853], "z": [2.765626068349978, 5.205900308288485]}, "obliqueness_angle": 0.4231967329978943, "resolution": 512, "point_uuid": "1416", "point_normal": [0.0036579447332769632, 0.9999896287918091, 0.002736150985583663], "camera_rotation_final": [1.651827335357666, 0.0036822459660470486, -3.560220241546631], "vanishing_points_image": {"x": [475.8336143538693, 215.2001948383562], "y": [479.78202972453715, 263.23790356110413], "z": [254.95745028995296, -26.198471293434736]}, "camera_uuid": "3e56251b11c1ca97c045b046c52cd27c", "field_of_view_rads": 0.8197881774537521, "room": "77c77478b552f1977cad320741ba92a5"}