{"vanishing_points_gaussian_sphere": {"x": [-0.549598013169455, 0.12227342634376684, 0.8264328364303678], "y": [0.8354009514742446, 0.08857786474144531, 0.5424566454139658], "z": [-0.00687562332550672, 0.9885358724335712, -0.1508295551802899]}, "nonfixated_points_in_view": [3, 12, 17, 529, 28, 1062, 1066, 43, 1070, 1078, 1080, 65, 66, 1091, 599, 1113, 604, 607, 99, 617, 1130, 1133, 116, 117, 1141, 1160, 137, 1164, 654, 144, 665, 1188, 165, 682, 172, 687, 181, 1221, 712, 1236, 222, 1258, 241, 1271, 248, 771, 775, 285, 797, 287, 296, 298, 1328, 1330, 821, 317, 1351, 334, 847, 848, 351, 1378, 362, 363, 367, 1391, 1395, 1402, 1403, 894, 1414, 1422, 1428, 926, 1442, 1443, 422, 934, 1465, 456, 1483, 973, 463, 474, 994, 1013], "point_pitch": 0.14673264423874421, "camera_rotation_from_original_to_final": [-0.10563131421804428, 0.11713618040084839, 1.423537254333496], "camera_location": [2.0380539894104004, -3.850883722305298, 1.5039372444152832], "camera_rotation_original": [1.5646412372589111, 0.005592518951743841, 2.2927701473236084], "view_id": 4, "point_location": [5.321243762969971, -8.852824211120605, 2.4168248176574707], "camera_distance": 6.052446597933991, "bounding_box_ranges": {"x": [-11.705783555901343, -3.850883722305298], "y": [1.520485591975834, 6.508477353894719], "z": [-0.025712126739444008, 2.427734330566618]}, "obliqueness_angle": 1.4098378419876099, "resolution": 512, "point_uuid": "1399", "point_normal": [-0.0015349035384133458, 0.010418960824608803, -0.9999445676803589], "camera_rotation_final": [1.7222073078155518, 0.00687567749992013, 3.7234911918640137], "vanishing_points_image": {"x": [97.69209042535094, 220.77998453927572], "y": [449.74874292494394, 235.45675078015537], "z": [254.9193837596111, 100.63547995773831]}, "camera_uuid": "46dec00679fa99b86c497ab5e0e1ad5c", "field_of_view_rads": 1.296328149114605, "room": "856e4980d5eb3351797f528948f684e5"}