{"vanishing_points_gaussian_sphere": {"x": [0.551194294050327, -0.26402060506768105, 0.7915036135773841], "y": [0.8343638947452316, 0.1691096698275618, -0.5246320717573233], "z": [0.004662762263886146, 0.9495762421577895, 0.3135015454149499]}, "nonfixated_points_in_view": [196, 516, 1477, 807, 552, 1065, 234, 1162, 1480, 849, 1203, 1276], "point_pitch": -0.32257930835219817, "camera_rotation_from_original_to_final": [-0.1480982005596161, 0.2897455096244812, 0.5129689574241638], "camera_location": [-1.9384469985961914, -2.428041458129883, 1.5036466121673584], "camera_rotation_original": [1.5763559341430664, -0.0021221297793090343, -1.119526982307434], "view_id": 1, "point_location": [-0.04048847779631615, 0.4353770613670349, 0.3694935142993927], "camera_distance": 3.6176948603496255, "bounding_box_ranges": {"x": [-2.428041458129883, 1.4260558026631753], "y": [-1.9384469985961914, 1.472177298867655], "z": [-0.022428026262239165, 2.231507476834925]}, "obliqueness_angle": 1.2522070407867432, "resolution": 512, "point_uuid": "1202", "point_normal": [0.00022643199190497398, 0.0001966175332199782, 0.9999999403953552], "camera_rotation_final": [1.2519145011901855, -0.004662779159843922, -0.5838021039962769], "vanishing_points_image": {"x": [490.7271507580595, 368.4336827102517], "y": [426.0831841851046, 221.52737803983482], "z": [257.4228571336527, -33.76629166061785]}, "camera_uuid": "a7a591d05adb833dd3d4b184074676ca", "field_of_view_rads": 0.9231863766710702, "room": "8de55a2e5745f73de25402626a4c3d61"}