{"vanishing_points_gaussian_sphere": {"x": [0.232673125851488, -0.016778932094244654, 0.9724102446726249], "y": [0.9724061210659172, 0.021507380581369837, -0.23230102947267595], "z": [-0.017016234014451955, 0.9996278807727929, 0.021320125742137788]}, "nonfixated_points_in_view": [768, 771, 775, 654, 144, 17, 529, 1299, 1428, 929, 1442, 422, 1062, 172, 686, 687, 560, 1456, 1465, 317, 1085, 66, 456, 1099, 1483, 334, 848, 977, 466, 1113, 1370, 91, 94, 1128, 1391, 116, 1013, 1141, 1399, 1403], "point_pitch": -0.018385215601648852, "camera_rotation_from_original_to_final": [-0.04447301849722862, 0.002625248860567808, -2.423191785812378], "camera_location": [0.4931855797767639, -7.2360944747924805, 1.5182243585586548], "camera_rotation_original": [1.5842092037200928, -0.010877704247832298, 0.6175836324691772], "view_id": 5, "point_location": [6.045886039733887, -8.562589645385742, 1.3964803218841553], "camera_distance": 5.7102446826479785, "bounding_box_ranges": {"x": [-11.52786353678231, -6.1655631591827955], "y": [0.4931855797767639, 6.51023285329278], "z": [-0.02275426409424347, 2.4277311458963267]}, "obliqueness_angle": 0.21918413043022156, "resolution": 512, "point_uuid": "28", "point_normal": [-0.9982923865318298, 0.017819158732891083, 0.05563205108046532], "camera_rotation_final": [1.5494714975357056, 0.017017055302858353, -1.8056563138961792], "vanishing_points_image": {"x": [388.7018021406751, 265.5696248492552], "y": [511.29675029857964, 250.35342471534452], "z": [250.95991018936087, -40.082804928209185]}, "camera_uuid": "c61bffa72844e019185a72c8df1f3454", "field_of_view_rads": 0.8236572790127091, "room": "856e4980d5eb3351797f528948f684e5"}