{"vanishing_points_gaussian_sphere": {"x": [-0.6574041888129358, -0.012612876019797385, 0.7534325768704956], "y": [0.7535329165989237, -0.014727524930559914, 0.6572451929161135], "z": [0.002806444926497477, 0.9998119900100865, 0.01918615383409557]}, "nonfixated_points_in_view": [0, 1030, 520, 1033, 530, 1048, 26, 544, 34, 36, 1063, 1066, 1067, 48, 55, 572, 1084, 62, 1089, 579, 1094, 93, 97, 99, 613, 617, 119, 643, 644, 134, 146, 658, 660, 1176, 677, 678, 684, 688, 693, 695, 192, 707, 1231, 1236, 215, 728, 223, 740, 1269, 774, 1286, 777, 784, 278, 1304, 797, 805, 1319, 296, 301, 1329, 818, 1336, 314, 827, 319, 1351, 330, 1360, 1368, 357, 890, 1403, 900, 398, 911, 1422, 920, 410, 416, 944, 958, 965, 971, 1490, 980, 472, 984, 996, 1021], "point_pitch": -0.030978604159082934, "camera_rotation_from_original_to_final": [0.02150818146765232, 0.00041244341991841793, -1.3203405141830444], "camera_location": [3.8354318141937256, -5.580057144165039, 1.5235874652862549], "camera_rotation_original": [1.571001648902893, -0.012118679471313953, -2.674816608428955], "view_id": 3, "point_location": [-2.9423561096191406, -11.4925537109375, 1.3509900569915771], "camera_distance": 8.995877749077355, "bounding_box_ranges": {"x": [-12.05780212562372, -5.580057144165039], "y": [-3.547660974389778, 3.8354318141937256], "z": [-0.015527331932401356, 2.423852872332991]}, "obliqueness_angle": 1.4985768795013428, "resolution": 512, "point_uuid": "221", "point_normal": [0.11968052387237549, 0.0015729264123365283, -0.9928112626075745], "camera_rotation_final": [1.551608920097351, -0.0028064486104995012, -3.9950168132781982], "vanishing_points_image": {"x": [8.990405248061931, 260.7390957455446], "y": [518.8467683991416, 261.1372438406375], "z": [256.6636055206094, 19.586753519441313]}, "camera_uuid": "c83171f93afe09cc67e6fc1972ae2a82", "field_of_view_rads": 1.000406273878969, "room": "856e4980d5eb3351797f528948f684e5"}