{"vanishing_points_gaussian_sphere": {"x": [-0.07753490999212745, 0.0689207875454844, 0.9946045760887202], "y": [0.996904463591123, 0.01839933876991897, 0.07643922294820324], "z": [-0.01303181509261298, 0.9974524496821591, -0.07013403181374922]}, "nonfixated_points_in_view": [1408, 770, 898, 4, 132, 390, 645, 1158, 1282, 1274, 395, 1035, 143, 1429, 280, 1049, 794, 155, 928, 289, 162, 549, 175, 307, 950, 187, 316, 1214, 1090, 1093, 326, 838, 457, 202, 1226, 1235, 982, 218, 346, 90, 730, 225, 226, 610, 737, 995, 614, 742, 232, 105, 1129, 107, 876, 365, 238, 497, 1266, 755, 1011, 1394, 1142, 887, 1396, 377, 506, 637], "point_pitch": 0.07236774364975496, "camera_rotation_from_original_to_final": [-0.047083307057619095, 0.037893977016210556, -2.0911834239959717], "camera_location": [3.5518953800201416, -7.357985973358154, 4.276762962341309], "camera_rotation_original": [1.5831875801086426, -0.0045831575989723206, 2.16766619682312], "view_id": 4, "point_location": [2.9981613159179688, -0.15296237170696259, 4.7848219871521], "camera_distance": 7.244108926637382, "bounding_box_ranges": {"x": [-7.357985973358154, -4.671876146257403], "y": [1.4557447958507814, 5.18182357547144], "z": [2.7762288330548803, 5.213198456335263]}, "obliqueness_angle": 0.6793572902679443, "resolution": 512, "point_uuid": "954", "point_normal": [-0.32166188955307007, -0.7678515315055847, -0.554019570350647], "camera_rotation_final": [1.6409939527511597, 0.013032183982431889, 0.07761941105127335], "vanishing_points_image": {"x": [229.70330299723787, 232.62486398114908], "y": [432.72111668081067, 252.73835175549758], "z": [253.85341908550555, 91.7011378394159]}, "camera_uuid": "4f0e7099dffb9eae50102f6058915b65", "field_of_view_rads": 1.287970285207832, "room": "77c77478b552f1977cad320741ba92a5"}