{"vanishing_points_gaussian_sphere": {"x": [-0.6589064897141677, -0.03876229090745202, 0.7512254805423998], "y": [0.7522089043322653, -0.04045713646240915, 0.6576815219789248], "z": [0.004899189300939871, 0.9984291186222827, 0.05581481014323609]}, "nonfixated_points_in_view": [388, 774, 776, 398, 911, 1040, 146, 530, 658, 24, 1176, 26, 797, 34, 1442, 1063, 1067, 301, 48, 688, 1329, 695, 1336, 572, 1084, 958, 319, 192, 66, 323, 579, 965, 1094, 330, 971, 591, 980, 1236, 472, 728, 1368, 221, 223, 863, 97, 99, 617, 1133, 367, 1013, 758, 890], "point_pitch": -0.06573812564345793, "camera_rotation_from_original_to_final": [0.05816299840807915, -0.0016462038038298488, -0.9258112907409668], "camera_location": [8.056329727172852, -4.2689995765686035, 1.4923113584518433], "camera_rotation_original": [1.572834849357605, -0.010850214399397373, -3.067706823348999], "view_id": 8, "point_location": [-0.03686050325632095, -11.354413986206055, 0.8910002708435059], "camera_distance": 10.773318832938948, "bounding_box_ranges": {"x": [-6.106927172673715, -4.6192319598549085], "y": [4.193071702011532, 7.605949513967619], "z": [-0.010051316307505026, 2.4236633812427897]}, "obliqueness_angle": 1.4960919618606567, "resolution": 512, "point_uuid": "520", "point_normal": [-0.0014012061292305589, 0.030255258083343506, 0.9995412230491638], "camera_rotation_final": [1.5149518251419067, -0.004899208899587393, -3.993014335632324], "vanishing_points_image": {"x": [-0.1800874025501385, 271.0706165861286], "y": [528.0749227655008, 270.63339800277225], "z": [257.223466840355, 6.663866194167341]}, "camera_uuid": "bd5b2b073675437662294c1b37a7fa10", "field_of_view_rads": 0.9704521684712997, "room": "8efc299ca974ee46c0bc622cd51b4dc7"}