{"vanishing_points_gaussian_sphere": {"x": [-0.038402521693813876, 0.09000466065246665, 0.9952006869915185], "y": [0.9992570752418465, 0.0066952661465805715, 0.03795353725724768], "z": [-0.0032471382272687144, 0.9959188392996996, -0.09019490906515866]}, "nonfixated_points_in_view": [516, 1028, 13, 1037, 20, 1053, 32, 546, 38, 552, 1065, 45, 557, 47, 64, 578, 67, 1095, 1096, 589, 590, 1114, 1121, 1126, 615, 618, 1131, 109, 114, 626, 118, 647, 1162, 653, 148, 661, 1172, 664, 675, 681, 178, 1202, 1227, 720, 213, 214, 1244, 735, 750, 261, 1285, 263, 781, 1294, 1309, 1310, 290, 807, 813, 302, 304, 305, 325, 843, 844, 340, 1390, 370, 1400, 888, 381, 1407, 1415, 907, 1427, 919, 931, 424, 1452, 435, 1462, 951, 1466, 445, 1471, 450, 461, 467, 468, 1496, 483, 999, 489, 1022], "point_pitch": 0.08068867126968904, "camera_rotation_from_original_to_final": [0.05840577557682991, -0.05626605078577995, -0.6827000975608826], "camera_location": [-6.425679683685303, -2.262380838394165, 1.4977667331695557], "camera_rotation_original": [1.5803217887878418, -0.003540406469255686, -0.8513162136077881], "view_id": 3, "point_location": [1.4534955024719238, -1.9618958234786987, 2.211854934692383], "camera_distance": 7.917172161807916, "bounding_box_ranges": {"x": [-5.978529594710836, 1.4263777992379678], "y": [-6.425679683685303, 1.491133450500012], "z": [-0.023128184513499184, 5.461883911121193]}, "obliqueness_angle": 0.08532499521970749, "resolution": 512, "point_uuid": "179", "point_normal": [-0.9999195337295532, -0.005044218152761459, -0.011641605757176876], "camera_rotation_final": [1.6611144542694092, 0.0032471439335495234, -1.5323841571807861], "vanishing_points_image": {"x": [237.0781866210035, 211.65261558382971], "y": [508.144956414536, 254.31056728789767], "z": [255.23087605569532, 20.104583088898348]}, "camera_uuid": "928222235a04d0c536e00fac4a58b265", "field_of_view_rads": 0.954435895965957, "room": "8de55a2e5745f73de25402626a4c3d61"}