{"vanishing_points_gaussian_sphere": {"x": [-0.5729865451644047, 0.15888364782316897, 0.8040164211724552], "y": [0.8194413247724672, 0.09403760826943648, 0.5653961827657736], "z": [0.014224426726711668, 0.9828086867164776, -0.18407811113472777]}, "nonfixated_points_in_view": [1026, 1296, 23, 796, 1065, 305, 178, 1203, 1076, 1209, 443, 704, 196, 580, 1220, 839, 1477, 1480, 1354, 719, 336, 337, 464, 467, 720, 849, 1105, 1361, 1001, 364, 114, 630], "point_pitch": 0.17142732540634675, "camera_rotation_from_original_to_final": [0.13434219360351562, -0.11288948357105255, -0.2479570358991623], "camera_location": [-6.215150356292725, 0.12702560424804688, 1.4902317523956299], "camera_rotation_original": [1.5806941986083984, -0.017110392451286316, -0.7174729108810425], "view_id": 14, "point_location": [-4.273315906524658, 1.4925521612167358, 1.9348111152648926], "camera_distance": 2.415167598797653, "bounding_box_ranges": {"x": [0.12620218724629506, 1.557539586195144], "y": [-6.215150356292725, 1.480119512734693], "z": [-0.027448419730177753, 3.408583948921569]}, "obliqueness_angle": 1.115034818649292, "resolution": 512, "point_uuid": "1051", "point_normal": [0.17577923834323883, -0.8948735594749451, -0.4102475941181183], "camera_rotation_final": [1.7559491395950317, -0.014224906452000141, -0.9605802893638611], "vanishing_points_image": {"x": [57.965633516048726, 201.08697838220175], "y": [492.1061153558867, 228.90488810529504], "z": [258.69208000375863, 69.9960461069944]}, "camera_uuid": "7d18db1fca787c6dcd4baad30e113130", "field_of_view_rads": 1.1090160038497232, "room": "8de55a2e5745f73de25402626a4c3d61"}