{"vanishing_points_gaussian_sphere": {"x": [-0.5309555458100197, 0.3181968815200814, 0.7853896822370915], "y": [0.8473990247539799, 0.20052033717422757, 0.4916365397583239], "z": [-0.0010493901029188814, 0.9265755980870797, -0.3761071121502258]}, "nonfixated_points_in_view": [1280, 257, 642, 1027, 1159, 1288, 394, 779, 1420, 272, 528, 1044, 152, 281, 793, 1305, 1405, 31, 1186, 164, 292, 421, 1316, 1317, 683, 811, 173, 46, 430, 814, 689, 1068, 1069, 692, 1071, 1072, 823, 1206, 828, 1469, 702, 191, 1342, 1474, 709, 199, 458, 76, 1100, 1229, 335, 1485, 1233, 1234, 725, 87, 1241, 475, 603, 352, 1248, 611, 1251, 1379, 1380, 359, 106, 748, 1006, 239, 368, 1135, 1263, 1265, 756, 502, 249, 122, 636, 893, 255], "point_pitch": 0.386228279271398, "camera_rotation_from_original_to_final": [0.09969960898160934, -0.3721437454223633, -2.8456010818481445], "camera_location": [0.1851605325937271, -0.11082234233617783, 1.8844544887542725], "camera_rotation_original": [1.5717267990112305, -0.0008006416610442102, -1.3258916139602661], "view_id": 2, "point_location": [-5.176787853240967, -3.467283248901367, 4.452181339263916], "camera_distance": 6.827118159944394, "bounding_box_ranges": {"x": [-6.1405103154771385, 0.14781336371225617], "y": [-7.396762173202934, 0.1851605325937271], "z": [0.2780605945179051, 5.4784217286276995]}, "obliqueness_angle": 1.3731986284255981, "resolution": 512, "point_uuid": "993", "point_normal": [0.015354011207818985, -0.3435669243335724, -0.9390027523040771], "camera_rotation_final": [1.9563878774642944, 0.0010493902955204248, -4.152660846710205], "vanishing_points_image": {"x": [75.80468295860247, 148.01056774042826], "y": [487.5817127375492, 201.20073570417406], "z": [255.81794892213566, 95.25511982114494]}, "camera_uuid": "a5d931f6e602ca2a792cef637b435332", "field_of_view_rads": 1.1114892630708255, "room": "8de55a2e5745f73de25402626a4c3d61"}