{"vanishing_points_gaussian_sphere": {"x": [0.06397850385708757, -0.31323984492632423, 0.947516517320274], "y": [0.9977587759025036, 0.03872593018023397, -0.05456855725794198], "z": [-0.0196004120810324, 0.9488841351198828, 0.3150154313109846]}, "nonfixated_points_in_view": [130, 1027, 1159, 264, 522, 779, 906, 14, 528, 1169, 274, 147, 786, 1043, 406, 1045, 792, 667, 1307, 1441, 1318, 556, 1069, 1198, 176, 433, 190, 191, 575, 447, 63, 962, 1216, 1474, 70, 1475, 585, 458, 460, 1100, 335, 594, 851, 852, 469, 470, 1491, 1241, 859, 744, 1135, 624], "point_pitch": -0.32307879527541594, "camera_rotation_from_original_to_final": [-0.22957132756710052, 0.24261298775672913, -2.5158464908599854], "camera_location": [-6.215150356292725, 0.12702560424804688, 1.4902317523956299], "camera_rotation_original": [1.5806941986083984, -0.017110392451286316, -0.7174729108810425], "view_id": 3, "point_location": [-6.474815368652344, -4.381759166717529, -0.008778517134487629], "camera_distance": 4.758528927950397, "bounding_box_ranges": {"x": [-6.441297131170536, 0.12702560424804688], "y": [-7.413258850732503, -3.417701047298596], "z": [-0.01920442491691976, 2.5447876357168147]}, "obliqueness_angle": 1.2466784715652466, "resolution": 512, "point_uuid": "941", "point_normal": [-0.007188332267105579, 0.004074040800333023, 0.9999659657478333], "camera_rotation_final": [1.2502596378326416, 0.019601667299866676, -3.205627202987671], "vanishing_points_image": {"x": [285.3490488835881, 399.6934433722589], "y": [490.4661539303444, 246.89968424630348], "z": [250.3837747872208, -15.889538935946037]}, "camera_uuid": "7d18db1fca787c6dcd4baad30e113130", "field_of_view_rads": 0.9750770640916797, "room": "8de55a2e5745f73de25402626a4c3d61"}