{"vanishing_points_gaussian_sphere": {"x": [-0.655996679059107, -0.06447399199606096, 0.7520049610338452], "y": [0.7546474842897966, -0.07351785217034297, 0.6519986962159825], "z": [0.013248830835379312, 0.9952076314861897, 0.09688260273725123]}, "nonfixated_points_in_view": [526, 527, 18, 1045, 23, 1051, 1068, 46, 563, 76, 1105, 1106, 600, 606, 1120, 1138, 1144, 1145, 121, 1147, 636, 634, 635, 1159, 140, 148, 1180, 669, 164, 168, 692, 1204, 1208, 1209, 186, 190, 1215, 704, 1219, 1220, 711, 1229, 719, 1234, 1238, 729, 736, 227, 1251, 1254, 231, 1259, 1265, 756, 252, 766, 258, 779, 788, 279, 793, 295, 297, 809, 1324, 1331, 1334, 823, 826, 318, 839, 1353, 335, 337, 1363, 347, 859, 1374, 1376, 1379, 871, 364, 368, 371, 884, 893, 385, 387, 399, 1426, 925, 417, 953, 442, 443, 452, 464, 978, 1001, 493], "point_pitch": -0.09673301776381926, "camera_rotation_from_original_to_final": [-0.0414949506521225, 0.1024266928434372, 2.0770888328552246], "camera_location": [-1.854644775390625, -5.243408679962158, 1.4990227222442627], "camera_rotation_original": [1.582518458366394, 0.006183302495628595, -1.3640222549438477], "view_id": 2, "point_location": [-6.7888407707214355, 0.44761499762535095, 0.7658337354660034], "camera_distance": 7.567800815767164, "bounding_box_ranges": {"x": [-5.243408679962158, 1.5575819722475766], "y": [-7.431106575350531, -1.854644775390625], "z": [-0.038312276965802416, 4.52523288561586]}, "obliqueness_angle": 1.4364112615585327, "resolution": 512, "point_uuid": "1137", "point_normal": [0.0481334887444973, -0.007753286510705948, 0.998810887336731], "camera_rotation_final": [1.4737529754638672, -0.013249218463897705, 0.7155786752700806], "vanishing_points_image": {"x": [78.01278399261058, 273.49329944279737], "y": [445.5631184697063, 274.4672626765868], "z": [258.35728451760184, 78.92871192551227]}, "camera_uuid": "614fa69f38f6a61f05c875e475650ac3", "field_of_view_rads": 1.2947003155400716, "room": "8de55a2e5745f73de25402626a4c3d61"}