{"vanishing_points_gaussian_sphere": {"x": [-0.1168889375546458, -0.21502054361513218, 0.9695891615013027], "y": [0.9930822519996859, -0.03627905511141597, 0.11167574008465525], "z": [0.01116320028391258, 0.9759354466273249, 0.217773705886972]}, "nonfixated_points_in_view": [1159, 779, 1038, 18, 1042, 23, 1051, 669, 1446, 168, 297, 1324, 46, 815, 563, 1334, 1208, 1209, 442, 443, 826, 318, 704, 1219, 452, 842, 76, 464, 337, 978, 1105, 1106, 1361, 1238, 606, 227, 1251, 1379, 231, 871, 1259, 493, 494, 1137, 1138, 121, 634, 1147, 766], "point_pitch": -0.2236547907206674, "camera_rotation_from_original_to_final": [-0.1331924945116043, 0.19004306197166443, 1.1136997938156128], "camera_location": [-6.116707801818848, -5.171044826507568, 1.5127230882644653], "camera_rotation_original": [1.5826430320739746, -0.00107341050170362, -1.010670781135559], "view_id": 8, "point_location": [-6.740067958831787, 0.24108217656612396, 0.2971361577510834], "camera_distance": 5.581876743279218, "bounding_box_ranges": {"x": [-5.171044826507568, 1.5574506465439333], "y": [-7.396163381889882, -2.9742366693591675], "z": [-0.034782435071038176, 3.4195335293697005]}, "obliqueness_angle": 0.9735783338546753, "resolution": 512, "point_uuid": "635", "point_normal": [0.6714546084403992, -0.6002504229545593, -0.4345667064189911], "camera_rotation_final": [1.3512495756149292, -0.011163432151079178, 0.11716409772634506], "vanishing_points_image": {"x": [209.39609043510592, 341.7292245003873], "y": [472.056832870758, 263.8929391106656], "z": [258.5732692350599, 31.0336286781749]}, "camera_uuid": "676a1ae5fa5b4d774f8408cdbebb47fb", "field_of_view_rads": 1.114510956353179, "room": "8de55a2e5745f73de25402626a4c3d61"}