{"vanishing_points_gaussian_sphere": {"x": [-0.48060876659984625, -0.23197587707058262, 0.845696402927616], "y": [0.8768921846846177, -0.11758588240095454, 0.4660833151905648], "z": [-0.008678128047739181, 0.9655882935896245, 0.25993063954883083]}, "nonfixated_points_in_view": [964, 446, 426, 845, 1487, 1270, 56, 1340, 574], "point_pitch": -0.28276042540999846, "camera_rotation_from_original_to_final": [-0.1369214951992035, -0.2500563859939575, -0.6073088049888611], "camera_location": [1.8559356927871704, -11.157529830932617, 4.285287857055664], "camera_rotation_original": [1.5919296741485596, -0.0045516216196119785, 1.1265037059783936], "view_id": 0, "point_location": [1.059971570968628, -9.713273048400879, 3.84138560295105], "camera_distance": 1.7077721574421176, "bounding_box_ranges": {"x": [-11.157529830932617, -7.108634165814737], "y": [0.9314718576892311, 2.3496321209399262], "z": [2.780864902436826, 5.204304356891654]}, "obliqueness_angle": 1.048511028289795, "resolution": 512, "point_uuid": "1193", "point_normal": [0.9989303350448608, -0.02805008366703987, 0.03676147013902664], "camera_rotation_final": [1.3078358173370361, 0.008678236976265907, 0.5013694167137146], "vanishing_points_image": {"x": [102.24821066555783, 330.2115181010102], "y": [467.1023011540255, 284.30752832743724], "z": [254.15834603053548, 51.084895731508986]}, "camera_uuid": "98774619ba34c130644b0d766385ca3e", "field_of_view_rads": 1.2123661026067083, "room": "77c77478b552f1977cad320741ba92a5"}