{"vanishing_points_gaussian_sphere": {"x": [0.5402719724860479, 0.023593937477415197, 0.8411596292383194], "y": [0.8414605295560632, -0.02357874551119562, -0.5398038717528321], "z": [0.007097390031899026, 0.9994435296075663, -0.03259230247013863]}, "nonfixated_points_in_view": [6, 1479, 473, 236, 1421, 271, 1041, 1047, 696, 345, 92, 798], "point_pitch": 0.04972393909958406, "camera_rotation_from_original_to_final": [-0.011434521526098251, 0.014106085523962975, 2.1096205711364746], "camera_location": [0.30798399448394775, -4.362792491912842, 3.736617088317871], "camera_rotation_original": [1.5856736898422241, -0.011059120297431946, 2.032072067260742], "view_id": 2, "point_location": [7.177903652191162, -8.77148151397705, 4.002805709838867], "camera_distance": 8.167202216657476, "bounding_box_ranges": {"x": [-5.984000354402962, -4.252339593887921], "y": [0.30798399448394775, 1.491198476453131], "z": [2.7780387817927226, 5.240299004889107]}, "obliqueness_angle": 0.6167293787002563, "resolution": 512, "point_uuid": "320", "point_normal": [-0.9899768829345703, -0.0395929217338562, -0.13556630909442902], "camera_rotation_final": [1.6033952236175537, -0.007097449619323015, 4.141612529754639], "vanishing_points_image": {"x": [413.11309094040615, 249.1387955820212], "y": [367.6495865477586, 259.12855694969875], "z": [257.1767167797038, 90.29655600582588]}, "camera_uuid": "73759aa4f227ecebe2f10f72d0e43db4", "field_of_view_rads": 1.2993034836576471, "room": "8de55a2e5745f73de25402626a4c3d61"}