{"vanishing_points_gaussian_sphere": {"x": [-0.15578455848766837, 0.2507122279093957, 0.9554446871030837], "y": [0.9877909659781845, 0.03995396526543888, 0.15057452703380236], "z": [-0.0004229287025166038, 0.9672368166257297, -0.2538754846278727]}, "nonfixated_points_in_view": [3, 518, 8, 12, 1039, 17, 538, 28, 542, 544, 1062, 1064, 43, 1070, 566, 1080, 65, 1091, 591, 89, 1113, 604, 1117, 94, 98, 623, 116, 1141, 1146, 643, 649, 654, 144, 1170, 665, 165, 174, 687, 703, 195, 1228, 1231, 208, 210, 724, 216, 1242, 228, 237, 1264, 241, 1271, 771, 775, 1287, 1290, 1291, 275, 285, 806, 298, 824, 317, 1347, 1351, 334, 848, 338, 1366, 1370, 1378, 1382, 1386, 367, 1391, 372, 1399, 378, 1403, 1404, 383, 904, 1424, 1428, 1432, 1438, 415, 416, 1439, 1443, 422, 934, 429, 1460, 1464, 1465, 456, 1483, 1484, 463, 975, 466, 994], "point_pitch": 0.2715338031437735, "camera_rotation_from_original_to_final": [-0.05571810156106949, 0.2355184257030487, 3.0708487033843994], "camera_location": [-2.125469923019409, -10.290050506591797, 1.5054166316986084], "camera_rotation_original": [1.585587501525879, -0.0013757790438830853, 1.7914842367172241], "view_id": 3, "point_location": [1.283323884010315, -9.752838134765625, 2.411182165145874], "camera_distance": 3.5677561926126082, "bounding_box_ranges": {"x": [-11.673261835374749, -4.663792922652197], "y": [-2.125469923019409, 6.509756372699239], "z": [-0.034889370101488515, 2.426713886966979]}, "obliqueness_angle": 1.3400628566741943, "resolution": 512, "point_uuid": "746", "point_normal": [0.026517553254961967, -0.0016064636874943972, -0.9996470808982849], "camera_rotation_final": [1.8274812698364258, 0.0004229287151247263, 4.868810653686523], "vanishing_points_image": {"x": [186.94810439579243, 144.87117724399957], "y": [503.2924485355217, 245.99756604434083], "z": [255.91311998642882, 57.30564027706186]}, "camera_uuid": "2b230e47a809ba0986cefc4de1b011af", "field_of_view_rads": 1.0101548784112544, "room": "856e4980d5eb3351797f528948f684e5"}