{"vanishing_points_gaussian_sphere": {"x": [0.5070083842596643, -0.17471299249312952, 0.8440484989291197], "y": [0.8617591308663585, 0.12286932491690218, -0.4922137029410328], "z": [-0.017711540273593434, 0.9769229750848122, 0.21285629446313417]}, "nonfixated_points_in_view": [517, 523, 527, 23, 27, 1068, 46, 1072, 569, 1082, 1083, 73, 76, 1106, 600, 1122, 1137, 1138, 120, 634, 635, 636, 640, 642, 133, 153, 1179, 164, 1190, 679, 168, 1191, 1197, 1199, 690, 692, 1208, 1209, 186, 1219, 1229, 718, 1234, 1251, 1255, 1259, 239, 1265, 756, 1277, 1280, 257, 258, 779, 788, 794, 288, 297, 1321, 1324, 819, 823, 826, 318, 1343, 839, 1356, 337, 1361, 344, 1380, 870, 871, 368, 1393, 884, 893, 1426, 412, 932, 947, 437, 443, 455, 988, 993, 1006, 511], "point_pitch": -0.22457043727370696, "camera_rotation_from_original_to_final": [0.17341339588165283, -0.15883836150169373, -1.4773671627044678], "camera_location": [1.7699029445648193, -5.448235511779785, 4.298521995544434], "camera_rotation_original": [1.5894720554351807, -0.008107524365186691, 2.503649950027466], "view_id": 7, "point_location": [-7.185127258300781, -0.2260369062423706, 2.04019832611084], "camera_distance": 10.609616193993258, "bounding_box_ranges": {"x": [-5.448235511779785, -4.955766951898779], "y": [1.452628273694474, 1.7699029445648193], "z": [3.78399406313438, 4.4769913001682715]}, "obliqueness_angle": 1.0451786518096924, "resolution": 512, "point_uuid": "953", "point_normal": [0.33032292127609253, -0.045227136462926865, 0.942783772945404], "camera_rotation_final": [1.3562648296356201, 0.017712466418743134, 1.0389935970306396], "vanishing_points_image": {"x": [434.170764100294, 317.3969084874289], "y": [396.4628670433186, 235.97285200546182], "z": [251.9741483282572, 33.944383624678686]}, "camera_uuid": "3d44530aec2e5604a8aef567eab9ad28", "field_of_view_rads": 1.1246611644380877, "room": "77c77478b552f1977cad320741ba92a5"}