{"vanishing_points_gaussian_sphere": {"x": [-0.16344451292486162, 0.005735549328459808, 0.9865358557440554], "y": [0.9863960197831847, -0.016861383028562753, 0.16351937474885156], "z": [0.017572232375142393, 0.9998413860389382, -0.0029016224925199055]}, "nonfixated_points_in_view": [596, 749, 126, 783], "point_pitch": 0.004546360173497632, "camera_rotation_from_original_to_final": [-0.00018287883722223341, 0.00035273132380098104, 0.2774699032306671], "camera_location": [5.163970947265625, -3.535888671875, 1.5121169090270996], "camera_rotation_original": [1.5740282535552979, -0.017351562157273293, -1.684065341949463], "view_id": 4, "point_location": [7.379581451416016, -3.1686484813690186, 1.5186330080032349], "camera_distance": 2.245848980418426, "bounding_box_ranges": {"x": [-4.245794620175546, -3.1631035279224253], "y": [5.163970947265625, 7.605950601516989], "z": [-0.018553386841736748, 2.4074442829137928]}, "obliqueness_angle": 1.2574708461761475, "resolution": 512, "point_uuid": "840", "point_normal": [-0.14850176870822906, -0.9888914227485657, -0.006404462736099958], "camera_rotation_final": [1.5736984014511108, -0.01757313683629036, -1.4065896272659302], "vanishing_points_image": {"x": [199.73958296432178, 254.02572511384219], "y": [443.37254268791355, 259.2029328463745], "z": [259.06061223081696, 81.85440997715065]}, "camera_uuid": "f82d0d307f2a422046f1e8617db3f210", "field_of_view_rads": 1.266151187052248, "room": "8efc299ca974ee46c0bc622cd51b4dc7"}