{"vanishing_points_gaussian_sphere": {"x": [0.2825141494882988, 0.270828596611359, 0.9202378098059354], "y": [0.9592623706465089, -0.07855390084192435, -0.2713761023453557], "z": [-0.001208139289568133, 0.9594170917385405, -0.28198827010962374]}, "nonfixated_points_in_view": [128, 1028, 1288, 1420, 1421, 1043, 148, 276, 1044, 1172, 1300, 1301, 1305, 1431, 668, 1053, 414, 286, 31, 417, 1186, 1310, 292, 1316, 1405, 811, 173, 813, 1069, 1071, 945, 1461, 1206, 1436, 828, 1469, 702, 1342, 709, 1479, 458, 843, 1485, 846, 1233, 339, 852, 725, 1107, 87, 729, 475, 603, 352, 359, 233, 106, 748, 1263, 113, 502, 249, 122, 1148, 1277, 255], "point_pitch": 0.28564734856155916, "camera_rotation_from_original_to_final": [0.07288787513971329, -0.2757081389427185, -2.112290143966675], "camera_location": [0.1851605325937271, -0.11082234233617783, 1.8844544887542725], "camera_rotation_original": [1.5717267990112305, -0.0008006416610442102, -1.3258916139602661], "view_id": 2, "point_location": [-0.9590483903884888, -3.9908461570739746, 3.0734095573425293], "camera_distance": 4.216326914859587, "bounding_box_ranges": {"x": [-6.133423316709859, -0.11082234233617783], "y": [-7.256267050324146, 1.4911772325255623], "z": [-0.016370523939170045, 5.477684741310249]}, "obliqueness_angle": 1.484424352645874, "resolution": 512, "point_uuid": "424", "point_normal": [-0.6144068837165833, 0.4692828953266144, 0.6342537999153137], "camera_rotation_final": [1.856662392616272, 0.0012081395834684372, -3.428006887435913], "vanishing_points_image": {"x": [347.64146484358594, 168.14907515269235], "y": [403.9204743285327, 268.1131930412977], "z": [255.81456849003303, 108.7436682629537]}, "camera_uuid": "a5d931f6e602ca2a792cef637b435332", "field_of_view_rads": 1.262333795425579, "room": "8de55a2e5745f73de25402626a4c3d61"}