{"vanishing_points_gaussian_sphere": {"x": [-0.45031432986360864, 0.03155071784496688, 0.8923124769512956], "y": [0.8926178654888657, -0.007844908095411133, 0.4507458304045373], "z": [0.02122146388896043, 0.9994713650827831, -0.02463005988558914]}, "nonfixated_points_in_view": [192, 97, 34, 965, 134, 1033, 330, 428, 301, 398, 48, 688, 658, 984, 890, 572, 223], "point_pitch": 0.007219509282384351, "camera_rotation_from_original_to_final": [0.009883392602205276, -0.00027008476899936795, 0.45763739943504333], "camera_location": [0.5467849373817444, -10.360032081604004, 1.5205349922180176], "camera_rotation_original": [1.5957993268966675, -0.011342709884047508, 1.5803825855255127], "view_id": 2, "point_location": [-2.1893272399902344, -11.74216079711914, 1.59605872631073], "camera_distance": 3.066315886128818, "bounding_box_ranges": {"x": [-12.0564667592741, -10.005862528829107], "y": [-3.5403540387924504, 0.5467849373817444], "z": [-0.016222332871232203, 2.42275743208788]}, "obliqueness_angle": 0.38329368829727173, "resolution": 512, "point_uuid": "728", "point_normal": [0.6635890603065491, 0.7368307113647461, -0.12934482097625732], "camera_rotation_final": [1.5954344272613525, -0.021223057061433792, 2.038027286529541], "vanishing_points_image": {"x": [88.65435687102739, 244.27513401462062], "y": [493.16948345786824, 258.08440013660726], "z": [260.3146499292336, 52.79210269425405]}, "camera_uuid": "08b7810ec5503ef8e7e738fee540560e", "field_of_view_rads": 1.1127412230940124, "room": "856e4980d5eb3351797f528948f684e5"}