{"vanishing_points_gaussian_sphere": {"x": [-0.28324452362210867, -0.1607737035301234, 0.9454757300382135], "y": [0.9589871754437668, -0.03640194957097346, 0.28110228636889195], "z": [-0.010776695804881713, 0.986319782991622, 0.164490572699133]}, "nonfixated_points_in_view": [896, 387, 899, 1159, 522, 779, 272, 1042, 1045, 669, 925, 804, 939, 1324, 685, 46, 815, 941, 1198, 563, 1331, 694, 953, 442, 318, 63, 1215, 577, 322, 706, 452, 1474, 1224, 1353, 458, 842, 1363, 852, 859, 1374, 224, 1379, 484, 871, 1004, 1007, 1137, 628, 1144, 1273, 635], "point_pitch": -0.15982870658370452, "camera_rotation_from_original_to_final": [0.17350618541240692, 0.001932357787154615, -2.9839165210723877], "camera_location": [-3.8659191131591797, -9.080220222473145, 1.4999077320098877], "camera_rotation_original": [1.5778414011001587, -0.009793577715754509, -3.0118231773376465], "view_id": 3, "point_location": [-6.469067573547363, -0.3246524930000305, -0.023356899619102478], "camera_distance": 9.260490410035185, "bounding_box_ranges": {"x": [-7.866177610341544, -6.084477841768705], "y": [-3.551268088042866, -3.377067968725066], "z": [-0.045678979521674656, 2.346994453633652]}, "obliqueness_angle": 1.4283400774002075, "resolution": 512, "point_uuid": "1334", "point_normal": [-0.008987867273390293, 0.021096335723996162, 0.9997371435165405], "camera_rotation_final": [1.4055451154708862, 0.010776904411613941, -5.995992660522461], "vanishing_points_image": {"x": [133.12817769791164, 325.74383009557334], "y": [511.217307437769, 265.68772867133515], "z": [253.3141833500327, 10.184942832750583]}, "camera_uuid": "0ea84965dc118f5aeb7a085f7794bb81", "field_of_view_rads": 1.0203967727988559, "room": "856e4980d5eb3351797f528948f684e5"}