{"vanishing_points_gaussian_sphere": {"x": [0.28195548881427535, -0.22440571519982985, 0.9328146532474477], "y": [0.9594195865920665, 0.06989312408957528, -0.2731831035560352], "z": [-0.0038934805779967403, 0.9719861244846307, 0.23500598847335077]}, "nonfixated_points_in_view": [640, 257, 258, 1280, 133, 1159, 394, 523, 140, 779, 399, 272, 527, 1042, 1426, 788, 279, 152, 793, 669, 164, 421, 1317, 1191, 168, 297, 1446, 683, 1068, 1324, 46, 1072, 692, 823, 953, 186, 826, 318, 191, 1215, 322, 452, 199, 1353, 76, 1229, 335, 337, 978, 1106, 1234, 1361, 600, 1241, 1371, 1120, 993, 611, 1251, 1379, 1380, 871, 1259, 1006, 239, 1137, 1138, 1265, 756, 884, 121, 634, 636, 893, 766], "point_pitch": -0.24000649054976897, "camera_rotation_from_original_to_final": [0.13299702107906342, -0.20280417799949646, -0.886374831199646], "camera_location": [0.21503694355487823, -3.282130241394043, 2.989867687225342], "camera_rotation_original": [1.575566053390503, 0.00037009804509580135, 2.1583032608032227], "view_id": 2, "point_location": [-7.109190464019775, -1.137163758277893, 1.144658088684082], "camera_distance": 7.851750522468849, "bounding_box_ranges": {"x": [-5.107247534619585, 1.5469093542768895], "y": [-7.431085465269133, 0.21503694355487823], "z": [-0.04298873198214781, 4.97125336226415]}, "obliqueness_angle": 0.9980499148368835, "resolution": 512, "point_uuid": "368", "point_normal": [0.7852613925933838, 0.610918402671814, -0.10071372240781784], "camera_rotation_final": [1.3335697650909424, 0.0038934904150664806, 1.2849624156951904], "vanishing_points_image": {"x": [374.1791589176295, 350.0576783596287], "y": [444.7879870666784, 242.24691178805082], "z": [255.01327763676645, 9.670160523779714]}, "camera_uuid": "41fbfac86809ed0f1940b75ebedda277", "field_of_view_rads": 1.0396373953623699, "room": "8de55a2e5745f73de25402626a4c3d61"}