{"vanishing_points_gaussian_sphere": {"x": [0.16459176534837547, -0.16735792895998483, 0.9720601187137192], "y": [0.9863524239119638, 0.023635138282908606, -0.162942554544053], "z": [0.00429495314284276, 0.9856128569842079, 0.16896404802480414]}, "nonfixated_points_in_view": [3, 643, 771, 518, 775, 8, 520, 649, 1146, 12, 1287, 654, 1039, 144, 17, 1291, 275, 1424, 1428, 665, 538, 28, 285, 415, 544, 1439, 1443, 165, 422, 1062, 43, 1067, 429, 174, 687, 1070, 1460, 1333, 566, 695, 1080, 1464, 1338, 1465, 317, 65, 195, 1347, 456, 1483, 1228, 1484, 975, 848, 724, 980, 216, 89, 1113, 1370, 604, 1117, 98, 1378, 1253, 746, 237, 1391, 1264, 241, 116, 1141, 758, 375, 378, 1271, 1404, 1399], "point_pitch": -0.1555594642970224, "camera_rotation_from_original_to_final": [0.043760597705841064, -0.1793888658285141, 2.7510979175567627], "camera_location": [-2.125469923019409, -10.290050506591797, 1.5054166316986084], "camera_rotation_original": [1.585587501525879, -0.0013757790438830853, 1.7914842367172241], "view_id": 7, "point_location": [5.183218955993652, -11.515177726745605, 0.235015869140625], "camera_distance": 7.518762516509155, "bounding_box_ranges": {"x": [-11.989970832340251, -6.326482565584017], "y": [-2.125469923019409, 6.509911040595981], "z": [-0.02870795006319793, 2.4264101138006104]}, "obliqueness_angle": 0.2919497489929199, "resolution": 512, "point_uuid": "934", "point_normal": [-0.9968171119689941, -0.07914760708808899, 0.00955794844776392], "camera_rotation_final": [1.4010162353515625, -0.004294966347515583, 4.547043323516846], "vanishing_points_image": {"x": [315.33058468800806, 316.3277068956234], "y": [424.97613478768284, 251.95096619078745], "z": [256.86916013596004, 56.54371344937508]}, "camera_uuid": "2b230e47a809ba0986cefc4de1b011af", "field_of_view_rads": 1.2091558674279148, "room": "856e4980d5eb3351797f528948f684e5"}