{"vanishing_points_gaussian_sphere": {"x": [0.5120240475691662, -0.3204470037179183, 0.7969599064690123], "y": [0.8589709834342301, 0.19152679900418745, -0.4748540142835914], "z": [-0.0004736337400841097, 0.9277021090152906, 0.37332100476622293]}, "nonfixated_points_in_view": [1440, 803, 1283, 102, 1127, 1225, 1260, 366, 432, 790, 1303, 1430, 379], "point_pitch": -0.37991635402175383, "camera_rotation_from_original_to_final": [-0.043907202780246735, 0.38217779994010925, -2.221834182739258], "camera_location": [-3.781970262527466, -8.79295825958252, 4.280111312866211], "camera_rotation_original": [1.5727763175964355, 0.0018530383240431547, -1.4653403759002686], "view_id": 1, "point_location": [-5.378435134887695, -11.472347259521484, 3.025001049041748], "camera_distance": 3.3620123690446277, "bounding_box_ranges": {"x": [-11.991258867371897, -8.79295825958252], "y": [-7.283309161950497, -3.6791535281985337], "z": [2.7663908251938696, 4.640244295407706]}, "obliqueness_angle": 0.5910433530807495, "resolution": 512, "point_uuid": "1125", "point_normal": [-0.047712601721286774, 0.9801158905029297, 0.19260437786579132], "camera_rotation_final": [1.1882100105285645, 0.00047363375779241323, -3.6791322231292725], "vanishing_points_image": {"x": [470.9646428224105, 390.5342587418782], "y": [431.3015207385373, 216.91260383047737], "z": [255.85293898808348, -32.04706962947899]}, "camera_uuid": "719f11efd7d094b502660bf8fb326352", "field_of_view_rads": 0.9382321028910695, "room": "ef914082afe6874a9bab2b30c864407b"}