{"vanishing_points_gaussian_sphere": {"x": [0.0757888700148597, -0.025576985448698276, 0.9967957990467395], "y": [0.9970782208386569, 0.0115113227024975, -0.07551497188543221], "z": [-0.009542992774248308, 0.9996065762413712, 0.026374685285602984]}, "nonfixated_points_in_view": [513, 1154, 901, 524, 397, 1293, 19, 407, 159, 1443, 166, 808, 810, 1451, 942, 1326, 1074, 1459, 182, 183, 574, 830, 833, 968, 74, 586, 588, 205, 1359, 976, 212, 1236, 598, 1237, 1116, 734, 612, 869, 103, 1008, 244, 250], "point_pitch": -0.024682565531458422, "camera_rotation_from_original_to_final": [-0.0027622366324067116, 0.02622661180794239, -0.17501522600650787], "camera_location": [-3.072143316268921, -10.485207557678223, 4.283509254455566], "camera_rotation_original": [1.5707898139953613, 0.009692680090665817, -1.4714287519454956], "view_id": 0, "point_location": [0.5665889382362366, -10.760869979858398, 4.187230587005615], "camera_distance": 3.6504288863253143, "bounding_box_ranges": {"x": [-11.443561908554003, -9.787130682935922], "y": [-3.072143316268921, -1.7641633785589763], "z": [3.221202500062223, 5.133717886516253]}, "obliqueness_angle": 1.4391720294952393, "resolution": 512, "point_uuid": "1467", "point_normal": [-0.05410907045006752, 0.829720139503479, 0.5555508732795715], "camera_rotation_final": [1.544417381286621, 0.00954313762485981, -1.646661400794983], "vanishing_points_image": {"x": [281.49843242110967, 264.6051294190225], "y": [418.1439511019813, 254.1280391985466], "z": [254.36801080113068, 85.05287951733287]}, "camera_uuid": "2c5b1635a824be2ef248c2dd24c5c6fe", "field_of_view_rads": 1.2978090498370576, "room": "ef914082afe6874a9bab2b30c864407b"}