{"vanishing_points_gaussian_sphere": {"x": [-0.28706506457866043, -0.3235456279719919, 0.9016162572395526], "y": [0.9576352560223553, -0.11951760236836986, 0.2620119446649604], "z": [0.022986194148827292, 0.9386339911511439, 0.34414802852003495]}, "nonfixated_points_in_view": [134, 520, 1033, 398, 1176, 26, 34, 933, 1319, 1320, 1067, 428, 48, 688, 1329, 192, 965, 1221, 1360, 980, 215, 984, 1368, 858, 1243, 863, 223, 100, 357, 996, 758], "point_pitch": -0.374993964037623, "camera_rotation_from_original_to_final": [-0.04624530300498009, -0.3800271451473236, 0.4437747895717621], "camera_location": [3.307429552078247, -10.623159408569336, 1.5089129209518433], "camera_rotation_original": [1.6019235849380493, -0.010716056451201439, 1.4206318855285645], "view_id": 0, "point_location": [0.4429158866405487, -11.455594062805176, 0.4155241847038269], "camera_distance": 3.177087522201695, "bounding_box_ranges": {"x": [-12.050208814522435, -9.140126195753776], "y": [-3.544606318316522, 3.307429552078247], "z": [-0.013023996400716609, 2.420756614283482]}, "obliqueness_angle": 0.6360024213790894, "resolution": 512, "point_uuid": "278", "point_normal": [0.9817693829536438, -0.08414588868618011, -0.17043614387512207], "camera_rotation_final": [1.2193682193756104, -0.022988218814134598, 1.8620370626449585], "vanishing_points_image": {"x": [138.2892525045575, 388.6695666481202], "y": [504.16653125066125, 286.9724068914833], "z": [262.2522370009934, 0.6918732231864402]}, "camera_uuid": "6fc923253b31e08cd2b4b232614b75a1", "field_of_view_rads": 1.0337122533790435, "room": "856e4980d5eb3351797f528948f684e5"}