{"vanishing_points_gaussian_sphere": {"x": [0.036268008933873754, -0.1259809162856292, 0.9913694771677237], "y": [0.9989004702999026, -0.02491893891731314, -0.0397101613931331], "z": [0.029706597964188296, 0.9917196454719794, 0.12493863622725193]}, "nonfixated_points_in_view": [136, 362, 1130, 181, 1078, 917, 537], "point_pitch": -0.11114339431258635, "camera_rotation_from_original_to_final": [-0.004444876220077276, -0.1575014293193817, 1.681850790977478], "camera_location": [3.307429552078247, -10.623159408569336, 1.5089129209518433], "camera_rotation_original": [1.6019235849380493, -0.010716056451201439, 1.4206318855285645], "view_id": 6, "point_location": [3.265641927719116, -11.66639232635498, 1.3774381875991821], "camera_distance": 1.0523149383199388, "bounding_box_ranges": {"x": [-11.703582962286658, -10.623159408569336], "y": [2.802755070592676, 3.878570826219863], "z": [0.6999668571573591, 1.9151995554155923]}, "obliqueness_angle": 0.06180876865983009, "resolution": 512, "point_uuid": "607", "point_normal": [0.01950300671160221, 0.9975712895393372, 0.06686665862798691], "camera_rotation_final": [1.4454747438430786, -0.02971096895635128, 3.1053006649017334], "vanishing_points_image": {"x": [271.5862658634011, 310.14060800863945], "y": [468.2776301524068, 261.2955559202927], "z": [262.86732982110755, 26.742314426646217]}, "camera_uuid": "6fc923253b31e08cd2b4b232614b75a1", "field_of_view_rads": 1.0669501638404368, "room": "856e4980d5eb3351797f528948f684e5"}