{"vanishing_points_gaussian_sphere": {"x": [-0.4932521268505403, 0.11541922608111929, 0.8621953036338426], "y": [0.8696555934976818, 0.0882594355330099, 0.48570507588205153], "z": [-0.020037166855957324, 0.9893880301935283, -0.14390912984990417]}, "nonfixated_points_in_view": [263, 519, 1161, 11, 1294, 915, 661, 664, 1050, 1309, 162, 552, 557, 302, 817, 819, 1462, 952, 1466, 64, 194, 67, 838, 332, 589, 467, 214, 982, 1240, 1114, 608, 618, 1393, 114, 370, 118, 887, 1407], "point_pitch": 0.13109202782181306, "camera_rotation_from_original_to_final": [0.12150296568870544, 0.011061366647481918, -0.9814514517784119], "camera_location": [-2.484394073486328, -5.331701278686523, 4.301449775695801], "camera_rotation_original": [1.594873070716858, 5.2980572945671156e-05, -0.07394442707300186], "view_id": 3, "point_location": [0.09662853181362152, -3.8777201175689697, 4.7322492599487305], "camera_distance": 2.9935475064924058, "bounding_box_ranges": {"x": [-5.6579926754491625, -2.621139276184522], "y": [-2.484394073486328, 1.4853481764729066], "z": [2.707133266935444, 5.360443930596627]}, "obliqueness_angle": 0.8688757419586182, "resolution": 512, "point_uuid": "1014", "point_normal": [-0.44704338908195496, -0.28454431891441345, -0.8480488657951355], "camera_rotation_final": [1.7152360677719116, 0.020038507878780365, -1.0548580884933472], "vanishing_points_image": {"x": [85.34558176608876, 216.06747906867113], "y": [482.0753022249597, 233.05611426923713], "z": [252.32086068635266, 74.33278005294149]}, "camera_uuid": "c5be5141daf3c047a2d6d480abd9ff63", "field_of_view_rads": 1.153193052973715, "room": "7177ff6aafad58b0656fca6e31b41601"}