{"vanishing_points_gaussian_sphere": {"x": [0.4058248679023476, 0.09496744820773223, 0.9090034985482476], "y": [0.9138330155859803, -0.02619204859737399, -0.40524461281466334], "z": [-0.014676382969780365, 0.9951357497202, -0.09741377424029854]}, "nonfixated_points_in_view": [0, 520, 1032, 530, 1048, 26, 34, 1061, 1066, 1067, 48, 50, 55, 568, 570, 1084, 66, 71, 1100, 88, 99, 100, 617, 115, 116, 627, 119, 641, 644, 134, 646, 141, 657, 658, 1176, 1194, 171, 684, 685, 688, 695, 184, 701, 192, 706, 708, 197, 1232, 1236, 1243, 223, 753, 758, 1273, 254, 1278, 772, 774, 1286, 267, 784, 802, 805, 1319, 296, 1320, 301, 814, 1329, 818, 1336, 313, 827, 829, 1346, 327, 328, 847, 1365, 1368, 858, 863, 1409, 900, 1418, 398, 1422, 912, 410, 1434, 1442, 933, 943, 944, 949, 958, 965, 458, 1484, 465, 980, 984, 996, 1013, 1021], "point_pitch": 0.07710833946732087, "camera_rotation_from_original_to_final": [-0.08732449263334274, 0.009898332878947258, -1.4819540977478027], "camera_location": [5.132575988769531, -10.393342971801758, 1.5002893209457397], "camera_rotation_original": [1.587233543395996, -0.019086314365267754, 2.634567975997925], "view_id": 5, "point_location": [-3.379633903503418, -6.59849739074707, 2.4125044345855713], "camera_distance": 9.36433166035594, "bounding_box_ranges": {"x": [-11.851933262236063, -3.126557639582816], "y": [-3.550329908534919, 5.132575988769531], "z": [-0.025372243182995247, 2.426127942314851]}, "obliqueness_angle": 1.145617961883545, "resolution": 512, "point_uuid": "1284", "point_normal": [0.3516049385070801, -0.00414616521447897, -0.9361392855644226], "camera_rotation_final": [1.6683753728866577, 0.014676909893751144, 1.152867317199707], "vanishing_points_image": {"x": [389.73884223753737, 224.70365130849603], "y": [392.5997344534296, 259.9151867159214], "z": [253.48419381061834, 85.41514380102586]}, "camera_uuid": "3d449594a2cb2c364ffe85b6c45b4104", "field_of_view_rads": 1.2375072068149175, "room": "856e4980d5eb3351797f528948f684e5"}