{"vanishing_points_gaussian_sphere": {"x": [-0.6472071458331744, 0.08745216385043399, 0.7572813409957708], "y": [0.7623091846332887, 0.07065007093128635, 0.6433453773061053], "z": [0.002759964892301941, 0.9936602470237406, -0.11239081847959027]}, "nonfixated_points_in_view": [1026, 516, 13, 18, 540, 547, 552, 1065, 45, 557, 47, 1076, 64, 578, 67, 580, 1095, 1096, 589, 590, 1114, 1120, 1121, 618, 630, 632, 647, 1162, 653, 148, 661, 664, 675, 681, 178, 1202, 1203, 1204, 1219, 196, 710, 1227, 719, 720, 214, 729, 1244, 735, 1255, 234, 750, 240, 759, 1276, 263, 781, 1294, 1296, 1306, 796, 290, 807, 809, 304, 305, 1332, 839, 1354, 843, 844, 332, 336, 849, 340, 341, 347, 1375, 867, 364, 374, 1400, 1407, 386, 1427, 408, 931, 424, 435, 1462, 951, 1466, 1477, 1480, 461, 467, 468, 999, 489, 1001], "point_pitch": 0.10105855862167878, "camera_rotation_from_original_to_final": [0.052238579839468, -0.08624280244112015, 0.14173156023025513], "camera_location": [-6.116707801818848, -5.171044826507568, 1.5127230882644653], "camera_rotation_original": [1.5826430320739746, -0.00107341050170362, -1.010670781135559], "view_id": 13, "point_location": [1.4677482843399048, 1.2723000049591064, 2.6383588314056396], "camera_distance": 10.015374399224989, "bounding_box_ranges": {"x": [-5.171044826507568, 1.556610205346626], "y": [-6.116707801818848, 1.4787419397484092], "z": [-0.028070275878881445, 4.82734468836103]}, "obliqueness_angle": 0.6795554161071777, "resolution": 512, "point_uuid": "114", "point_normal": [-0.9993337988853455, -0.02885499969124794, -0.022347303107380867], "camera_rotation_final": [1.6834255456924438, -0.0027599683962762356, -0.8668780326843262], "vanishing_points_image": {"x": [6.46226754645474, 222.28187002277284], "y": [525.2325677439418, 231.0477884937565], "z": [256.62602982823637, 30.612729493539398]}, "camera_uuid": "676a1ae5fa5b4d774f8408cdbebb47fb", "field_of_view_rads": 0.9813982817741549, "room": "8de55a2e5745f73de25402626a4c3d61"}