{"vanishing_points_gaussian_sphere": {"x": [-0.21900396333614464, 0.3612464947729068, 0.9063874635371724], "y": [0.975723506329785, 0.0819875616449691, 0.20308047402697887], "z": [-0.0009503886419146421, 0.9288589827039413, -0.3704322974736797]}, "nonfixated_points_in_view": [1028, 1421, 276, 1172, 1301, 1431, 1053, 1310, 1059, 424, 44, 813, 945, 179, 1461, 1213, 450, 843, 846, 339, 1107, 1496, 233, 113, 626, 1277], "point_pitch": 0.378696278729711, "camera_rotation_from_original_to_final": [0.09788934141397476, -0.3662635087966919, -1.6130797863006592], "camera_location": [0.1851605325937271, -0.11082234233617783, 1.8844544887542725], "camera_rotation_original": [1.5717267990112305, -0.0008006416610442102, -1.3258916139602661], "view_id": 6, "point_location": [1.4767941236495972, -5.875620365142822, 4.24047327041626], "camera_distance": 6.360191873859015, "bounding_box_ranges": {"x": [-6.080437600815637, -0.11082234233617783], "y": [-2.4440265020596796, 1.4911701087136007], "z": [1.334264115511511, 5.464160254786153]}, "obliqueness_angle": 0.6631602048873901, "resolution": 512, "point_uuid": "1479", "point_normal": [-0.7015426158905029, 0.7126269340515137, 0.0009052325622178614], "camera_rotation_final": [1.9502708911895752, 0.0009503887849859893, -2.9207990169525146], "vanishing_points_image": {"x": [174.71878235984, 121.92683293902958], "y": [476.39404029439214, 237.48085000761176], "z": [255.83726709088265, 96.95356599518192]}, "camera_uuid": "a5d931f6e602ca2a792cef637b435332", "field_of_view_rads": 1.1254074483282017, "room": "8de55a2e5745f73de25402626a4c3d61"}