{"vanishing_points_gaussian_sphere": {"x": [0.6473978178279015, -0.17878966189477977, 0.7408848238904759], "y": [0.7620345224116124, 0.13476046051448695, -0.6333585121673422], "z": [0.013395974192904768, 0.9746147316152541, 0.22348752268068406]}, "nonfixated_points_in_view": [1444, 583, 716, 219, 1392, 405, 441, 891, 895], "point_pitch": -0.23416142066451506, "camera_rotation_from_original_to_final": [0.2274213582277298, 0.07750842720270157, 0.5704702138900757], "camera_location": [4.8224005699157715, -9.461613655090332, 4.288321018218994], "camera_rotation_original": [1.5853524208068848, -0.00664387596771121, -2.8390679359436035], "view_id": 2, "point_location": [6.811432838439941, -11.161972999572754, 3.6883304119110107], "camera_distance": 2.684671338325443, "bounding_box_ranges": {"x": [-11.640524085713478, -9.388882768916227], "y": [4.8224005699157715, 7.492280947019198], "z": [2.7666021375765903, 5.195332510524638]}, "obliqueness_angle": 1.0963414907455444, "resolution": 512, "point_uuid": "732", "point_normal": [-0.1633044183254242, 0.1885852962732315, 0.9683838486671448], "camera_rotation_final": [1.3453847169876099, -0.013396374881267548, -2.2750377655029297], "vanishing_points_image": {"x": [429.2649144003792, 303.84998436943556], "y": [353.51457070518853, 238.75523212056586], "z": [258.5410364553975, 71.12867020052092]}, "camera_uuid": "1955ab56dcf3a4b1d94fa400e9c09bfa", "field_of_view_rads": 1.2993449542132463, "room": "b80a98836bb3f1f478d8093ef8f4a998"}