{"vanishing_points_gaussian_sphere": {"x": [0.23895813495620885, -0.331976931536821, 0.9125186719545235], "y": [0.9708581624402328, 0.09935280602479976, -0.21809045911770897], "z": [-0.018260289193352132, 0.9380406904086813, 0.34604367495473715]}, "nonfixated_points_in_view": [899, 773, 1159, 521, 522, 141, 272, 528, 402, 786, 408, 793, 29, 925, 1186, 292, 1317, 299, 941, 430, 814, 1198, 689, 436, 828, 1469, 190, 63, 1087, 322, 1474, 966, 967, 1478, 1100, 1234, 852, 981, 1371, 1374, 224, 352, 1248, 611, 1252, 997, 1254, 106, 1143, 1019, 127, 639], "point_pitch": -0.35602490504714446, "camera_rotation_from_original_to_final": [0.3189873993396759, -0.1947656273841858, -1.322096586227417], "camera_location": [1.9597357511520386, -5.512042045593262, 1.5149836540222168], "camera_rotation_original": [1.5890778303146362, 0.002467385260388255, 2.6240296363830566], "view_id": 4, "point_location": [-0.6168902516365051, -4.896232604980469, 0.5378797054290771], "camera_distance": 2.8236421917265284, "bounding_box_ranges": {"x": [-6.144712917379279, -4.3456170564427605], "y": [-3.5512573181590232, 1.9597357511520386], "z": [-0.0702263660261413, 2.4270195862229285]}, "obliqueness_angle": 1.2313746213912964, "resolution": 512, "point_uuid": "37", "point_normal": [0.12990257143974304, -0.9915125370025635, -0.005306083243340254], "camera_rotation_final": [1.217383861541748, 0.01826130412518978, 1.3294625282287598], "vanishing_points_image": {"x": [343.69186720785547, 377.8275201291357], "y": [430.6770460365275, 238.12441802185444], "z": [251.59401595135404, 29.662274723110652]}, "camera_uuid": "5090c6fc5c0dcfff7ec7ff2b1a5d94fb", "field_of_view_rads": 1.140719705811611, "room": "856e4980d5eb3351797f528948f684e5"}