{"vanishing_points_gaussian_sphere": {"x": [0.1750793650099472, -0.03465846672443758, 0.9839441074736028], "y": [0.9845444296359518, 0.010643424802144844, -0.17481127990292716], "z": [-0.004413844189836873, 0.9993425379682345, 0.035986244409158645]}, "nonfixated_points_in_view": [393, 1289, 780, 1165, 14, 274, 787, 1298, 1174, 792, 667, 1448, 42, 556, 825, 1468, 702, 1216, 1476, 453, 70, 1223, 584, 585, 460, 979, 84, 856, 865, 868, 358, 1384, 877, 879, 1401, 251, 892, 765, 382], "point_pitch": -0.037315769991602465, "camera_rotation_from_original_to_final": [-0.03205063194036484, 0.01639198139309883, -3.0943727493286133], "camera_location": [-5.588504314422607, -6.667678356170654, 1.5075440406799316], "camera_rotation_original": [1.5696860551834106, -0.004471865016967058, -0.2234717458486557], "view_id": 0, "point_location": [-6.3628997802734375, -11.026451110839844, 1.3481279611587524], "camera_distance": 4.429898565215659, "bounding_box_ranges": {"x": [-11.624743418051516, -6.667678356170654], "y": [-7.280656023160274, -4.129418760818211], "z": [-0.0110162282418073, 2.4295571589688154]}, "obliqueness_angle": 1.4289647340774536, "resolution": 512, "point_uuid": "508", "point_normal": [0.8707914352416992, -0.02899499051272869, 0.4907969832420349], "camera_rotation_final": [1.534801959991455, 0.004413858521729708, 2.965604543685913], "vanishing_points_image": {"x": [344.1168551384315, 273.44348965112994], "y": [487.502330561494, 253.49734235176808], "z": [254.85075109631282, -4.202505292879639]}, "camera_uuid": "a16f93f6e5a1a0a39d5df06bb9e95552", "field_of_view_rads": 0.928268804041841, "room": "ade82d56fe033105b37cc8ef1783cd93"}