{"vanishing_points_gaussian_sphere": {"x": [0.009160305976436264, -0.3104953971028037, 0.9505307449906029], "y": [0.9999535846403713, 0.005683047650058038, -0.007780201429207053], "z": [-0.0029861947843253167, 0.9505578947898857, 0.3105330438026373]}, "nonfixated_points_in_view": [640, 257, 642, 1280, 1159, 394, 779, 1420, 399, 272, 527, 1042, 788, 279, 152, 793, 669, 1405, 1186, 164, 421, 1190, 1317, 297, 1068, 173, 46, 430, 1072, 689, 1324, 436, 692, 823, 953, 186, 826, 1469, 191, 1215, 322, 452, 709, 1353, 76, 1357, 1234, 1241, 1371, 611, 1251, 1379, 1380, 871, 106, 1006, 239, 368, 1137, 1265, 756, 121, 634, 636, 893, 766], "point_pitch": -0.3194928606364389, "camera_rotation_from_original_to_final": [0.17973622679710388, -0.2668515145778656, -0.6203135848045349], "camera_location": [0.21503694355487823, -3.282130241394043, 2.989867687225342], "camera_rotation_original": [1.575566053390503, 0.00037009804509580135, 2.1583032608032227], "view_id": 8, "point_location": [-7.068042278289795, -3.222517967224121, 0.6105260252952576], "camera_distance": 7.6621187251595755, "bounding_box_ranges": {"x": [-6.434576515154955, 1.355176019200854], "y": [-7.430652758124078, 0.21503694355487823], "z": [-0.043501157339452146, 4.5604414694099304]}, "obliqueness_angle": 0.2747851312160492, "resolution": 512, "point_uuid": "335", "point_normal": [0.9986147880554199, -0.03178214654326439, 0.04193529859185219], "camera_rotation_final": [1.2550411224365234, 0.0029861992225050926, 1.5616358518600464], "vanishing_points_image": {"x": [259.87438103482424, 387.32503226746223], "y": [477.0679297078586, 254.74360210541045], "z": [255.2154321628727, 6.258370453864275]}, "camera_uuid": "41fbfac86809ed0f1940b75ebedda277", "field_of_view_rads": 1.0462775653270615, "room": "8de55a2e5745f73de25402626a4c3d61"}