{"vanishing_points_gaussian_sphere": {"x": [0.1607402577252363, -0.0095218039346847, 0.9869508117410178], "y": [0.9869957701612619, 0.00014715077785794838, -0.160746160235404], "z": [0.001385362841359703, 0.9999546557701895, 0.009421633261796014]}, "nonfixated_points_in_view": [772, 1029, 646, 1030, 8, 1414, 1290, 654, 144, 17, 1299, 662, 1304, 1432, 416, 672, 673, 677, 422, 1061, 298, 171, 172, 685, 687, 562, 693, 1463, 1465, 827, 60, 317, 701, 831, 708, 1351, 456, 1483, 334, 977, 466, 722, 85, 1367, 91, 604, 740, 613, 1128, 874, 1004, 751, 1007, 242, 115, 627, 1141, 119, 248, 1273, 1403, 254, 1399], "point_pitch": -0.013816161951746508, "camera_rotation_from_original_to_final": [-0.0074209063313901424, 0.004851559642702341, -1.50880765914917], "camera_location": [-5.588504314422607, -6.667678356170654, 1.5075440406799316], "camera_rotation_original": [1.5696860551834106, -0.004471865016967058, -0.2234717458486557], "view_id": 7, "point_location": [6.045886039733887, -8.562589645385742, 1.3964803218841553], "camera_distance": 11.788216485239284, "bounding_box_ranges": {"x": [-6.441881743807777, -6.069629585672725], "y": [-4.305187453871758, -1.7167501228031052], "z": [-0.01510087938499129, 2.4262657839819255]}, "obliqueness_angle": 0.15078210830688477, "resolution": 512, "point_uuid": "28", "point_normal": [-0.9982923865318298, 0.017819158732891083, 0.05563205108046532], "camera_rotation_final": [1.561374545097351, -0.0013853632844984531, -1.7322371006011963], "vanishing_points_image": {"x": [316.87987971483034, 259.6063540423252], "y": [431.263386823582, 255.97387005650805], "z": [256.267032371681, 63.25608098329855]}, "camera_uuid": "a16f93f6e5a1a0a39d5df06bb9e95552", "field_of_view_rads": 1.1767525641711627, "room": "8de55a2e5745f73de25402626a4c3d61"}