{"vanishing_points_gaussian_sphere": {"x": [0.31469032163879396, 0.17016999624452311, 0.9338159207493795], "y": [0.949047406589574, -0.039095523403914985, -0.31269883289737066], "z": [-0.01670393703520655, 0.9846388741198029, -0.1738023764498373]}, "nonfixated_points_in_view": [768, 3, 771, 775, 137, 1291, 12, 654, 144, 17, 529, 1299, 1428, 665, 28, 929, 1442, 1443, 422, 934, 1062, 43, 172, 686, 687, 560, 1070, 1456, 821, 566, 1080, 1465, 317, 1085, 193, 66, 195, 456, 1099, 1483, 334, 463, 591, 848, 466, 977, 1366, 89, 1113, 91, 1370, 1117, 94, 1378, 1128, 363, 1133, 367, 623, 241, 1391, 116, 1013, 1141, 1403, 894], "point_pitch": 0.1790931979801993, "camera_rotation_from_original_to_final": [0.11606312543153763, 0.11561356484889984, -2.5023033618927], "camera_location": [0.4931855797767639, -7.2360944747924805, 1.5182243585586548], "camera_rotation_original": [1.5842092037200928, -0.010877704247832298, 0.6175836324691772], "view_id": 9, "point_location": [5.321243762969971, -8.852824211120605, 2.4168248176574707], "camera_distance": 5.17024604637069, "bounding_box_ranges": {"x": [-11.693930202447167, -5.649336154349745], "y": [0.4931855797767639, 6.510144385796748], "z": [-0.029644990821656836, 2.427692319400086]}, "obliqueness_angle": 1.3913508653640747, "resolution": 512, "point_uuid": "1399", "point_normal": [-0.0015349035384133458, 0.010418960824608803, -0.9999445676803589], "camera_rotation_final": [1.745510458946228, 0.01670471392571926, -1.8909729719161987], "vanishing_points_image": {"x": [371.2449516386857, 193.6808511763973], "y": [416.2284171203379, 262.60052784297784], "z": [252.99966670168433, 79.14080838480801]}, "camera_uuid": "c61bffa72844e019185a72c8df1f3454", "field_of_view_rads": 1.160667756312339, "room": "856e4980d5eb3351797f528948f684e5"}