{"vanishing_points_gaussian_sphere": {"x": [0.4091141360549037, -0.029112413336486363, 0.9120186900879693], "y": [0.912475892543236, 0.009047479186548189, -0.40903042508815146], "z": [0.0036563926860511387, 0.9995351972342419, 0.03026582697417738]}, "nonfixated_points_in_view": [384, 1282, 5, 390, 645, 1158, 1274, 280, 921, 1049, 1433, 1435, 800, 289, 418, 294, 1323, 1073, 1205, 1214, 1093, 326, 202, 970, 1235, 346, 218, 737, 226, 995, 614, 487, 1129, 107, 876, 365, 238, 497, 1394, 755, 1012, 1396, 1142, 247, 1272, 506, 637], "point_pitch": -0.039317770800318286, "camera_rotation_from_original_to_final": [-0.035327229648828506, 0.01770109497010708, 0.05576404556632042], "camera_location": [4.716692924499512, -4.644749641418457, 4.289913177490234], "camera_rotation_original": [1.5800347328186035, -0.0031423436012119055, -0.47769707441329956], "view_id": 3, "point_location": [6.644903182983398, -0.34540271759033203, 4.147237777709961], "camera_distance": 4.714099648526521, "bounding_box_ranges": {"x": [-4.644749641418457, -0.07843214694814371], "y": [4.177735610897506, 7.503904479994426], "z": [2.7631837304624467, 5.20605335661486]}, "obliqueness_angle": 0.15706844627857208, "resolution": 512, "point_uuid": "742", "point_normal": [-0.2910812497138977, -0.9545507431030273, -0.06406798213720322], "camera_rotation_final": [1.5405256748199463, -0.0036564008332788944, -0.4214860200881958], "vanishing_points_image": {"x": [397.8182324185002, 266.0917339122772], "y": [398.8525941447174, 254.58357258221207], "z": [256.70009057192397, 64.61870483458439]}, "camera_uuid": "3e56251b11c1ca97c045b046c52cd27c", "field_of_view_rads": 1.192687968149303, "room": "5cd6a063c51df65aa0d61bbfd9882874"}