{"vanishing_points_gaussian_sphere": {"x": [-0.39173758467190695, -0.12879864937278598, 0.9110173284165164], "y": [0.9200647628300223, -0.059941715695723444, 0.38715348754465345], "z": [0.004743095398105253, 0.9898575143116303, 0.14198452171573236]}, "nonfixated_points_in_view": [512, 1024, 902, 9, 265, 1168, 1425, 918, 666, 541, 1181, 801, 558, 306, 59, 955, 1470, 449, 451, 1350, 82, 1110, 983, 478, 353, 482, 355, 609, 101, 873, 1385, 491, 369, 499, 886, 1398, 1016, 1279], "point_pitch": -0.14222876628371672, "camera_rotation_from_original_to_final": [0.14339877665042877, 0.010504046455025673, 0.3308179974555969], "camera_location": [6.898015022277832, -5.4319539070129395, 1.5056571960449219], "camera_rotation_original": [1.5721105337142944, -0.004563433583825827, -3.0698022842407227], "view_id": 1, "point_location": [9.345663070678711, -11.19155216217041, 0.6080071926116943], "camera_distance": 6.322161834213672, "bounding_box_ranges": {"x": [-6.099776987267079, -5.4319539070129395], "y": [6.898015022277832, 7.595174136291917], "z": [0.7689074041646851, 1.9023949944190723]}, "obliqueness_angle": 0.509368896484375, "resolution": 512, "point_uuid": "1", "point_normal": [-0.7839757204055786, 0.6008157134056091, 0.15621326863765717], "camera_rotation_final": [1.4283287525177002, -0.004743113182485104, -2.7390685081481934], "vanishing_points_image": {"x": [118.80286978779765, 301.10878138985254], "y": [473.5685481929219, 270.1744718273933], "z": [256.97360610211865, 52.81384512173833]}, "camera_uuid": "7aee671bd52588b571fedb6abd1f939e", "field_of_view_rads": 1.1823057898627887, "room": "8efc299ca974ee46c0bc622cd51b4dc7"}