{"vanishing_points_gaussian_sphere": {"x": [0.6877657384226011, 0.1014712820195252, 0.7188058625090146], "y": [0.7259012510348202, -0.105349341152082, -0.6796829334806822], "z": [0.006757425404502216, 0.9892447094850375, -0.14611379797187662]}, "nonfixated_points_in_view": [228, 69, 198, 551, 1447, 1242, 1052, 721, 946, 51, 1009, 599, 1018, 860, 605, 222, 927], "point_pitch": 0.16380710999039216, "camera_rotation_from_original_to_final": [-0.10716371983289719, 0.07139202952384949, 2.897172451019287], "camera_location": [1.9597357511520386, -5.512042045593262, 1.5149836540222168], "camera_rotation_original": [1.5890778303146362, 0.002467385260388255, 2.6240296363830566], "view_id": 5, "point_location": [3.830484628677368, -3.5336122512817383, 1.917144536972046], "camera_distance": 2.7523842332446793, "bounding_box_ranges": {"x": [-5.512042045593262, -3.161382848546327], "y": [1.9597357511520386, 6.484193083240799], "z": [0.2850588135065892, 2.427734218043599]}, "obliqueness_angle": 0.8621904253959656, "resolution": 512, "point_uuid": "104", "point_normal": [-0.9992485642433167, 0.03831683099269867, 0.005844864994287491], "camera_rotation_final": [1.7174384593963623, -0.006757476832717657, 5.524756908416748], "vanishing_points_image": {"x": [444.8451951342168, 228.13823983520103], "y": [351.29595779140675, 269.8302094857524], "z": [257.10766608434625, 93.8446304290018]}, "camera_uuid": "5090c6fc5c0dcfff7ec7ff2b1a5d94fb", "field_of_view_rads": 1.2581672530190298, "room": "856e4980d5eb3351797f528948f684e5"}