{"vanishing_points_gaussian_sphere": {"x": [-0.03237870754593922, -0.1931251589407057, 0.9806397362343532], "y": [0.9994540722970273, -0.01270673191532095, 0.030497480763509423], "z": [0.006570895414097101, 0.9810918468462366, 0.19343115412284984]}, "nonfixated_points_in_view": [513, 901, 1031, 524, 19, 159, 166, 1451, 942, 1074, 1459, 182, 183, 1467, 830, 833, 968, 74, 586, 588, 205, 1482, 598, 1499, 1116, 734, 95, 612, 869, 103, 1008, 244, 250], "point_pitch": -0.19085912307235198, "camera_rotation_from_original_to_final": [0.17724543809890747, 0.0908806249499321, 1.1351847648620605], "camera_location": [-1.9461179971694946, -10.539590835571289, 4.280216217041016], "camera_rotation_original": [1.5751063823699951, -0.006250596605241299, -2.666795015335083], "view_id": 1, "point_location": [0.5512744188308716, -10.461922645568848, 3.7876052856445312], "camera_distance": 2.546697247626985, "bounding_box_ranges": {"x": [-11.265450583188565, -9.682151539138237], "y": [-1.9461179971694946, 0.827112538963696], "z": [2.7707880411704666, 5.057103757512603]}, "obliqueness_angle": 0.7484015822410583, "resolution": 512, "point_uuid": "1359", "point_normal": [-0.5877057313919067, -0.25050297379493713, 0.769318163394928], "camera_rotation_final": [1.376133918762207, -0.00657094269990921, -1.538411259651184], "vanishing_points_image": {"x": [239.9428900781521, 351.7738013904813], "y": [512.5321923083154, 259.2614663201278], "z": [257.8386777031683, -18.530576104784572]}, "camera_uuid": "41fe4d40075167d2675e7ca53b4961cc", "field_of_view_rads": 0.9375288361957579, "room": "c6b90c3c2e476767ef8ca0b4e5cf1d4d"}