{"vanishing_points_gaussian_sphere": {"x": [-0.4355725552917703, 0.17634558256170665, 0.8827110425204672], "y": [0.9001529847595564, 0.08416143628250682, 0.4273657177071267], "z": [0.0010738272950136891, 0.9807237573108127, -0.19539641435068]}, "nonfixated_points_in_view": [131, 1283, 1411, 266, 656, 1430, 1177, 1056, 803, 676, 1060, 1454, 559, 432, 177, 1352, 1225, 717, 1494, 480, 1127, 745, 1260, 1261, 110, 1134, 125], "point_pitch": 0.1991521875050406, "camera_rotation_from_original_to_final": [0.01782221533358097, -0.1938965767621994, -2.7981834411621094], "camera_location": [-3.781970262527466, -8.79295825958252, 4.280111312866211], "camera_rotation_original": [1.5727763175964355, 0.0018530383240431547, -1.4653403759002686], "view_id": 4, "point_location": [-7.277241230010986, -10.485199928283691, 5.053822994232178], "camera_distance": 3.959700810817467, "bounding_box_ranges": {"x": [-11.994706112376146, -8.311012172542082], "y": [-7.284179685460416, -3.781970262527466], "z": [2.7703459826902312, 5.212402269988915]}, "obliqueness_angle": 0.6090455651283264, "resolution": 512, "point_uuid": "41", "point_normal": [0.9766913056373596, 0.0, 0.2146487534046173], "camera_rotation_final": [1.7674580812454224, -0.001073827501386404, -4.261714458465576], "vanishing_points_image": {"x": [100.30029877744111, 192.96353412720492], "y": [484.60270504227714, 234.62637538266512], "z": [256.19535038264286, 77.58698875766616]}, "camera_uuid": "719f11efd7d094b502660bf8fb326352", "field_of_view_rads": 1.1400218959398778, "room": "ef914082afe6874a9bab2b30c864407b"}