{"vanishing_points_gaussian_sphere": {"x": [0.31042239755569717, -0.09212617881192207, 0.9461240416950024], "y": [0.9505987216409982, 0.030161949795725763, -0.30895360039821534], "z": [-7.423121126070298e-05, 0.9952904219181625, 0.0969379725788269]}, "nonfixated_points_in_view": [1026, 517, 910, 16, 1296, 915, 1427, 661, 664, 1050, 290, 547, 424, 936, 557, 1199, 305, 178, 690, 1332, 1466, 64, 710, 455, 1096, 1354, 1227, 844, 1356, 467, 341, 214, 87, 735, 1375, 354, 867, 618, 364, 240, 114, 500, 759, 1020, 1407], "point_pitch": -0.0949464281413217, "camera_rotation_from_original_to_final": [0.06341178715229034, 0.07452306151390076, 1.9397673606872559], "camera_location": [-2.9783132076263428, -7.1683149337768555, 4.279703140258789], "camera_rotation_original": [1.5714958906173706, -0.0020283132325857878, -2.2531356811523438], "view_id": 6, "point_location": [-0.9511867165565491, -0.9605433344841003, 3.6436657905578613], "camera_distance": 6.561266329020615, "bounding_box_ranges": {"x": [-7.1683149337768555, -5.958045245865754], "y": [-3.1558005059181964, -2.1144705118320104], "z": [3.4081422100750896, 4.798898628608876]}, "obliqueness_angle": 1.2526806592941284, "resolution": 512, "point_uuid": "13", "point_normal": [-0.8562026023864746, -0.10287217795848846, -0.5062949657440186], "camera_rotation_final": [1.4737058877944946, 7.4231211328879e-05, -0.31563735008239746], "vanishing_points_image": {"x": [409.10267589948603, 301.4373286449766], "y": [469.9938291260294, 249.21009908413066], "z": [255.9797253748659, -15.84172077017704]}, "camera_uuid": "e17726a518b6f85be09164e3bce92661", "field_of_view_rads": 0.9152857237490366, "room": "ef914082afe6874a9bab2b30c864407b"}