{"vanishing_points_gaussian_sphere": {"x": [0.015993173764013744, -0.08655610121705559, 0.9961185972237728], "y": [0.999816767077864, -0.009096506770730699, -0.016842975821934923], "z": [0.010519061884136633, 0.9962054481414329, 0.08639475927627109]}, "nonfixated_points_in_view": [779, 1147, 1038, 18, 1042, 23, 1051, 669, 1446, 168, 297, 1324, 46, 815, 563, 1334, 1208, 1209, 442, 443, 826, 318, 704, 1219, 452, 76, 719, 464, 337, 978, 1105, 1106, 1361, 1238, 606, 227, 1251, 231, 871, 493, 494, 1137, 1138, 121, 634, 635, 766], "point_pitch": -0.09206096728774504, "camera_rotation_from_original_to_final": [-0.060395777225494385, 0.07824419438838959, 0.9917407631874084], "camera_location": [-6.116707801818848, -5.171044826507568, 1.5127230882644653], "camera_rotation_original": [1.5826430320739746, -0.00107341050170362, -1.010670781135559], "view_id": 5, "point_location": [-6.006031513214111, 1.3745170831680298, 0.9450177550315857], "camera_distance": 6.571066733289898, "bounding_box_ranges": {"x": [-5.171044826507568, 1.5572096385129157], "y": [-7.398033804352174, -2.717970456663685], "z": [-0.03540394902986188, 3.4940729933932584]}, "obliqueness_angle": 0.9887465834617615, "resolution": 512, "point_uuid": "1259", "point_normal": [0.8254477381706238, -0.564139187335968, 0.01957028917968273], "camera_rotation_final": [1.4842889308929443, -0.010519255883991718, -0.015994740650057793], "vanishing_points_image": {"x": [264.3587482267024, 301.23809146539037], "y": [516.0981875219186, 258.3664185296301], "z": [258.8841221870167, -17.140159023546524]}, "camera_uuid": "676a1ae5fa5b4d774f8408cdbebb47fb", "field_of_view_rads": 0.9078782432235194, "room": "8de55a2e5745f73de25402626a4c3d61"}