{"vanishing_points_gaussian_sphere": {"x": [-0.5967786483306545, -0.019874919886739575, 0.8021597300139995], "y": [0.8022513707027418, -0.03439816553774925, 0.5959945506573108], "z": [0.015747479233490413, 0.9992105652799781, 0.0364727724564161]}, "nonfixated_points_in_view": [3, 771, 775, 1160, 137, 1291, 12, 1164, 654, 144, 1403, 1428, 665, 28, 285, 797, 287, 926, 929, 1439, 35, 1188, 1442, 422, 934, 1062, 1443, 43, 1070, 1328, 181, 821, 1078, 1080, 317, 66, 195, 1347, 973, 89, 474, 1113, 604, 1117, 351, 607, 1378, 362, 363, 1130, 241, 1395, 116, 117, 1013, 1141, 1271, 894, 1399], "point_pitch": -0.046092673144068286, "camera_rotation_from_original_to_final": [0.056608110666275024, -0.011254316195845604, 1.156453251838684], "camera_location": [1.9597357511520386, -5.512042045593262, 1.5149836540222168], "camera_rotation_original": [1.5890778303146362, 0.002467385260388255, 2.6240296363830566], "view_id": 5, "point_location": [6.375298023223877, -11.455026626586914, 1.244765281677246], "camera_distance": 7.4087294208816195, "bounding_box_ranges": {"x": [-11.705427854058026, -5.512042045593262], "y": [1.9597357511520386, 6.50919713384639], "z": [-0.032749956113667156, 2.4276866382497855]}, "obliqueness_angle": 0.898621678352356, "resolution": 512, "point_uuid": "529", "point_normal": [-0.9994314908981323, 0.03354790061712265, 0.003362996270880103], "camera_rotation_final": [1.5343109369277954, -0.015748130157589912, 3.781165361404419], "vanishing_points_image": {"x": [16.21129543187651, 263.98584417583913], "y": [531.014776380696, 267.7918200563293], "z": [259.8600103656048, 11.074251426862306]}, "camera_uuid": "5090c6fc5c0dcfff7ec7ff2b1a5d94fb", "field_of_view_rads": 0.9776731286816898, "room": "856e4980d5eb3351797f528948f684e5"}