{"vanishing_points_gaussian_sphere": {"x": [0.43934132325886216, 0.34775582209094286, 0.828278389117454], "y": [0.8983021441198533, -0.16422576245533063, -0.4075330131604552], "z": [-0.0056973280427263335, 0.9230903461459327, -0.3845409644047768]}, "nonfixated_points_in_view": [3, 771, 518, 775, 649, 12, 1039, 1424, 529, 665, 285, 415, 1443, 934, 1062, 43, 174, 1070, 1460, 566, 1080, 1464, 1338, 571, 65, 195, 975, 848, 724, 216, 89, 1113, 1370, 1117, 1378, 241, 1271, 1404], "point_pitch": 0.3918205062535147, "camera_rotation_from_original_to_final": [0.3656952977180481, -0.13667064905166626, -1.6613537073135376], "camera_location": [-1.2640292644500732, -10.590165138244629, 1.4937529563903809], "camera_rotation_original": [1.576294183731079, -0.003259384771808982, -0.3901067078113556], "view_id": 10, "point_location": [2.4351407773792744e-05, -11.21211051940918, 2.0806093215942383], "camera_distance": 1.52612186542295, "bounding_box_ranges": {"x": [-12.063292544783634, -9.312327655946548], "y": [-1.2640292644500732, 6.505094378746136], "z": [-0.03453878492945739, 2.419270540593314]}, "obliqueness_angle": 1.1332453489303589, "resolution": 512, "point_uuid": "695", "point_normal": [-0.01856897585093975, 0.9998250007629395, -0.002289131050929427], "camera_rotation_final": [1.9655135869979858, 0.00569735886529088, -2.025669574737549], "vanishing_points_image": {"x": [386.83591598208386, 152.43826084039245], "y": [386.19657230888305, 279.8022713142318], "z": [255.1662884771749, 120.92070450937389]}, "camera_uuid": "bf987798a26d9c5da496954cb31ac414", "field_of_view_rads": 1.2659131429597916, "room": "856e4980d5eb3351797f528948f684e5"}