{"vanishing_points_gaussian_sphere": {"x": [0.3222058576545674, 0.24201473648353267, 0.9152115889879734], "y": [0.9464207849679808, -0.06018452663809561, -0.31727830139160096], "z": [-0.02170444824629064, 0.9684041976768557, -0.24843958389952567]}, "nonfixated_points_in_view": [228, 1382, 1064, 1386, 334, 79, 208, 367, 338, 463, 372, 687, 1141, 1170, 1366, 1465, 1242, 28, 542], "point_pitch": 0.2639083425190787, "camera_rotation_from_original_to_final": [-0.22536706924438477, 0.07777662575244904, -2.9718215465545654], "camera_location": [5.132575988769531, -10.393342971801758, 1.5002893209457397], "camera_rotation_original": [1.587233543395996, -0.019086314365267754, 2.634567975997925], "view_id": 5, "point_location": [6.301759719848633, -7.020749092102051, 2.4157989025115967], "camera_distance": 3.6850424675584197, "bounding_box_ranges": {"x": [-10.393342971801758, -3.944355918007914], "y": [4.435298156003906, 6.504821452725957], "z": [0.4261350441952243, 2.427712900877379]}, "obliqueness_angle": 1.2497272491455078, "resolution": 512, "point_uuid": "1483", "point_normal": [-0.25112468004226685, 0.0049934349954128265, -0.9679418802261353], "camera_rotation_final": [1.8219257593154907, 0.021706152707338333, -0.32813888788223267], "vanishing_points_image": {"x": [416.28542997821154, 135.60667015584067], "y": [476.4000691671738, 270.01561973755537], "z": [250.7907742405654, 23.575934903343935]}, "camera_uuid": "3d449594a2cb2c364ffe85b6c45b4104", "field_of_view_rads": 0.8858988652030824, "room": "856e4980d5eb3351797f528948f684e5"}