{"vanishing_points_gaussian_sphere": {"x": [0.3430403514499787, 0.11079319242750545, 0.9327637352453175], "y": [0.9393140727410187, -0.03674026759543884, -0.34108536393063793], "z": [-0.0035199471239388508, 0.9931641461756145, -0.11667299911936513]}, "nonfixated_points_in_view": [1024, 902, 136, 9, 265, 1160, 1168, 1425, 917, 918, 24, 537, 666, 1178, 541, 285, 1181, 1311, 801, 1443, 1188, 687, 1327, 1078, 1080, 59, 1470, 451, 1350, 973, 591, 82, 1110, 983, 1366, 733, 478, 607, 353, 482, 355, 101, 873, 362, 491, 369, 1398, 1279], "point_pitch": 0.11108513275650544, "camera_rotation_from_original_to_final": [-0.06975217908620834, -0.08733606338500977, -1.1776165962219238], "camera_location": [7.02915096282959, -4.004668712615967, 1.4965605735778809], "camera_rotation_original": [1.5762782096862793, -0.00407657353207469, -2.3110499382019043], "view_id": 10, "point_location": [6.34298849105835, -5.881113529205322, 1.7312721014022827], "camera_distance": 2.0117041642854674, "bounding_box_ranges": {"x": [-6.106922048152539, -4.004668712615967], "y": [6.325297249678351, 7.602166490814736], "z": [0.3155316054886732, 2.4291987530006796]}, "obliqueness_angle": 1.2950409650802612, "resolution": 512, "point_uuid": "623", "point_normal": [-0.811630368232727, 0.5803937911987305, -0.06632749736309052], "camera_rotation_final": [1.6877363920211792, 0.0035199543926864862, -3.491746664047241], "vanishing_points_image": {"x": [368.4244637936542, 219.6897956814689], "y": [396.33621840680894, 261.48910142754744], "z": [255.41835424852223, 91.88682278367216]}, "camera_uuid": "c1644f81920efcf3b70623e2c3537e98", "field_of_view_rads": 1.2636586322956198, "room": "8efc299ca974ee46c0bc622cd51b4dc7"}