{"vanishing_points_gaussian_sphere": {"x": [0.43871219488104674, 0.0722093663482664, 0.8957217299330392], "y": [0.8983780800563633, -0.011754054867429716, -0.43906567557532417], "z": [-0.021176291858985667, 0.9973202342305882, -0.0700279591116845]}, "nonfixated_points_in_view": [1408, 897, 1282, 6, 1158, 11, 280, 1049, 1214, 964, 1093, 982, 90, 346, 218, 92, 737, 226, 995, 742, 107, 236, 365, 876, 755, 1396, 1142, 504, 1274, 637], "point_pitch": 0.06576164166000886, "camera_rotation_from_original_to_final": [-0.0021932637318968773, 0.05526971071958542, -1.581246018409729], "camera_location": [1.8559356927871704, -11.157529830932617, 4.285287857055664], "camera_rotation_original": [1.5919296741485596, -0.0045516216196119785, 1.1265037059783936], "view_id": 4, "point_location": [7.236362934112549, -0.18111766874790192, 5.143429279327393], "camera_distance": 12.25426534917572, "bounding_box_ranges": {"x": [-11.157529830932617, -4.6727534690782075], "y": [1.8414476233353902, 5.179503666812093], "z": [2.765626555914309, 5.2050821159682945]}, "obliqueness_angle": 0.8526979684829712, "resolution": 512, "point_uuid": "1235", "point_normal": [0.011123701930046082, -0.682898998260498, -0.730428159236908], "camera_rotation_final": [1.6408973932266235, 0.021177874878048897, -0.45427459478378296], "vanishing_points_image": {"x": [463.0211692002809, 221.92557119894335], "y": [447.9328132111793, 258.51117972201945], "z": [250.6692627212717, 4.943196153243062]}, "camera_uuid": "98774619ba34c130644b0d766385ca3e", "field_of_view_rads": 0.9132896988209526, "room": "77c77478b552f1977cad320741ba92a5"}