{"vanishing_points_gaussian_sphere": {"x": [0.6172941838084648, 0.19704732572248718, 0.7616562492764419], "y": [0.7867322746686244, -0.1551846865116588, -0.5974696988693322], "z": [0.0004675799111888701, 0.9680341236226616, -0.25081809518280856]}, "nonfixated_points_in_view": [769, 386, 1026, 263, 647, 1477, 1162, 653, 1296, 1427, 789, 1480, 664, 1306, 796, 1354, 290, 547, 675, 931, 807, 681, 1065, 47, 304, 305, 178, 179, 435, 1076, 1202, 951, 1203, 1081, 1204, 1332, 1462, 1466, 64, 578, 67, 196, 580, 710, 839, 1095, 1096, 1219, 843, 1227, 461, 589, 590, 336, 719, 720, 467, 849, 213, 214, 471, 1114, 347, 1244, 735, 1121, 1255, 489, 234, 618, 364, 1131, 750, 114, 370, 371, 374, 630, 1400, 1276, 1407], "point_pitch": 0.25162072578934236, "camera_rotation_from_original_to_final": [-0.24168914556503296, -0.07948014885187149, 2.155534267425537], "camera_location": [-3.8966617584228516, -5.1063923835754395, 1.5070674419403076], "camera_rotation_original": [1.5701526403427124, 0.0018522855825722218, -2.8113532066345215], "view_id": 9, "point_location": [0.2670465409755707, 0.2015163153409958, 3.254993438720703], "camera_distance": 6.968902654643692, "bounding_box_ranges": {"x": [-5.1063923835754395, 1.5530752299656667], "y": [-4.038211602142719, 1.4791149708678297], "z": [-0.019269041946287313, 4.761812091038826]}, "obliqueness_angle": 1.2636638879776, "resolution": 512, "point_uuid": "867", "point_normal": [0.428644597530365, -0.48141247034072876, -0.764529824256897], "camera_rotation_final": [1.8243216276168823, -0.00046757992822676897, -0.6652988195419312], "vanishing_points_image": {"x": [441.2967767356952, 196.85116095619236], "y": [368.5883290031742, 278.20829766846464], "z": [256.0772204525987, 96.1299299470422]}, "camera_uuid": "62e24ad43a6e699e9b1ae0325438e489", "field_of_view_rads": 1.2061883984259418, "room": "8de55a2e5745f73de25402626a4c3d61"}