{"vanishing_points_gaussian_sphere": {"x": [0.6728062865323602, 0.25106255228633384, 0.6959161556121596], "y": [0.7398053755668919, -0.23396171760066584, -0.6308327202830212], "z": [0.0044392662530868664, 0.9392707328224479, -0.3431483401946104]}, "nonfixated_points_in_view": [385, 1026, 647, 1162, 13, 1296, 18, 1427, 148, 661, 23, 664, 1306, 796, 290, 547, 675, 931, 681, 1065, 557, 47, 304, 305, 178, 1202, 1076, 1203, 1204, 1332, 1208, 1081, 1209, 443, 1462, 1466, 1471, 64, 1219, 196, 580, 710, 839, 1096, 1477, 1354, 1227, 844, 719, 336, 464, 720, 467, 849, 214, 1238, 347, 1244, 735, 1120, 1375, 227, 867, 231, 999, 489, 234, 618, 364, 1255, 750, 240, 114, 630, 759, 632, 1276, 1407], "point_pitch": 0.34903581539658113, "camera_rotation_from_original_to_final": [0.3432673215866089, -0.07658787071704865, -0.5262327194213867], "camera_location": [-5.588504314422607, -6.667678356170654, 1.5075440406799316], "camera_rotation_original": [1.5696860551834106, -0.004471865016967058, -0.2234717458486557], "view_id": 4, "point_location": [-1.022088885307312, -1.6301424503326416, 3.9914937019348145], "camera_distance": 7.238709833886429, "bounding_box_ranges": {"x": [-6.44187118753984, 1.5574526169332596], "y": [-5.601575821563448, 1.4766155727124932], "z": [-0.030826966273036494, 4.3107542043309754]}, "obliqueness_angle": 0.9739411473274231, "resolution": 512, "point_uuid": "341", "point_normal": [-0.035589929670095444, -0.306312620639801, -0.9512653946876526], "camera_rotation_final": [1.9210666418075562, -0.0044392808340489864, -0.7380044460296631], "vanishing_points_image": {"x": [453.15025347205795, 182.43195105131966], "y": [363.457581467183, 289.9832085026562], "z": [256.72397608979304, 102.81938103329273]}, "camera_uuid": "a16f93f6e5a1a0a39d5df06bb9e95552", "field_of_view_rads": 1.180512021910271, "room": "8de55a2e5745f73de25402626a4c3d61"}