{"vanishing_points_gaussian_sphere": {"x": [0.4083951652057495, -0.14654288924754102, 0.9009653548541984], "y": [0.9127926426034965, 0.07074698227998812, -0.4022492462481448], "z": [-0.0047938132519044305, 0.98667119452696, 0.16265599664705843]}, "nonfixated_points_in_view": [1282, 645, 390, 1158, 1274, 1429, 280, 1214, 1093, 326, 202, 1235, 982, 218, 346, 90, 608, 225, 226, 737, 995, 614, 742, 1129, 107, 876, 365, 238, 497, 1394, 755, 1396, 1142, 506, 637], "point_pitch": -0.14815084537002043, "camera_rotation_from_original_to_final": [0.1723683923482895, -0.04225699231028557, 2.8842031955718994], "camera_location": [3.9411685466766357, -6.047142028808594, 4.286668300628662], "camera_rotation_original": [1.584341049194336, -0.008459939621388912, 2.9743051528930664], "view_id": 1, "point_location": [6.552003383636475, -0.19934895634651184, 3.2309348583221436], "camera_distance": 6.490586846670637, "bounding_box_ranges": {"x": [-6.047142028808594, -4.67191360397028], "y": [3.887824786658772, 5.479415713734346], "z": [2.917013311549157, 4.913544281137075]}, "obliqueness_angle": 0.9640025496482849, "resolution": 512, "point_uuid": "1049", "point_normal": [-0.13640503585338593, -0.6987895369529724, -0.7022014856338501], "camera_rotation_final": [1.4074125289916992, 0.004793831612914801, 5.862484931945801], "vanishing_points_image": {"x": [420.17374002538367, 314.909840888478], "y": [423.8759749888962, 242.98859075605606], "z": [254.84727657631026, 18.74440875240648]}, "camera_uuid": "6d257e4888f9878e655953370ee5e983", "field_of_view_rads": 1.0503233383495056, "room": "77c77478b552f1977cad320741ba92a5"}