{"vanishing_points_gaussian_sphere": {"x": [0.5275265064398038, -0.05348277864247804, 0.8478533938082076], "y": [0.8494776377754739, 0.0451612733598922, -0.5256883128888391], "z": [-0.01017486721371328, 0.9975470173265985, 0.06925619322479772]}, "nonfixated_points_in_view": [1280, 257, 258, 259, 642, 133, 517, 523, 140, 272, 1426, 23, 153, 27, 412, 1179, 164, 932, 679, 168, 1191, 1068, 1197, 46, 1199, 1072, 1324, 690, 947, 692, 823, 1208, 569, 186, 443, 953, 318, 1343, 455, 711, 73, 839, 76, 1229, 337, 1234, 600, 1371, 988, 1120, 993, 1122, 1251, 1380, 870, 871, 1255, 1259, 748, 1006, 239, 368, 1265, 1138, 1393, 756, 884, 120, 636, 893, 511], "point_pitch": -0.09701983531447844, "camera_rotation_from_original_to_final": [0.023381555452942848, -0.0925387293100357, -1.1337559223175049], "camera_location": [0.3440798223018646, -5.207657814025879, 4.2956719398498535], "camera_rotation_original": [1.591770052909851, -0.020765699446201324, 2.1472725868225098], "view_id": 3, "point_location": [-6.156025409698486, -1.1774449348449707, 3.7647151947021484], "camera_distance": 7.666544280077377, "bounding_box_ranges": {"x": [-5.6474561854396255, 1.5575434081868256], "y": [-7.430958291438368, 0.3440798223018646], "z": [-0.03848534351158872, 5.245318356707524]}, "obliqueness_angle": 1.1260942220687866, "resolution": 512, "point_uuid": "788", "point_normal": [0.055828362703323364, -0.6257972717285156, 0.7779853343963623], "camera_rotation_final": [1.501481056213379, 0.010175042785704136, 1.015077829360962], "vanishing_points_image": {"x": [428.92479252776684, 273.5318174303235], "y": [383.02608638546593, 249.24683834395702], "z": [254.00967122601557, 60.86757317957147]}, "camera_uuid": "65572d2c193d1b3ea0911dbf66b34fb7", "field_of_view_rads": 1.1913792966985162, "room": "8de55a2e5745f73de25402626a4c3d61"}