{"vanishing_points_gaussian_sphere": {"x": [0.6940576888250275, -0.10688152123126177, 0.7119411949045741], "y": [0.7198914210375814, 0.0943213841785808, -0.6876480338102686], "z": [0.006345588968175408, 0.989787763566477, 0.14240757211159474]}, "nonfixated_points_in_view": [900, 134, 1146, 520, 777, 1033, 1286, 398, 784, 1040, 530, 658, 660, 278, 1048, 1176, 410, 26, 544, 34, 36, 805, 1067, 301, 48, 688, 944, 1329, 948, 949, 55, 695, 1336, 572, 319, 192, 1089, 579, 965, 582, 330, 971, 1231, 1360, 980, 86, 215, 728, 984, 1368, 221, 93, 223, 97, 357, 237, 625, 378, 890], "point_pitch": -0.1541287144038339, "camera_rotation_from_original_to_final": [0.03879023343324661, -0.15106172859668732, 0.5989668369293213], "camera_location": [2.5174548625946045, -7.046302795410156, 1.517836332321167], "camera_rotation_original": [1.5836472511291504, 0.0011349497362971306, 1.7721537351608276], "view_id": 3, "point_location": [-1.1967018842697144, -10.89167308807373, 0.7486580610275269], "camera_distance": 5.401246815252127, "bounding_box_ranges": {"x": [-12.056303998748625, -7.046302795410156], "y": [-3.5509261550088436, 2.5174548625946045], "z": [-0.013628363146959144, 2.4190404990133594]}, "obliqueness_angle": 0.34793710708618164, "resolution": 512, "point_uuid": "911", "point_normal": [0.40139472484588623, 0.8873744606971741, 0.2268235981464386], "camera_rotation_final": [1.4279000759124756, -0.006345631554722786, 2.3744630813598633], "vanishing_points_image": {"x": [528.1989949503916, 297.91732636399445], "y": [391.3073044436889, 238.27180950954116], "z": [257.72563183344346, -13.164813814633058]}, "camera_uuid": "3d5b30db610d18db270d0baeb235eacb", "field_of_view_rads": 0.9381023705026448, "room": "856e4980d5eb3351797f528948f684e5"}