{"vanishing_points_gaussian_sphere": {"x": [-0.05823562757530966, -0.08823024899733756, 0.9943963167886222], "y": [0.9982928998332655, -0.009597623161743353, 0.057612253663044], "z": [0.004460697635974613, 0.9960538684185274, 0.08863855473261864]}, "nonfixated_points_in_view": [512, 1, 1024, 902, 9, 265, 651, 1168, 918, 666, 541, 158, 1181, 801, 306, 59, 955, 1470, 449, 451, 1350, 82, 1110, 983, 478, 353, 609, 355, 101, 873, 1385, 491, 369, 499, 886, 1398, 1016, 1279], "point_pitch": -0.09848229487868743, "camera_rotation_from_original_to_final": [0.08920878916978836, 0.036376334726810455, -0.3609446585178375], "camera_location": [7.106297016143799, -6.809415817260742, 1.504452109336853], "camera_rotation_original": [1.5783125162124634, -0.007616623304784298, -2.721336841583252], "view_id": 0, "point_location": [7.368593692779541, -11.336750984191895, 1.1008940935134888], "camera_distance": 4.552847663225954, "bounding_box_ranges": {"x": [-11.65145013346742, -6.809415817260742], "y": [6.4660922746608716, 9.937612908569701], "z": [-0.02831904614416708, 2.4369149285676577]}, "obliqueness_angle": 0.6962352991104126, "resolution": 512, "point_uuid": "482", "point_normal": [0.5901817679405212, 0.807128369808197, -0.01514205988496542], "camera_rotation_final": [1.4820404052734375, -0.004460712429136038, -3.0833234786987305], "vanishing_points_image": {"x": [231.58862497320862, 292.9846052435151], "y": [472.64685593456653, 258.08285051690115], "z": [256.9837625882877, 36.330205803055925]}, "camera_uuid": "b7487260ea08da3259345602cccf923b", "field_of_view_rads": 1.0915526957565158, "room": "8868fae7afbf71557a2e4faceeb9d9d6"}