{"vanishing_points_gaussian_sphere": {"x": [-0.41219383081514294, -0.01067390787153807, 0.9110336511505419], "y": [0.9110954857063135, -0.006061841930536643, 0.41215078551179035], "z": [0.0011232824729393502, 0.9999246580433744, 0.012223603123747182]}, "nonfixated_points_in_view": [269, 81, 564, 25, 573, 959], "point_pitch": -0.019539638361658618, "camera_rotation_from_original_to_final": [-0.001879185438156128, 0.0045207953080534935, -2.9459469318389893], "camera_location": [6.5858154296875, -9.66219425201416, 4.284074783325195], "camera_rotation_original": [1.5634019374847412, -0.00032041483791545033, -1.3415888547897339], "view_id": 2, "point_location": [4.17586088180542, -10.752455711364746, 4.251739501953125], "camera_distance": 2.64529705101363, "bounding_box_ranges": {"x": [-11.592119784467581, -9.451688801149675], "y": [4.183105598576461, 6.5858154296875], "z": [2.766601879448075, 5.20117123863066]}, "obliqueness_angle": 0.4206969141960144, "resolution": 512, "point_uuid": "1423", "point_normal": [0.9999881386756897, 0.004251791629940271, 0.0024044655729085207], "camera_rotation_final": [1.5585724115371704, -0.001123282709158957, -4.287528038024902], "vanishing_points_image": {"x": [82.30741222768367, 260.4978321877947], "y": [519.2988084677427, 257.7518205089039], "z": [256.2593078775779, 25.169067388273984]}, "camera_uuid": "ce1da2161b0680bd4fb2a394f05a91e7", "field_of_view_rads": 1.0177555871225314, "room": "b80a98836bb3f1f478d8093ef8f4a998"}