{"vanishing_points_gaussian_sphere": {"x": [0.7015756702624644, 0.02434402381910115, 0.7121790135914347], "y": [0.7125791654947788, -0.017312648005852978, -0.701378075735042], "z": [-0.004744660002425104, 0.9995537207790888, -0.029493176806524534]}, "nonfixated_points_in_view": [640, 257, 258, 133, 523, 140, 1166, 914, 1426, 277, 23, 1051, 1179, 547, 1446, 168, 297, 1324, 1076, 1332, 1208, 953, 186, 443, 826, 1209, 318, 1219, 452, 580, 710, 839, 1096, 1229, 337, 978, 1105, 1106, 1361, 735, 1120, 1251, 871, 1255, 1259, 1137, 1138, 371, 884, 1139, 121, 634, 766], "point_pitch": 0.028885916867528394, "camera_rotation_from_original_to_final": [-0.017349794507026672, 0.018155625090003014, -1.3653451204299927], "camera_location": [0.21503694355487823, -3.282130241394043, 2.989867687225342], "camera_rotation_original": [1.575566053390503, 0.00037009804509580135, 2.1583032608032227], "view_id": 6, "point_location": [-3.987689733505249, 0.8568586707115173, 3.1639132499694824], "camera_distance": 5.901223061925982, "bounding_box_ranges": {"x": [-3.282130241394043, 1.5575301177961771], "y": [-7.241111389324313, 0.21503694355487823], "z": [-0.0494150877668299, 4.264620878435227]}, "obliqueness_angle": 1.0493507385253906, "resolution": 512, "point_uuid": "600", "point_normal": [0.3086448311805725, -0.359798789024353, -0.8805016279220581], "camera_rotation_final": [1.6002941131591797, 0.004744677804410458, 0.7931789755821228], "vanishing_points_image": {"x": [544.166601663775, 246.00088670100553], "y": [395.53153519506685, 259.3900238338728], "z": [254.76336331886898, -4.521258687578365]}, "camera_uuid": "41fbfac86809ed0f1940b75ebedda277", "field_of_view_rads": 0.901477537732726, "room": "8de55a2e5745f73de25402626a4c3d61"}