{"vanishing_points_gaussian_sphere": {"x": [0.5708974239873591, 0.07164505956615408, 0.8178894281774034], "y": [0.820975115602585, -0.060392693246597184, -0.5677610255765579], "z": [0.008717272848779477, 0.9956001747901538, -0.09329684406181853]}, "nonfixated_points_in_view": [33, 1314, 163, 260, 1156, 935, 1416, 425, 1097, 1387, 1104, 532, 1108, 220, 989, 350], "point_pitch": 0.08350928226975007, "camera_rotation_from_original_to_final": [-0.04218230023980141, 0.06934403628110886, 0.3653775155544281], "camera_location": [3.5518953800201416, -7.357985973358154, 4.276762962341309], "camera_rotation_original": [1.5831875801086426, -0.0045831575989723206, 2.16766619682312], "view_id": 4, "point_location": [3.0745718479156494, -8.045595169067383, 4.355198860168457], "camera_distance": 0.8407118059384914, "bounding_box_ranges": {"x": [-11.59413228710692, -7.357985973358154], "y": [0.9296885455729083, 3.5518953800201416], "z": [2.7685127429866814, 5.202818511118044]}, "obliqueness_angle": 0.986497700214386, "resolution": 512, "point_uuid": "674", "point_normal": [0.9995718598365784, -0.021685566753149033, -0.019645048305392265], "camera_rotation_final": [1.664232611656189, -0.00871738325804472, 2.5339677333831787], "vanishing_points_image": {"x": [488.44185706739063, 226.8295921551935], "y": [409.88268140912663, 267.31994063849794], "z": [258.00430668647266, 27.08803154364331]}, "camera_uuid": "4f0e7099dffb9eae50102f6058915b65", "field_of_view_rads": 0.9776731286816898, "room": "77c77478b552f1977cad320741ba92a5"}