{"vanishing_points_gaussian_sphere": {"x": [0.5908769011776892, -0.14442110287580273, 0.7937298234908325], "y": [0.8067596158162683, 0.10352263004018945, -0.5817404811060938], "z": [0.001846602999735801, 0.9840861802269651, 0.17768224431175583]}, "nonfixated_points_in_view": [1029, 1032, 17, 1052, 542, 544, 551, 1064, 51, 568, 570, 60, 1085, 66, 1091, 69, 79, 591, 85, 599, 98, 613, 104, 623, 1136, 116, 119, 643, 654, 1167, 657, 1170, 662, 1185, 165, 1192, 687, 693, 703, 198, 712, 208, 721, 1242, 222, 228, 740, 1258, 747, 254, 1290, 275, 1308, 298, 1333, 824, 1336, 827, 317, 832, 1351, 334, 338, 1366, 860, 1382, 1386, 367, 1391, 372, 1403, 904, 1432, 416, 1442, 420, 1447, 946, 1465, 456, 1483, 972, 463, 977, 994, 1018], "point_pitch": -0.1847500046107431, "camera_rotation_from_original_to_final": [-0.17006200551986694, 0.07094189524650574, -0.24856063723564148], "camera_location": [-1.2640292644500732, -10.590165138244629, 1.4937529563903809], "camera_rotation_original": [1.576294183731079, -0.003259384771808982, -0.3901067078113556], "view_id": 0, "point_location": [3.1220932006835938, -4.605714797973633, 0.15408901870250702], "camera_distance": 7.539656185828706, "bounding_box_ranges": {"x": [-10.590165138244629, -3.1675943688561965], "y": [-1.3022111919825012, 6.499394142124951], "z": [-0.015535917009721456, 2.4277341216239017]}, "obliqueness_angle": 0.8815564513206482, "resolution": 512, "point_uuid": "1149", "point_normal": [-0.01865345984697342, -0.8896738886833191, -0.45621535181999207], "camera_rotation_final": [1.3921653032302856, -0.00184660404920578, -0.6321465969085693], "vanishing_points_image": {"x": [437.8087011626226, 300.43736602664575], "y": [371.9828585157849, 241.11718941089424], "z": [256.376107221408, 55.56605782393302]}, "camera_uuid": "bf987798a26d9c5da496954cb31ac414", "field_of_view_rads": 1.2075970832338583, "room": "856e4980d5eb3351797f528948f684e5"}