{"vanishing_points_gaussian_sphere": {"x": [-0.10267497957178627, -0.294128761675235, 0.9502347710567773], "y": [0.994711985105531, -0.028024310150542832, 0.09880640023804128], "z": [-0.0024321302076775408, 0.9553548605601895, 0.2954507998748251]}, "nonfixated_points_in_view": [515, 1156, 1163, 273, 913, 405, 663, 1175, 411, 157, 1437, 674, 1444, 1449, 1322, 441, 961, 1473, 1098, 593, 1495, 732, 477, 989, 220, 479, 485, 496, 1392, 503, 891], "point_pitch": -0.2920819958064218, "camera_rotation_from_original_to_final": [-0.15819956362247467, 0.26227185130119324, -2.0066518783569336], "camera_location": [3.5659539699554443, -4.741698265075684, 4.287182807922363], "camera_rotation_original": [1.576193928718567, 0.006192484870553017, -1.0516655445098877], "view_id": 0, "point_location": [4.052936553955078, -9.425040245056152, 2.831019878387451], "camera_distance": 4.928615973525015, "bounding_box_ranges": {"x": [-11.58767074721099, -4.741698265075684], "y": [2.540170275936722, 5.479951096160408], "z": [2.7656252803186474, 5.094168024242986]}, "obliqueness_angle": 1.4071612358093262, "resolution": 512, "point_uuid": "1388", "point_normal": [-0.9751929044723511, 0.0012108864029869437, 0.22135376930236816], "camera_rotation_final": [1.2708680629730225, 0.0024321326054632664, -3.03873610496521], "vanishing_points_image": {"x": [199.6058030608118, 417.5501203951608], "y": [557.6705966705086, 264.4990534858155], "z": [255.17730424622204, -67.15966663829839]}, "camera_uuid": "cb2f6552a3a803bf140924ce8faafd94", "field_of_view_rads": 0.8356977629823725, "room": "77c77478b552f1977cad320741ba92a5"}