{"vanishing_points_gaussian_sphere": {"x": [0.681780632611474, -0.22823296673920493, 0.6950430791607951], "y": [0.7310346695118659, 0.1766667718539752, -0.6590729577932724], "z": [0.02763115935995681, 0.957443765772234, 0.28729419488793756]}, "nonfixated_points_in_view": [388, 134, 136, 520, 777, 1033, 1160, 398, 911, 784, 1422, 146, 530, 658, 917, 1327, 1176, 537, 26, 1178, 285, 1439, 34, 1188, 933, 1063, 296, 1319, 682, 1066, 428, 301, 174, 1067, 48, 688, 944, 1194, 948, 181, 1078, 55, 695, 1080, 1329, 1330, 572, 192, 1089, 965, 1094, 327, 1221, 330, 971, 973, 847, 980, 1236, 215, 472, 728, 1368, 1243, 221, 862, 223, 607, 97, 863, 99, 100, 357, 486, 996, 1253, 617, 362, 1130, 1320, 1269, 758, 375], "point_pitch": -0.29550544818374114, "camera_rotation_from_original_to_final": [-0.24421218037605286, -0.20857341587543488, 1.8129597902297974], "camera_location": [5.059991836547852, -7.579131126403809, 1.5203824043273926], "camera_rotation_original": [1.596900224685669, 0.009909546934068203, 0.6009308099746704], "view_id": 4, "point_location": [2.955960273742676, -9.797993659973145, 0.603221595287323], "camera_distance": 3.192410342616195, "bounding_box_ranges": {"x": [-12.053519285368305, -7.579131126403809], "y": [-3.5485144825234487, 5.0705548480137415], "z": [-0.026311380079890645, 2.4264745610598433]}, "obliqueness_angle": 0.7021046280860901, "resolution": 512, "point_uuid": "117", "point_normal": [0.07162605226039886, 0.7669730186462402, 0.6376693248748779], "camera_rotation_final": [1.2792810201644897, -0.027634676545858383, 2.391042709350586], "vanishing_points_image": {"x": [438.26368628836116, 317.0146135877729], "y": [351.9090049482423, 232.82198259181487], "z": [261.62818031010164, 60.97864456754754]}, "camera_uuid": "e2c81e729be96548bbabfecfc7939d49", "field_of_view_rads": 1.2661277398599042, "room": "856e4980d5eb3351797f528948f684e5"}