{"vanishing_points_gaussian_sphere": {"x": [-0.2542738816003646, -0.3163378004506932, 0.9139339085195938], "y": [0.9671117676748037, -0.0770177824098006, 0.24241099401139699], "z": [-0.006294597747330812, 0.9455150221962072, 0.3255176198618215]}, "nonfixated_points_in_view": [1064, 840, 783, 49, 1364, 24, 126], "point_pitch": -0.3229124983164926, "camera_rotation_from_original_to_final": [0.31682607531547546, 0.12371587753295898, 2.9980010986328125], "camera_location": [7.106297016143799, -6.809415817260742, 1.504452109336853], "camera_rotation_original": [1.5783125162124634, -0.007616623304784298, -2.721336841583252], "view_id": 1, "point_location": [6.479459762573242, -4.44612455368042, 0.6627138257026672], "camera_distance": 2.585844879566157, "bounding_box_ranges": {"x": [-6.809415817260742, -5.987806495461129], "y": [6.648547200588704, 7.106297016143799], "z": [0.6137152207124699, 1.6085351336866862]}, "obliqueness_angle": 1.34332275390625, "resolution": 512, "point_uuid": "1157", "point_normal": [0.9998412728309631, 0.017697546631097794, -0.002092825947329402], "camera_rotation_final": [1.2392303943634033, 0.006294639315456152, 0.25710204243659973], "vanishing_points_image": {"x": [130.07262121109267, 412.6641047514771], "y": [551.9606726845808, 279.5693902737661], "z": [253.978088858857, -47.712395014794836]}, "camera_uuid": "b7487260ea08da3259345602cccf923b", "field_of_view_rads": 0.8884534238331921, "room": "8868fae7afbf71557a2e4faceeb9d9d6"}