{"vanishing_points_gaussian_sphere": {"x": [-0.3579355085932713, 0.3434621461667207, 0.8682833211795713], "y": [0.9337461318716187, 0.13223484778013642, 0.33261404998489463], "z": [-0.0005769773531951405, 0.929810571666678, -0.36803799792143677]}, "nonfixated_points_in_view": [386, 1400, 263, 141, 653, 1037, 664, 1438, 931, 806, 1407, 1447, 681, 170, 179, 435, 1462, 440, 1466, 64, 193, 578, 67, 1095, 712, 201, 843, 204, 461, 589, 590, 591, 338, 467, 213, 214, 471, 1366, 1114, 1242, 1244, 1121, 994, 228, 1382, 489, 618, 1131, 1258, 1386, 623, 370, 118, 374, 888, 383], "point_pitch": 0.37502391735580964, "camera_rotation_from_original_to_final": [-0.35924068093299866, -0.11873334646224976, 1.6277326345443726], "camera_location": [-3.8966617584228516, -5.1063923835754395, 1.5070674419403076], "camera_rotation_original": [1.5701526403427124, 0.0018522855825722218, -2.8113532066345215], "view_id": 2, "point_location": [-0.9755204916000366, -3.9873881340026855, 2.7452473640441895], "camera_distance": 3.3642719683743816, "bounding_box_ranges": {"x": [-5.665304196796386, 0.9103556311712726], "y": [-3.8966617584228516, 1.4903009516929129], "z": [0.8563314464804752, 4.7597669106416]}, "obliqueness_angle": 1.0107626914978027, "resolution": 512, "point_uuid": "951", "point_normal": [-0.866294264793396, 0.4663985073566437, 0.17890404164791107], "camera_rotation_final": [1.9476944208145142, 0.0005769773852080107, -1.204740285873413], "vanishing_points_image": {"x": [97.0812605962106, 103.50724644154126], "y": [537.3848569517646, 216.15096346148192], "z": [255.87757273604666, 58.70600977029518]}, "camera_uuid": "62e24ad43a6e699e9b1ae0325438e489", "field_of_view_rads": 0.9424145375227129, "room": "8de55a2e5745f73de25402626a4c3d61"}