{"vanishing_points_gaussian_sphere": {"x": [0.24654357412173206, 0.02402517712577549, 0.9688338644594114], "y": [0.9690689522718564, 0.0052649417210046635, -0.2467339582047858], "z": [-0.0110286808825282, 0.9996974898701855, -0.021984015675981898]}, "nonfixated_points_in_view": [0, 1032, 530, 1048, 26, 34, 1061, 1066, 1067, 48, 50, 55, 71, 1100, 88, 99, 100, 617, 115, 627, 119, 641, 134, 646, 658, 1176, 1194, 171, 684, 685, 688, 695, 184, 701, 192, 706, 708, 197, 1232, 1236, 1243, 223, 753, 758, 1273, 1278, 254, 772, 1284, 774, 1286, 784, 802, 805, 1319, 296, 1320, 301, 814, 1329, 818, 1336, 313, 827, 829, 327, 328, 847, 1365, 1368, 858, 863, 1409, 900, 1418, 398, 1422, 912, 410, 1434, 933, 943, 944, 949, 965, 458, 1484, 465, 980, 984, 996], "point_pitch": -0.0006584366175790279, "camera_rotation_from_original_to_final": [-0.019478989765048027, -0.023629747331142426, -1.3126466274261475], "camera_location": [5.132575988769531, -10.393342971801758, 1.5002893209457397], "camera_rotation_original": [1.587233543395996, -0.019086314365267754, 2.634567975997925], "view_id": 2, "point_location": [-2.7560460567474365, -8.38433837890625, 1.6792911291122437], "camera_distance": 8.14238926967482, "bounding_box_ranges": {"x": [-11.747873361183943, -5.8406101809965785], "y": [-3.546679440906953, 5.132575988769531], "z": [-0.02893084456319292, 2.425502844747517]}, "obliqueness_angle": 1.241556167602539, "resolution": 512, "point_uuid": "267", "point_normal": [0.08141222596168518, -0.995341420173645, 0.05164855346083641], "camera_rotation_final": [1.5927834510803223, 0.011028904467821121, 1.3216687440872192], "vanishing_points_image": {"x": [388.7330752243628, 243.06542786980268], "y": [495.45126782155825, 254.69906370733926], "z": [252.9719714668255, -18.476390795336677]}, "camera_uuid": "3d449594a2cb2c364ffe85b6c45b4104", "field_of_view_rads": 0.8641463212497915, "room": "856e4980d5eb3351797f528948f684e5"}