{"vanishing_points_gaussian_sphere": {"x": [0.18187916286741188, 0.24707751845712517, 0.9517734341678794], "y": [0.9831713933705418, -0.0625708474026514, -0.17163595285703287], "z": [0.017145885001276052, 0.9669734168674873, -0.25429988143752635]}, "nonfixated_points_in_view": [1284, 1273, 912, 1055, 804, 1061, 171, 685, 50, 694, 313, 829, 701, 577, 706, 1217, 708, 197, 71, 841, 1232, 209, 465, 1365, 343, 743, 360, 1383, 501, 757, 631, 760, 885], "point_pitch": 0.2551098624852042, "camera_rotation_from_original_to_final": [0.20379233360290527, 0.13476766645908356, 0.787521481513977], "camera_location": [0.4931855797767639, -7.2360944747924805, 1.5182243585586548], "camera_rotation_original": [1.5842092037200928, -0.010877704247832298, 0.6175836324691772], "view_id": 0, "point_location": [-2.887277126312256, -6.626485824584961, 2.421434164047241], "camera_distance": 3.5517514144592304, "bounding_box_ranges": {"x": [-8.295369844056447, -5.893296838128245], "y": [-3.5511668224212936, 0.4931855797767639], "z": [0.6186289034661292, 2.427686859660127]}, "obliqueness_angle": 1.3162505626678467, "resolution": 512, "point_uuid": "88", "point_normal": [-0.0023163924925029278, 0.0016792851965874434, -0.9999959468841553], "camera_rotation_final": [1.8279587030410767, -0.017146725207567215, 1.3878719806671143], "vanishing_points_image": {"x": [342.6237020349165, 138.3242365924073], "y": [482.0222356468647, 270.38447346172535], "z": [259.7971449333738, 41.8530947634227]}, "camera_uuid": "c61bffa72844e019185a72c8df1f3454", "field_of_view_rads": 0.9476383899492862, "room": "856e4980d5eb3351797f528948f684e5"}