{"vanishing_points_gaussian_sphere": {"x": [-0.21796346748491593, -0.12127358711787867, 0.9683928148791247], "y": [0.975956242885899, -0.028260772210550487, 0.21612667749748954], "z": [0.0011570712996432596, 0.9922167332904771, 0.12451753034967353]}, "nonfixated_points_in_view": [1025, 1410, 10, 1275, 403, 790, 407, 1046, 670, 30, 1184, 680, 808, 565, 438, 312, 956, 700, 1341, 1088, 705, 1348, 587, 985, 986, 1372, 990, 619, 1005, 379], "point_pitch": -0.1266478737208505, "camera_rotation_from_original_to_final": [0.08008350431919098, 0.09678839892148972, -0.6650490760803223], "camera_location": [-2.9783132076263428, -7.1683149337768555, 4.279703140258789], "camera_rotation_original": [1.5714958906173706, -0.0020283132325857878, -2.2531356811523438], "view_id": 3, "point_location": [-2.5400311946868896, -9.132109642028809, 4.027195453643799], "camera_distance": 2.027890754508946, "bounding_box_ranges": {"x": [-11.666861977053209, -7.1683149337768555], "y": [-4.922723561599168, -1.7644336336042095], "z": [2.7653047791520877, 5.212237020871819]}, "obliqueness_angle": 1.3268216848373413, "resolution": 512, "point_uuid": "555", "point_normal": [-0.9962953925132751, 0.016232453286647797, 0.08445210009813309], "camera_rotation_final": [1.44595468044281, -0.0011570715578272939, -2.921865224838257], "vanishing_points_image": {"x": [181.7115898725106, 297.3336330230123], "y": [448.36145337836376, 261.57021204141415], "z": [256.21691961564017, 69.9861627512006]}, "camera_uuid": "e17726a518b6f85be09164e3bce92661", "field_of_view_rads": 1.2586682178798911, "room": "ef914082afe6874a9bab2b30c864407b"}