{"vanishing_points_gaussian_sphere": {"x": [0.17652139194089583, -0.052447377805330896, 0.9828985048053505], "y": [0.9842929841044062, 0.01218773338528665, -0.17612149385515757], "z": [-0.0027421943935037833, 0.9985493136126399, 0.053774981670235686]}, "nonfixated_points_in_view": [1025, 1410, 1155, 901, 10, 396, 400, 407, 282, 923, 670, 30, 291, 680, 808, 937, 555, 1195, 1451, 303, 1074, 565, 438, 183, 312, 1207, 1467, 700, 956, 1341, 705, 834, 1348, 1482, 587, 83, 726, 217, 985, 986, 1372, 349, 734, 95, 889, 990, 1119, 1499, 612, 619, 108, 1005, 878, 754, 1015, 761, 1275], "point_pitch": -0.0560592850062509, "camera_rotation_from_original_to_final": [-0.04692046716809273, 0.032904814928770065, -1.204566240310669], "camera_location": [-6.867229461669922, -9.096433639526367, 4.286715030670166], "camera_rotation_original": [1.574166178703308, -0.001123880734667182, -0.544407844543457], "view_id": 3, "point_location": [-2.3771238327026367, -9.900997161865234, 4.041058540344238], "camera_distance": 4.56822924940325, "bounding_box_ranges": {"x": [-11.668822528466446, -7.43035279530967], "y": [-6.867229461669922, -1.7645598744729973], "z": [2.765137330196282, 5.212402048488267]}, "obliqueness_angle": 1.5642898082733154, "resolution": 512, "point_uuid": "1088", "point_normal": [0.041856978088617325, -0.03434300422668457, 0.9985332489013672], "camera_rotation_final": [1.5169951915740967, 0.0027421978302299976, -1.7482482194900513], "vanishing_points_image": {"x": [340.05786600225804, 280.9749597329622], "y": [475.07184236074204, 253.2874040046667], "z": [255.31758196293183, 7.502641780037367]}, "camera_uuid": "7f2779005da07c7c8e1ad24c5414740e", "field_of_view_rads": 0.9724680888799417, "room": "ef914082afe6874a9bab2b30c864407b"}