{"vanishing_points_gaussian_sphere": {"x": [0.40093848403970783, -0.2884024418995443, 0.8695242167543817], "y": [0.9160973559291041, 0.12234790319902189, -0.38183324245343936], "z": [0.0037371748213221854, 0.9496604772702626, 0.3132586973017223]}, "nonfixated_points_in_view": [1282, 645, 1158, 1274, 280, 921, 1049, 800, 289, 294, 1323, 1073, 1205, 1214, 1093, 202, 1235, 346, 218, 737, 995, 742, 1129, 107, 876, 365, 238, 497, 1394, 755, 1396, 1142, 247, 1272, 506, 637], "point_pitch": -0.32763926585647063, "camera_rotation_from_original_to_final": [-0.29368510842323303, 0.14790506660938263, 0.04209967330098152], "camera_location": [4.716692924499512, -4.644749641418457, 4.289913177490234], "camera_rotation_original": [1.5800347328186035, -0.0031423436012119055, -0.47769707441329956], "view_id": 2, "point_location": [6.580244541168213, -0.4010034203529358, 2.7610414028167725], "camera_distance": 4.880538459720872, "bounding_box_ranges": {"x": [-4.644749641418457, -0.07894367043746264], "y": [4.278648078646055, 7.503905035277157], "z": [2.7631839556511, 5.193758546185525]}, "obliqueness_angle": 1.2577965259552002, "resolution": 512, "point_uuid": "226", "point_normal": [-0.009094062261283398, 0.010106937028467655, 0.9999076128005981], "camera_rotation_final": [1.252171516418457, -0.0037371835205703974, -0.4125441014766693], "vanishing_points_image": {"x": [419.4993214780087, 373.60807565308784], "y": [433.3085799350046, 232.3198388972069], "z": [257.02139660234917, -3.5489992426889927]}, "camera_uuid": "3e56251b11c1ca97c045b046c52cd27c", "field_of_view_rads": 1.0138314533728874, "room": "5cd6a063c51df65aa0d61bbfd9882874"}