{"vanishing_points_gaussian_sphere": {"x": [0.13140696745414407, 0.34783850188205545, 0.9282998359974824], "y": [0.9913098098935464, -0.05185861622414232, -0.12089476718261231], "z": [0.006088490233747943, 0.9361191486834165, -0.3516303026687393]}, "nonfixated_points_in_view": [384, 1282, 5, 390, 645, 280, 921, 1433, 1435, 800, 289, 418, 294, 1323, 1073, 1205, 1214, 1093, 326, 202, 1235, 346, 218, 737, 995, 614, 487, 742, 1129, 876, 112, 497, 1394, 1012, 1142, 247, 637], "point_pitch": 0.3516933480885367, "camera_rotation_from_original_to_final": [0.31215623021125793, -0.16115638613700867, 0.32212603092193604], "camera_location": [4.716692924499512, -4.644749641418457, 4.289913177490234], "camera_rotation_original": [1.5800347328186035, -0.0031423436012119055, -0.47769707441329956], "view_id": 0, "point_location": [5.026255130767822, -2.267751455307007, 5.190295219421387], "camera_distance": 2.560593067046425, "bounding_box_ranges": {"x": [-4.644749641418457, -0.08652728712198954], "y": [4.177738365888655, 7.503904424463745], "z": [3.2786892252722644, 5.206054473491199]}, "obliqueness_angle": 1.1989094018936157, "resolution": 512, "point_uuid": "970", "point_normal": [-0.003204810433089733, -0.012263879179954529, -0.9999196529388428], "camera_rotation_final": [1.9301153421401978, -0.006088527850806713, -0.13179057836532593], "vanishing_points_image": {"x": [304.9403139591696, 126.45340274566898], "y": [442.5571672421086, 265.75940764765613], "z": [257.0333851616585, 97.1146933550474]}, "camera_uuid": "3e56251b11c1ca97c045b046c52cd27c", "field_of_view_rads": 1.1405892199888295, "room": "5cd6a063c51df65aa0d61bbfd9882874"}