{"vanishing_points_gaussian_sphere": {"x": [-0.48053643392564205, 0.0754055796026492, 0.8737269220041327], "y": [0.8769710673236343, 0.03842559958263904, 0.4790044053805354], "z": [0.002546123970439099, 0.9964123001355932, -0.08459341222118852]}, "nonfixated_points_in_view": [448, 1377, 68, 230, 1041, 498, 211, 1246, 597, 1429, 791, 536, 477, 638], "point_pitch": 0.09411521355179353, "camera_rotation_from_original_to_final": [0.0673058032989502, -0.034142088145017624, 2.5488266944885254], "camera_location": [4.716692924499512, -4.644749641418457, 4.289913177490234], "camera_rotation_original": [1.5800347328186035, -0.0031423436012119055, -0.47769707441329956], "view_id": 4, "point_location": [1.674314260482788, -6.312676429748535, 4.584473609924316], "camera_distance": 3.4820703434948164, "bounding_box_ranges": {"x": [-4.78954884470116, -4.605225717569462], "y": [4.31780585676497, 4.716692924499512], "z": [4.070625172119482, 4.61215389541931]}, "obliqueness_angle": 0.493806928396225, "resolution": 512, "point_uuid": "882", "point_normal": [0.9998036026954651, 0.016507240012288094, 0.010964838787913322], "camera_rotation_final": [1.6554912328720093, -0.0025461267214268446, 2.0720643997192383], "vanishing_points_image": {"x": [89.81600757806835, 229.92247624828985], "y": [480.5762778595328, 246.1599055540959], "z": [256.47573461767837, 69.8237453641048]}, "camera_uuid": "3e56251b11c1ca97c045b046c52cd27c", "field_of_view_rads": 1.1629159372562914, "room": "5cd6a063c51df65aa0d61bbfd9882874"}