{"vanishing_points_gaussian_sphere": {"x": [-0.14660061611261965, -0.23297757927422255, 0.9613686633705739], "y": [0.98913143307159, -0.04560914135725388, 0.13978130895937618], "z": [0.011281288274965072, 0.9714119897243279, 0.2371317750844027]}, "nonfixated_points_in_view": [1159, 779, 1147, 1038, 18, 1042, 23, 1051, 669, 1446, 168, 297, 1324, 46, 563, 1334, 1208, 1209, 442, 443, 826, 318, 704, 1219, 452, 842, 76, 719, 464, 337, 978, 1105, 1106, 1361, 1238, 606, 227, 1251, 1379, 231, 871, 1259, 493, 494, 1137, 1138, 1144, 121, 634, 635, 766], "point_pitch": -0.2431993921610971, "camera_rotation_from_original_to_final": [-0.1443289965391159, 0.20665694773197174, 1.1412583589553833], "camera_location": [-6.116707801818848, -5.171044826507568, 1.5127230882644653], "camera_rotation_original": [1.5826430320739746, -0.00107341050170362, -1.010670781135559], "view_id": 4, "point_location": [-6.7427873611450195, -0.865080714225769, 0.45061105489730835], "camera_distance": 4.478993669392353, "bounding_box_ranges": {"x": [-5.171044826507568, 1.55760648418818], "y": [-7.392589003279623, -2.7279792298042755], "z": [-0.034771478286668156, 3.512840728090379]}, "obliqueness_angle": 0.9754038453102112, "resolution": 512, "point_uuid": "815", "point_normal": [-0.6899622082710266, -0.7136094570159912, -0.12130026519298553], "camera_rotation_final": [1.3313684463500977, -0.011281527578830719, 0.14714030921459198], "vanishing_points_image": {"x": [204.22372620711883, 338.2828119824419], "y": [451.05020800233285, 264.9938224699976], "z": [258.3474441341351, 53.865693923689186]}, "camera_uuid": "676a1ae5fa5b4d774f8408cdbebb47fb", "field_of_view_rads": 1.2186094961118938, "room": "8de55a2e5745f73de25402626a4c3d61"}