{"vanishing_points_gaussian_sphere": {"x": [0.2695299570416674, 0.20819979175461517, 0.9402161714044552], "y": [0.962894005900693, -0.04433804427172639, -0.2662128307025696], "z": [-0.013738109681957794, 0.9770808485194525, -0.21242476267816138]}, "nonfixated_points_in_view": [509, 268, 396, 270, 16, 915, 661, 22, 1173, 1050, 284, 924, 1057, 930, 419, 554, 427, 557, 1453, 434, 690, 180, 308, 697, 58, 1466, 188, 444, 1212, 578, 324, 454, 455, 1095, 329, 715, 1227, 77, 974, 1355, 80, 1356, 1362, 467, 723, 853, 726, 217, 1369, 1498, 348, 349, 738, 998, 621, 883, 246, 761, 253, 1406], "point_pitch": 0.20677609840897127, "camera_rotation_from_original_to_final": [0.0002445896971039474, 0.20297062397003174, -1.7290295362472534], "camera_location": [-5.609722137451172, -10.968703269958496, 4.285808086395264], "camera_rotation_original": [1.5832164287567139, -0.00936906412243843, 1.4556810855865479], "view_id": 7, "point_location": [-4.469489574432373, -6.941605567932129, 5.195657253265381], "camera_distance": 4.28316141187375, "bounding_box_ranges": {"x": [-10.968703269958496, -5.959202632547476], "y": [-7.284162457911435, -1.7642471877786177], "z": [2.765137109605921, 5.212282876252558]}, "obliqueness_angle": 1.355936884880066, "resolution": 512, "point_uuid": "880", "point_normal": [0.005643267184495926, -0.0024375219363719225, -0.999981164932251], "camera_rotation_final": [1.7848725318908691, 0.0137385418638587, -0.272931307554245], "vanishing_points_image": {"x": [346.72150249424163, 185.9217121010154], "y": [407.56477164633566, 262.9790501489345], "z": [253.78497338420337, 98.46303637406169]}, "camera_uuid": "84fae33197a8eefa4becf372ea5729e2", "field_of_view_rads": 1.244962116149314, "room": "ef914082afe6874a9bab2b30c864407b"}