{"vanishing_points_gaussian_sphere": {"x": [0.36130955445297047, -0.1763455997424432, 0.9156187172139253], "y": [0.9323622515784866, 0.08148001885915085, -0.35222384694709025], "z": [-0.012491504812906992, 0.9809501699771455, 0.19385748974264236]}, "nonfixated_points_in_view": [636, 257, 258, 640, 1145, 779, 140, 1038, 399, 527, 1042, 1426, 277, 279, 23, 152, 1051, 1180, 1446, 295, 168, 297, 939, 1068, 1324, 46, 1200, 692, 1204, 54, 823, 1208, 953, 186, 442, 443, 826, 318, 1209, 1215, 1219, 452, 1220, 710, 1353, 76, 1229, 335, 337, 978, 1105, 1106, 1361, 1238, 1363, 600, 347, 1120, 227, 1251, 231, 871, 1255, 1259, 493, 494, 239, 368, 1265, 1138, 884, 121, 634, 252, 893, 766], "point_pitch": -0.2109495838496347, "camera_rotation_from_original_to_final": [0.10497923195362091, -0.18821768462657928, -0.966834306716919], "camera_location": [0.27477186918258667, -2.2696449756622314, 2.261363983154297], "camera_rotation_original": [1.5901278257369995, -0.005768735893070698, 2.1587343215942383], "view_id": 12, "point_location": [-6.7888407707214355, 0.44761499762535095, 0.7658337354660034], "camera_distance": 7.714579347353105, "bounding_box_ranges": {"x": [-3.3825325249126035, 1.5575914049383761], "y": [-7.431129596807653, 0.27477186918258667], "z": [-0.04298445008552387, 4.378319422894506]}, "obliqueness_angle": 1.327987551689148, "resolution": 512, "point_uuid": "1137", "point_normal": [0.0481334887444973, -0.007753286510705948, 0.998810887336731], "camera_rotation_final": [1.3756881952285767, 0.012491829693317413, 1.201094150543213], "vanishing_points_image": {"x": [413.66091728699473, 332.95010738648415], "y": [443.55672855468003, 239.60924012751119], "z": [252.7274268665552, -0.9931501125706108]}, "camera_uuid": "72c78639c6d82fd06b6c6cb47f559896", "field_of_view_rads": 0.9918453469495814, "room": "8de55a2e5745f73de25402626a4c3d61"}