{"vanishing_points_gaussian_sphere": {"x": [0.25328078153393185, -0.03028061581633571, 0.9669187814968454], "y": [0.9673827387549736, 0.0033674909784716513, -0.2532968550208166], "z": [0.004413894480766003, 0.9995357643977996, 0.030145865806429775]}, "nonfixated_points_in_view": [1025, 1410, 10, 1275, 400, 403, 1046, 1303, 923, 413, 670, 30, 1184, 1440, 169, 555, 812, 1201, 565, 438, 1207, 312, 700, 189, 956, 1341, 1088, 705, 835, 77, 850, 726, 217, 985, 986, 349, 990, 1119, 1125, 619, 1260, 1005, 366, 878, 1267, 761, 379], "point_pitch": -0.0064820488307137936, "camera_rotation_from_original_to_final": [-0.05440910533070564, -0.00045042650890536606, 2.9593584537506104], "camera_location": [-2.484394073486328, -5.331701278686523, 4.301449775695801], "camera_rotation_original": [1.594873070716858, 5.2980572945671156e-05, -0.07394442707300186], "view_id": 8, "point_location": [-4.121203899383545, -11.579944610595703, 4.106645107269287], "camera_distance": 6.4620152866620995, "bounding_box_ranges": {"x": [-11.993965966815185, -5.957520449400104], "y": [-6.3654062777394875, -1.7707891754513538], "z": [2.765582632571514, 5.212402277538144]}, "obliqueness_angle": 0.33604103326797485, "resolution": 512, "point_uuid": "790", "point_normal": [-0.07247891277074814, 0.996586263179779, -0.039529819041490555], "camera_rotation_final": [1.5406455993652344, -0.004413908813148737, 2.8855199813842773], "vanishing_points_image": {"x": [376.2780592233462, 270.3796686050129], "y": [466.61949332873786, 255.26682664961788], "z": [257.0992754238787, 7.0667493574471]}, "camera_uuid": "c5be5141daf3c047a2d6d480abd9ff63", "field_of_view_rads": 0.9619028302230819, "room": "ef914082afe6874a9bab2b30c864407b"}