{"vanishing_points_gaussian_sphere": {"x": [-0.6032729106660044, 0.12682083985469164, 0.7873869886117739], "y": [0.7975144541296059, 0.10298378881957185, 0.594445148600544], "z": [-0.0057000623614055935, 0.9865651594390087, -0.16326878290156882]}, "nonfixated_points_in_view": [1193, 845, 1270, 56, 1340, 574], "point_pitch": 0.1431524316456656, "camera_rotation_from_original_to_final": [0.05247487872838974, 0.1333422213792801, -0.47547054290771484], "camera_location": [1.8559356927871704, -11.157529830932617, 4.285287857055664], "camera_rotation_original": [1.5919296741485596, -0.0045516216196119785, 1.1265037059783936], "view_id": 3, "point_location": [0.9433615207672119, -9.94875717163086, 4.535933017730713], "camera_distance": 1.535169683887826, "bounding_box_ranges": {"x": [-11.157529830932617, -7.99074569849418], "y": [0.9306477373292028, 1.8559356927871704], "z": [3.1974484387619024, 5.202131026700023]}, "obliqueness_angle": 0.9323287606239319, "resolution": 512, "point_uuid": "1487", "point_normal": [0.9999624490737915, -0.00359455868601799, 0.007886368781328201], "camera_rotation_final": [1.734802007675171, 0.005700093228369951, 0.6476108431816101], "vanishing_points_image": {"x": [28.375549812094587, 208.1484829935041], "y": [515.6080015066831, 222.47657548449834], "z": [254.7944188931488, 47.338367637782994]}, "camera_uuid": "98774619ba34c130644b0d766385ca3e", "field_of_view_rads": 1.020239871340591, "room": "77c77478b552f1977cad320741ba92a5"}