{"vanishing_points_gaussian_sphere": {"x": [-0.677661199509365, -0.27675471592708084, 0.6813091265289564], "y": [0.7349830372610631, -0.22468212240857036, 0.6397795548534535], "z": [-0.023984028394566672, 0.9343044316934931, 0.3556683782681103]}, "nonfixated_points_in_view": [370, 1114, 1309, 589, 1294], "point_pitch": -0.3465406139704843, "camera_rotation_from_original_to_final": [0.17976456880569458, -0.34490618109703064, -3.003992795944214], "camera_location": [0.3440798223018646, -5.207657814025879, 4.2956719398498535], "camera_rotation_original": [1.591770052909851, -0.020765699446201324, 2.1472725868225098], "view_id": 7, "point_location": [1.4690229892730713, -4.1512861251831055, 3.7084100246429443], "camera_distance": 1.6511495346388199, "bounding_box_ranges": {"x": [-5.207657814025879, -0.33756437529012917], "y": [0.3440798223018646, 1.491143600619716], "z": [0.3657166470396578, 4.568864377325821]}, "obliqueness_angle": 0.8249810934066772, "resolution": 512, "point_uuid": "118", "point_normal": [-0.9999908804893494, 0.004284057300537825, 2.504742587916553e-05], "camera_rotation_final": [1.2070577144622803, 0.0239863283932209, -0.8259536027908325], "vanishing_points_image": {"x": [5.6993514741236755, 358.22200257192935], "y": [519.1845391340427, 336.4547286670977], "z": [248.8956381061481, -20.752374229338912]}, "camera_uuid": "65572d2c193d1b3ea0911dbf66b34fb7", "field_of_view_rads": 0.9678197948099154, "room": "8de55a2e5745f73de25402626a4c3d61"}