{"vanishing_points_gaussian_sphere": {"x": [-0.5659093985560834, 0.1282234402379183, 0.8144355726510509], "y": [0.8244591240928701, 0.08357527609286745, 0.5597162905669429], "z": [0.0037020704895355376, 0.9882175482147411, -0.15301101945460185]}, "nonfixated_points_in_view": [388, 774, 520, 776, 398, 911, 1040, 146, 530, 658, 24, 1176, 26, 797, 34, 1442, 1063, 1067, 301, 48, 688, 1329, 695, 1336, 572, 1084, 958, 319, 192, 323, 579, 965, 1094, 330, 971, 591, 980, 1236, 472, 728, 1368, 221, 223, 863, 97, 99, 617, 1133, 367, 1013, 758, 890], "point_pitch": 0.14321453968552156, "camera_rotation_from_original_to_final": [-0.15065979957580566, -0.018151838332414627, -1.0406665802001953], "camera_location": [8.056329727172852, -4.2689995765686035, 1.4923113584518433], "camera_rotation_original": [1.572834849357605, -0.010850214399397373, -3.067706823348999], "view_id": 1, "point_location": [3.1423370838165283, -7.64611291885376, 2.415520191192627], "camera_distance": 6.033617064112255, "bounding_box_ranges": {"x": [-6.106908852556124, -4.27814322230594], "y": [4.195581318134559, 7.60595675228654], "z": [0.0012300898296976337, 2.429194912442172]}, "obliqueness_angle": 1.4211523532867432, "resolution": 512, "point_uuid": "66", "point_normal": [0.0020716902799904346, -0.010012355633080006, -0.999947726726532], "camera_rotation_final": [1.7244118452072144, -0.0037020789459347725, -4.110848426818848], "vanishing_points_image": {"x": [55.086162762694954, 210.47705327442915], "y": [496.940152857528, 231.57593917214345], "z": [256.7237465934287, 62.805654806267114]}, "camera_uuid": "bd5b2b073675437662294c1b37a7fa10", "field_of_view_rads": 1.0928653510614659, "room": "8efc299ca974ee46c0bc622cd51b4dc7"}