{"vanishing_points_gaussian_sphere": {"x": [-0.0024876921121357804, -0.20698116899570676, 0.9783417639399465], "y": [0.9999455768154834, 0.009397612588444152, 0.004530815024682901], "z": [-0.010131870266914875, 0.9782997907384057, 0.20694652605464578]}, "nonfixated_points_in_view": [517, 15, 527, 1044, 27, 31, 1068, 1069, 46, 1071, 1072, 1082, 1083, 73, 76, 1107, 603, 1122, 616, 1137, 120, 634, 635, 636, 642, 149, 153, 156, 160, 164, 1190, 679, 1191, 1197, 1199, 690, 692, 1206, 186, 1212, 715, 1233, 1234, 725, 1251, 239, 1263, 1265, 756, 764, 1277, 255, 1280, 257, 1288, 779, 276, 788, 1305, 292, 1321, 1324, 819, 309, 823, 826, 828, 1343, 321, 1356, 344, 356, 1380, 870, 359, 871, 368, 1393, 893, 1420, 404, 412, 932, 947, 437, 953, 1469, 455, 988, 991, 993, 1006, 511], "point_pitch": -0.22612325747939543, "camera_rotation_from_original_to_final": [0.17292481660842896, -0.14914093911647797, -0.9430860877037048], "camera_location": [1.7699029445648193, -5.448235511779785, 4.298521995544434], "camera_rotation_original": [1.5894720554351807, -0.008107524365186691, 2.503649950027466], "view_id": 0, "point_location": [-3.171593427658081, -5.4711198806762695, 3.2532577514648438], "camera_distance": 5.050889772297007, "bounding_box_ranges": {"x": [-6.055332428421328, -2.621364932523203], "y": [-3.2489291626113883, 1.1282730650230497], "z": [2.7070963526951077, 5.460357037548777]}, "obliqueness_angle": 0.6783153414726257, "resolution": 512, "point_uuid": "718", "point_normal": [0.6421868801116943, 0.26079776883125305, 0.7208194136619568], "camera_rotation_final": [1.3623325824737549, 0.01013204362243414, 1.5732841491699219], "vanishing_points_image": {"x": [255.0832349071946, 332.2767665972984], "y": [444.66807481544646, 254.22687402591478], "z": [253.87252993286333, 50.57854604806635]}, "camera_uuid": "3d44530aec2e5604a8aef567eab9ad28", "field_of_view_rads": 1.194276170378486, "room": "7177ff6aafad58b0656fca6e31b41601"}