{"vanishing_points_gaussian_sphere": {"x": [-0.08473068095220652, -0.08582789499462228, 0.9927005007282748], "y": [0.9962679072566326, 0.009161626931287229, 0.08582727749650253], "z": [-0.01646112620281861, 0.9962678540597223, 0.08473130644201632]}, "nonfixated_points_in_view": [899, 773, 1159, 521, 522, 272, 528, 402, 786, 408, 793, 29, 925, 1186, 292, 37, 1317, 299, 941, 430, 814, 1198, 689, 436, 57, 828, 1469, 190, 63, 1087, 322, 1474, 966, 967, 1478, 1100, 1234, 852, 981, 1371, 1374, 224, 352, 1248, 611, 1252, 997, 1254, 106, 1143, 1019, 127], "point_pitch": -0.09317009051772551, "camera_rotation_from_original_to_final": [0.08277751505374908, -0.06314027309417725, -0.9700281023979187], "camera_location": [1.9597357511520386, -5.512042045593262, 1.5149836540222168], "camera_rotation_original": [1.5890778303146362, 0.002467385260388255, 2.6240296363830566], "view_id": 2, "point_location": [-2.0054781436920166, -5.854868412017822, 1.1765354871749878], "camera_distance": 3.9943707266936754, "bounding_box_ranges": {"x": [-6.138839871407129, -4.358506411353856], "y": [-3.5511779502790604, 1.9597357511520386], "z": [-0.07215229589762207, 2.4277331030032223]}, "obliqueness_angle": 0.34124138951301575, "resolution": 512, "point_uuid": "639", "point_normal": [0.9101835489273071, 0.4122348427772522, 0.040355220437049866], "camera_rotation_final": [1.4859517812728882, 0.016461869701743126, 1.6556402444839478], "vanishing_points_image": {"x": [225.52517393291254, 286.86945770140477], "y": [444.5619993664736, 254.26599383656725], "z": [252.8862123512069, 67.54591121902814]}, "camera_uuid": "5090c6fc5c0dcfff7ec7ff2b1a5d94fb", "field_of_view_rads": 1.2302991207240406, "room": "856e4980d5eb3351797f528948f684e5"}