{"vanishing_points_gaussian_sphere": {"x": [0.22429779441109435, 0.15909625345231396, 0.9614462447582577], "y": [0.974488353524632, -0.028584521061741957, -0.2226103636413247], "z": [-0.007933994401966852, 0.9868491816347157, -0.16144889110712918]}, "nonfixated_points_in_view": [513, 1154, 1155, 524, 397, 19, 790, 407, 1046, 30, 159, 1184, 166, 808, 810, 1195, 942, 1326, 1459, 565, 182, 574, 830, 833, 834, 968, 74, 586, 588, 205, 1359, 976, 212, 1237, 598, 1116, 990, 869, 103, 1008, 250], "point_pitch": 0.1755461255696158, "camera_rotation_from_original_to_final": [5.196002166485414e-05, 0.1507381796836853, 3.0305898189544678], "camera_location": [-5.609722137451172, -10.968703269958496, 4.285808086395264], "camera_rotation_original": [1.5832164287567139, -0.00936906412243843, 1.4556810855865479], "view_id": 4, "point_location": [-2.8848705291748047, -11.599607467651367, 4.743373394012451], "camera_distance": 2.834117544503829, "bounding_box_ranges": {"x": [-11.665321051943625, -9.877031973983597], "y": [-5.609722137451172, -1.7649814409529156], "z": [2.9842771912014165, 5.206494951047733]}, "obliqueness_angle": 1.324455976486206, "resolution": 512, "point_uuid": "1025", "point_normal": [-0.01864381693303585, 0.33057132363319397, -0.9435968995094299], "camera_rotation_final": [1.7329601049423218, 0.007934077642858028, 4.486159324645996], "vanishing_points_image": {"x": [354.9428956559672, 185.8189977930117], "y": [456.8639096473074, 261.89191100651993], "z": [254.31835038381263, 46.83240251348464]}, "camera_uuid": "84fae33197a8eefa4becf372ea5729e2", "field_of_view_rads": 1.019138813451826, "room": "ef914082afe6874a9bab2b30c864407b"}