{"vanishing_points_gaussian_sphere": {"x": [0.3589870439515219, -0.1452329199926693, 0.9219738072338883], "y": [0.9332753668736351, 0.044004777255623476, -0.3564557043526794], "z": [0.011197850768336867, 0.9884184227993152, 0.15133945159502912]}, "nonfixated_points_in_view": [1409, 899, 264, 1296, 18, 23, 1434, 1051, 540, 796, 1307, 1055, 547, 675, 804, 553, 1065, 685, 176, 304, 1203, 1076, 1204, 694, 1332, 1208, 443, 575, 1087, 577, 706, 1217, 580, 1219, 1477, 839, 1224, 458, 1354, 719, 336, 209, 337, 464, 722, 849, 1238, 343, 1361, 347, 861, 606, 1376, 227, 997, 1254, 231, 1255, 1256, 234, 364, 1004, 750, 624, 628, 757, 630, 885, 1273, 1278, 127], "point_pitch": -0.14422933658095793, "camera_rotation_from_original_to_final": [0.04781796783208847, 0.15560202300548553, 1.5201654434204102], "camera_location": [-6.732573986053467, -9.080721855163574, 1.502792477607727], "camera_rotation_original": [1.58157217502594, -0.008283889852464199, -1.885231852531433], "view_id": 6, "point_location": [-4.283605575561523, -2.7464568614959717, 0.4630405604839325], "camera_distance": 6.870330386456268, "bounding_box_ranges": {"x": [-9.080721855163574, -5.933144507047986], "y": [-7.296795915505228, -2.4746210586633204], "z": [-0.01798669818697285, 2.4292313456705315]}, "obliqueness_angle": 1.3559722900390625, "resolution": 512, "point_uuid": "809", "point_normal": [0.22126320004463196, -0.15882016718387604, 0.9621947407722473], "camera_rotation_final": [1.4188635349273682, -0.01119808480143547, -0.36720648407936096], "vanishing_points_image": {"x": [381.50826837712833, 306.77601714811595], "y": [405.270297507656, 248.96177052791063], "z": [258.2829709119255, 54.48539199658758]}, "camera_uuid": "6fe7ddd5d030b288cf1811fb32bc13b1", "field_of_view_rads": 1.1933003681274454, "room": "ade82d56fe033105b37cc8ef1783cd93"}