{"vanishing_points_gaussian_sphere": {"x": [-0.3420614626592663, -0.16895629483883162, 0.9243634167348561], "y": [0.9396757318050487, -0.06345477668787741, 0.3361294547821389], "z": [0.0018640869211668757, 0.9835788030197812, 0.18046956372232115]}, "nonfixated_points_in_view": [385, 779, 140, 1147, 526, 527, 1038, 18, 1042, 23, 279, 1051, 796, 669, 1180, 295, 168, 297, 939, 1324, 46, 815, 304, 563, 692, 1331, 1334, 823, 1208, 953, 442, 443, 826, 1209, 318, 1215, 704, 1219, 452, 839, 1353, 76, 1229, 719, 464, 337, 978, 1361, 600, 606, 227, 1251, 231, 871, 1259, 364, 493, 750, 1137, 1138, 371, 121, 634, 635, 893], "point_pitch": -0.1820729215953012, "camera_rotation_from_original_to_final": [0.17006570100784302, 0.06184186041355133, -3.1174497604370117], "camera_location": [-3.8966617584228516, -5.1063923835754395, 1.5070674419403076], "camera_rotation_original": [1.5701526403427124, 0.0018522855825722218, -2.8113532066345215], "view_id": 3, "point_location": [-5.674628257751465, -0.21694569289684296, 0.552467942237854], "camera_distance": 5.289528678285149, "bounding_box_ranges": {"x": [-5.1063923835754395, 1.5576005572994909], "y": [-7.431141467344945, -2.1163594773776], "z": [-0.03199332304122837, 3.7795392392709535]}, "obliqueness_angle": 0.0845203846693039, "resolution": 512, "point_uuid": "766", "point_normal": [0.3570844829082489, -0.8977676033973694, 0.25788381695747375], "camera_rotation_final": [1.3893321752548218, -0.00186408800072968, 0.3491104543209076], "vanishing_points_image": {"x": [137.7783054808151, 314.39389015133355], "y": [465.95057732763433, 270.17762165063544], "z": [256.3808600593391, 55.040550615346916]}, "camera_uuid": "62e24ad43a6e699e9b1ae0325438e489", "field_of_view_rads": 1.2060986951609118, "room": "8de55a2e5745f73de25402626a4c3d61"}