{"vanishing_points_gaussian_sphere": {"x": [0.053388750695132464, -0.18702384092061772, 0.9809035244235351], "y": [0.9985262465964634, 0.00041196298064438404, -0.05426937575172046], "z": [0.009745571157804894, 0.9823552886882638, 0.18677020808738767]}, "nonfixated_points_in_view": [0, 134, 1033, 267, 398, 658, 920, 1176, 410, 26, 34, 1320, 428, 301, 48, 688, 818, 572, 192, 707, 965, 582, 330, 728, 1368, 223, 97, 631], "point_pitch": -0.21355013450118498, "camera_rotation_from_original_to_final": [0.0007001908379606903, -0.21287845075130463, -0.06533094495534897], "camera_location": [0.5467849373817444, -10.360032081604004, 1.5205349922180176], "camera_rotation_original": [1.5957993268966675, -0.011342709884047508, 1.5803825855255127], "view_id": 0, "point_location": [-2.7701520919799805, -10.176519393920898, 0.8889690041542053], "camera_distance": 3.381511929374222, "bounding_box_ranges": {"x": [-12.05980341343974, -7.772498619265541], "y": [-3.550889411806771, 0.5467849373817444], "z": [-0.01513088535911955, 2.4238616729576754]}, "obliqueness_angle": 1.2969650030136108, "resolution": 512, "point_uuid": "984", "point_normal": [0.08599597960710526, 0.0001878829498309642, 0.9962955117225647], "camera_rotation_final": [1.3829138278961182, -0.009745725430548191, 1.517379641532898], "vanishing_points_image": {"x": [274.7655761792395, 321.7368844266624], "y": [430.11233418574943, 255.92816629868008], "z": [257.9252267865969, 61.9368009207791]}, "camera_uuid": "08b7810ec5503ef8e7e738fee540560e", "field_of_view_rads": 1.2410229795680108, "room": "856e4980d5eb3351797f528948f684e5"}