{"vanishing_points_gaussian_sphere": {"x": [-0.41159599809085595, 0.18259553281613744, 0.8928872301422969], "y": [0.9113277797797935, 0.09148181935643604, 0.4013885331307666], "z": [-0.008391195220245973, 0.9789228509554915, -0.20405793226421864]}, "nonfixated_points_in_view": [256, 514, 131, 1283, 1411, 400, 656, 1303, 1177, 1056, 1440, 419, 676, 803, 1060, 41, 1454, 559, 432, 177, 1207, 1352, 713, 1225, 77, 717, 1101, 1230, 1488, 1362, 1494, 480, 1125, 102, 1127, 1381, 745, 875, 1260, 1261, 110, 366, 1134, 629, 125], "point_pitch": 0.21730466286209627, "camera_rotation_from_original_to_final": [0.15435217320919037, -0.12522654235363007, 2.7741763591766357], "camera_location": [-1.9361746311187744, -7.597706317901611, 4.284103870391846], "camera_rotation_original": [1.5789034366607666, -0.011993302032351494, -0.7884991765022278], "view_id": 0, "point_location": [-4.5727715492248535, -8.782962799072266, 4.886664390563965], "camera_distance": 2.9528893674465326, "bounding_box_ranges": {"x": [-11.994895508538232, -7.213029215295418], "y": [-7.284178793149605, -1.9361746311187744], "z": [2.7694863279467246, 5.21240222871655]}, "obliqueness_angle": 0.5378153324127197, "resolution": 512, "point_uuid": "622", "point_normal": [0.577311635017395, 0.8120566606521606, -0.08529637008905411], "camera_rotation_final": [1.7763049602508545, 0.008391293697059155, 1.9950168132781982], "vanishing_points_image": {"x": [76.40727128282656, 176.32762674534652], "y": [531.385551645394, 228.3559713113499], "z": [254.1608790767776, 41.44683443081732]}, "camera_uuid": "c967c3a72b851ec8965ae56c4998c340", "field_of_view_rads": 0.9746307094736071, "room": "ef914082afe6874a9bab2b30c864407b"}