{"vanishing_points_gaussian_sphere": {"x": [0.010958117837499212, -0.03023897675639497, 0.9994826281322682], "y": [0.999917419205706, -0.00637970642973682, -0.01115590045091818], "z": [0.006713748763537657, 0.9995223377346785, 0.03016657002285009]}, "nonfixated_points_in_view": [3, 643, 900, 774, 1146, 1160, 137, 1286, 1291, 12, 1164, 1422, 530, 660, 1428, 278, 665, 285, 797, 287, 544, 926, 1439, 1443, 1188, 165, 934, 1319, 296, 298, 682, 1066, 1067, 1070, 1328, 1330, 181, 949, 1078, 1080, 1084, 317, 62, 958, 65, 66, 195, 1347, 1351, 1484, 973, 847, 1360, 980, 1236, 215, 89, 1117, 607, 1378, 99, 996, 357, 617, 362, 363, 1130, 751, 241, 1395, 117, 1013, 1271, 378, 1403, 894], "point_pitch": -0.04735414584609465, "camera_rotation_from_original_to_final": [0.046653758734464645, -0.015987642109394073, 0.5061285495758057], "camera_location": [1.9597357511520386, -5.512042045593262, 1.5149836540222168], "camera_rotation_original": [1.5890778303146362, 0.002467385260388255, 2.6240296363830566], "view_id": 8, "point_location": [1.8925508260726929, -11.531298637390137, 1.3333089351654053], "camera_distance": 6.022372343566274, "bounding_box_ranges": {"x": [-11.70307567147891, -5.512042045593262], "y": [0.027800962961714637, 5.724764689635924], "z": [-0.027574999290434582, 2.424001159017737]}, "obliqueness_angle": 0.03088284470140934, "resolution": 512, "point_uuid": "1221", "point_normal": [-0.007480100262910128, 0.9999567270278931, 0.00554769579321146], "camera_rotation_final": [1.5406244993209839, -0.006713799200952053, 3.130634069442749], "vanishing_points_image": {"x": [260.3653347981151, 268.0461615262397], "y": [454.1639367601221, 257.2643321510438], "z": [257.35844420854187, 53.75898997322244]}, "camera_uuid": "5090c6fc5c0dcfff7ec7ff2b1a5d94fb", "field_of_view_rads": 1.1418775561380778, "room": "856e4980d5eb3351797f528948f684e5"}