{"vanishing_points_gaussian_sphere": {"x": [-0.21009763685441263, 0.17318123099470856, 0.9622199562570654], "y": [0.9776767173328706, 0.03992023355635412, 0.20628769070894284], "z": [-0.002686889170336475, 0.9840806045156889, -0.17770240415543848]}, "nonfixated_points_in_view": [3, 643, 771, 518, 775, 1287, 649, 1291, 12, 654, 1039, 144, 17, 529, 275, 1424, 665, 28, 285, 415, 1442, 1443, 165, 422, 934, 1062, 1064, 43, 429, 174, 687, 1070, 1460, 566, 824, 1080, 1464, 1465, 317, 1085, 703, 66, 195, 456, 1483, 1228, 1484, 334, 463, 591, 848, 977, 724, 1366, 216, 89, 1113, 1370, 604, 1117, 98, 99, 1378, 617, 746, 367, 623, 241, 1264, 1391, 116, 1141, 1271, 1404, 1399], "point_pitch": 0.1728525916722159, "camera_rotation_from_original_to_final": [0.16259554028511047, -0.06010119989514351, -0.9738627076148987], "camera_location": [-1.2640292644500732, -10.590165138244629, 1.4937529563903809], "camera_rotation_original": [1.576294183731079, -0.003259384771808982, -0.3901067078113556], "view_id": 5, "point_location": [3.7081291675567627, -9.524197578430176, 2.41200852394104], "camera_distance": 5.1673822048475415, "bounding_box_ranges": {"x": [-11.678641511747688, -4.880069930312187], "y": [-1.2640292644500732, 6.51021188596318], "z": [-0.03346806007319958, 2.427602514529674]}, "obliqueness_angle": 1.3922359943389893, "resolution": 512, "point_uuid": "1428", "point_normal": [-0.002451112726703286, 0.011803384870290756, -0.9999274015426636], "camera_rotation_final": [1.7494481801986694, 0.0026868924032896757, -1.3591207265853882], "vanishing_points_image": {"x": [143.53831104425055, 163.2990347502252], "y": [558.7828227130833, 243.6368529747414], "z": [255.3146065160097, 4.972737133089015]}, "camera_uuid": "bf987798a26d9c5da496954cb31ac414", "field_of_view_rads": 0.8636654705504486, "room": "856e4980d5eb3351797f528948f684e5"}