{"vanishing_points_gaussian_sphere": {"x": [0.2567382178096602, -0.02028861713562536, 0.9662680060576587], "y": [0.9663547036449017, 0.021549949453893765, -0.2563087716444932], "z": [-0.015622876153059706, 0.9995618898763892, 0.025138696216143057]}, "nonfixated_points_in_view": [256, 139, 270, 1196, 1453, 434, 308, 53, 1077, 1079, 697, 444, 1345, 329, 1111, 348, 349, 621, 880, 1267, 246, 1406], "point_pitch": -0.04175512393447356, "camera_rotation_from_original_to_final": [0.023660970851778984, -0.04674776643514633, -1.263638973236084], "camera_location": [0.2899336814880371, -8.048778533935547, 4.322153091430664], "camera_rotation_original": [1.5907143354415894, -0.01110281702131033, 2.574305772781372], "view_id": 0, "point_location": [-6.993725776672363, -6.116740703582764, 4.132658004760742], "camera_distance": 7.537929116673828, "bounding_box_ranges": {"x": [-8.870368850987187, -6.076024955989286], "y": [-1.9326146394252417, 0.2899336814880371], "z": [2.773925318343191, 5.21877282899886]}, "obliqueness_angle": 1.5414074659347534, "resolution": 512, "point_uuid": "723", "point_normal": [-0.15458492934703827, -0.7594062089920044, -0.6319855451583862], "camera_rotation_final": [1.545651912689209, 0.015623511746525764, 1.3111181259155273], "vanishing_points_image": {"x": [346.3653913111617, 263.1410826259702], "y": [411.83234368108447, 252.52490010454466], "z": [253.12164763245798, 71.84112272009506]}, "camera_uuid": "62e6bdd9a68e459d349568347b61a59b", "field_of_view_rads": 1.2262641967649281, "room": "9be1cd563f04d329bc30a6918cfb1205"}