{"vanishing_points_gaussian_sphere": {"x": [0.46307071337882233, -0.3035475661215545, 0.8327210754583488], "y": [0.8863106161591463, 0.16321195566547272, -0.43337668281928415], "z": [-0.004359597965786168, 0.9387335791530695, 0.34461610710476737]}, "nonfixated_points_in_view": [640, 257, 258, 133, 779, 140, 399, 527, 914, 1042, 788, 277, 1426, 23, 152, 279, 1051, 669, 164, 1446, 168, 297, 1068, 1324, 46, 692, 823, 1208, 953, 186, 443, 826, 1209, 318, 1215, 1219, 452, 839, 1353, 76, 1229, 335, 337, 978, 1105, 1106, 1361, 600, 1120, 1251, 1379, 871, 1255, 1259, 239, 368, 1137, 1138, 371, 884, 1265, 121, 634, 636, 893], "point_pitch": -0.3538033207270761, "camera_rotation_from_original_to_final": [0.20020553469657898, -0.29713332653045654, -1.0981791019439697], "camera_location": [0.21503694355487823, -3.282130241394043, 2.989867687225342], "camera_rotation_original": [1.575566053390503, 0.00037009804509580135, 2.1583032608032227], "view_id": 1, "point_location": [-5.674628257751465, -0.21694569289684296, 0.552467942237854], "camera_distance": 7.07279508221208, "bounding_box_ranges": {"x": [-4.009514474708189, 1.55758741085039], "y": [-7.430906695499991, 0.21503694355487823], "z": [-0.039124794041190736, 4.286755223209459]}, "obliqueness_angle": 0.683615505695343, "resolution": 512, "point_uuid": "766", "point_normal": [0.3570844829082489, -0.8977676033973694, 0.25788381695747375], "camera_rotation_final": [1.2189630270004272, 0.00435961177572608, 1.0893347263336182], "vanishing_points_image": {"x": [426.47024398094607, 367.744980111131], "y": [412.51375859666757, 227.1783700168058], "z": [254.8683200332074, 12.320194196744188]}, "camera_uuid": "41fbfac86809ed0f1940b75ebedda277", "field_of_view_rads": 1.0745772851458035, "room": "8de55a2e5745f73de25402626a4c3d61"}