{"vanishing_points_gaussian_sphere": {"x": [0.5261669068790034, -0.12104368220053596, 0.8417225273834116], "y": [0.8503485255798928, 0.06619942767423444, -0.5220392904942177], "z": [0.00746800840148339, 0.9904373088565169, 0.13776126478649908]}, "nonfixated_points_in_view": [192, 100, 36, 319, 48, 688, 1040, 1365, 984, 728, 410, 1243, 572, 1176, 223], "point_pitch": -0.1246313293788095, "camera_rotation_from_original_to_final": [-0.1518048644065857, -0.023134222254157066, 2.468419075012207], "camera_location": [-2.1478989124298096, -7.17814826965332, 1.5089408159255981], "camera_rotation_original": [1.586061954498291, -0.002639547921717167, 0.12005194276571274], "view_id": 3, "point_location": [-2.5605249404907227, -7.843455791473389, 1.400052547454834], "camera_distance": 0.7904119154014034, "bounding_box_ranges": {"x": [-12.0597288529633, -7.17814826965332], "y": [-3.416365688334536, -2.0007207705819288], "z": [-0.015095504272396698, 2.4233388138417564]}, "obliqueness_angle": 1.0320699214935303, "resolution": 512, "point_uuid": "841", "point_normal": [0.056975409388542175, 0.6919663548469543, -0.7196780443191528], "camera_rotation_final": [1.4325916767120361, -0.007468077819794416, 2.5874886512756348], "vanishing_points_image": {"x": [437.32107127379555, 297.71256276399214], "y": [390.58060342433646, 245.52293247445968], "z": [257.60068840227115, 43.71026648170714]}, "camera_uuid": "3dfb7fb5350fdc03281337b3a75a5e86", "field_of_view_rads": 1.1405563615588556, "room": "856e4980d5eb3351797f528948f684e5"}