{"vanishing_points_gaussian_sphere": {"x": [-0.2385787214194835, 0.364176252888506, 0.9002532146668133], "y": [0.9711215159059081, 0.08776182113780895, 0.22185775644585035], "z": [0.0017874648123741854, 0.9271858063962488, -0.3745974978385233]}, "nonfixated_points_in_view": [385, 1026, 1147, 140, 526, 527, 18, 23, 1051, 796, 1180, 290, 547, 295, 168, 297, 1324, 46, 815, 563, 692, 1204, 1332, 823, 1208, 953, 826, 443, 1209, 318, 704, 1219, 452, 580, 710, 839, 76, 719, 464, 337, 978, 1361, 600, 347, 606, 227, 1251, 231, 871, 1255, 1259, 364, 1137, 1138, 371, 121, 634, 635, 893, 766], "point_pitch": 0.38315685192612214, "camera_rotation_from_original_to_final": [-0.3667429983615875, -0.11862702667713165, 3.074267864227295], "camera_location": [-3.8966617584228516, -5.1063923835754395, 1.5070674419403076], "camera_rotation_original": [1.5701526403427124, 0.0018522855825722218, -2.8113532066345215], "view_id": 6, "point_location": [-5.062929630279541, -0.3739173412322998, 3.476261854171753], "camera_distance": 5.256826946060227, "bounding_box_ranges": {"x": [-5.1063923835754395, 1.5575903354566085], "y": [-7.240372424850392, -1.3266320740239665], "z": [-0.03539586372749781, 4.67374896765729]}, "obliqueness_angle": 1.2322496175765991, "resolution": 512, "point_uuid": "1229", "point_normal": [0.9369772672653198, 0.007343381177634001, -0.3493131995201111], "camera_rotation_final": [1.9547595977783203, -0.001787465764209628, 0.24090243875980377], "vanishing_points_image": {"x": [175.8568578285818, 133.66625188932545], "y": [457.75970621277236, 237.76664922005722], "z": [256.27808326601064, 111.75388368127028]}, "camera_uuid": "62e24ad43a6e699e9b1ae0325438e489", "field_of_view_rads": 1.2119805476739038, "room": "8de55a2e5745f73de25402626a4c3d61"}