{"vanishing_points_gaussian_sphere": {"x": [0.662559603607658, 0.233960309643449, 0.7115316895112999], "y": [0.7490071603600922, -0.20474306927156755, -0.6301337550985262], "z": [-0.0017451064651128562, 0.9504435012649619, -0.3108924339809927]}, "nonfixated_points_in_view": [1184, 403, 565, 1046, 438, 790, 601], "point_pitch": 0.30874307552841707, "camera_rotation_from_original_to_final": [-0.2757844626903534, -0.14763183891773224, -1.177797794342041], "camera_location": [-1.9461179971694946, -10.539590835571289, 4.280216217041016], "camera_rotation_original": [1.5751063823699951, -0.006250596605241299, -2.666795015335083], "view_id": 6, "point_location": [-2.8848705291748047, -11.599607467651367, 4.743373394012451], "camera_distance": 1.4897671638331587, "bounding_box_ranges": {"x": [-11.665117837342152, -10.539590835571289], "y": [-5.573986174150054, -1.9461179971694946], "z": [3.626642890661458, 5.2044275259202735]}, "obliqueness_angle": 1.027662992477417, "resolution": 512, "point_uuid": "1025", "point_normal": [-0.01864381693303585, 0.33057132363319397, -0.9435968995094299], "camera_rotation_final": [1.886928677558899, 0.001745107350870967, -3.8658249378204346], "vanishing_points_image": {"x": [468.20698259375087, 181.0663471093001], "y": [373.52130162151894, 288.12475563946754], "z": [255.68836182296744, 86.27139831980617]}, "camera_uuid": "41fe4d40075167d2675e7ca53b4961cc", "field_of_view_rads": 1.11048611801935, "room": "ef914082afe6874a9bab2b30c864407b"}