{"vanishing_points_gaussian_sphere": {"x": [-0.6716246200213292, -0.004452886836794074, 0.7408782231784277], "y": [0.7408429380559449, 0.00742509313045417, 0.6716372600776699], "z": [-0.008491814519925528, 0.9999625191930059, -0.0016879855853630997]}, "nonfixated_points_in_view": [643, 8, 904, 1290, 654, 17, 657, 275, 1170, 1432, 542, 1438, 416, 544, 420, 165, 806, 1447, 1064, 298, 687, 946, 693, 568, 824, 570, 827, 60, 317, 1336, 703, 1465, 1091, 1351, 456, 712, 1483, 334, 79, 208, 463, 210, 338, 466, 591, 1231, 1366, 1242, 860, 94, 98, 994, 228, 613, 740, 1382, 1258, 747, 1386, 367, 623, 1136, 1391, 116, 245, 372, 119, 1018, 1403, 254, 383], "point_pitch": 0.013876632848058179, "camera_rotation_from_original_to_final": [-0.006760809570550919, -0.014945054426789284, -2.625751495361328], "camera_location": [-2.125469923019409, -10.290050506591797, 1.5054166316986084], "camera_rotation_original": [1.585587501525879, -0.0013757790438830853, 1.7914842367172241], "view_id": 5, "point_location": [4.078518867492676, -4.665872573852539, 1.5195516347885132], "camera_distance": 8.373831681916883, "bounding_box_ranges": {"x": [-10.290050506591797, -3.9273546853982158], "y": [-2.125469923019409, 6.495967109081989], "z": [-0.017358489283299024, 2.427719835350417]}, "obliqueness_angle": 0.721977174282074, "resolution": 512, "point_uuid": "222", "point_normal": [-0.9998717308044434, -0.01448560319840908, 0.006844755727797747], "camera_rotation_final": [1.5724843740463257, 0.008491916581988335, -0.8343642354011536], "vanishing_points_image": {"x": [-0.2176451548241917, 257.6987289409195], "y": [523.8919249072378, 253.31505506882127], "z": [253.96223414974781, 16.040746490360082]}, "camera_uuid": "2b230e47a809ba0986cefc4de1b011af", "field_of_view_rads": 0.9793240482831689, "room": "856e4980d5eb3351797f528948f684e5"}