{"vanishing_points_gaussian_sphere": {"x": [0.0030093385044931086, 0.06041898326824386, 0.9981685680998962], "y": [0.9999888359169644, 0.003454605199934394, -0.0032239330556032173], "z": [-0.003643065083113399, 0.9981671263689985, -0.06040791266925174]}, "nonfixated_points_in_view": [516, 1028, 13, 1037, 20, 1053, 32, 38, 552, 45, 557, 47, 64, 578, 67, 1095, 1096, 589, 590, 1114, 1121, 1126, 615, 618, 1131, 109, 114, 626, 118, 647, 1162, 653, 148, 661, 1172, 664, 675, 681, 1202, 179, 1227, 720, 213, 214, 735, 750, 261, 1285, 263, 781, 1294, 1309, 1310, 290, 807, 813, 302, 304, 325, 843, 844, 340, 1390, 370, 1400, 888, 381, 1407, 1415, 907, 1427, 919, 931, 424, 1452, 435, 1461, 1462, 951, 440, 1466, 445, 1471, 450, 461, 467, 468, 1496, 483, 999, 489, 1022], "point_pitch": 0.05095823208359285, "camera_rotation_from_original_to_final": [0.03897235542535782, -0.03355783224105835, -0.7231461405754089], "camera_location": [-6.425679683685303, -2.262380838394165, 1.4977667331695557], "camera_rotation_original": [1.5803217887878418, -0.003540406469255686, -0.8513162136077881], "view_id": 4, "point_location": [-0.9764865636825562, -2.279980421066284, 1.8275439739227295], "camera_distance": 5.459191091723184, "bounding_box_ranges": {"x": [-5.985597829459572, 1.4073171447792445], "y": [-6.425679683685303, 1.4903320811756826], "z": [-0.022066437805596195, 5.462375488597828]}, "obliqueness_angle": 0.08178767561912537, "resolution": 512, "point_uuid": "1244", "point_normal": [-0.998397707939148, -0.056409887969493866, -0.0044677299447357655], "camera_rotation_final": [1.6312414407730103, 0.0036430731415748596, -1.5738056898117065], "vanishing_points_image": {"x": [257.5628657380573, 224.622087964776], "y": [515.7233124226512, 255.10274847737], "z": [255.08006105946976, 3.9449892453621174]}, "camera_uuid": "928222235a04d0c536e00fac4a58b265", "field_of_view_rads": 0.9145082645686076, "room": "8de55a2e5745f73de25402626a4c3d61"}