{"vanishing_points_gaussian_sphere": {"x": [-0.6938775708681428, 0.007549923521361326, 0.7200534114223384], "y": [0.7199800691876677, 0.024981943277049633, 0.6935449534692208], "z": [-0.012752122123280226, 0.9996593925757533, -0.02277020457591625]}, "nonfixated_points_in_view": [3, 771, 775, 1287, 137, 1291, 12, 1039, 1424, 529, 530, 275, 1428, 665, 285, 544, 929, 1443, 165, 422, 934, 296, 1062, 1066, 43, 1328, 1330, 821, 566, 1078, 1080, 1333, 317, 65, 195, 1221, 1228, 973, 1484, 847, 848, 89, 1113, 1370, 1117, 607, 1378, 99, 1253, 617, 362, 363, 746, 1130, 751, 241, 116, 375, 1271, 1404, 894, 1399], "point_pitch": 0.034419016042027906, "camera_rotation_from_original_to_final": [-0.006052558775991201, 0.02468574233353138, -2.992321491241455], "camera_location": [0.4931855797767639, -7.2360944747924805, 1.5182243585586548], "camera_rotation_original": [1.5842092037200928, -0.010877704247832298, 0.6175836324691772], "view_id": 6, "point_location": [4.7128214836120605, -11.617010116577148, 1.6567615270614624], "camera_distance": 6.084154984483822, "bounding_box_ranges": {"x": [-11.7039379598185, -7.2360944747924805], "y": [0.4931855797767639, 6.510025779694347], "z": [-0.028070050331501395, 2.4218125940294914]}, "obliqueness_angle": 0.7848157286643982, "resolution": 512, "point_uuid": "1070", "point_normal": [0.014097816310822964, 0.9980787634849548, 0.060334526002407074], "camera_rotation_final": [1.593570351600647, 0.012752467766404152, -2.3746542930603027], "vanishing_points_image": {"x": [11.249453314078162, 253.3369251480803], "y": [504.8047525233233, 247.36694683561038], "z": [253.15377922960914, 32.8801695153811]}, "camera_uuid": "c61bffa72844e019185a72c8df1f3454", "field_of_view_rads": 1.0316504613712725, "room": "856e4980d5eb3351797f528948f684e5"}