{"vanishing_points_gaussian_sphere": {"x": [0.5720753857738576, 0.12293226203958199, 0.8109361330841804], "y": [0.8201810831373559, -0.0926387465934575, -0.5645538534924962], "z": [0.005722224683268361, 0.9880818395150398, -0.1538230625272085]}, "nonfixated_points_in_view": [1026, 1296, 18, 23, 1051, 796, 547, 295, 1203, 1076, 1204, 1208, 1209, 704, 1219, 580, 1220, 710, 839, 1480, 1354, 719, 336, 337, 464, 1105, 1361, 1238, 347, 606, 227, 231, 364, 371, 630], "point_pitch": 0.14604075352219148, "camera_rotation_from_original_to_final": [0.0942034050822258, -0.110299251973629, 0.23773877322673798], "camera_location": [-6.425679683685303, -2.262380838394165, 1.4977667331695557], "camera_rotation_original": [1.5803217887878418, -0.003540406469255686, -0.8513162136077881], "view_id": 15, "point_location": [-3.887063980102539, 1.3841365575790405, 2.1894586086273193], "camera_distance": 4.496676091612451, "bounding_box_ranges": {"x": [-2.262380838394165, 1.5575310818809052], "y": [-6.425679683685303, 0.1435164628263772], "z": [-0.024391764426329177, 3.659054711746576]}, "obliqueness_angle": 0.6277993321418762, "resolution": 512, "point_uuid": "443", "point_normal": [0.003912386018782854, -0.9999845623970032, -0.00394709687680006], "camera_rotation_final": [1.725235104560852, -0.005722255911678076, -0.6090453863143921], "vanishing_points_image": {"x": [512.5726339844823, 200.86556307522315], "y": [426.5533199420081, 275.2638505223054], "z": [257.4168280164691, 11.350041237877793]}, "camera_uuid": "928222235a04d0c536e00fac4a58b265", "field_of_view_rads": 0.8951054819828498, "room": "8de55a2e5745f73de25402626a4c3d61"}