{"vanishing_points_gaussian_sphere": {"x": [0.38575688130306024, 0.15926550329364292, 0.9087497609286944], "y": [0.9224596511438471, -0.08379070880059958, -0.3768916410989573], "z": [0.016118949683798248, 0.983673531502864, -0.1792388431165953]}, "nonfixated_points_in_view": [311], "point_pitch": 0.20625074306992097, "camera_rotation_from_original_to_final": [-0.13397854566574097, 0.08601509779691696, 1.7807697057724], "camera_location": [-1.4434256553649902, -7.813687324523926, 4.310910701751709], "camera_rotation_original": [1.5920394659042358, -0.022030526772141457, 2.532801628112793], "view_id": 2, "point_location": [0.7840372323989868, -8.737497329711914, 4.750247478485107], "camera_distance": 2.451128718387589, "bounding_box_ranges": {"x": [-9.325200375700376, -7.713470182455134], "y": [-1.4434256553649902, 0.9436482214616659], "z": [3.7298019610733557, 5.218984215813378]}, "obliqueness_angle": 0.41093000769615173, "resolution": 512, "point_uuid": "310", "point_normal": [-0.9990238547325134, 0.002607791218906641, -0.044098589569330215], "camera_rotation_final": [1.7510327100753784, -0.01611964777112007, 4.3163065910339355], "vanishing_points_image": {"x": [463.1761185638514, 170.46423798834905], "y": [483.4512656872231, 276.6603104492361], "z": [260.3349318135131, -8.543147628819607]}, "camera_uuid": "6c4bbfd91682179d5f66aaabeac8d0e0", "field_of_view_rads": 0.8236572790127091, "room": "9be1cd563f04d329bc30a6918cfb1205"}