{"vanishing_points_gaussian_sphere": {"x": [0.02128923693429259, -0.10235021414908246, 0.9945205890550444], "y": [0.9997576216306865, 0.007760700879959206, -0.020602657916030005], "z": [-0.00560949036087107, 0.9947181536422711, 0.10249062607088774]}, "nonfixated_points_in_view": [1152, 386, 1400, 391, 521, 138, 653, 781, 1037, 401, 1300, 408, 542, 1438, 1185, 802, 1313, 420, 806, 1447, 424, 170, 435, 951, 440, 315, 1342, 1472, 193, 578, 1091, 1218, 709, 1346, 1095, 712, 201, 1478, 75, 204, 461, 590, 463, 591, 843, 210, 338, 213, 981, 1366, 1242, 1373, 352, 1121, 994, 228, 1254, 1382, 488, 1258, 1131, 1386, 623, 888, 245, 118, 632, 762, 383], "point_pitch": -0.11316196521254973, "camera_rotation_from_original_to_final": [-0.05536125600337982, 0.10052196681499481, -0.5839422345161438], "camera_location": [-6.116707801818848, -5.171044826507568, 1.5127230882644653], "camera_rotation_original": [1.5826430320739746, -0.00107341050170362, -1.010670781135559], "view_id": 3, "point_location": [7.570470809936523, -5.454592227935791, 0.1021888479590416], "camera_distance": 13.762589070077809, "bounding_box_ranges": {"x": [-6.44181631231722, -2.195181263587838], "y": [-6.116707801818848, 1.490262491673782], "z": [-0.10384469318346967, 3.830153602034068]}, "obliqueness_angle": 0.010369558818638325, "resolution": 512, "point_uuid": "7", "point_normal": [-0.9954859614372253, 0.015222913585603237, 0.09368041157722473], "camera_rotation_final": [1.4681237936019897, 0.005609519779682159, -1.5920875072479248], "vanishing_points_image": {"x": [268.8525090198936, 317.78976985408957], "y": [556.3411281217055, 253.66857725625513], "z": [254.20551232423432, -62.21241373775134]}, "camera_uuid": "676a1ae5fa5b4d774f8408cdbebb47fb", "field_of_view_rads": 0.798202704893593, "room": "8de55a2e5745f73de25402626a4c3d61"}