{"vanishing_points_gaussian_sphere": {"x": [0.033155090438915576, -0.24207441909599378, 0.9696910413102333], "y": [0.9994405256744463, 0.0037572779739361408, -0.033234297071143566], "z": [0.004401774366522624, 0.9702504101939684, 0.24206355756466624]}, "nonfixated_points_in_view": [1024, 902, 9, 265, 1168, 1425, 918, 666, 541, 1181, 59, 1470, 449, 82, 1110, 983, 478, 353, 482, 355, 609, 101, 873, 1385, 491, 369, 499, 1016, 123, 1279], "point_pitch": -0.24627964099379973, "camera_rotation_from_original_to_final": [0.24519996345043182, 0.017430827021598816, -0.10391145944595337], "camera_location": [6.898015022277832, -5.4319539070129395, 1.5056571960449219], "camera_rotation_original": [1.5721105337142944, -0.004563433583825827, -3.0698022842407227], "view_id": 2, "point_location": [6.708004951477051, -10.975427627563477, 0.12184180319309235], "camera_distance": 5.71674291737086, "bounding_box_ranges": {"x": [-6.106931040884712, -5.4319539070129395], "y": [6.612778610751409, 6.898015022277832], "z": [0.9812567101957479, 1.622345465535976]}, "obliqueness_angle": 1.3406659364700317, "resolution": 512, "point_uuid": "1398", "point_normal": [-0.9645156860351562, 0.24186043441295624, 0.10589238256216049], "camera_rotation_final": [1.3263018131256104, -0.004401788581162691, -3.1747541427612305], "vanishing_points_image": {"x": [274.7989476269532, 393.2562784829352], "y": [543.1576070983598, 254.92046507572746], "z": [257.46276784470905, -66.42704490749821]}, "camera_uuid": "7aee671bd52588b571fedb6abd1f939e", "field_of_view_rads": 0.8260240957929303, "room": "8efc299ca974ee46c0bc622cd51b4dc7"}