{"vanishing_points_gaussian_sphere": {"x": [-0.03726136195901555, 0.04045799933669845, 0.9984862248396976], "y": [0.9991202451235076, 0.02074974621908419, 0.03644425628525932], "z": [-0.01924387407205966, 0.9989657643390565, -0.04119557001891588]}, "nonfixated_points_in_view": [130, 1027, 1159, 264, 394, 522, 779, 906, 14, 528, 1169, 274, 147, 786, 149, 406, 1043, 792, 1045, 1305, 667, 156, 1307, 31, 1441, 292, 1317, 1318, 556, 941, 1069, 1071, 176, 433, 1198, 828, 190, 191, 447, 63, 575, 962, 1216, 1474, 70, 1475, 585, 458, 1100, 1485, 335, 594, 851, 852, 469, 470, 1491, 1241, 859, 991, 356, 744, 490, 1135, 624, 1263, 764, 255], "point_pitch": 0.03670342365768953, "camera_rotation_from_original_to_final": [0.04749944061040878, 0.006797228008508682, -2.3867149353027344], "camera_location": [-6.215150356292725, 0.12702560424804688, 1.4902317523956299], "camera_rotation_original": [1.5806941986083984, -0.017110392451286316, -0.7174729108810425], "view_id": 0, "point_location": [-5.789518356323242, -11.534259796142578, 1.9713526964187622], "camera_distance": 11.678964868727988, "bounding_box_ranges": {"x": [-6.441195695947892, 0.12702560424804688], "y": [-7.3614765188992335, -3.094031511446656], "z": [-0.017924764761619583, 4.75732271864091]}, "obliqueness_angle": 0.48022523522377014, "resolution": 512, "point_uuid": "460", "point_normal": [-0.008470210246741772, 0.8673987984657288, -0.4975416362285614], "camera_rotation_final": [1.612011194229126, 0.01924506202340126, -3.104315757751465], "vanishing_points_image": {"x": [235.56644052675222, 233.81345361116027], "y": [535.4581324478839, 250.19620875920094], "z": [250.82214221989932, -12.786972704586779]}, "camera_uuid": "7d18db1fca787c6dcd4baad30e113130", "field_of_view_rads": 0.8723563199296456, "room": "8de55a2e5745f73de25402626a4c3d61"}