{"vanishing_points_gaussian_sphere": {"x": [-0.12492235786508851, 0.3327040055000988, 0.9347205193155957], "y": [0.9921636185077962, 0.04416881195363765, 0.11687801401512829], "z": [-0.002399711429127214, 0.9419963698310067, -0.33561448212236383]}, "nonfixated_points_in_view": [1026, 516, 1028, 13, 1037, 20, 1053, 32, 547, 38, 552, 1065, 45, 557, 47, 1076, 64, 578, 67, 580, 1095, 1096, 589, 590, 1114, 1121, 1126, 615, 618, 1131, 114, 626, 118, 630, 128, 647, 1162, 653, 148, 1172, 664, 675, 681, 178, 179, 1202, 1203, 1204, 710, 1227, 204, 720, 213, 214, 1244, 735, 234, 750, 261, 1285, 263, 781, 1294, 1296, 1309, 1310, 290, 807, 813, 302, 304, 305, 325, 1354, 843, 844, 336, 849, 340, 347, 1390, 370, 888, 1400, 381, 1407, 1415, 907, 1427, 1431, 1436, 931, 424, 1452, 435, 1461, 1462, 951, 440, 1466, 445, 1471, 450, 1480, 461, 467, 468, 1496, 483, 999, 489, 1022], "point_pitch": 0.3323839465763907, "camera_rotation_from_original_to_final": [0.22826321423053741, -0.24430809915065765, -0.6221818923950195], "camera_location": [-6.425679683685303, -2.262380838394165, 1.4977667331695557], "camera_rotation_original": [1.5803217887878418, -0.003540406469255686, -0.8513162136077881], "view_id": 7, "point_location": [0.11682227998971939, -1.4443031549453735, 3.8468751907348633], "camera_distance": 6.999421002079886, "bounding_box_ranges": {"x": [-5.990017845919839, 1.493956230658354], "y": [-6.425679683685303, 1.490374872616611], "z": [-0.025979378642825957, 5.458533567150953]}, "obliqueness_angle": 0.10519008338451385, "resolution": 512, "point_uuid": "661", "point_normal": [-0.9622923731803894, -0.13548728823661804, -0.23587411642074585], "camera_rotation_final": [1.9130548238754272, 0.002399713732302189, -1.4455463886260986], "vanishing_points_image": {"x": [216.11966050541398, 149.7872377906773], "y": [435.1789881375742, 248.02336904371242], "z": [255.65058616552295, 118.8391065479895]}, "camera_uuid": "928222235a04d0c536e00fac4a58b265", "field_of_view_rads": 1.2905329863601032, "room": "8de55a2e5745f73de25402626a4c3d61"}