{"vanishing_points_gaussian_sphere": {"x": [0.4034362080388032, -0.2458183414788126, 0.8813697118893282], "y": [0.9150002419834995, 0.1044746447330635, -0.38969168040649477], "z": [0.0037125750374958936, 0.9636692335031279, 0.26707269644440423]}, "nonfixated_points_in_view": [1282, 5, 390, 645, 1158, 1274, 280, 921, 1049, 800, 289, 418, 294, 1323, 1073, 1205, 1214, 1093, 202, 1235, 346, 218, 737, 226, 995, 742, 1129, 107, 876, 365, 238, 497, 1394, 1396, 1142, 247, 506, 637], "point_pitch": -0.2793803652140756, "camera_rotation_from_original_to_final": [-0.2499641329050064, 0.1265934407711029, 0.045534513890743256], "camera_location": [4.716692924499512, -4.644749641418457, 4.289913177490234], "camera_rotation_original": [1.5800347328186035, -0.0031423436012119055, -0.47769707441329956], "view_id": 3, "point_location": [6.685150623321533, -0.19266794621944427, 2.940843105316162], "camera_distance": 5.05132134449245, "bounding_box_ranges": {"x": [-4.644749641418457, -0.08238511460767572], "y": [4.376633690379213, 7.503903663681762], "z": [2.763183891897906, 5.193584735567589]}, "obliqueness_angle": 0.4489632546901703, "resolution": 512, "point_uuid": "755", "point_normal": [-0.24522390961647034, -0.9582633972167969, -0.1469578742980957], "camera_rotation_final": [1.3004403114318848, -0.003712583566084504, -0.41527217626571655], "vanishing_points_image": {"x": [430.0871076335141, 362.07328548754845], "y": [440.82369484534684, 234.89684726709837], "z": [257.03412540300263, -12.426853165996024]}, "camera_uuid": "3e56251b11c1ca97c045b046c52cd27c", "field_of_view_rads": 0.9752618195559375, "room": "5cd6a063c51df65aa0d61bbfd9882874"}