{"vanishing_points_gaussian_sphere": {"x": [0.4849919803038361, -0.06485954108574087, 0.8721100956709025], "y": [0.8744932063083086, 0.028369468301871387, -0.4842073991471868], "z": [0.006664169984128998, 0.9974910592072573, 0.07047819265564652]}, "nonfixated_points_in_view": [1026, 516, 13, 1038, 18, 23, 1051, 540, 547, 552, 1065, 45, 557, 47, 1076, 64, 67, 580, 1096, 1105, 1106, 606, 1120, 618, 114, 1138, 630, 634, 1147, 647, 1162, 661, 664, 675, 168, 681, 178, 1202, 1203, 1204, 1208, 1209, 704, 1219, 196, 710, 1227, 719, 720, 214, 1238, 1244, 735, 227, 231, 1255, 234, 1259, 750, 240, 759, 1276, 766, 1296, 290, 807, 297, 809, 304, 305, 1332, 1334, 826, 839, 1354, 844, 336, 337, 849, 1361, 340, 341, 347, 1375, 867, 364, 1407, 385, 1427, 931, 1446, 1462, 1466, 443, 1477, 1480, 464, 978, 467, 468, 999, 1001, 493, 494], "point_pitch": -0.08039168914290862, "camera_rotation_from_original_to_final": [-0.048586975783109665, 0.06679247319698334, 0.5023620128631592], "camera_location": [-6.116707801818848, -5.171044826507568, 1.5127230882644653], "camera_rotation_original": [1.5826430320739746, -0.00107341050170362, -1.010670781135559], "view_id": 1, "point_location": [-2.432854413986206, 1.463975429534912, 0.9765230417251587], "camera_distance": 7.608007701799058, "bounding_box_ranges": {"x": [-5.171044826507568, 1.5576163062634922], "y": [-6.817274930957432, 1.4821763299342852], "z": [-0.030117766398010115, 4.31784366548993]}, "obliqueness_angle": 0.871048092842102, "resolution": 512, "point_uuid": "796", "point_normal": [-0.9806364178657532, -0.19524019956588745, -0.015284489840269089], "camera_rotation_final": [1.5002580881118774, -0.0066642193123698235, -0.5063663125038147], "vanishing_points_image": {"x": [413.4465532402651, 277.0558351548365], "y": [384.89435531033496, 251.81853317911595], "z": [257.2646247716183, 66.71132549957672]}, "camera_uuid": "676a1ae5fa5b4d774f8408cdbebb47fb", "field_of_view_rads": 1.2203198188961377, "room": "8de55a2e5745f73de25402626a4c3d61"}