{"vanishing_points_gaussian_sphere": {"x": [-0.35712393981478874, -0.1172589398694664, 0.9266675955442988], "y": [0.9340293208367011, -0.05246945479550197, 0.35332164401688393], "z": [0.007191622104511277, 0.9917143224407681, 0.1282613863848129]}, "nonfixated_points_in_view": [512, 1, 1024, 9, 265, 651, 918, 541, 158, 1181, 1450, 306, 1458, 439, 59, 955, 1470, 449, 451, 82, 983, 478, 609, 482, 355, 101, 1385, 491, 369, 499, 886, 1398, 376], "point_pitch": -0.1365430792185922, "camera_rotation_from_original_to_final": [0.12455740571022034, 0.05507373437285423, -0.05263321474194527], "camera_location": [7.106297016143799, -6.809415817260742, 1.504452109336853], "camera_rotation_original": [1.5783125162124634, -0.007616623304784298, -2.721336841583252], "view_id": 1, "point_location": [8.911019325256348, -11.542709350585938, 0.8493097424507141], "camera_distance": 5.107866691635623, "bounding_box_ranges": {"x": [-11.651303788730925, -6.809415817260742], "y": [6.510608726753733, 9.961687214072118], "z": [-0.02832012532024991, 2.443836345613674]}, "obliqueness_angle": 0.8092701435089111, "resolution": 512, "point_uuid": "1016", "point_normal": [0.0039031875785440207, 0.6397404670715332, 0.7685811519622803], "camera_rotation_final": [1.4421772956848145, -0.0071916840970516205, -2.776395797729492], "vanishing_points_image": {"x": [90.10411809550902, 310.4706559042762], "y": [538.8151140604317, 271.88724733971486], "z": [257.91572224089083, -8.175335758812517]}, "camera_uuid": "b7487260ea08da3259345602cccf923b", "field_of_view_rads": 0.9486822608331442, "room": "8868fae7afbf71557a2e4faceeb9d9d6"}