{"vanishing_points_gaussian_sphere": {"x": [-0.4824420894590057, -0.1386440350967967, 0.864885808561169], "y": [0.8757986412906034, -0.0933110945994606, 0.4735713035416987], "z": [0.015045605071311172, 0.9859365451978788, 0.16644145700909205]}, "nonfixated_points_in_view": [961, 891, 1444, 583, 473, 525, 716, 1452, 1392, 593, 913, 411, 405, 1335, 441, 698, 219, 732, 1437, 895], "point_pitch": -0.1725904186579843, "camera_rotation_from_original_to_final": [0.17939910292625427, -0.02330680750310421, 0.6665635108947754], "camera_location": [3.9411685466766357, -6.047142028808594, 4.286668300628662], "camera_rotation_original": [1.584341049194336, -0.008459939621388912, 2.9743051528930664], "view_id": 1, "point_location": [6.458466529846191, -10.644499778747559, 3.4019370079040527], "camera_distance": 5.315565531878486, "bounding_box_ranges": {"x": [-11.542502692629501, -6.047142028808594], "y": [3.290697284769152, 5.479942126790173], "z": [2.7662562993958417, 5.201424554455354]}, "obliqueness_angle": 1.401667594909668, "resolution": 512, "point_uuid": "1175", "point_normal": [-0.019920462742447853, -0.008686057291924953, 0.9997638463973999], "camera_rotation_final": [1.403557538986206, -0.01504617277532816, 3.6450955867767334], "vanishing_points_image": {"x": [96.48920324239887, 301.84015571439494], "y": [471.33379431474725, 278.9425248047365], "z": [259.07963555472344, 54.19188228712549]}, "camera_uuid": "6d257e4888f9878e655953370ee5e983", "field_of_view_rads": 1.1972385131165046, "room": "77c77478b552f1977cad320741ba92a5"}