{"vanishing_points_gaussian_sphere": {"x": [-0.6311870083209781, 0.23774829054809152, 0.7382944608137554], "y": [0.7756265974406862, 0.19038153066622426, 0.6017958575162922], "z": [0.002518306851303876, 0.9524865474759451, -0.3045702464259385]}, "nonfixated_points_in_view": [1026, 516, 1037, 18, 547, 552, 1065, 45, 557, 47, 1076, 64, 578, 67, 580, 1095, 1096, 589, 590, 1105, 1114, 1120, 1121, 618, 1131, 114, 118, 630, 632, 647, 1162, 653, 148, 661, 1172, 664, 675, 681, 178, 1202, 1203, 1204, 1208, 1209, 1219, 196, 709, 710, 1227, 719, 720, 213, 214, 729, 1244, 735, 227, 231, 1255, 234, 750, 240, 759, 1276, 263, 781, 1294, 1296, 1306, 796, 290, 807, 304, 305, 1332, 839, 1354, 843, 844, 332, 336, 849, 340, 341, 347, 1375, 867, 364, 374, 888, 1400, 1407, 385, 386, 391, 1427, 408, 931, 424, 435, 1462, 951, 1466, 443, 1477, 1480, 461, 464, 467, 468, 999, 489, 1001], "point_pitch": 0.29786236683395906, "camera_rotation_from_original_to_final": [0.16026708483695984, -0.25189927220344543, 0.10316234827041626], "camera_location": [-6.116707801818848, -5.171044826507568, 1.5127230882644653], "camera_rotation_original": [1.5826430320739746, -0.00107341050170362, -1.010670781135559], "view_id": 3, "point_location": [-0.9511867165565491, -0.9605433344841003, 3.6436657905578613], "camera_distance": 6.996560000799507, "bounding_box_ranges": {"x": [-5.425220511061105, 1.5575264481063718], "y": [-6.116707801818848, 1.4825003619646688], "z": [-0.030000215768402727, 5.282990475881737]}, "obliqueness_angle": 0.5581433176994324, "resolution": 512, "point_uuid": "13", "point_normal": [-0.8562026023864746, -0.10287217795848846, -0.5062949657440186], "camera_rotation_final": [1.8802845478057861, -0.002518309513106942, -0.8877111077308655], "vanishing_points_image": {"x": [70.45620055463546, 186.11148746981073], "y": [461.7446319097739, 205.4989237365122], "z": [256.4052892648901, 102.70947766180932]}, "camera_uuid": "676a1ae5fa5b4d774f8408cdbebb47fb", "field_of_view_rads": 1.208276973363444, "room": "8de55a2e5745f73de25402626a4c3d61"}