{"vanishing_points_gaussian_sphere": {"x": [-0.3145496209310539, -0.37356049114561946, 0.8726460310040801], "y": [0.9492125177794926, -0.13090832387689433, 0.28610943156501994], "z": [0.007357449479745699, 0.9183221494632403, 0.395765457995474]}, "nonfixated_points_in_view": [7, 141, 1170, 542, 1438, 420, 806, 1447, 1192, 170, 946, 820, 1465, 193, 323, 69, 198, 712, 201, 75, 1483, 334, 463, 208, 591, 210, 338, 721, 1366, 599, 1242, 860, 222, 228, 1382, 1257, 1386, 1133, 367, 623, 1010, 372, 245, 1018, 383], "point_pitch": -0.38995663722487883, "camera_rotation_from_original_to_final": [0.3807997405529022, -0.19171924889087677, 2.335634708404541], "camera_location": [0.13430264592170715, -5.5853047370910645, 1.5091227293014526], "camera_rotation_original": [1.588117241859436, -0.006452574394643307, 2.6567111015319824], "view_id": 2, "point_location": [3.1220932006835938, -4.605714797973633, 0.15408901870250702], "camera_distance": 3.4238290215516645, "bounding_box_ranges": {"x": [-7.097842817761598, -3.7410423987407766], "y": [0.13430264592170715, 6.505462558521876], "z": [-0.013924835337631336, 2.427733408983243]}, "obliqueness_angle": 1.4804056882858276, "resolution": 512, "point_uuid": "1149", "point_normal": [-0.01865345984697342, -0.8896738886833191, -0.45621535181999207], "camera_rotation_final": [1.1638834476470947, -0.00735751586034894, 5.032380104064941], "vanishing_points_image": {"x": [158.6193194956138, 371.6497176173255], "y": [449.2966400901786, 282.65803357127544], "z": [257.60067573922817, 56.21120233469288]}, "camera_uuid": "caab66acefae8cc00595de890566047d", "field_of_view_rads": 1.2657054331228823, "room": "856e4980d5eb3351797f528948f684e5"}