{"vanishing_points_gaussian_sphere": {"x": [-0.4693496731286277, -0.039945510174906405, 0.8821084063486283], "y": [0.8830083856452675, -0.024241484771866422, 0.46873077698844795], "z": [0.0026599274781518006, 0.9989077568188777, 0.046649953407148816]}, "nonfixated_points_in_view": [896, 387, 1159, 779, 1038, 272, 528, 1042, 793, 1180, 669, 925, 1446, 168, 939, 1068, 1324, 46, 815, 563, 692, 1334, 826, 442, 318, 1215, 322, 1474, 452, 1353, 76, 1374, 1251, 484, 1379, 871, 1259, 1137, 1138, 1143, 1144, 121, 634, 635, 636, 893], "point_pitch": -0.042904778322901294, "camera_rotation_from_original_to_final": [-0.0440252348780632, 0.01185523346066475, 0.7116042971611023], "camera_location": [-5.588504314422607, -6.667678356170654, 1.5075440406799316], "camera_rotation_original": [1.5696860551834106, -0.004471865016967058, -0.2234717458486557], "view_id": 2, "point_location": [-6.917708873748779, -4.166236877441406, 1.3752562999725342], "camera_distance": 2.8357528338720828, "bounding_box_ranges": {"x": [-6.088248207019926, 1.515706260180135], "y": [-7.378381416461457, -5.653247578391679], "z": [-0.04229185029024429, 3.8891842851411127]}, "obliqueness_angle": 1.448114037513733, "resolution": 512, "point_uuid": "842", "point_normal": [-0.009349951520562172, -0.09103546291589737, 0.9958038330078125], "camera_rotation_final": [1.5241292715072632, -0.0026599306147545576, 0.48855602741241455], "vanishing_points_image": {"x": [37.21859551028528, 274.6200935453281], "y": [556.4878046891721, 264.2493786694688], "z": [256.7095831520678, -10.47648123137081]}, "camera_uuid": "a16f93f6e5a1a0a39d5df06bb9e95552", "field_of_view_rads": 0.9132896988209526, "room": "8de55a2e5745f73de25402626a4c3d61"}