{"vanishing_points_gaussian_sphere": {"x": [0.3792611521388922, -0.13153793738497296, 0.9158923241881587], "y": [0.9252803249951601, 0.05836404698221409, -0.374766538256431], "z": [-0.004159165196409463, 0.9895915364676301, 0.14384468115472374]}, "nonfixated_points_in_view": [640, 257, 258, 133, 523, 140, 779, 399, 527, 1042, 1426, 788, 279, 152, 669, 421, 1446, 1191, 168, 297, 1068, 1324, 46, 692, 823, 953, 826, 318, 1215, 452, 1353, 76, 1229, 335, 1361, 978, 1106, 600, 1120, 1251, 1379, 1380, 871, 1259, 239, 368, 1137, 1138, 1265, 884, 121, 634, 636, 893, 766], "point_pitch": -0.1467105587336679, "camera_rotation_from_original_to_final": [0.07990826666355133, -0.1260891556739807, -0.9812170267105103], "camera_location": [0.21503694355487823, -3.282130241394043, 2.989867687225342], "camera_rotation_original": [1.575566053390503, 0.00037009804509580135, 2.1583032608032227], "view_id": 5, "point_location": [-7.174051761627197, -0.2586475908756256, 1.8293811082839966], "camera_distance": 8.067639383637486, "bounding_box_ranges": {"x": [-3.5296360067063848, 1.5453920648680919], "y": [-7.431106283151891, 0.21503694355487823], "z": [-0.04423831258023392, 4.563292597678554]}, "obliqueness_angle": 0.693366289138794, "resolution": 512, "point_uuid": "186", "point_normal": [0.9570343494415283, 0.2898572087287903, 0.008254445157945156], "camera_rotation_final": [1.4264496564865112, 0.00415917718783021, 1.1817951202392578], "vanishing_points_image": {"x": [464.5164105544613, 328.31908251232517], "y": [488.2344832607353, 241.35131038046154], "z": [254.66443153607432, -61.772241750558585]}, "camera_uuid": "41fbfac86809ed0f1940b75ebedda277", "field_of_view_rads": 0.8113561810220955, "room": "8de55a2e5745f73de25402626a4c3d61"}