{"vanishing_points_gaussian_sphere": {"x": [0.5672732022272224, 0.2220998897230588, 0.7930149765419807], "y": [0.8235287703523246, -0.15156748695665107, -0.5466513160138129], "z": [-0.0012159098901771816, 0.9631712910394757, -0.26888582275844974]}, "nonfixated_points_in_view": [1027, 1028, 528, 1043, 1044, 1045, 31, 1069, 1071, 1072, 63, 1100, 1107, 87, 603, 611, 106, 1135, 122, 1148, 128, 642, 1159, 148, 1172, 1186, 164, 683, 173, 1198, 689, 1206, 190, 191, 702, 709, 199, 1233, 1234, 725, 729, 1241, 1248, 233, 748, 1263, 756, 249, 1277, 255, 1280, 1288, 272, 786, 276, 1300, 281, 793, 1305, 286, 292, 1316, 1317, 811, 813, 814, 828, 1342, 843, 339, 852, 1374, 352, 1380, 359, 394, 1420, 1431, 1436, 925, 414, 417, 424, 941, 430, 1461, 1469, 1474, 458, 1485, 475, 993, 1006, 502], "point_pitch": 0.2724045077946524, "camera_rotation_from_original_to_final": [0.06933477520942688, -0.2625157833099365, -2.4281063079833984], "camera_location": [0.1851605325937271, -0.11082234233617783, 1.8844544887542725], "camera_rotation_original": [1.5717267990112305, -0.0008006416610442102, -1.3258916139602661], "view_id": 0, "point_location": [-2.990171194076538, -4.717206954956055, 3.4463305473327637], "camera_distance": 5.808697759214017, "bounding_box_ranges": {"x": [-6.135567788033961, -0.11082234233617783], "y": [-7.2499191604429924, 0.3717373690341592], "z": [-0.021755228449679587, 5.478445298422416]}, "obliqueness_angle": 0.08266865462064743, "resolution": 512, "point_uuid": "1405", "point_normal": [0.6083992123603821, 0.7405864596366882, -0.28527551889419556], "camera_rotation_final": [1.8430325984954834, 0.0012159101897850633, -3.744784116744995], "vanishing_points_image": {"x": [448.61857462404237, 180.58560705027494], "y": [388.53087580782, 280.3918276003417], "z": [255.78036753919196, 82.02026470905412]}, "camera_uuid": "a5d931f6e602ca2a792cef637b435332", "field_of_view_rads": 1.1166857514060164, "room": "8de55a2e5745f73de25402626a4c3d61"}