{"vanishing_points_gaussian_sphere": {"x": [0.1950695412151015, -0.001498934980856238, 0.9807882683250514], "y": [0.9807893887101344, 7.223602289296943e-05, -0.19506965365109413], "z": [0.00022154848375725153, 0.9999988739873061, 0.0014842305714351618]}, "nonfixated_points_in_view": [1280, 642, 259, 764, 1324, 1288, 1420, 15, 272, 788, 149, 1044, 1305, 27, 156, 412, 31, 164, 292, 679, 1191, 1068, 1069, 46, 1071, 1197, 1199, 690, 947, 692, 309, 437, 823, 1206, 953, 186, 1082, 828, 321, 455, 711, 73, 76, 718, 1233, 1234, 725, 344, 603, 988, 1371, 991, 993, 1122, 1251, 356, 1380, 870, 359, 616, 871, 106, 748, 1006, 239, 368, 1263, 1265, 1393, 756, 120, 636, 893, 511], "point_pitch": -0.030996962389673755, "camera_rotation_from_original_to_final": [-0.004980447236448526, -0.030025843530893326, -0.7729654908180237], "camera_location": [0.3440798223018646, -5.207657814025879, 4.2956719398498535], "camera_rotation_original": [1.591770052909851, -0.020765699446201324, 2.1472725868225098], "view_id": 2, "point_location": [-7.235293388366699, -3.7001898288726807, 4.284201622009277], "camera_distance": 7.7278386841119495, "bounding_box_ranges": {"x": [-6.073358894235853, 0.04238153126637556], "y": [-7.246723829668168, 0.3440798223018646], "z": [0.6942772733928319, 5.4509397158765625]}, "obliqueness_angle": 0.2133791744709015, "resolution": 512, "point_uuid": "1072", "point_normal": [0.9996637105941772, 0.016237393021583557, 0.02022356353700161], "camera_rotation_final": [1.5693120956420898, -0.0002215484855696559, 1.3744679689407349], "vanishing_points_image": {"x": [368.7638625679795, 256.8664894433377], "y": [519.2524051853018, 255.98061122297355], "z": [256.06531397230157, -38.806345092261715]}, "camera_uuid": "65572d2c193d1b3ea0911dbf66b34fb7", "field_of_view_rads": 0.8197881774537521, "room": "8de55a2e5745f73de25402626a4c3d61"}