{"vanishing_points_gaussian_sphere": {"x": [0.0019795340361307085, -0.041184080029745926, 0.9991496149211605], "y": [0.9999927759040169, -0.003160660412647107, -0.0021114842018275766], "z": [0.0032449321685425253, 0.9991465767232851, 0.04117752587713532]}, "nonfixated_points_in_view": [1280, 642, 259, 1028, 1159, 1288, 779, 1420, 15, 272, 528, 1044, 409, 793, 156, 164, 421, 1317, 1068, 173, 46, 814, 1072, 437, 1206, 1461, 191, 711, 842, 76, 1233, 1234, 725, 1241, 603, 988, 1371, 224, 993, 1122, 611, 1379, 1380, 870, 359, 616, 748, 239, 1263, 1265, 1393, 756, 636, 893], "point_pitch": -0.05944065650435881, "camera_rotation_from_original_to_final": [0.017986614257097244, -0.05367641896009445, -0.46413925290107727], "camera_location": [0.30798399448394775, -4.362792491912842, 3.736617088317871], "camera_rotation_original": [1.5856736898422241, -0.011059120297431946, 2.032072067260742], "view_id": 12, "point_location": [-7.2202301025390625, -4.3468828201293945, 3.426358938217163], "camera_distance": 7.534621467357841, "bounding_box_ranges": {"x": [-5.996920258721922, -1.211461446028597], "y": [-7.431142289094685, 0.30798399448394775], "z": [0.1679544685205438, 5.4588545076612105]}, "obliqueness_angle": 0.03624515235424042, "resolution": 512, "point_uuid": "1006", "point_normal": [0.9999874830245972, -0.0007104248506948352, 0.004971824586391449], "camera_rotation_final": [1.5296069383621216, -0.003244937863200903, 1.5688167810440063], "vanishing_points_image": {"x": [257.2190179305475, 281.3615907041919], "y": [563.8398840140638, 256.97298436376957], "z": [257.0210025471789, -58.37674097752887]}, "camera_uuid": "73759aa4f227ecebe2f10f72d0e43db4", "field_of_view_rads": 0.7873528521640132, "room": "8de55a2e5745f73de25402626a4c3d61"}