{"vanishing_points_gaussian_sphere": {"x": [-0.6765219270924379, 0.29166819144664313, 0.6762009673620547], "y": [0.736417741880485, 0.2646452571786708, 0.6226168944836646], "z": [0.0026441646661789294, 0.9191803707385616, -0.3938279503058901]}, "nonfixated_points_in_view": [261, 647, 1421, 1301, 1053, 414, 1310, 1059, 1189, 424, 681, 44, 45, 179, 435, 951, 1213, 450, 578, 325, 1479, 461, 846, 1112, 1496, 1244, 1390, 113, 370, 626], "point_pitch": 0.39130838314560457, "camera_rotation_from_original_to_final": [-0.27461346983909607, -0.2827073633670807, -0.034269411116838455], "camera_location": [-2.0300116539001465, -0.3511151969432831, 1.4951437711715698], "camera_rotation_original": [1.5840462446212769, -0.0036451206542551517, -2.3237228393554688], "view_id": 2, "point_location": [1.4690229892730713, -4.1512861251831055, 3.7084100246429443], "camera_distance": 5.619883435489673, "bounding_box_ranges": {"x": [-5.984762534197286, -0.3511151969432831], "y": [-2.0300116539001465, 1.4912012594863104], "z": [1.2419232683766692, 5.458670090015028]}, "obliqueness_angle": 0.8950263857841492, "resolution": 512, "point_uuid": "118", "point_normal": [-0.9999908804893494, 0.004284057300537825, 2.504742587916553e-05], "camera_rotation_final": [1.9755902290344238, -0.002644167747348547, -2.398560047149658], "vanishing_points_image": {"x": [-3.327181161718133, 144.19654338851984], "y": [527.304946951008, 158.50157841614345], "z": [256.56051054238463, 61.151965480081714]}, "camera_uuid": "6f269c44fb405f239d56a612bcda89ad", "field_of_view_rads": 0.9344647926463062, "room": "8de55a2e5745f73de25402626a4c3d61"}