{"vanishing_points_gaussian_sphere": {"x": [0.6626600395232429, 0.10479759886474634, 0.7415518426187329], "y": [0.7489154283156426, -0.09631162353401208, -0.6556292797023637], "z": [0.002711687639017465, 0.989818940233226, -0.14230640289783858]}, "nonfixated_points_in_view": [256, 268, 419, 1187, 1315, 434, 308, 697, 1345, 72, 329, 1230, 80, 1488, 723, 1381, 998, 875, 621, 243, 629, 246], "point_pitch": 0.1427610675480704, "camera_rotation_from_original_to_final": [0.010354039259254932, -0.1405070275068283, 2.311100482940674], "camera_location": [-3.781970262527466, -8.79295825958252, 4.280111312866211], "camera_rotation_original": [1.5727763175964355, 0.0018530383240431547, -1.4653403759002686], "view_id": 4, "point_location": [-6.833837032318115, -6.0947065353393555, 4.865775108337402], "camera_distance": 4.115513933749775, "bounding_box_ranges": {"x": [-8.79295825958252, -5.97121559382701], "y": [-7.284179607339455, -3.781970262527466], "z": [2.7738053336728887, 5.209720697605692]}, "obliqueness_angle": 0.9042496085166931, "resolution": 512, "point_uuid": "444", "point_normal": [-0.06484328955411911, -0.991061270236969, -0.11658870428800583], "camera_rotation_final": [1.713587999343872, -0.0027116909623146057, 0.8464280366897583], "vanishing_points_image": {"x": [447.5909637985078, 225.7004922996237], "y": [358.60886848843114, 269.19565112356537], "z": [256.460550910148, 87.88992447105247]}, "camera_uuid": "719f11efd7d094b502660bf8fb326352", "field_of_view_rads": 1.2262641967649281, "room": "ef914082afe6874a9bab2b30c864407b"}