{"vanishing_points_gaussian_sphere": {"x": [0.289934540757021, 0.15159743586308794, 0.9449635863438084], "y": [0.956499960544015, -0.012536356901063462, -0.29146297403777904], "z": [-0.032338638736242174, 0.9883628165787027, -0.14863766430249334]}, "nonfixated_points_in_view": [768, 1281, 908, 654, 1402, 1170, 795, 1182, 671, 1058, 1442, 551, 1064, 1192, 1447, 686, 687, 560, 1456, 946, 820, 1463, 1465, 1339, 1085, 832, 66, 1091, 69, 198, 712, 969, 1483, 972, 333, 334, 79, 208, 462, 338, 463, 591, 977, 342, 599, 1366, 602, 1242, 860, 605, 222, 94, 994, 1382, 104, 1257, 1002, 1258, 1386, 367, 1009, 116, 372, 1013, 1140, 1141, 1018, 1149, 510, 1399], "point_pitch": 0.14314039150742097, "camera_rotation_from_original_to_final": [-0.025057565420866013, 0.12322014570236206, -1.7177740335464478], "camera_location": [3.307429552078247, -10.623159408569336, 1.5089129209518433], "camera_rotation_original": [1.6019235849380493, -0.010716056451201439, 1.4206318855285645], "view_id": 10, "point_location": [5.077117919921875, -4.885582447052002, 2.411402702331543], "camera_distance": 6.071743819723621, "bounding_box_ranges": {"x": [-10.623159408569336, -3.156900555615872], "y": [1.2259234459133115, 6.505546421250008], "z": [-0.01713704606654831, 2.4277233021932894]}, "obliqueness_angle": 0.7825344800949097, "resolution": 512, "point_uuid": "228", "point_normal": [-0.0018338010413572192, -0.6273766756057739, -0.7787137627601624], "camera_rotation_final": [1.7200654745101929, 0.0323442779481411, -0.29431697726249695], "vanishing_points_image": {"x": [352.70655247894643, 205.43525752851366], "y": [402.8911075758854, 257.9252267915583], "z": [250.70358577140973, 94.12618312624434]}, "camera_uuid": "6fc923253b31e08cd2b4b232614b75a1", "field_of_view_rads": 1.25785385339036, "room": "856e4980d5eb3351797f528948f684e5"}