{"vanishing_points_gaussian_sphere": {"x": [-0.6439941416052679, 0.14902673932185298, 0.7503749573014752], "y": [0.7650061427631025, 0.13325925937377414, 0.6300853682842292], "z": [-0.006094843132814428, 0.9798127375974706, -0.1998245533685406]}, "nonfixated_points_in_view": [516, 1028, 10, 1041, 20, 1059, 548, 38, 39, 40, 44, 45, 64, 67, 589, 590, 1107, 87, 1112, 1114, 92, 1126, 615, 109, 113, 626, 118, 1150, 128, 647, 148, 1172, 156, 668, 670, 160, 675, 1189, 681, 173, 179, 1211, 1213, 709, 204, 207, 211, 729, 1244, 1245, 1250, 739, 233, 236, 762, 764, 769, 261, 1285, 263, 1294, 1295, 1300, 1306, 1309, 1313, 293, 300, 813, 1341, 1342, 324, 846, 340, 1369, 352, 1377, 356, 1390, 370, 888, 1405, 391, 1415, 907, 1421, 919, 1431, 1436, 414, 931, 424, 1455, 945, 435, 1461, 951, 440, 957, 450, 1479, 461, 1485, 981, 1493, 471, 1496, 475, 991, 483, 489, 1005, 502, 1022], "point_pitch": 0.19420273701218171, "camera_rotation_from_original_to_final": [0.10552962869405746, -0.1633610874414444, -1.3878469467163086], "camera_location": [-4.307779312133789, 0.3686792552471161, 1.49626624584198], "camera_rotation_original": [1.5781090259552002, -0.005691109225153923, -1.0627084970474243], "view_id": 2, "point_location": [-0.9720338582992554, -3.6038923263549805, 2.55415940284729], "camera_distance": 5.294115647497922, "bounding_box_ranges": {"x": [-6.441823064007069, 0.3686792552471161], "y": [-4.423562245893151, 1.4906150417621182], "z": [-0.02038765796258013, 5.467175183119224]}, "obliqueness_angle": 0.7914480566978455, "resolution": 512, "point_uuid": "578", "point_normal": [-0.9931185841560364, 0.07990272343158722, -0.08562217652797699], "camera_rotation_final": [1.7719789743423462, 0.006094880867749453, -2.4418692588806152], "vanishing_points_image": {"x": [77.7646904423771, 214.75455178958052], "y": [449.13588154597545, 222.35694395817734], "z": [255.04177822584245, 101.95536270524713]}, "camera_uuid": "5fb98853d32c905b4569c0e295d9d2d9", "field_of_view_rads": 1.27439763733223, "room": "8de55a2e5745f73de25402626a4c3d61"}