{"vanishing_points_gaussian_sphere": {"x": [-0.12161359628555346, -0.21630454671494653, 0.9687220841236851], "y": [0.9925586333058736, -0.032522432358581, 0.11734415555730955], "z": [0.0061231240777041345, 0.975784112631438, 0.2186501152243145]}, "nonfixated_points_in_view": [769, 516, 1285, 1162, 907, 18, 664, 796, 546, 1059, 1189, 39, 295, 552, 1065, 1455, 178, 179, 1076, 1202, 1203, 1462, 1209, 445, 1471, 450, 67, 196, 580, 1220, 1477, 1480, 719, 336, 464, 720, 467, 468, 849, 214, 471, 1105, 227, 1126, 999, 1001, 618, 364, 114], "point_pitch": -0.23922960360976653, "camera_rotation_from_original_to_final": [-0.1679784506559372, 0.15870490670204163, -0.7474822402000427], "camera_location": [-6.215150356292725, 0.12702560424804688, 1.4902317523956299], "camera_rotation_original": [1.5806941986083984, -0.017110392451286316, -0.7174729108810425], "view_id": 0, "point_location": [-2.1147053241729736, 0.6237251162528992, 0.5647210478782654], "camera_distance": 4.232839318194367, "bounding_box_ranges": {"x": [-2.455658938287884, 1.5576080942105075], "y": [-6.215150356292725, 1.4769152949307918], "z": [-0.02486712546736547, 3.3012946702526924]}, "obliqueness_angle": 1.2128770351409912, "resolution": 512, "point_uuid": "630", "point_normal": [-0.20315109193325043, -0.9612643122673035, 0.186281219124794], "camera_rotation_final": [1.3503612279891968, -0.006123162340372801, -1.4488786458969116], "vanishing_points_image": {"x": [193.80965634918581, 366.61307702676737], "y": [534.0364772908757, 265.11021497621095], "z": [257.81276026457766, -32.88238156488176]}, "camera_uuid": "7d18db1fca787c6dcd4baad30e113130", "field_of_view_rads": 0.903841861773928, "room": "8de55a2e5745f73de25402626a4c3d61"}