{"vanishing_points_gaussian_sphere": {"x": [0.039021061957112836, -0.17070255686620123, 0.9845496400908796], "y": [0.9992379656226502, 0.0057597696970363085, -0.03860457371017666], "z": [0.0009191202568334362, 0.9853057708814957, 0.17079722797977445]}, "nonfixated_points_in_view": [1026, 517, 648, 910, 16, 153, 284, 1057, 930, 936, 1321, 427, 555, 940, 1199, 180, 1077, 697, 58, 1083, 1212, 1341, 835, 710, 455, 1096, 329, 1481, 715, 1355, 1357, 974, 80, 336, 83, 87, 988, 354, 1255, 240, 880, 759, 253, 1020, 509], "point_pitch": -0.16957490046950774, "camera_rotation_from_original_to_final": [-0.04832034558057785, 0.16497784852981567, 1.2375431060791016], "camera_location": [-2.806222438812256, -9.90909194946289, 4.287649154663086], "camera_rotation_original": [1.5709993839263916, -0.0022501780185848475, -1.2808427810668945], "view_id": 3, "point_location": [-2.6037003993988037, -4.744081974029541, 3.3916358947753906], "camera_distance": 5.246063576027109, "bounding_box_ranges": {"x": [-9.90909194946289, -5.957726647831379], "y": [-5.210795154939964, -1.764162337099019], "z": [2.7652009762104575, 5.2124022707835636]}, "obliqueness_angle": 0.4127105176448822, "resolution": 512, "point_uuid": "500", "point_normal": [0.3155241310596466, -0.9483708739280701, -0.03220490366220474], "camera_rotation_final": [1.3991575241088867, -0.0009191203862428665, -0.03903098776936531], "vanishing_points_image": {"x": [270.1857079800286, 318.057168659572], "y": [436.94498923344554, 254.95700373517337], "z": [256.18549026244835, 57.15265149053581]}, "camera_uuid": "48bee344cd0412ed9774218b24d4c13a", "field_of_view_rads": 1.2126634893509944, "room": "ef914082afe6874a9bab2b30c864407b"}