{"vanishing_points_gaussian_sphere": {"x": [-0.24542886105103945, 0.043155151076933324, 0.9684535647612211], "y": [0.9694083582745389, 0.00733957592493692, 0.24534377011186875], "z": [0.0034798089966212955, 0.9990414223448242, -0.04363630791643453]}, "nonfixated_points_in_view": [896, 387, 1159, 779, 1147, 1038, 272, 528, 1042, 788, 793, 1051, 1180, 669, 925, 1446, 168, 297, 939, 1068, 1324, 46, 815, 563, 692, 1334, 1208, 442, 826, 318, 1215, 704, 322, 1474, 452, 1353, 842, 76, 1229, 337, 978, 1361, 606, 1374, 1376, 1251, 484, 1379, 231, 1259, 493, 494, 1137, 1138, 1143, 1144, 121, 634, 635, 636, 893, 766], "point_pitch": 0.046670273938451245, "camera_rotation_from_original_to_final": [0.043867532163858414, -0.008953440003097057, 0.4714169204235077], "camera_location": [-5.588504314422607, -6.667678356170654, 1.5075440406799316], "camera_rotation_original": [1.5696860551834106, -0.004471865016967058, -0.2234717458486557], "view_id": 3, "point_location": [-7.183542728424072, -0.37152957916259766, 1.7912324666976929], "camera_distance": 6.501239693353313, "bounding_box_ranges": {"x": [-5.9827642207270655, 1.5427143989258658], "y": [-7.381043891780743, -4.105589791966218], "z": [-0.04343753268277678, 4.08061494748861]}, "obliqueness_angle": 0.04312993958592415, "resolution": 512, "point_uuid": "871", "point_normal": [0.28253015875816345, -0.9589589834213257, -0.023966964334249496], "camera_rotation_final": [1.614446759223938, -0.0034798160195350647, 0.24796359241008759], "vanishing_points_image": {"x": [122.03285287767457, 232.44379536843707], "y": [567.0829271685188, 253.6447317135073], "z": [256.95876739467246, -19.25888420927607]}, "camera_uuid": "a16f93f6e5a1a0a39d5df06bb9e95552", "field_of_view_rads": 0.853430540519525, "room": "8de55a2e5745f73de25402626a4c3d61"}