{"vanishing_points_gaussian_sphere": {"x": [0.01503219673694348, 0.1340546716508029, 0.9908599184899233], "y": [0.9997389106704576, 0.015040320456956002, -0.017201722355599865], "z": [-0.01720882194424997, 0.9908597952127979, -0.13379358235036393]}, "nonfixated_points_in_view": [899, 773, 1159, 521, 522, 272, 528, 402, 786, 408, 793, 29, 925, 1186, 292, 1317, 299, 941, 814, 1198, 689, 436, 57, 828, 1469, 190, 63, 1087, 322, 1474, 966, 967, 1478, 1100, 1234, 852, 981, 1371, 1374, 224, 352, 1248, 611, 1252, 997, 1254, 106, 1143, 1019, 127, 639], "point_pitch": 0.12757308880356355, "camera_rotation_from_original_to_final": [-0.10812869668006897, 0.0444125160574913, -1.0718141794204712], "camera_location": [1.9597357511520386, -5.512042045593262, 1.5149836540222168], "camera_rotation_original": [1.5890778303146362, 0.002467385260388255, 2.6240296363830566], "view_id": 4, "point_location": [-6.749693393707275, -5.360841751098633, 2.6909971237182617], "camera_distance": 8.789767803502818, "bounding_box_ranges": {"x": [-6.141805939257903, -4.3449890018973765], "y": [-3.5509249679010915, 1.9597357511520386], "z": [-0.07453561135956721, 2.4277337175030547]}, "obliqueness_angle": 1.3996427059173584, "resolution": 512, "point_uuid": "430", "point_normal": [0.11024248600006104, -0.9352771043777466, -0.33630865812301636], "camera_rotation_final": [1.705012321472168, 0.017209671437740326, 1.5557613372802734], "vanishing_points_image": {"x": [263.23230292181233, 191.50350554686597], "y": [496.62618095364184, 252.3799599743005], "z": [252.08434563588028, 30.542121830010576]}, "camera_uuid": "5090c6fc5c0dcfff7ec7ff2b1a5d94fb", "field_of_view_rads": 0.9704521684712997, "room": "856e4980d5eb3351797f528948f684e5"}