{"vanishing_points_gaussian_sphere": {"x": [0.5239982435352382, -0.1820095263404787, 0.8320446941681077], "y": [0.8517174140423212, 0.10989679132504822, -0.5123476767523399], "z": [0.0018131158392320186, 0.9771362379820807, 0.2126064087302642]}, "nonfixated_points_in_view": [1026, 1410, 517, 910, 16, 153, 930, 936, 1321, 427, 555, 1199, 58, 1083, 1341, 710, 455, 1096, 1481, 715, 1357, 336, 87, 988, 354, 1255, 240, 500, 759, 1020], "point_pitch": -0.21289400657149748, "camera_rotation_from_original_to_final": [-0.0618118979036808, 0.20547477900981903, 0.7224910855293274], "camera_location": [-2.806222438812256, -9.90909194946289, 4.287649154663086], "camera_rotation_original": [1.5709993839263916, -0.0022501780185848475, -1.2808427810668945], "view_id": 6, "point_location": [-2.2665743827819824, -9.03271198272705, 4.063714027404785], "camera_distance": 1.0532847807507713, "bounding_box_ranges": {"x": [-9.90909194946289, -5.957522219487234], "y": [-3.090798863131254, -1.7641678810614132], "z": [2.7701770175567457, 5.2096883527283255]}, "obliqueness_angle": 0.8536200523376465, "resolution": 512, "point_uuid": "83", "point_normal": [-0.06280054152011871, -0.5361703634262085, 0.8417705297470093], "camera_rotation_final": [1.356554388999939, -0.0018131168326362967, -0.5515395402908325], "vanishing_points_image": {"x": [427.27669262723407, 315.4925461732969], "y": [385.4226975723465, 239.3006359229773], "z": [256.38725765942553, 47.296571199173236]}, "camera_uuid": "48bee344cd0412ed9774218b24d4c13a", "field_of_view_rads": 1.1814026134296183, "room": "ef914082afe6874a9bab2b30c864407b"}