{"vanishing_points_gaussian_sphere": {"x": [0.33707316898472073, -0.10680086641425802, 0.9354011191375398], "y": [0.9414684161521734, 0.03364915753443509, -0.33541758389378], "z": [0.004347428954686817, 0.9937108780376648, 0.11189187071050946]}, "nonfixated_points_in_view": [1282, 5, 390, 645, 1158, 1274, 280, 921, 1049, 1435, 800, 289, 418, 294, 1323, 1073, 1205, 1214, 326, 202, 970, 1235, 346, 218, 737, 226, 995, 614, 487, 742, 1129, 107, 876, 365, 238, 497, 1394, 755, 1012, 1396, 1142, 247, 1272, 506, 637], "point_pitch": -0.12086407741042571, "camera_rotation_from_original_to_final": [-0.1084529310464859, 0.05459529161453247, 0.13046807050704956], "camera_location": [4.716692924499512, -4.644749641418457, 4.289913177490234], "camera_rotation_original": [1.5800347328186035, -0.0031423436012119055, -0.47769707441329956], "view_id": 4, "point_location": [6.199524402618408, -0.5094791054725647, 3.795255184173584], "camera_distance": 4.420852588426769, "bounding_box_ranges": {"x": [-4.644749641418457, -0.07777311351457517], "y": [4.1777461784020336, 7.503901196654462], "z": [2.7631843365701765, 5.198933259919629]}, "obliqueness_angle": 1.0248395204544067, "resolution": 512, "point_uuid": "1093", "point_normal": [0.629035234451294, -0.7626261115074158, 0.1507188230752945], "camera_rotation_final": [1.45866858959198, -0.004347442649304867, -0.3438097834587097], "vanishing_points_image": {"x": [410.1985157980105, 304.8574487747694], "y": [452.3284437770603, 248.9829969653735], "z": [257.1213666767552, -0.31569292449818126]}, "camera_uuid": "3e56251b11c1ca97c045b046c52cd27c", "field_of_view_rads": 0.9679152699005338, "room": "5cd6a063c51df65aa0d61bbfd9882874"}