{"vanishing_points_gaussian_sphere": {"x": [0.1258230346778725, 0.12740552209697192, 0.9838375866389986], "y": [0.9920515075529769, -0.0176980122621257, -0.12458164681780279], "z": [0.0015395799157544242, 0.9916928018802837, -0.128619657877462]}, "nonfixated_points_in_view": [772, 1029, 646, 1030, 8, 1414, 1290, 654, 144, 17, 1299, 662, 1304, 1432, 28, 416, 672, 673, 677, 422, 1061, 298, 171, 172, 685, 687, 562, 693, 1463, 1465, 827, 317, 701, 831, 708, 1351, 456, 1483, 334, 977, 466, 722, 85, 91, 604, 740, 613, 1128, 874, 1004, 751, 1007, 242, 115, 627, 1141, 119, 248, 1273, 1403, 254, 1399], "point_pitch": 0.12463410297897859, "camera_rotation_from_original_to_final": [0.12752456963062286, -0.025928599759936333, -1.4747462272644043], "camera_location": [-5.588504314422607, -6.667678356170654, 1.5075440406799316], "camera_rotation_original": [1.5696860551834106, -0.004471865016967058, -0.2234717458486557], "view_id": 2, "point_location": [1.3089908361434937, -7.541096210479736, 2.409270763397217], "camera_distance": 7.010806606117388, "bounding_box_ranges": {"x": [-6.44189311150619, -6.0697313612490404], "y": [-4.684564551529758, -1.715368849594027], "z": [-0.015450852295653794, 2.4256582122869483]}, "obliqueness_angle": 1.4340108633041382, "resolution": 512, "point_uuid": "60", "point_normal": [-0.006838440429419279, 0.008181002922356129, -0.9999432563781738], "camera_rotation_final": [1.6997734308242798, -0.001539580523967743, -1.6969538927078247], "vanishing_points_image": {"x": [297.4248316938266, 214.05416453956087], "y": [412.2156426432949, 258.7868576762273], "z": [256.2419735478811, 100.1370771185078]}, "camera_uuid": "a16f93f6e5a1a0a39d5df06bb9e95552", "field_of_view_rads": 1.3063195393586797, "room": "8de55a2e5745f73de25402626a4c3d61"}