{"vanishing_points_gaussian_sphere": {"x": [0.5548993414068089, -0.2843776780224554, 0.781803080800304], "y": [0.8318966059776934, 0.1830188588746541, -0.5238817941664073], "z": [0.005895580470520253, 0.9410809920186339, 0.33812986941726925]}, "nonfixated_points_in_view": [1296, 18, 23, 1051, 796, 546, 295, 807, 297, 1065, 305, 178, 1202, 1076, 1203, 1204, 1209, 443, 704, 1219, 580, 1220, 839, 1480, 719, 720, 336, 337, 464, 849, 1105, 1106, 1238, 1361, 347, 227, 234, 1259, 364, 1138, 371, 630, 634], "point_pitch": -0.353212638697352, "camera_rotation_from_original_to_final": [-0.24116301536560059, 0.2623569369316101, 0.2294021099805832], "camera_location": [-6.425679683685303, -2.262380838394165, 1.4977667331695557], "camera_rotation_original": [1.5803217887878418, -0.003540406469255686, -0.8513162136077881], "view_id": 0, "point_location": [-4.076106548309326, 1.243951439857483, -0.018723225221037865], "camera_distance": 4.48493063538155, "bounding_box_ranges": {"x": [-2.262380838394165, 1.5575837469627491], "y": [-6.678981784224558, 1.474879087535097], "z": [-0.02844853201130282, 3.142505863513307]}, "obliqueness_angle": 1.2236469984054565, "resolution": 512, "point_uuid": "1151", "point_normal": [-0.007022049278020859, 0.002022542292252183, 0.9999733567237854], "camera_rotation_final": [1.2258610725402832, -0.0058956146240234375, -0.5882535576820374], "vanishing_points_image": {"x": [428.2148692793268, 344.2575649169706], "y": [380.6161344239992, 228.58420991771376], "z": [257.3412305072983, 41.90631700383414]}, "camera_uuid": "928222235a04d0c536e00fac4a58b265", "field_of_view_rads": 1.1904101421454911, "room": "8de55a2e5745f73de25402626a4c3d61"}