{"vanishing_points_gaussian_sphere": {"x": [-0.5736610481722583, -0.012505894381642922, 0.8189973164886568], "y": [0.819089889165838, -0.011420591834445694, 0.5735515003453886], "z": [0.0021806595793710253, 0.9998565760587197, 0.01679500032547523]}, "nonfixated_points_in_view": [896, 387, 1159, 779, 272, 528, 1042, 788, 793, 1180, 669, 925, 939, 1068, 1324, 46, 815, 563, 692, 1334, 442, 318, 1215, 1474, 452, 1353, 842, 76, 1374, 1251, 484, 1379, 871, 1137, 1143, 1144, 121, 635, 636, 893], "point_pitch": -0.012736960253443286, "camera_rotation_from_original_to_final": [-0.014787991531193256, 0.0057097491808235645, 0.8343475461006165], "camera_location": [-5.588504314422607, -6.667678356170654, 1.5075440406799316], "camera_rotation_original": [1.5696860551834106, -0.004471865016967058, -0.2234717458486557], "view_id": 9, "point_location": [-6.918821811676025, -4.768064022064209, 1.4685887098312378], "camera_distance": 2.3194388819234675, "bounding_box_ranges": {"x": [-6.08826181986284, 1.396747231899564], "y": [-7.379316015159271, -5.827852902872901], "z": [-0.0422547722230493, 4.124845851470631]}, "obliqueness_angle": 0.67816162109375, "resolution": 512, "point_uuid": "322", "point_normal": [0.7882670760154724, -0.389022558927536, 0.47675618529319763], "camera_rotation_final": [1.5540004968643188, -0.0021806613076478243, 0.6109701991081238], "vanishing_points_image": {"x": [40.88057328978846, 260.68963482608575], "y": [510.3024958888992, 259.54574637831956], "z": [256.48696238872486, 32.722349849638846]}, "camera_uuid": "a16f93f6e5a1a0a39d5df06bb9e95552", "field_of_view_rads": 1.0482456434495846, "room": "8de55a2e5745f73de25402626a4c3d61"}