{"vanishing_points_gaussian_sphere": {"x": [-0.1601939576006627, 0.3357569176822334, 0.9282269055445243], "y": [0.98708170582773, 0.05711640662606195, 0.14969108896105005], "z": [-0.0027571667442730886, 0.9402154052783077, -0.3405692142705972]}, "nonfixated_points_in_view": [527, 528, 1044, 27, 1068, 1069, 46, 1071, 1072, 63, 76, 603, 1120, 611, 106, 1137, 121, 634, 636, 642, 1159, 140, 152, 1180, 1186, 164, 1191, 683, 173, 1200, 689, 692, 1206, 186, 1211, 190, 1215, 1229, 1233, 1234, 725, 1241, 1251, 743, 748, 1262, 239, 1263, 1265, 756, 249, 255, 1280, 257, 779, 281, 793, 286, 1317, 1324, 814, 823, 1357, 335, 1371, 1374, 1379, 1380, 359, 871, 368, 1405, 893, 394, 1420, 399, 409, 925, 414, 421, 430, 953, 1469, 452, 993, 1006], "point_pitch": 0.32753904263046785, "camera_rotation_from_original_to_final": [-0.1936337649822235, 0.26680314540863037, -0.45261698961257935], "camera_location": [0.27477186918258667, -2.2696449756622314, 2.261363983154297], "camera_rotation_original": [1.5901278257369995, -0.005768735893070698, 2.1587343215942383], "view_id": 1, "point_location": [-5.966297626495361, -3.2761142253875732, 4.551229953765869], "camera_distance": 6.7236458173638525, "bounding_box_ranges": {"x": [-6.11369108812757, 1.2481246968786275], "y": [-7.430991554809452, 0.27477186918258667], "z": [0.14071928176335335, 5.477820728818081]}, "obliqueness_angle": 1.28959059715271, "resolution": 512, "point_uuid": "199", "point_normal": [0.008797934278845787, -0.34008508920669556, -0.940353512763977], "camera_rotation_final": [1.9183199405670166, 0.0027571702376008034, 1.7316840887069702], "vanishing_points_image": {"x": [201.11264146661742, 140.95939174667143], "y": [451.90156838204877, 244.66436935024592], "z": [255.56741585912835, 108.48542759649173]}, "camera_uuid": "72c78639c6d82fd06b6c6cb47f559896", "field_of_view_rads": 1.2175882099503674, "room": "8de55a2e5745f73de25402626a4c3d61"}