{"vanishing_points_gaussian_sphere": {"x": [0.2533304291163021, 0.08732741384670288, 0.9634301305619402], "y": [0.9673476475497778, -0.03098872961820421, -0.2515516396618415], "z": [0.007888121681448831, 0.9956975551981117, -0.09232635652316264]}, "nonfixated_points_in_view": [643, 388, 644, 774, 1030, 136, 520, 1160, 1286, 12, 1422, 784, 530, 1403, 660, 917, 662, 1428, 285, 797, 416, 544, 673, 1442, 1188, 1319, 296, 682, 1066, 172, 684, 174, 1330, 181, 1078, 695, 1080, 314, 1084, 317, 62, 958, 65, 66, 1221, 1351, 973, 847, 1360, 980, 1236, 862, 607, 863, 996, 357, 617, 362, 1130, 751, 116, 117, 758, 1013, 248, 1269, 890, 1271, 1021], "point_pitch": 0.08294482628372712, "camera_rotation_from_original_to_final": [0.024190038442611694, -0.10127634555101395, -2.096087694168091], "camera_location": [3.2709619998931885, -3.7192935943603516, 1.5157769918441772], "camera_rotation_original": [1.5592020750045776, -0.004284437280148268, -1.3022267818450928], "view_id": 10, "point_location": [1.6445900201797485, -9.948211669921875, 2.112699508666992], "camera_distance": 6.465355496161946, "bounding_box_ranges": {"x": [-12.047226240154892, -3.7192935943603516], "y": [-1.6322931281922717, 4.705698478171769], "z": [-0.02330564696804105, 2.4268529979140623]}, "obliqueness_angle": 1.5086525678634644, "resolution": 512, "point_uuid": "99", "point_normal": [0.1656259149312973, -0.07303165644407272, -0.9834808111190796], "camera_rotation_final": [1.6632572412490845, -0.007888203486800194, -3.3977222442626953], "vanishing_points_image": {"x": [390.71164798501246, 209.56254724473794], "y": [492.81927048005105, 263.58644357059757], "z": [258.07807178941647, -6.30972135157186]}, "camera_uuid": "2d006a1a730dfc7454d6b6a574948a71", "field_of_view_rads": 0.8695836713757367, "room": "856e4980d5eb3351797f528948f684e5"}