{"vanishing_points_gaussian_sphere": {"x": [-0.17388830849471934, 0.10771563030023136, 0.9788565774197308], "y": [0.9847593083284658, 0.022511011708800415, 0.17245973156736602], "z": [-0.0034584431883443257, 0.993926857138326, -0.1099883713391687]}, "nonfixated_points_in_view": [516, 7, 521, 13, 1037, 542, 552, 45, 557, 47, 64, 578, 67, 1091, 1095, 1096, 75, 589, 590, 591, 1114, 1121, 618, 1131, 623, 114, 118, 632, 1152, 647, 138, 1162, 653, 148, 661, 1172, 664, 1185, 675, 681, 170, 178, 1202, 193, 1218, 709, 712, 201, 1227, 204, 720, 210, 213, 214, 729, 1242, 1244, 735, 228, 1254, 1258, 245, 762, 263, 781, 1294, 1300, 1306, 1313, 802, 806, 807, 305, 315, 1342, 1344, 1346, 843, 844, 332, 338, 340, 341, 1366, 1373, 1375, 352, 867, 1382, 1386, 374, 1400, 383, 1407, 386, 391, 401, 1427, 408, 1438, 931, 420, 1447, 424, 435, 1462, 951, 440, 1466, 1472, 1478, 461, 463, 467, 468, 981, 994, 999, 488, 489, 490], "point_pitch": 0.09883041779068513, "camera_rotation_from_original_to_final": [0.05622446909546852, -0.08088230341672897, -0.38774076104164124], "camera_location": [-6.116707801818848, -5.171044826507568, 1.5127230882644653], "camera_rotation_original": [1.5826430320739746, -0.00107341050170362, -1.010670781135559], "view_id": 6, "point_location": [-0.9953387379646301, -4.268735885620117, 2.0881805419921875], "camera_distance": 5.231991116861252, "bounding_box_ranges": {"x": [-6.441842486580043, 1.4334065299117702], "y": [-6.116707801818848, 1.4910245530081285], "z": [-0.10481422445306993, 5.462728689935751]}, "obliqueness_angle": 0.20226113498210907, "resolution": 512, "point_uuid": "888", "point_normal": [-0.9999722242355347, 0.00019701820565387607, -0.00745071517303586], "camera_rotation_final": [1.6810083389282227, 0.0034584500826895237, -1.3960185050964355], "vanishing_points_image": {"x": [194.23165844347568, 217.73741696059432], "y": [451.4543956545329, 251.532028840038], "z": [255.40545752528095, 85.13360111730998]}, "camera_uuid": "676a1ae5fa5b4d774f8408cdbebb47fb", "field_of_view_rads": 1.2291639193512214, "room": "8de55a2e5745f73de25402626a4c3d61"}