{"vanishing_points_gaussian_sphere": {"x": [0.2559677347871879, 0.030518404442863013, 0.9662034701542827], "y": [0.9666586139295564, -0.01551096871841133, -0.2555983841208807], "z": [0.00718629693964026, 0.9994138466319538, -0.03347118606528626]}, "nonfixated_points_in_view": [260, 1156, 1416, 1163, 1419, 532, 791, 663, 1437, 674, 163, 1314, 425, 961, 68, 1097, 1104, 593, 1108, 1495, 220, 989, 350, 1387], "point_pitch": 0.019216612973485425, "camera_rotation_from_original_to_final": [-0.01986663229763508, 0.002064657397568226, -0.09143257886171341], "camera_location": [3.9411685466766357, -6.047142028808594, 4.286668300628662], "camera_rotation_original": [1.584341049194336, -0.008459939621388912, 2.9743051528930664], "view_id": 0, "point_location": [2.4801530838012695, -11.570026397705078, 4.477990627288818], "camera_distance": 5.71606708152299, "bounding_box_ranges": {"x": [-11.595489312004887, -6.047142028808594], "y": [1.5810490880932955, 4.144049058265445], "z": [2.7674822762958544, 5.202106226984904]}, "obliqueness_angle": 0.523130476474762, "resolution": 512, "point_uuid": "935", "point_normal": [-0.2487521469593048, 0.9651716351509094, 0.08103199303150177], "camera_rotation_final": [1.6042746305465698, -0.007186358794569969, 2.882737159729004], "vanishing_points_image": {"x": [395.4156778704302, 239.3778110883268], "y": [497.3086056298521, 259.87202904880013], "z": [257.9898878263578, -20.738000615643998]}, "camera_uuid": "6d257e4888f9878e655953370ee5e983", "field_of_view_rads": 0.853430540519525, "room": "77c77478b552f1977cad320741ba92a5"}