{"vanishing_points_gaussian_sphere": {"x": [-0.6523152464246229, -0.09594390182566782, 0.7518507744123499], "y": [0.7577337989616751, -0.058980684094368595, 0.6498928902633634], "z": [-0.01800858664890645, 0.9936377844095036, 0.11117393669688014]}, "nonfixated_points_in_view": [257, 258, 133, 517, 523, 140, 1426, 788, 23, 153, 1179, 288, 547, 932, 1191, 168, 1068, 1324, 46, 692, 1076, 1332, 823, 1208, 569, 186, 443, 953, 318, 1343, 580, 839, 1096, 76, 1229, 337, 600, 735, 1251, 871, 1255, 1259, 239, 368, 1138, 884, 893], "point_pitch": -0.13480524619552092, "camera_rotation_from_original_to_final": [0.039953455328941345, -0.1320720613002777, -1.4393233060836792], "camera_location": [0.3440798223018646, -5.207657814025879, 4.2956719398498535], "camera_rotation_original": [1.591770052909851, -0.020765699446201324, 2.1472725868225098], "view_id": 3, "point_location": [-3.7873339653015137, -0.42809078097343445, 3.5889313220977783], "camera_distance": 6.357068979339569, "bounding_box_ranges": {"x": [-5.207657814025879, 1.557382540967967], "y": [-7.431142620573704, 0.3440798223018646], "z": [-0.0395359442339458, 4.9269605084913275]}, "obliqueness_angle": 1.4403865337371826, "resolution": 512, "point_uuid": "1120", "point_normal": [-0.0012099504237994552, -0.31437620520591736, -0.9492977261543274], "camera_rotation_final": [1.459373950958252, 0.01800956018269062, 0.7107746601104736], "vanishing_points_image": {"x": [-18.918540256731514, 296.4355985560973], "y": [551.2306527804739, 278.9802417293254], "z": [250.98465659873236, -20.725475599218406]}, "camera_uuid": "65572d2c193d1b3ea0911dbf66b34fb7", "field_of_view_rads": 0.9058398979699762, "room": "8de55a2e5745f73de25402626a4c3d61"}