{"vanishing_points_gaussian_sphere": {"x": [0.5805717577270878, -0.03555045826045096, 0.8134326026458195], "y": [0.8141125170020996, 0.04073262588976237, -0.5792768447371524], "z": [-0.012539688600034014, 0.9985374395112067, 0.052590285264653036]}, "nonfixated_points_in_view": [1026, 517, 263, 13, 1294, 1296, 915, 1427, 661, 664, 1050, 547, 552, 936, 305, 178, 1076, 1332, 1462, 1466, 64, 67, 1096, 1354, 332, 589, 844, 336, 720, 467, 341, 214, 1240, 1114, 735, 1375, 354, 867, 618, 240, 114, 370, 1014, 759, 1407], "point_pitch": -0.07317273219558196, "camera_rotation_from_original_to_final": [-0.07556667923927307, 0.018113771453499794, -0.545744001865387], "camera_location": [-2.484394073486328, -5.331701278686523, 4.301449775695801], "camera_rotation_original": [1.594873070716858, 5.2980572945671156e-05, -0.07394442707300186], "view_id": 6, "point_location": [-0.04852749779820442, -1.9112061262130737, 4.080306053161621], "camera_distance": 4.205013277304175, "bounding_box_ranges": {"x": [-5.331701278686523, -2.6211011451803286], "y": [-2.484394073486328, 1.4780013747078278], "z": [2.707095197377329, 5.047061418621678]}, "obliqueness_angle": 1.373544692993164, "resolution": 512, "point_uuid": "557", "point_normal": [0.010631748475134373, -0.30995938181877136, -0.9506904482841492], "camera_rotation_final": [1.5181776285171509, 0.012540017254650593, -0.6194868087768555], "vanishing_points_image": {"x": [446.88048357972593, 267.688285856002], "y": [379.1358478793838, 249.8391238059337], "z": [253.48795478601224, 55.965431685050085]}, "camera_uuid": "c5be5141daf3c047a2d6d480abd9ff63", "field_of_view_rads": 1.16145486281394, "room": "7177ff6aafad58b0656fca6e31b41601"}