{"vanishing_points_gaussian_sphere": {"x": [0.41594032684611965, -0.2647073682974884, 0.870013593958256], "y": [0.9092284853626519, 0.13918733414383766, -0.3923397092050072], "z": [-0.017239660909689515, 0.9542310491610245, 0.298573104798087]}, "nonfixated_points_in_view": [674, 1270, 426, 845, 446], "point_pitch": -0.3166503151271005, "camera_rotation_from_original_to_final": [0.28713974356651306, -0.14636003971099854, -1.6380062103271484], "camera_location": [3.6592752933502197, -8.714073181152344, 4.289666175842285], "camera_rotation_original": [1.5873934030532837, -0.01419571228325367, 2.7590537071228027], "view_id": 2, "point_location": [2.012401580810547, -7.971402168273926, 3.7244887351989746], "camera_distance": 1.892928627398175, "bounding_box_ranges": {"x": [-9.045276736963876, -7.802067320594742], "y": [0.9344594370996893, 3.6592752933502197], "z": [2.765646683223803, 4.8015448588697955]}, "obliqueness_angle": 0.6730875968933105, "resolution": 512, "point_uuid": "964", "point_normal": [0.5088931322097778, -0.860816478729248, 0.004769777413457632], "camera_rotation_final": [1.2675526142120361, 0.01724051497876644, 1.141751766204834], "vanishing_points_image": {"x": [434.78667453608665, 369.78110524160786], "y": [440.59822510239724, 227.7411681955404], "z": [251.0785535678312, -16.406575567778795]}, "camera_uuid": "e09802cb984b5ff427a30cf5f077a7f3", "field_of_view_rads": 0.9701259373952015, "room": "77c77478b552f1977cad320741ba92a5"}