{"vanishing_points_gaussian_sphere": {"x": [-0.6147119175931756, -0.038447115453869106, 0.7878141136601946], "y": [0.7887509409510823, -0.02856982184413437, 0.6140486287164697], "z": [-0.0011006896489857332, 0.9988521334977822, 0.047887408462197384]}, "nonfixated_points_in_view": [393, 1289, 780, 1165, 14, 1298, 787, 21, 816, 825, 1468, 1216, 453, 70, 1223, 585, 460, 979, 84, 865, 868, 358, 492, 251, 892, 765], "point_pitch": -0.0599197586390634, "camera_rotation_from_original_to_final": [0.05589866638183594, -0.003680441528558731, -1.0388864278793335], "camera_location": [-3.8659191131591797, -9.080220222473145, 1.4999077320098877], "camera_rotation_original": [1.5778414011001587, -0.009793577715754509, -3.0118231773376465], "view_id": 3, "point_location": [-6.3628997802734375, -11.026451110839844, 1.3481279611587524], "camera_distance": 3.1695053416869987, "bounding_box_ranges": {"x": [-11.626332008653188, -9.080220222473145], "y": [-7.274775353918462, -3.8659191131591797], "z": [-0.012277625219948601, 2.428184870841732]}, "obliqueness_angle": 0.8069277405738831, "resolution": 512, "point_uuid": "508", "point_normal": [0.8707914352416992, -0.02899499051272869, 0.4907969832420349], "camera_rotation_final": [1.522890567779541, 0.001100689871236682, -4.050367832183838], "vanishing_points_image": {"x": [13.783967024514183, 271.1493854569285], "y": [527.8268640989904, 265.84600420304224], "z": [255.7306850286646, 11.602468007981491]}, "camera_uuid": "0ea84965dc118f5aeb7a085f7794bb81", "field_of_view_rads": 0.9840137886701843, "room": "ade82d56fe033105b37cc8ef1783cd93"}