{"vanishing_points_gaussian_sphere": {"x": [-0.07132703340083084, -0.0691336890365394, 0.995054263518546], "y": [0.9974490789046339, -0.002152343976107948, 0.07134915842324976], "z": [-0.00279093148146706, 0.9976050824126788, 0.06911085476144951]}, "nonfixated_points_in_view": [0, 641, 772, 1284, 392, 777, 650, 906, 912, 657, 1040, 147, 406, 1048, 1176, 410, 26, 1055, 1441, 802, 36, 805, 678, 1061, 171, 685, 943, 688, 1329, 50, 818, 948, 693, 568, 1336, 570, 827, 701, 829, 192, 576, 577, 1217, 708, 197, 582, 71, 328, 841, 714, 1231, 1232, 465, 1365, 343, 88, 984, 1368, 223, 740, 613, 631, 360, 743, 1383, 1132, 625, 753, 115, 501, 757, 119, 885, 1273, 254], "point_pitch": -0.0817616422984262, "camera_rotation_from_original_to_final": [0.014807399362325668, -0.08068922162055969, -0.13040612637996674], "camera_location": [2.5174548625946045, -7.046302795410156, 1.517836332321167], "camera_rotation_original": [1.5836472511291504, 0.0011349497362971306, 1.7721537351608276], "view_id": 1, "point_location": [-3.1043131351470947, -7.449404716491699, 1.1273802518844604], "camera_distance": 5.649709891945833, "bounding_box_ranges": {"x": [-11.519873566037482, -6.119956564745756], "y": [-3.5511411734740963, 2.5174548625946045], "z": [-0.09358923015293841, 2.4273721303948874]}, "obliqueness_angle": 1.5071032047271729, "resolution": 512, "point_uuid": "760", "point_normal": [-0.007911109365522861, 0.999965488910675, 0.0025375219993293285], "camera_rotation_final": [1.5016300678253174, 0.002790935104712844, 1.6421842575073242], "vanishing_points_image": {"x": [227.89574727161906, 283.2400319498717], "y": [460.78475142975003, 256.44189446404886], "z": [255.42766233652347, 51.420645138778305]}, "camera_uuid": "3d5b30db610d18db270d0baeb235eacb", "field_of_view_rads": 1.1478446320185505, "room": "856e4980d5eb3351797f528948f684e5"}