{"vanishing_points_gaussian_sphere": {"x": [0.677375783266212, -0.019630655772650336, 0.7353752005598377], "y": [0.7356228193276033, 0.011831240968414978, -0.6772880402174953], "z": [0.004595207176422665, 0.9997372950385932, 0.022454954462718116]}, "nonfixated_points_in_view": [1025, 1155, 1031, 790, 407, 1046, 30, 543, 1184, 680, 808, 1195, 303, 565, 956, 1088, 705, 834, 1348, 587, 855, 985, 986, 990, 95, 619, 754, 1275], "point_pitch": -0.01660112937423186, "camera_rotation_from_original_to_final": [-0.02242119237780571, -0.014401858672499657, -2.4225354194641113], "camera_location": [-5.364199638366699, -8.788909912109375, 4.275810241699219], "camera_rotation_original": [1.5721772909164429, 0.007314607501029968, 0.10773365199565887], "view_id": 6, "point_location": [-2.5714175701141357, -11.361089706420898, 4.190530776977539], "camera_distance": 3.7977642208432982, "bounding_box_ranges": {"x": [-11.666637924162023, -8.788909912109375], "y": [-5.364199638366699, -1.7642429605340135], "z": [2.7651368755711676, 5.209104001381064]}, "obliqueness_angle": 0.6768327951431274, "resolution": 512, "point_uuid": "438", "point_normal": [-0.1490408033132553, 0.9887435436248779, 0.013152259401977062], "camera_rotation_final": [1.5483392477035522, -0.004595223348587751, -2.314995527267456], "vanishing_points_image": {"x": [557.8203176150064, 264.74688895980745], "y": [410.82482383701335, 253.5099062310459], "z": [257.3093604278544, -28.865600639321745]}, "camera_uuid": "c71ad462c76696bcaee0b134a2de9f61", "field_of_view_rads": 0.8528771108854818, "room": "ef914082afe6874a9bab2b30c864407b"}