{"vanishing_points_gaussian_sphere": {"x": [0.052747168022881714, 0.13210156632490067, 0.9898317596642744], "y": [0.9984997017691684, -0.021567788619172783, -0.05033066720162203], "z": [0.014699722189471335, 0.9910015169860169, -0.1330410143488308]}, "nonfixated_points_in_view": [1033, 530, 535, 1048, 26, 1055, 34, 36, 1061, 1063, 48, 50, 55, 568, 572, 1084, 576, 577, 1089, 71, 88, 97, 100, 1132, 119, 1152, 641, 644, 134, 138, 650, 141, 657, 146, 658, 1176, 678, 1194, 171, 685, 688, 701, 192, 1217, 707, 708, 197, 200, 714, 1232, 209, 722, 728, 1243, 221, 223, 229, 743, 753, 757, 758, 1273, 254, 772, 1284, 774, 777, 802, 805, 1320, 301, 1329, 818, 315, 827, 829, 1346, 327, 328, 841, 330, 1365, 343, 1368, 360, 373, 885, 388, 392, 906, 398, 911, 912, 401, 406, 410, 933, 428, 943, 944, 948, 958, 965, 967, 971, 465, 472, 489, 501, 1013, 1021], "point_pitch": 0.1097121993687491, "camera_rotation_from_original_to_final": [0.102505162358284, 0.040333837270736694, 0.9194148182868958], "camera_location": [5.059991836547852, -7.579131126403809, 1.5203824043273926], "camera_rotation_original": [1.596900224685669, 0.009909546934068203, 0.6009308099746704], "view_id": 1, "point_location": [-1.5537523031234741, -7.242836952209473, 2.409320116043091], "camera_distance": 6.68168507928899, "bounding_box_ranges": {"x": [-12.06576806037556, -3.1248130927259554], "y": [-3.5508296455317545, 5.059991836547852], "z": [-0.10664315644725308, 2.427673284543184]}, "obliqueness_angle": 1.4191060066223145, "resolution": 512, "point_uuid": "115", "point_normal": [0.018634041771292686, 0.006952524650841951, -0.99980229139328], "camera_rotation_final": [1.7042474746704102, -0.014700251631438732, 1.5180189609527588], "vanishing_points_image": {"x": [274.1260239978904, 210.6046498586362], "y": [425.0523239146507, 259.65156322161226], "z": [258.3922525943364, 94.723077930062]}, "camera_uuid": "e2c81e729be96548bbabfecfc7939d49", "field_of_view_rads": 1.2708638095004532, "room": "856e4980d5eb3351797f528948f684e5"}