{"vanishing_points_gaussian_sphere": {"x": [0.0636224577782898, 0.2698990384854017, 0.9607844148875987], "y": [0.9979739236538441, -0.016743273004440905, -0.06138167899341198], "z": [-0.0004801803840663906, 0.9627430455909586, -0.2704174506074716]}, "nonfixated_points_in_view": [257, 258, 1417, 779, 399, 527, 914, 1426, 152, 1051, 421, 168, 297, 1068, 1324, 46, 1200, 692, 823, 1208, 953, 186, 443, 318, 704, 452, 839, 76, 1229, 1102, 464, 600, 1251, 1380, 231, 1255, 1259, 239, 368, 1137, 1138, 1265, 884, 121, 634, 636, 893], "point_pitch": 0.27495654026535554, "camera_rotation_from_original_to_final": [0.06901124864816666, -0.264240026473999, 2.8238916397094727], "camera_location": [0.1851605325937271, -0.11082234233617783, 1.8844544887542725], "camera_rotation_original": [1.5717267990112305, -0.0008006416610442102, -1.3258916139602661], "view_id": 2, "point_location": [-5.0673627853393555, 0.22474639117717743, 3.3628039360046387], "camera_distance": 5.466911930046934, "bounding_box_ranges": {"x": [-3.5821106724292013, 1.5575680560077325], "y": [-7.4291656100739285, 0.1851605325937271], "z": [0.3585604268569784, 4.65914266420892]}, "obliqueness_angle": 0.05593841150403023, "resolution": 512, "point_uuid": "140", "point_normal": [0.9522531032562256, -0.1152738481760025, -0.2827121615409851], "camera_rotation_final": [1.8446229696273804, 0.00048018040251918137, 1.5071308612823486], "vanishing_points_image": {"x": [286.4837641246123, 126.68184861201361], "y": [497.059684239927, 260.0443222091576], "z": [255.8946917247151, 44.86099258133325]}, "camera_uuid": "a5d931f6e602ca2a792cef637b435332", "field_of_view_rads": 0.949781234543139, "room": "8de55a2e5745f73de25402626a4c3d61"}