{"vanishing_points_gaussian_sphere": {"x": [-0.4318946404267063, 0.22929017399849652, 0.8722918294231726], "y": [0.9019180563874704, 0.10626661773779476, 0.41863017750374537], "z": [0.003292283847741265, 0.967539881380767, -0.2526969307386959]}, "nonfixated_points_in_view": [270, 284, 1057, 180, 308, 697, 1212, 444, 1345, 835, 72, 329, 713, 1355, 974, 80, 1362, 723, 853, 998, 621, 880, 246, 253], "point_pitch": 0.24635167519119783, "camera_rotation_from_original_to_final": [0.012880101799964905, -0.2554838955402374, 1.915547251701355], "camera_location": [-3.072143316268921, -10.485207557678223, 4.283509254455566], "camera_rotation_original": [1.5707898139953613, 0.009692680090665817, -1.4714287519454956], "view_id": 1, "point_location": [-4.585505962371826, -7.331842422485352, 5.197017192840576], "camera_distance": 3.615034513137282, "bounding_box_ranges": {"x": [-10.485207557678223, -5.9674241306138684], "y": [-7.28415907155251, -3.0522258379376352], "z": [3.470343662245612, 5.212401581262833]}, "obliqueness_angle": 1.3133381605148315, "resolution": 512, "point_uuid": "1406", "point_normal": [-0.0031246552243828773, -0.003711502533406019, -0.999988317489624], "camera_rotation_final": [1.8262643814086914, -0.0032922897953540087, 0.4465949833393097], "vanishing_points_image": {"x": [27.74571518542652, 134.8212221635161], "y": [595.9159048713099, 215.9501160109406], "z": [256.8710284796844, 0.021223294187257102]}, "camera_uuid": "2c5b1635a824be2ef248c2dd24c5c6fe", "field_of_view_rads": 0.8114170473966151, "room": "ef914082afe6874a9bab2b30c864407b"}