{"vanishing_points_gaussian_sphere": {"x": [0.677646579131573, -0.01851448393647666, 0.7351546284121748], "y": [0.7353588345909967, 0.008198106984092178, -0.6776283460945598], "z": [0.006519062835095432, 0.9997949814469181, 0.019170208483705927]}, "nonfixated_points_in_view": [69, 198, 551, 104, 1052, 721, 946, 51, 1009, 599, 860, 605, 222], "point_pitch": -0.0019147833201547115, "camera_rotation_from_original_to_final": [0.036995477974414825, -0.01071811281144619, 2.914304256439209], "camera_location": [1.9597357511520386, -5.512042045593262, 1.5149836540222168], "camera_rotation_original": [1.5890778303146362, 0.002467385260388255, 2.6240296363830566], "view_id": 0, "point_location": [3.8314573764801025, -3.4814231395721436, 1.4620321989059448], "camera_distance": 2.7621656097467637, "bounding_box_ranges": {"x": [-5.512042045593262, -3.160895893518645], "y": [1.9597357511520386, 4.198644094008081], "z": [0.22423229904035805, 2.427733823318742]}, "obliqueness_angle": 1.3936192989349365, "resolution": 512, "point_uuid": "927", "point_normal": [-0.8089595437049866, 0.5133787393569946, 0.2864030599594116], "camera_rotation_final": [1.5516245365142822, -0.006519109010696411, 5.538608074188232], "vanishing_points_image": {"x": [492.7011114936895, 262.4670863270826], "y": [377.33427524646214, 254.64731159467058], "z": [257.45402706617574, 33.003382169548644]}, "camera_uuid": "5090c6fc5c0dcfff7ec7ff2b1a5d94fb", "field_of_view_rads": 1.0503233383495056, "room": "856e4980d5eb3351797f528948f684e5"}