{"vanishing_points_gaussian_sphere": {"x": [-0.11411653801401926, -0.10846250954555398, 0.9875288855394436], "y": [0.9934391475094873, -0.004965828986577328, 0.11425410600105072], "z": [-0.007488387497863528, 0.9940881372220256, 0.10831758623199265]}, "nonfixated_points_in_view": [1249, 836, 142, 495], "point_pitch": -0.11131481727096038, "camera_rotation_from_original_to_final": [0.020118435844779015, 0.10618039220571518, -2.9817450046539307], "camera_location": [7.131393909454346, -2.9630346298217773, 4.278573989868164], "camera_rotation_original": [1.5692344903945923, -0.007833980023860931, -1.6152243614196777], "view_id": 0, "point_location": [4.190555572509766, -3.3032801151275635, 3.9560060501098633], "camera_distance": 2.9779770098359055, "bounding_box_ranges": {"x": [-4.753246153349059, -1.9625875180876553], "y": [4.178571580412875, 7.131393909454346], "z": [2.772185032012986, 5.206054552415446]}, "obliqueness_angle": 0.1539994776248932, "resolution": 512, "point_uuid": "785", "point_normal": [0.9999912977218628, 0.0035668043419718742, 0.0021947892382740974], "camera_rotation_final": [1.462262749671936, 0.00748845748603344, -4.598020076751709], "vanishing_points_image": {"x": [193.54158507332386, 315.3638445669684], "y": [547.9329470162944, 257.45926310037686], "z": [253.80636131918797, -35.20691077601995]}, "camera_uuid": "04fc9afa35a5796af985c221dbfe1e92", "field_of_view_rads": 0.8655290140371864, "room": "5cd6a063c51df65aa0d61bbfd9882874"}