{"vanishing_points_gaussian_sphere": {"x": [-0.5699030192917686, 0.23646564811418844, 0.7869526960777649], "y": [0.8215697988592919, 0.18178762645349167, 0.5403483362338674], "z": [-0.015284443216188085, 0.9544827165173515, -0.2978743521440349]}, "nonfixated_points_in_view": [644, 1284, 1418, 908, 528, 657, 912, 795, 1182, 802, 1058, 293, 1061, 167, 171, 685, 820, 693, 568, 313, 570, 827, 1084, 701, 829, 958, 1339, 1474, 708, 71, 328, 458, 462, 1231, 1232, 465, 722, 254, 88, 602, 1248, 740, 613, 242, 115, 627, 885, 1013, 119, 1273, 1021, 510], "point_pitch": 0.2733444730427603, "camera_rotation_from_original_to_final": [0.015344231389462948, 0.27218738198280334, -0.8126856088638306], "camera_location": [3.307429552078247, -10.623159408569336, 1.5089129209518433], "camera_rotation_original": [1.6019235849380493, -0.010716056451201439, 1.4206318855285645], "view_id": 0, "point_location": [1.678905963897705, -8.251409530639648, 2.40665864944458], "camera_distance": 3.013840389423042, "bounding_box_ranges": {"x": [-10.623159408569336, -3.153701736579139], "y": [-3.5505651727896144, 3.307429552078247], "z": [0.10466487187757267, 2.4277274138481166]}, "obliqueness_angle": 1.0005697011947632, "resolution": 512, "point_uuid": "774", "point_normal": [0.5415042638778687, 0.004063186701387167, -0.8406882286071777], "camera_rotation_final": [1.873297929763794, 0.015285038389265537, 0.6064688563346863], "vanishing_points_image": {"x": [32.60547977977157, 163.30856264863894], "y": [523.6360024332349, 196.78054755251372], "z": [252.837193373917, 58.48909184434733]}, "camera_uuid": "6fc923253b31e08cd2b4b232614b75a1", "field_of_view_rads": 0.9877596796665504, "room": "856e4980d5eb3351797f528948f684e5"}