{"vanishing_points_gaussian_sphere": {"x": [-0.4888478692563137, 0.12114221876031403, 0.8639168499094056], "y": [0.872335877083922, 0.05924533468969083, 0.4853041395555278], "z": [0.0076077773223755885, 0.9908655575562887, -0.1346386592806034]}, "nonfixated_points_in_view": [900, 134, 136, 520, 1160, 398, 784, 917, 278, 285, 34, 1319, 682, 1066, 684, 301, 1067, 1327, 48, 688, 1330, 181, 1078, 695, 571, 192, 965, 1221, 973, 847, 1360, 980, 86, 215, 858, 1243, 607, 863, 996, 357, 362, 1130, 758], "point_pitch": 0.1110409061100821, "camera_rotation_from_original_to_final": [-0.10929615050554276, 0.04756147414445877, -0.5540040135383606], "camera_location": [5.132575988769531, -10.393342971801758, 1.5002893209457397], "camera_rotation_original": [1.587233543395996, -0.019086314365267754, 2.634567975997925], "view_id": 4, "point_location": [2.907905340194702, -11.643049240112305, 1.8469969034194946], "camera_distance": 2.575098359210841, "bounding_box_ranges": {"x": [-12.033734548533575, -10.393342971801758], "y": [-3.538361423647414, 5.132575988769531], "z": [-0.017537789683881422, 2.4230447828116155]}, "obliqueness_angle": 0.5711543560028076, "resolution": 512, "point_uuid": "537", "point_normal": [0.9769039154052734, 0.051966600120067596, 0.2072640359401703], "camera_rotation_final": [1.705849051475525, -0.0076078507117927074, 2.0815811157226562], "vanishing_points_image": {"x": [40.338730728587166, 202.55661545595035], "y": [544.6468648678948, 236.39633521276895], "z": [257.7862488860598, 23.352220836658294]}, "camera_uuid": "3d449594a2cb2c364ffe85b6c45b4104", "field_of_view_rads": 0.9444641388156987, "room": "856e4980d5eb3351797f528948f684e5"}