{"vanishing_points_gaussian_sphere": {"x": [0.25956367602782343, 0.0371788873916477, 0.9650100664859629], "y": [0.9654639914997236, 0.013284964275167793, -0.2601975996077389], "z": [-0.022493981513836466, 0.9992203160747517, -0.032446582857498074]}, "nonfixated_points_in_view": [768, 1170, 28, 542, 1447, 1064, 687, 946, 1465, 1085, 1091, 712, 75, 972, 333, 334, 79, 208, 463, 338, 1483, 599, 1242, 860, 605, 994, 228, 1382, 1002, 1386, 367, 1009, 372, 1140, 1141, 1018], "point_pitch": 0.04379148880508943, "camera_rotation_from_original_to_final": [-0.03420832380652428, -0.028563883155584335, -2.896744966506958], "camera_location": [5.132575988769531, -10.393342971801758, 1.5002893209457397], "camera_rotation_original": [1.587233543395996, -0.019086314365267754, 2.634567975997925], "view_id": 5, "point_location": [6.340320110321045, -5.914112091064453, 1.6508941650390625], "camera_distance": 4.641641587554931, "bounding_box_ranges": {"x": [-10.393342971801758, -3.168134778217504], "y": [2.873968697398364, 6.504910574565331], "z": [-0.015016937646796014, 2.4277292355441844]}, "obliqueness_angle": 1.0940321683883667, "resolution": 512, "point_uuid": "1366", "point_normal": [-0.9594663381576538, -0.21054425835609436, -0.18733833730220795], "camera_rotation_final": [1.6032568216323853, 0.022495878860354424, -0.2626383900642395], "vanishing_points_image": {"x": [356.9955891034328, 241.53378619153497], "y": [428.0221168913446, 253.6329436441329], "z": [251.54300845650093, 58.01297417719502]}, "camera_uuid": "3d449594a2cb2c364ffe85b6c45b4104", "field_of_view_rads": 1.1324991372469784, "room": "856e4980d5eb3351797f528948f684e5"}