{"vanishing_points_gaussian_sphere": {"x": [-0.5822190902088052, -0.050751201274621696, 0.8114463916769942], "y": [0.8130225426169329, -0.041140858288779905, 0.5807768719361681], "z": [0.0039084770856473655, 0.997863590551557, 0.06521486378445947]}, "nonfixated_points_in_view": [388, 774, 520, 776, 398, 1040, 146, 530, 658, 24, 1176, 26, 797, 34, 1442, 1063, 1067, 301, 48, 688, 1329, 695, 1336, 572, 1084, 958, 319, 192, 66, 323, 579, 965, 1094, 330, 971, 591, 980, 1236, 472, 728, 1368, 221, 223, 863, 97, 99, 617, 1133, 367, 1013, 758, 890], "point_pitch": -0.07558672030898528, "camera_rotation_from_original_to_final": [0.06762769818305969, -0.0019340161234140396, -1.0237834453582764], "camera_location": [8.056329727172852, -4.2689995765686035, 1.4923113584518433], "camera_rotation_original": [1.572834849357605, -0.010850214399397373, -3.067706823348999], "view_id": 1, "point_location": [-1.1967018842697144, -10.89167308807373, 0.7486580610275269], "camera_distance": 11.403132255553981, "bounding_box_ranges": {"x": [-6.106932265361616, -4.366295881099142], "y": [4.194847043273122, 7.605953062020044], "z": [-0.013653948229108787, 2.4237912306276614]}, "obliqueness_angle": 0.5435675978660583, "resolution": 512, "point_uuid": "911", "point_normal": [0.40139472484588623, 0.8873744606971741, 0.2268235981464386], "camera_rotation_final": [1.5055346488952637, -0.003908487036824226, -4.090928077697754], "vanishing_points_image": {"x": [46.465198700101546, 274.2648474666044], "y": [501.04193068189994, 268.3996996596723], "z": [256.8640986486956, 35.38911722305859]}, "camera_uuid": "bd5b2b073675437662294c1b37a7fa10", "field_of_view_rads": 1.0786059117022635, "room": "8efc299ca974ee46c0bc622cd51b4dc7"}