{"vanishing_points_gaussian_sphere": {"x": [0.7051468739307484, 0.09660855530018143, 0.7024490538313118], "y": [0.7090477443716408, -0.10219264770393773, -0.6977162453008724], "z": [0.004379770220163338, 0.9900623464196943, -0.14056090428973456]}, "nonfixated_points_in_view": [1026, 13, 18, 23, 1051, 540, 547, 1065, 557, 47, 1076, 1081, 64, 580, 1096, 606, 1120, 618, 624, 114, 630, 632, 1151, 647, 1162, 148, 661, 675, 681, 178, 1202, 1203, 1204, 1208, 1209, 1219, 196, 710, 1227, 719, 720, 214, 1238, 1244, 735, 227, 1254, 231, 1255, 234, 750, 240, 759, 1276, 264, 1296, 1306, 1307, 796, 290, 809, 304, 305, 1332, 1344, 839, 1354, 844, 336, 337, 849, 1361, 341, 347, 1375, 867, 364, 1407, 385, 1427, 408, 931, 1462, 1466, 443, 1471, 1477, 464, 467, 999, 489, 1004], "point_pitch": 0.13959844509628816, "camera_rotation_from_original_to_final": [0.1386597603559494, -0.03135351091623306, -0.5607153177261353], "camera_location": [-5.588504314422607, -6.667678356170654, 1.5075440406799316], "camera_rotation_original": [1.5696860551834106, -0.004471865016967058, -0.2234717458486557], "view_id": 4, "point_location": [1.4716302156448364, 0.44034647941589355, 2.929870367050171], "camera_distance": 10.11891905352986, "bounding_box_ranges": {"x": [-6.4418881941851085, 1.5573178730262676], "y": [-5.54604644501124, 1.475625233752127], "z": [-0.02814332272543285, 4.3131204288361245]}, "obliqueness_angle": 0.9909121990203857, "resolution": 512, "point_uuid": "664", "point_normal": [-0.925848662853241, 0.20332568883895874, -0.3185327649116516], "camera_rotation_final": [1.7118256092071533, -0.004379784222692251, -0.7826398015022278], "vanishing_points_image": {"x": [438.0927334650992, 231.05240885113548], "y": [344.06770148610457, 268.6928992631388], "z": [256.68558480942175, 101.02116070818394]}, "camera_uuid": "a16f93f6e5a1a0a39d5df06bb9e95552", "field_of_view_rads": 1.304822473764082, "room": "8de55a2e5745f73de25402626a4c3d61"}