{"vanishing_points_gaussian_sphere": {"x": [-0.11787707292032325, -0.1430137691195689, 0.9826759677136465], "y": [0.9930103821198969, -0.02290324348034005, 0.11578351540774987], "z": [0.005947830010448436, 0.9894556600880582, 0.1447139248236738]}, "nonfixated_points_in_view": [914, 277, 23, 1051, 295, 1203, 1076, 1209, 443, 1219, 196, 1220, 1477, 839, 1480, 719, 336, 337, 464, 1105, 1361, 1238, 347, 1255, 1001, 371, 630, 252, 1151], "point_pitch": -0.1450391252848764, "camera_rotation_from_original_to_final": [-0.06965261697769165, 0.13389629125595093, 1.232399344444275], "camera_location": [-1.9384469985961914, -2.428041458129883, 1.5036466121673584], "camera_rotation_original": [1.5763559341430664, -0.0021221297793090343, -1.119526982307434], "view_id": 7, "point_location": [-2.276531934738159, 0.4413476884365082, 1.081084966659546], "camera_distance": 2.9199749039137353, "bounding_box_ranges": {"x": [-2.428041458129883, 1.5575793582729665], "y": [-4.692547925803625, -0.4077274772225401], "z": [-0.0255922882600067, 2.9356501335753773]}, "obliqueness_angle": 0.6070879101753235, "resolution": 512, "point_uuid": "1204", "point_normal": [-0.36082178354263306, -0.9090182781219482, -0.20855121314525604], "camera_rotation_final": [1.4255698919296265, -0.005947865080088377, 0.118153877556324], "vanishing_points_image": {"x": [199.764841852906, 324.22702434329244], "y": [511.77663639657726, 261.89934877364243], "z": [257.5559138423936, -2.835197922813013]}, "camera_uuid": "a7a591d05adb833dd3d4b184074676ca", "field_of_view_rads": 0.9707708857257803, "room": "8de55a2e5745f73de25402626a4c3d61"}