{"vanishing_points_gaussian_sphere": {"x": [0.21786270151524084, -0.20146514332296286, 0.9549594961642819], "y": [0.9758794568849597, 0.05897178482507799, -0.21019422976014573], "z": [-0.013968855300177389, 0.9777188372023947, 0.20945344700243052]}, "nonfixated_points_in_view": [1280, 642, 1020, 1277, 794, 155, 27, 412, 1312, 164, 932, 1190, 679, 1321, 1068, 1197, 46, 175, 1072, 1199, 690, 691, 819, 309, 947, 1082, 1083, 455, 73, 457, 1481, 76, 1356, 1486, 592, 344, 988, 993, 1122, 1124, 1380, 377, 1006, 239, 1265, 882, 1393, 120, 505, 636, 893, 638, 511], "point_pitch": -0.21877567370864348, "camera_rotation_from_original_to_final": [0.21796752512454987, -0.05901660770177841, -1.6289925575256348], "camera_location": [3.9411685466766357, -6.047142028808594, 4.286668300628662], "camera_rotation_original": [1.584341049194336, -0.008459939621388912, 2.9743051528930664], "view_id": 2, "point_location": [-1.966030240058899, -4.746920585632324, 2.991028308868408], "camera_distance": 6.185811130189711, "bounding_box_ranges": {"x": [-6.83163382629663, -4.758786582150945], "y": [0.9297470399133214, 3.9411685466766357], "z": [2.7699181278102936, 4.988696238286122]}, "obliqueness_angle": 0.8173409104347229, "resolution": 512, "point_uuid": "561", "point_normal": [0.5368708968162537, -0.8432151675224304, -0.027528421953320503], "camera_rotation_final": [1.3597594499588013, 0.013969309628009796, 1.3511505126953125], "vanishing_points_image": {"x": [356.3471954342885, 348.79450759409605], "y": [468.53047494222386, 243.15691641150931], "z": [252.2448206898254, -6.8353912853380585]}, "camera_uuid": "6d257e4888f9878e655953370ee5e983", "field_of_view_rads": 0.9775946141817561, "room": "77c77478b552f1977cad320741ba92a5"}