{"vanishing_points_gaussian_sphere": {"x": [-0.17456610392443286, 0.07893230312075493, 0.981476625745462], "y": [0.9846423700602744, 0.016489566580150123, 0.173803041619197], "z": [-0.0024654498026952364, 0.9967435907584519, -0.08059860941243546]}, "nonfixated_points_in_view": [1038, 527, 528, 1042, 1044, 27, 1068, 1069, 46, 1071, 1072, 54, 63, 76, 603, 611, 106, 1145, 121, 634, 636, 642, 1159, 152, 1180, 1186, 164, 1191, 683, 173, 1200, 689, 692, 1206, 186, 190, 1215, 199, 1229, 1233, 725, 1241, 1251, 743, 748, 1262, 239, 1263, 1265, 756, 249, 766, 255, 1280, 257, 779, 279, 281, 793, 286, 1317, 297, 1324, 814, 823, 826, 1353, 1357, 335, 1363, 1371, 1374, 1379, 1380, 359, 871, 368, 893, 1405, 394, 1420, 399, 409, 925, 414, 421, 939, 430, 953, 442, 1469, 452, 993, 493, 494, 1006], "point_pitch": 0.06066377560165925, "camera_rotation_from_original_to_final": [-0.04090682044625282, 0.0464760921895504, -0.41332191228866577], "camera_location": [0.27477186918258667, -2.2696449756622314, 2.261363983154297], "camera_rotation_original": [1.5901278257369995, -0.005768735893070698, 2.1587343215942383], "view_id": 5, "point_location": [-7.225346088409424, -3.5977885723114014, 2.8772714138031006], "camera_distance": 7.641666934187734, "bounding_box_ranges": {"x": [-6.441272009844079, 0.7359135783406137], "y": [-7.43110593478956, 0.27477186918258667], "z": [-0.04553303290892685, 5.477773556692267]}, "obliqueness_angle": 0.22466909885406494, "resolution": 512, "point_uuid": "1234", "point_normal": [0.9994425177574158, -0.033191755414009094, 0.0036315680481493473], "camera_rotation_final": [1.6514827013015747, 0.0024654523003846407, 1.7462619543075562], "vanishing_points_image": {"x": [184.87879599384416, 223.8416353076365], "y": [479.7386874377779, 252.25310255251884], "z": [255.5082798087683, 57.20505859786377]}, "camera_uuid": "72c78639c6d82fd06b6c6cb47f559896", "field_of_view_rads": 1.1055376574396387, "room": "8de55a2e5745f73de25402626a4c3d61"}