{"vanishing_points_gaussian_sphere": {"x": [-0.4198926074908413, -0.12184771398974838, 0.8993571775273798], "y": [0.9074468696349433, -0.07293793536992929, 0.41378767064004507], "z": [0.015178173944341634, 0.9898652394035486, 0.14119642649964914]}, "nonfixated_points_in_view": [134, 650, 906, 1040, 658, 147, 406, 920, 1176, 410, 26, 1055, 36, 804, 678, 1320, 48, 688, 50, 818, 1329, 694, 572, 829, 319, 192, 576, 1089, 1217, 197, 841, 209, 465, 1490, 1109, 1365, 343, 1368, 223, 743, 360, 1383, 1132, 625, 501, 757, 631, 760], "point_pitch": -0.1334504326197763, "camera_rotation_from_original_to_final": [-0.12421903014183044, -0.09319064766168594, 1.3903679847717285], "camera_location": [0.4931855797767639, -7.2360944747924805, 1.5182243585586548], "camera_rotation_original": [1.5842092037200928, -0.010877704247832298, 0.6175836324691772], "view_id": 4, "point_location": [-2.7812304496765137, -8.742630004882812, 1.004150152206421], "camera_distance": 3.6408407573045087, "bounding_box_ranges": {"x": [-11.699612011142015, -6.4695248433006505], "y": [-3.550779158050073, 0.4931855797767639], "z": [-0.018877557572330894, 2.427158105068481]}, "obliqueness_angle": 0.36148470640182495, "resolution": 512, "point_uuid": "0", "point_normal": [0.9537898302078247, 0.08961056172847748, 0.2868010699748993], "camera_rotation_final": [1.429110050201416, -0.015178756788372993, 2.004176616668701], "vanishing_points_image": {"x": [111.14234197759022, 298.03592577972296], "y": [473.22485811423144, 273.4599011711305], "z": [259.1005280416964, 53.79485045265341]}, "camera_uuid": "c61bffa72844e019185a72c8df1f3454", "field_of_view_rads": 1.1864031150148446, "room": "856e4980d5eb3351797f528948f684e5"}