{"vanishing_points_gaussian_sphere": {"x": [-0.021979244910870808, 0.23665525059478001, 0.9713450494850272], "y": [0.9997245362537961, -0.002797309202850723, 0.023302932720067934], "z": [0.008231913828528933, 0.9715896600042353, -0.23652857790883144]}, "nonfixated_points_in_view": [1159, 522, 779, 272, 528, 786, 1045, 279, 793, 1305, 669, 925, 1186, 164, 292, 1317, 1068, 941, 46, 814, 1198, 689, 436, 828, 1469, 190, 63, 1215, 322, 1474, 711, 1353, 458, 1100, 335, 1234, 1363, 852, 981, 854, 859, 1371, 1374, 224, 736, 1248, 611, 1379, 1254, 106, 1006, 1265, 756, 757, 1143, 1144, 636, 893], "point_pitch": 0.24918611446884675, "camera_rotation_from_original_to_final": [0.03310782462358475, -0.22515226900577545, 2.9532907009124756], "camera_location": [-1.854644775390625, -5.243408679962158, 1.4990227222442627], "camera_rotation_original": [1.582518458366394, 0.006183302495628595, -1.3640222549438477], "view_id": 7, "point_location": [-6.749693393707275, -5.360841751098633, 2.6909971237182617], "camera_distance": 5.0394537050292545, "bounding_box_ranges": {"x": [-6.4418553927556985, -1.285127004005119], "y": [-7.43114785995663, -1.854644775390625], "z": [-0.020969988134404316, 5.295650310860581]}, "obliqueness_angle": 1.4052050113677979, "resolution": 512, "point_uuid": "430", "point_normal": [0.11024248600006104, -0.9352771043777466, -0.33630865812301636], "camera_rotation_final": [1.809596061706543, -0.008232006803154945, 1.5927780866622925], "vanishing_points_image": {"x": [248.56431409277465, 175.93837282152685], "y": [432.0022507754613, 256.49246837299955], "z": [257.2808679306506, 104.82275699507689]}, "camera_uuid": "614fa69f38f6a61f05c875e475650ac3", "field_of_view_rads": 1.2684869878413418, "room": "8de55a2e5745f73de25402626a4c3d61"}