{"vanishing_points_gaussian_sphere": {"x": [-0.043880042057626856, -0.03982330216934949, 0.9982427793444588], "y": [0.9990342681302413, -0.004001842593540928, 0.04375518663346809], "z": [0.0022523344542944505, 0.9991987239084053, 0.03996044455859809]}, "nonfixated_points_in_view": [772, 1029, 646, 1030, 8, 1414, 1290, 654, 144, 17, 1299, 662, 1304, 1432, 28, 416, 673, 677, 422, 1061, 298, 171, 172, 685, 687, 562, 693, 1463, 1465, 827, 60, 317, 701, 831, 708, 1351, 456, 1483, 334, 977, 466, 722, 85, 91, 604, 740, 613, 1128, 874, 1004, 751, 1007, 242, 115, 627, 1141, 119, 248, 1273, 1403, 254, 1399], "point_pitch": -0.04399101336928801, "camera_rotation_from_original_to_final": [-0.03740471601486206, 0.01077127642929554, -1.303762435913086], "camera_location": [-5.588504314422607, -6.667678356170654, 1.5075440406799316], "camera_rotation_original": [1.5696860551834106, -0.004471865016967058, -0.2234717458486557], "view_id": 2, "point_location": [-1.7777595520019531, -6.500644683837891, 1.3549963235855103], "camera_distance": 3.8174528548323243, "bounding_box_ranges": {"x": [-6.441894473966019, -5.952621313590021], "y": [-4.74310124865288, -1.7177810394257547], "z": [-0.015009643817864002, 2.4261966462400917]}, "obliqueness_angle": 0.04169749468564987, "resolution": 512, "point_uuid": "672", "point_normal": [-0.9998449087142944, -0.01248736958950758, 0.01242605410516262], "camera_rotation_final": [1.530825138092041, -0.002252336358651519, -1.5269020795822144], "vanishing_points_image": {"x": [238.47230690587276, 271.907245884185], "y": [460.3512922817085, 256.8185722267852], "z": [256.4598204170482, 52.010768709081965]}, "camera_uuid": "a16f93f6e5a1a0a39d5df06bb9e95552", "field_of_view_rads": 1.138291416736433, "room": "8de55a2e5745f73de25402626a4c3d61"}