{"vanishing_points_gaussian_sphere": {"x": [0.26510241920392813, -0.35933658496989673, 0.8947613793824569], "y": [0.9642125953012479, 0.10249481986863841, -0.24451765368277065], "z": [-0.0038442677660006567, 0.9275624133190541, 0.3736484858835584]}, "nonfixated_points_in_view": [523, 527, 23, 1051, 1068, 46, 1072, 76, 1105, 1106, 600, 1120, 611, 106, 1137, 1138, 121, 634, 636, 640, 642, 133, 1159, 140, 152, 669, 164, 1191, 168, 683, 689, 692, 1208, 1209, 186, 191, 1215, 1219, 199, 1229, 1234, 1241, 1251, 1259, 239, 1265, 756, 766, 1280, 257, 258, 779, 272, 788, 279, 793, 1317, 297, 1324, 823, 826, 318, 322, 1353, 335, 337, 1361, 1371, 1379, 1380, 871, 368, 371, 884, 893, 394, 399, 1426, 421, 1446, 430, 436, 953, 443, 1469, 452, 978, 1006], "point_pitch": -0.3857899149272104, "camera_rotation_from_original_to_final": [0.21961301565170288, -0.32216063141822815, -0.8908165693283081], "camera_location": [0.21503694355487823, -3.282130241394043, 2.989867687225342], "camera_rotation_original": [1.575566053390503, 0.00037009804509580135, 2.1583032608032227], "view_id": 7, "point_location": [-6.984805107116699, -1.3145792484283447, -0.016756299883127213], "camera_distance": 8.046661907448529, "bounding_box_ranges": {"x": [-6.439880350318351, 1.5575916525094256], "y": [-7.430854248920608, 0.21503694355487823], "z": [-0.03893672220627353, 4.87659866814619]}, "obliqueness_angle": 1.197907567024231, "resolution": 512, "point_uuid": "1042", "point_normal": [-0.009733015671372414, 0.002510109916329384, 0.9999495148658752], "camera_rotation_final": [1.1878540515899658, 0.003844277234748006, 1.302484154701233], "vanishing_points_image": {"x": [337.20050147493436, 366.06429509570324], "y": [401.42894289050355, 240.54105103180936], "z": [255.19979679896238, 62.92333170322189]}, "camera_uuid": "41fbfac86809ed0f1940b75ebedda277", "field_of_view_rads": 1.2949195466172778, "room": "8de55a2e5745f73de25402626a4c3d61"}