{"vanishing_points_gaussian_sphere": {"x": [0.17759622248415305, -0.010944790706098858, 0.9840425769832111], "y": [0.9840598469775605, 0.011386899585505903, -0.17747269109451683], "z": [-0.00926279255189267, 0.9998752672579863, 0.012792599419637287]}, "nonfixated_points_in_view": [1027, 10, 522, 14, 528, 1043, 31, 40, 1069, 1071, 54, 63, 70, 585, 1100, 87, 611, 106, 109, 1135, 624, 1143, 636, 1150, 1159, 147, 148, 156, 670, 1186, 675, 164, 173, 1198, 1211, 190, 191, 1216, 709, 729, 1241, 1248, 739, 1263, 764, 765, 255, 264, 1289, 779, 780, 1295, 786, 787, 1298, 1300, 1305, 1313, 292, 293, 1317, 809, 300, 825, 828, 1341, 1342, 335, 1363, 852, 859, 352, 865, 1379, 356, 358, 1384, 877, 1401, 1405, 394, 906, 1420, 406, 919, 925, 941, 433, 1468, 957, 1469, 447, 962, 1474, 458, 460, 1485, 979, 1491, 469, 981, 475, 991, 1005, 1006, 502], "point_pitch": -0.01255909999343352, "camera_rotation_from_original_to_final": [0.0032837765756994486, 0.024841345846652985, -2.2573585510253906], "camera_location": [-4.307779312133789, 0.3686792552471161, 1.49626624584198], "camera_rotation_original": [1.5781090259552002, -0.005691109225153923, -1.0627084970474243], "view_id": 1, "point_location": [-6.3628997802734375, -11.026451110839844, 1.3481279611587524], "camera_distance": 11.57991575940193, "bounding_box_ranges": {"x": [-6.44188891642639, 0.3686792552471161], "y": [-7.300453477089567, -1.5267093857991187], "z": [-0.017869989817682938, 5.478218966702385]}, "obliqueness_angle": 1.4381192922592163, "resolution": 512, "point_uuid": "508", "point_normal": [0.8707914352416992, -0.02899499051272869, 0.4907969832420349], "camera_rotation_final": [1.5580028295516968, 0.009262925013899803, -3.320143699645996], "vanishing_points_image": {"x": [322.87980778145396, 260.1216276359564], "y": [428.90422059314795, 253.9992649798166], "z": [254.21665428759187, 63.49614537754997]}, "camera_uuid": "5fb98853d32c905b4569c0e295d9d2d9", "field_of_view_rads": 1.1793964844832177, "room": "8de55a2e5745f73de25402626a4c3d61"}