{"vanishing_points_gaussian_sphere": {"x": [-0.4614283389825, 0.14070859818156686, 0.8759480454807976], "y": [0.8871553187481398, 0.0801611535291927, 0.4544553112042545], "z": [-0.006271235981664137, 0.9868005268860812, -0.16181900919426837]}, "nonfixated_points_in_view": [256, 1410, 268, 270, 284, 419, 1315, 434, 180, 308, 697, 444, 1212, 1088, 1345, 835, 72, 329, 713, 1355, 77, 80, 1488, 1362, 83, 723, 348, 738, 998, 621, 622, 880, 243, 246, 120, 761, 253, 1406], "point_pitch": 0.16681678692368074, "camera_rotation_from_original_to_final": [-0.1353260576725006, -0.08319485932588577, -3.131136178970337], "camera_location": [-1.9461179971694946, -10.539590835571289, 4.280216217041016], "camera_rotation_original": [1.5751063823699951, -0.006250596605241299, -2.666795015335083], "view_id": 1, "point_location": [-4.256133079528809, -6.08711051940918, 5.102748870849609], "camera_distance": 5.083041542960024, "bounding_box_ranges": {"x": [-10.539590835571289, -10.064317667368202], "y": [-2.010214861168331, -1.8657453001111954], "z": [4.083781666867637, 4.666334302003283]}, "obliqueness_angle": 0.4850704073905945, "resolution": 512, "point_uuid": "974", "point_normal": [0.016574757173657417, -0.999829888343811, -0.008099409751594067], "camera_rotation_final": [1.7333332300186157, 0.006271277088671923, 0.4796147346496582], "vanishing_points_image": {"x": [103.0000598523453, 209.34398587760646], "y": [469.9397461111339, 236.66893533568518], "z": [254.9187971186511, 85.86901208862882]}, "camera_uuid": "41fe4d40075167d2675e7ca53b4961cc", "field_of_view_rads": 1.2037017243618051, "room": "c6b90c3c2e476767ef8ca0b4e5cf1d4d"}