{"vanishing_points_gaussian_sphere": {"x": [0.09192951296108832, 0.029131344110505393, 0.995339303673402], "y": [0.9956087437398472, -0.020425550933314742, -0.0913565884752372], "z": [0.017669013427477134, 0.9993668804094851, -0.030881131862575007]}, "nonfixated_points_in_view": [7, 654, 17, 1170, 542, 1438, 806, 1447, 1064, 170, 687, 1465, 193, 456, 201, 712, 75, 1483, 334, 463, 208, 591, 210, 338, 474, 1242, 228, 1382, 1386, 1133, 367, 623, 1010, 372, 245, 1018, 383], "point_pitch": 0.03618939320114656, "camera_rotation_from_original_to_final": [-0.0009937145514413714, 0.023738276213407516, 1.996369481086731], "camera_location": [1.9597357511520386, -5.512042045593262, 1.5149836540222168], "camera_rotation_original": [1.5890778303146362, 0.002467385260388255, 2.6240296363830566], "view_id": 14, "point_location": [6.340320110321045, -5.914112091064453, 1.6508941650390625], "camera_distance": 4.401096450988548, "bounding_box_ranges": {"x": [-8.004102080284051, -4.648330380434626], "y": [1.9597357511520386, 6.510249638940758], "z": [-0.016370598195707145, 2.4277334786351723]}, "obliqueness_angle": 0.34360888600349426, "resolution": 512, "point_uuid": "1366", "point_normal": [-0.9594663381576538, -0.21054425835609436, -0.18733833730220795], "camera_rotation_final": [1.6016871929168701, -0.017669932916760445, 4.620315074920654], "vanishing_points_image": {"x": [309.91137913354186, 238.91613991606928], "y": [536.4823311132094, 261.75427463455935], "z": [261.1259302351978, -33.92478439005703]}, "camera_uuid": "5090c6fc5c0dcfff7ec7ff2b1a5d94fb", "field_of_view_rads": 0.8197881774537521, "room": "856e4980d5eb3351797f528948f684e5"}