{"vanishing_points_gaussian_sphere": {"x": [-0.4800430163010263, 0.31020570258344526, 0.8205675624744887], "y": [0.8771289240479424, 0.15451438418701027, 0.45471986505738654], "z": [0.014267203619194362, 0.9380286387760345, -0.34626394518758147]}, "nonfixated_points_in_view": [3, 1160, 137, 12, 529, 1428, 665, 28, 285, 926, 287, 1442, 1443, 422, 1062, 43, 1070, 1328, 181, 821, 1078, 1080, 317, 65, 847, 607, 1378, 362, 363, 1130, 241, 1395, 116, 1013, 1141, 1271, 894, 1399], "point_pitch": 0.34192927280930085, "camera_rotation_from_original_to_final": [-0.2861041724681854, 0.17817051708698273, 0.9945902228355408], "camera_location": [1.9597357511520386, -5.512042045593262, 1.5149836540222168], "camera_rotation_original": [1.5890778303146362, 0.002467385260388255, 2.6240296363830566], "view_id": 4, "point_location": [3.1423370838165283, -7.64611291885376, 2.415520191192627], "camera_distance": 2.6007249532137235, "bounding_box_ranges": {"x": [-11.705506504716507, -5.512042045593262], "y": [1.9010838072066123, 6.491479667854335], "z": [0.7772837045977932, 2.423670565709613]}, "obliqueness_angle": 1.2269744873046875, "resolution": 512, "point_uuid": "66", "point_normal": [0.0020716902799904346, -0.010012355633080006, -0.999947726726532], "camera_rotation_final": [1.924419641494751, -0.014267687685787678, 3.6423521041870117], "vanishing_points_image": {"x": [44.19133017856626, 119.12839682262792], "y": [551.3880049261004, 203.96466696509117], "z": [259.16445290974025, 47.94609296799882]}, "camera_uuid": "5090c6fc5c0dcfff7ec7ff2b1a5d94fb", "field_of_view_rads": 0.9143416062140075, "room": "856e4980d5eb3351797f528948f684e5"}