{"vanishing_points_gaussian_sphere": {"x": [-0.5283692345941975, -0.12104465991382483, 0.8403416818417903], "y": [0.8489685876580151, -0.0650107415772554, 0.5244291569406974], "z": [-0.008848113035967792, 0.9905159230350221, 0.13711278973816027]}, "nonfixated_points_in_view": [3, 388, 134, 1146, 520, 137, 1287, 12, 398, 911, 784, 529, 658, 275, 894, 1039, 1424, 665, 538, 285, 415, 544, 34, 1188, 165, 43, 301, 174, 429, 944, 1070, 1328, 821, 566, 695, 1080, 1464, 1338, 65, 1089, 579, 965, 1221, 971, 1228, 1484, 975, 1231, 728, 858, 93, 607, 863, 97, 1378, 100, 617, 362, 363, 746, 237, 1130, 241, 1269, 758, 1271, 378, 1404, 890], "point_pitch": -0.12483470042678313, "camera_rotation_from_original_to_final": [-0.15309453010559082, -0.006855842191725969, -2.7039403915405273], "camera_location": [-2.1478989124298096, -7.17814826965332, 1.5089408159255981], "camera_rotation_original": [1.586061954498291, -0.002639547921717167, 0.12005194276571274], "view_id": 6, "point_location": [0.22283510863780975, -10.976997375488281, 0.8891081809997559], "camera_distance": 4.5206002180437315, "bounding_box_ranges": {"x": [-12.06245799840596, -7.17814826965332], "y": [-2.2959262187690763, 6.393605955709775], "z": [-0.02392144732711987, 2.4211436971180196]}, "obliqueness_angle": 1.4237428903579712, "resolution": 512, "point_uuid": "1067", "point_normal": [0.0019296585815027356, 0.012416202574968338, 0.9999210834503174], "camera_rotation_final": [1.4332448244094849, 0.008848228491842747, -2.5848896503448486], "vanishing_points_image": {"x": [75.44823658719963, 297.36279209354217], "y": [483.9952590221614, 273.45899798956975], "z": [254.11783210532056, 45.29775626432421]}, "camera_uuid": "3dfb7fb5350fdc03281337b3a75a5e86", "field_of_view_rads": 1.147143936822042, "room": "856e4980d5eb3351797f528948f684e5"}