{"vanishing_points_gaussian_sphere": {"x": [0.23946517836959194, 0.31189028727512014, 0.9194459620074813], "y": [0.9708976437000372, -0.0732497178714822, -0.22801807886539177], "z": [-0.0037674668061265086, 0.9472903079495703, -0.32035430176395857]}, "nonfixated_points_in_view": [1280, 257, 642, 133, 394, 523, 140, 272, 788, 152, 409, 793, 1179, 164, 421, 1317, 1191, 168, 683, 1068, 1324, 46, 1072, 692, 953, 186, 318, 199, 76, 1229, 1233, 1234, 1241, 1371, 1120, 121, 993, 611, 1122, 1251, 870, 871, 1380, 748, 1006, 239, 633, 1265, 756, 884, 249, 636, 893], "point_pitch": 0.32315738598373933, "camera_rotation_from_original_to_final": [-0.1853518784046173, 0.26403889060020447, -0.8546769022941589], "camera_location": [0.21503694355487823, -3.282130241394043, 2.989867687225342], "camera_rotation_original": [1.575566053390503, 0.00037009804509580135, 2.1583032608032227], "view_id": 1, "point_location": [-3.0235610008239746, -2.478973865509033, 4.118262767791748], "camera_distance": 3.52233608988056, "bounding_box_ranges": {"x": [-5.715769443761269, 1.543750356796437], "y": [-7.246220038244903, 0.21503694355487823], "z": [1.2375345834149982, 5.387841622622187]}, "obliqueness_angle": 1.1588609218597412, "resolution": 512, "point_uuid": "1343", "point_normal": [0.017926916480064392, -0.3904637396335602, -0.9204437732696533], "camera_rotation_final": [1.8969022035598755, 0.0037674757186323404, 1.3289796113967896], "vanishing_points_image": {"x": [352.29989731236776, 130.5746548963259], "y": [445.3584462659299, 270.2862152932023], "z": [255.29445441952393, 78.59790872880649]}, "camera_uuid": "41fbfac86809ed0f1940b75ebedda277", "field_of_view_rads": 1.0647747712912168, "room": "8de55a2e5745f73de25402626a4c3d61"}