{"vanishing_points_gaussian_sphere": {"x": [-0.390419039065088, -0.049965279809148076, 0.9192803950640343], "y": [0.9206014881310893, -0.012385248641081318, 0.3903069377642709], "z": [-0.00811627909310401, 0.9986741592880495, 0.050833547820221134]}, "nonfixated_points_in_view": [256, 2, 514, 1283, 1411, 270, 400, 656, 403, 1303, 1177, 413, 1056, 1440, 419, 676, 803, 1060, 1315, 41, 1454, 559, 432, 177, 434, 1207, 700, 189, 705, 1352, 713, 1225, 77, 717, 1101, 1230, 1488, 1362, 1494, 601, 348, 480, 1125, 102, 1127, 1381, 745, 875, 1260, 1261, 110, 111, 366, 622, 1134, 629, 125, 1406], "point_pitch": -0.0388701399180551, "camera_rotation_from_original_to_final": [-0.027337348088622093, 0.05598662421107292, 2.7595162391662598], "camera_location": [-1.9361746311187744, -7.597706317901611, 4.284103870391846], "camera_rotation_original": [1.5789034366607666, -0.011993302032351494, -0.7884991765022278], "view_id": 8, "point_location": [-7.27381706237793, -9.863956451416016, 3.988947868347168], "camera_distance": 5.806327197395265, "bounding_box_ranges": {"x": [-11.994843974051845, -6.268377839512274], "y": [-7.284179657425183, -1.9361746311187744], "z": [2.765137085244292, 5.2124020686301265]}, "obliqueness_angle": 0.3876209259033203, "resolution": 512, "point_uuid": "131", "point_normal": [0.9998416304588318, 0.016121601685881615, 0.007551377173513174], "camera_rotation_final": [1.5199391841888428, 0.00811636820435524, 1.971897006034851], "vanishing_points_image": {"x": [134.2244052207601, 271.5846694404055], "y": [448.7839620287646, 258.59360573985845], "z": [254.59637742081588, 83.29011864372464]}, "camera_uuid": "c967c3a72b851ec8965ae56c4998c340", "field_of_view_rads": 1.2990400758213767, "room": "ef914082afe6874a9bab2b30c864407b"}