{"vanishing_points_gaussian_sphere": {"x": [0.05012058278772012, -0.28642819925702173, 0.9567898483216674], "y": [0.9985515497274934, 0.03313653406547014, -0.042388355086619325], "z": [-0.019563479185479342, 0.9575285148654884, 0.2876741446526808]}, "nonfixated_points_in_view": [130, 1027, 1159, 264, 394, 522, 779, 906, 14, 528, 1169, 274, 147, 786, 1043, 406, 1045, 792, 1300, 1305, 667, 1307, 1441, 292, 293, 1317, 1318, 40, 809, 556, 941, 46, 1069, 176, 433, 828, 190, 191, 63, 447, 575, 962, 1216, 1474, 70, 1475, 585, 458, 460, 1100, 335, 594, 851, 852, 469, 470, 981, 1491, 1241, 859, 352, 356, 744, 490, 1135, 368, 624, 255], "point_pitch": -0.2946689565989633, "camera_rotation_from_original_to_final": [-0.2069026380777359, 0.2242833524942398, -2.4972803592681885], "camera_location": [-6.215150356292725, 0.12702560424804688, 1.4902317523956299], "camera_rotation_original": [1.5806941986083984, -0.017110392451286316, -0.7174729108810425], "view_id": 3, "point_location": [-6.435690402984619, -4.850902557373047, -0.006462689023464918], "camera_distance": 5.202739671237179, "bounding_box_ranges": {"x": [-6.441893936796116, 0.12702560424804688], "y": [-7.4136378106101635, -2.009584746614668], "z": [-0.019801239287739414, 3.5508776228794456]}, "obliqueness_angle": 1.275335669517517, "resolution": 512, "point_uuid": "1198", "point_normal": [-0.006318928208202124, 0.003952939994633198, 0.9999722838401794], "camera_rotation_final": [1.2789413928985596, 0.019564727321267128, -3.191743850708008], "vanishing_points_image": {"x": [273.38010761638674, 355.3235243999313], "y": [432.86435639931983, 250.13082702401002], "z": [251.86697690696528, 53.7104467636987]}, "camera_uuid": "7d18db1fca787c6dcd4baad30e113130", "field_of_view_rads": 1.231712405534622, "room": "8de55a2e5745f73de25402626a4c3d61"}