{"vanishing_points_gaussian_sphere": {"x": [0.03870971884364865, 0.12179263261715388, 0.9918004397595459], "y": [0.9992387170223459, -0.009537698308390389, -0.03782880799753654], "z": [0.004852223261766644, 0.9925097414893022, -0.12206911557907212]}, "nonfixated_points_in_view": [256, 1280, 642, 259, 764, 1288, 1420, 15, 272, 276, 149, 1044, 1305, 27, 156, 412, 31, 164, 292, 679, 1068, 1069, 46, 1071, 1072, 1197, 690, 947, 180, 309, 437, 692, 1199, 1206, 1082, 828, 321, 455, 711, 73, 715, 76, 718, 1233, 1234, 725, 344, 603, 988, 1371, 991, 993, 356, 1380, 870, 359, 616, 106, 748, 1006, 239, 1263, 1265, 1393, 756, 120, 636, 893, 511], "point_pitch": 0.0932637015965323, "camera_rotation_from_original_to_final": [-0.06868166476488113, 0.07632628083229065, -0.616519570350647], "camera_location": [0.3440798223018646, -5.207657814025879, 4.2956719398498535], "camera_rotation_original": [1.591770052909851, -0.020765699446201324, 2.1472725868225098], "view_id": 0, "point_location": [-5.124202728271484, -4.999088764190674, 4.968698501586914], "camera_distance": 5.513490788090314, "bounding_box_ranges": {"x": [-6.439795610813994, -0.6177037517327042], "y": [-7.246610859456651, 0.3440798223018646], "z": [1.1332016065802983, 5.458792968337881]}, "obliqueness_angle": 1.3162294626235962, "resolution": 512, "point_uuid": "1122", "point_normal": [0.12612982094287872, -0.268301784992218, -0.9550421833992004], "camera_rotation_final": [1.6931720972061157, -0.004852242302149534, 1.5320764780044556], "vanishing_points_image": {"x": [273.43055544969565, 201.15813341935367], "y": [478.6072318374098, 258.1247781759878], "z": [257.0380516527653, 43.669214304964036]}, "camera_uuid": "65572d2c193d1b3ea0911dbf66b34fb7", "field_of_view_rads": 1.026904961004582, "room": "8de55a2e5745f73de25402626a4c3d61"}