{"vanishing_points_gaussian_sphere": {"x": [0.681814714422568, 0.16071936064078793, 0.7136511629024985], "y": [0.731511534574652, -0.1556946696342966, -0.6638147668075071], "z": [0.004423797137019835, 0.9746427329861356, -0.22372298285202366]}, "nonfixated_points_in_view": [1026, 647, 1162, 13, 1296, 1427, 148, 661, 664, 1306, 796, 290, 547, 675, 931, 681, 1065, 557, 47, 304, 305, 178, 1202, 1076, 1203, 1204, 1332, 1462, 1081, 1471, 64, 196, 580, 710, 839, 1096, 1477, 1354, 1227, 844, 336, 720, 849, 467, 341, 214, 347, 1244, 735, 1375, 867, 999, 1255, 489, 234, 618, 364, 750, 240, 114, 630, 759, 1276, 1407], "point_pitch": 0.22434647480515046, "camera_rotation_from_original_to_final": [0.2212747484445572, -0.049905925989151, -0.5313103199005127], "camera_location": [-5.588504314422607, -6.667678356170654, 1.5075440406799316], "camera_rotation_original": [1.5696860551834106, -0.004471865016967058, -0.2234717458486557], "view_id": 9, "point_location": [0.19976352155208588, -0.44485288858413696, 3.4583425521850586], "camera_distance": 8.719702692519336, "bounding_box_ranges": {"x": [-6.193260282673669, 1.5042248997686771], "y": [-5.381407456322805, 1.4755592157337363], "z": [-0.029514240477933384, 4.312705252703859]}, "obliqueness_angle": 0.762467622756958, "resolution": 512, "point_uuid": "1466", "point_normal": [-0.3214683532714844, -0.4537116289138794, -0.8311461210250854], "camera_rotation_final": [1.7964311838150024, -0.004423811566084623, -0.7502496242523193], "vanishing_points_image": {"x": [563.705050081036, 183.46686472314008], "y": [415.4205007840655, 289.93100590948535], "z": [257.1548924206555, 1.5562562412353393]}, "camera_uuid": "a16f93f6e5a1a0a39d5df06bb9e95552", "field_of_view_rads": 0.8306451472945882, "room": "8de55a2e5745f73de25402626a4c3d61"}