{"vanishing_points_gaussian_sphere": {"x": [0.10395115822859542, -0.3482774104684169, 0.9316098980047107], "y": [0.9945821311176096, 0.037093851303318486, -0.09711040447367862], "z": [-0.0007356388296530838, 0.9366572967488703, 0.3502464379299398]}, "nonfixated_points_in_view": [198, 551, 245, 1402, 1052, 222, 927], "point_pitch": -0.36611811717483, "camera_rotation_from_original_to_final": [0.2413100153207779, -0.2584120035171509, 2.285099983215332], "camera_location": [2.0380539894104004, -3.850883722305298, 1.5039372444152832], "camera_rotation_original": [1.5646412372589111, 0.005592518951743841, 2.2927701473236084], "view_id": 3, "point_location": [3.6138529777526855, -4.015144348144531, 0.9115025401115417], "camera_distance": 1.6914794737535312, "bounding_box_ranges": {"x": [-6.405551552961448, -3.1827627188415857], "y": [2.0380539894104004, 6.36486612879645], "z": [-0.010328426989244743, 1.8581266406971142]}, "obliqueness_angle": 1.2177886962890625, "resolution": 512, "point_uuid": "832", "point_normal": [0.005288385786116123, 0.00422042328864336, 0.999977171421051], "camera_rotation_final": [1.212962031364441, 0.0007356388960033655, 4.608249664306641], "vanishing_points_image": {"x": [309.48905441488256, 435.209444872688], "y": [516.7262757244392, 246.27597480388803], "z": [255.75486178818568, -56.12394663307629]}, "camera_uuid": "46dec00679fa99b86c497ab5e0e1ad5c", "field_of_view_rads": 0.8716102447092913, "room": "856e4980d5eb3351797f528948f684e5"}