{"vanishing_points_gaussian_sphere": {"x": [0.34800104245045305, 0.17985438591427788, 0.9200802542826337], "y": [0.9374922994889048, -0.06871050792043341, -0.34115546969134436], "z": [0.001860874096687514, 0.9812906123920243, -0.1925234302075522]}, "nonfixated_points_in_view": [704, 1138, 1102], "point_pitch": 0.20281083981064363, "camera_rotation_from_original_to_final": [0.09479378908872604, -0.16080601513385773, 2.2711284160614014], "camera_location": [-4.307779312133789, 0.3686792552471161, 1.49626624584198], "camera_rotation_original": [1.5781090259552002, -0.005691109225153923, -1.0627084970474243], "view_id": 4, "point_location": [-7.026959419250488, 1.376920461654663, 2.0652449131011963], "camera_distance": 2.955372646301001, "bounding_box_ranges": {"x": [-0.04469991158741454, 1.53334370931328], "y": [-7.234099767024107, -4.307779312133789], "z": [0.7028711816932501, 3.4446689994723796]}, "obliqueness_angle": 1.2135921716690063, "resolution": 512, "point_uuid": "318", "point_normal": [0.012295232154428959, -0.9998223185539246, 0.014289600774645805], "camera_rotation_final": [1.7645297050476074, -0.0018608751706779003, 1.2153576612472534], "vanishing_points_image": {"x": [427.9878196942806, 167.11301426559817], "y": [469.72045116188866, 271.6639587976598], "z": [256.4529824491583, 17.129769215094658]}, "camera_uuid": "5fb98853d32c905b4569c0e295d9d2d9", "field_of_view_rads": 0.8944833217499031, "room": "8de55a2e5745f73de25402626a4c3d61"}