{"vanishing_points_gaussian_sphere": {"x": [0.13303284692501532, -0.2933793504446796, 0.946694680650358], "y": [0.9910757219670105, 0.04750838884496936, -0.12454664313791866], "z": [-0.008436525741933407, 0.9548149086194734, 0.29708132777304036]}, "nonfixated_points_in_view": [1038, 527, 528, 23, 1051, 1068, 46, 1072, 54, 63, 76, 1105, 1106, 600, 611, 1137, 1138, 1145, 121, 634, 636, 640, 642, 1159, 140, 152, 1180, 164, 168, 1200, 689, 692, 1208, 186, 190, 1215, 1229, 1234, 1238, 1241, 227, 1251, 231, 1259, 239, 1265, 756, 766, 1280, 257, 258, 779, 279, 281, 793, 286, 1317, 297, 1324, 814, 823, 826, 318, 1353, 335, 337, 1361, 1363, 1371, 1374, 1379, 871, 368, 884, 893, 394, 399, 1426, 925, 414, 421, 1446, 939, 430, 953, 442, 452, 978, 493, 494, 1006], "point_pitch": -0.319970770678248, "camera_rotation_from_original_to_final": [0.17054638266563416, -0.2736257314682007, -0.7444748878479004], "camera_location": [0.27477186918258667, -2.2696449756622314, 2.261363983154297], "camera_rotation_original": [1.5901278257369995, -0.005768735893070698, 2.1587343215942383], "view_id": 8, "point_location": [-6.984805107116699, -1.3145792484283447, -0.016756299883127213], "camera_distance": 7.668339907368997, "bounding_box_ranges": {"x": [-5.9843982562705795, 1.5469748144673208], "y": [-7.431060157691452, 0.27477186918258667], "z": [-0.03684237659909595, 4.520898364140972]}, "obliqueness_angle": 1.279139518737793, "resolution": 512, "point_uuid": "1042", "point_normal": [-0.009733015671372414, 0.002510109916329384, 0.9999495148658752], "camera_rotation_final": [1.269150733947754, 0.008436625823378563, 1.4373631477355957], "vanishing_points_image": {"x": [303.26654140398904, 360.2376190196478], "y": [430.5781089211618, 247.63139152880788], "z": [254.14596065575884, 46.16665613316693]}, "camera_uuid": "72c78639c6d82fd06b6c6cb47f559896", "field_of_view_rads": 1.1998879558986733, "room": "8de55a2e5745f73de25402626a4c3d61"}