{"vanishing_points_gaussian_sphere": {"x": [0.5565147701437122, -0.07848704924446845, 0.827122175807654], "y": [0.8308176259478061, 0.04564812018985064, -0.5546695606733655], "z": [0.005777804630019567, 0.9958694855371508, 0.09061227703588509]}, "nonfixated_points_in_view": [643, 900, 134, 774, 1030, 777, 1033, 1286, 398, 911, 784, 1422, 146, 530, 658, 660, 278, 1176, 26, 797, 416, 544, 34, 1063, 296, 1319, 682, 1066, 684, 301, 174, 1067, 48, 688, 944, 1330, 55, 695, 1336, 314, 572, 1084, 62, 319, 192, 958, 1089, 579, 965, 1094, 1221, 1351, 330, 971, 847, 1231, 1360, 980, 1236, 215, 472, 728, 984, 221, 93, 223, 97, 99, 996, 357, 617, 117, 1269, 890, 1403], "point_pitch": -0.10139278968306975, "camera_rotation_from_original_to_final": [0.08408364653587341, 0.03525794297456741, -1.0563032627105713], "camera_location": [3.8354318141937256, -5.580057144165039, 1.5235874652862549], "camera_rotation_original": [1.571001648902893, -0.012118679471313953, -2.674816608428955], "view_id": 9, "point_location": [-0.03686050325632095, -11.354413986206055, 0.8910002708435059], "camera_distance": 6.981261449034344, "bounding_box_ranges": {"x": [-12.055042315109993, -5.580057144165039], "y": [-3.542552248852728, 3.8354318141937256], "z": [-0.013599871373725758, 2.4244691978113315]}, "obliqueness_angle": 1.4557243585586548, "resolution": 512, "point_uuid": "520", "point_normal": [-0.0014012061292305589, 0.030255258083343506, 0.9995412230491638], "camera_rotation_final": [1.4800580739974976, -0.00577783677726984, -3.7317888736724854], "vanishing_points_image": {"x": [525.3312570790058, 293.98464438235067], "y": [440.60089669921666, 245.8573601997589], "z": [257.71763770411354, -40.05413929147908]}, "camera_uuid": "c83171f93afe09cc67e6fc1972ae2a82", "field_of_view_rads": 0.847371441738233, "room": "856e4980d5eb3351797f528948f684e5"}