{"vanishing_points_gaussian_sphere": {"x": [0.07777729217658957, -0.19606463235100693, 0.9775015870896282], "y": [0.9969687923978593, 0.01724276557456032, -0.07586774031230224], "z": [-0.0019798501033139056, 0.9804393642527851, 0.1968114153629387]}, "nonfixated_points_in_view": [0, 1152, 644, 773, 392, 521, 138, 522, 141, 272, 401, 402, 528, 786, 535, 920, 1304, 1308, 29, 37, 677, 678, 805, 1317, 299, 814, 1198, 689, 50, 818, 436, 57, 829, 63, 1472, 322, 1218, 1346, 197, 966, 967, 200, 841, 1474, 1478, 1100, 79, 594, 1490, 852, 85, 981, 1109, 1143, 1365, 222, 224, 1248, 1252, 229, 997, 1383, 488, 1002, 1386, 115, 373, 631, 760, 1018, 1019, 1021, 639], "point_pitch": -0.20242170890304045, "camera_rotation_from_original_to_final": [0.19937659800052643, 0.00777334114536643, -1.719923734664917], "camera_location": [6.898015022277832, -5.4319539070129395, 1.5056571960449219], "camera_rotation_original": [1.5721105337142944, -0.004563433583825827, -3.0698022842407227], "view_id": 1, "point_location": [-0.1827963888645172, -4.88238525390625, 0.07999677211046219], "camera_distance": 7.243785128454783, "bounding_box_ranges": {"x": [-6.106913849689895, -4.6758963173704835], "y": [4.192389933138291, 6.898015022277832], "z": [0.0018236305307804956, 2.1576716594319665]}, "obliqueness_angle": 1.4829142093658447, "resolution": 512, "point_uuid": "315", "point_normal": [0.011479765176773071, -0.9999280571937561, 0.0034826532937586308], "camera_rotation_final": [1.37269127368927, 0.001979851396754384, -4.790245056152344], "vanishing_points_image": {"x": [298.2283669985203, 362.45124069825033], "y": [522.6220080309062, 251.38872147598696], "z": [255.3904557033866, -45.85175213782703]}, "camera_uuid": "7aee671bd52588b571fedb6abd1f939e", "field_of_view_rads": 0.8641463212497915, "room": "8efc299ca974ee46c0bc622cd51b4dc7"}