{"vanishing_points_gaussian_sphere": {"x": [0.11846301095961141, 0.19704514345168272, 0.9732110390231344], "y": [0.992913387566146, -0.03284611499159181, -0.11421093433590038], "z": [0.009461491758872207, 0.9798440407391703, -0.19953981056829706]}, "nonfixated_points_in_view": [131, 1283, 266, 656, 1056, 803, 676, 1060, 41, 1454, 559, 177, 1352, 1225, 717, 1230, 1488, 1494, 1247, 480, 1381, 1127, 745, 875, 1261, 110, 883, 629, 125], "point_pitch": 0.1987937251713614, "camera_rotation_from_original_to_final": [0.0009504125919193029, -0.20180965960025787, 2.92335844039917], "camera_location": [-3.072143316268921, -10.485207557678223, 4.283509254455566], "camera_rotation_original": [1.5707898139953613, 0.009692680090665817, -1.4714287519454956], "view_id": 3, "point_location": [-7.2725043296813965, -9.99227523803711, 5.144719123840332], "camera_distance": 4.315981772424074, "bounding_box_ranges": {"x": [-11.65460618025581, -7.428012848313573], "y": [-7.284179605446223, -3.072143316268921], "z": [2.897916454373626, 5.212389693932163]}, "obliqueness_angle": 0.16273757815361023, "resolution": 512, "point_uuid": "1177", "point_normal": [0.9560073614120483, 0.017817405983805656, -0.29280102252960205], "camera_rotation_final": [1.7716937065124512, -0.009461632929742336, 1.4520491361618042], "vanishing_points_image": {"x": [309.60846182101506, 166.83050342737448], "y": [474.2201360051029, 263.2188408077305], "z": [257.9987549801547, 49.006408913710764]}, "camera_uuid": "2c5b1635a824be2ef248c2dd24c5c6fe", "field_of_view_rads": 1.0071367990555522, "room": "ef914082afe6874a9bab2b30c864407b"}