{"vanishing_points_gaussian_sphere": {"x": [0.6010503601346865, -0.21818864731454407, 0.7688512071688601], "y": [0.7991232565093426, 0.1783387882553151, -0.5741056501285537], "z": [-0.011852657417944662, 0.9594732882090441, 0.2815502152822076]}, "nonfixated_points_in_view": [67, 999, 552, 618, 720, 114, 467, 214, 1462], "point_pitch": -0.269105120501246, "camera_rotation_from_original_to_final": [0.15801627933979034, -0.2622857093811035, -2.8235526084899902], "camera_location": [0.27477186918258667, -2.2696449756622314, 2.261363983154297], "camera_rotation_original": [1.5901278257369995, -0.005768735893070698, 2.1587343215942383], "view_id": 3, "point_location": [1.4343929290771484, -0.7166622877120972, 1.6926679611206055], "camera_distance": 2.0198740861853923, "bounding_box_ranges": {"x": [-2.2696449756622314, 1.4280489065966466], "y": [0.27477186918258667, 1.4716375881533623], "z": [0.3651599875707936, 3.0113470576794477]}, "obliqueness_angle": 0.9688253402709961, "resolution": 512, "point_uuid": "1471", "point_normal": [-0.9998732209205627, 0.00450464803725481, -0.015277200378477573], "camera_rotation_final": [1.285366415977478, 0.011852934956550598, -0.6448675394058228], "vanishing_points_image": {"x": [492.93989946228055, 342.01208748454025], "y": [406.66947804495646, 222.3753846196764], "z": [252.65252942853897, -14.977932047550956]}, "camera_uuid": "72c78639c6d82fd06b6c6cb47f559896", "field_of_view_rads": 0.9707708857257803, "room": "8de55a2e5745f73de25402626a4c3d61"}