{"vanishing_points_gaussian_sphere": {"x": [-0.35950477233375555, 0.21454114156056173, 0.9081455925385233], "y": [0.9331432456661128, 0.08261111462419034, 0.34988439063247967], "z": [4.167693986048953e-05, 0.9732150339562372, -0.2298967071199428]}, "nonfixated_points_in_view": [1026, 516, 13, 18, 20, 1053, 546, 547, 552, 1065, 45, 557, 47, 1076, 64, 578, 67, 580, 1095, 1096, 589, 590, 1105, 1114, 1121, 1126, 615, 618, 114, 626, 118, 630, 647, 1162, 653, 661, 664, 675, 681, 178, 179, 1202, 1203, 1204, 1208, 1209, 1219, 1220, 710, 719, 720, 214, 1244, 735, 227, 231, 234, 750, 261, 1285, 263, 781, 1294, 1296, 796, 1309, 1310, 290, 295, 807, 302, 304, 305, 325, 839, 1354, 843, 844, 336, 849, 340, 347, 364, 370, 371, 1400, 1407, 1415, 907, 1427, 931, 435, 1462, 1466, 443, 445, 1471, 450, 1480, 461, 464, 467, 468, 1496, 999, 489], "point_pitch": 0.22180946270493074, "camera_rotation_from_original_to_final": [0.15054135024547577, -0.16442783176898956, -0.3637707829475403], "camera_location": [-6.425679683685303, -2.262380838394165, 1.4977667331695557], "camera_rotation_original": [1.5803217887878418, -0.003540406469255686, -0.8513162136077881], "view_id": 8, "point_location": [0.7410336136817932, 0.4987640380859375, 3.3120169639587402], "camera_distance": 7.891590656074245, "bounding_box_ranges": {"x": [-4.888755171896571, 1.5576164194088493], "y": [-6.425679683685303, 1.4810584562481264], "z": [-0.026695640408705312, 5.108537780974451]}, "obliqueness_angle": 1.2257956266403198, "resolution": 512, "point_uuid": "1227", "point_normal": [-0.013444538228213787, -0.3062756657600403, -0.9518479704856873], "camera_rotation_final": [1.8027678728103638, -4.167693987255916e-05, -1.203059196472168], "vanishing_points_image": {"x": [143.19124179902553, 188.6792809860177], "y": [449.74782440044396, 238.8475169229703], "z": [256.0064034491814, 106.47047519814377]}, "camera_uuid": "928222235a04d0c536e00fac4a58b265", "field_of_view_rads": 1.2834138659975616, "room": "8de55a2e5745f73de25402626a4c3d61"}