{"vanishing_points_gaussian_sphere": {"x": [-0.21987354614974414, 0.1432174030017897, 0.9649582370138924], "y": [0.9755098818107635, 0.02618721718784184, 0.218391163158007], "z": [0.006007844296150126, 0.9893447352330631, -0.14546786818240465]}, "nonfixated_points_in_view": [1159, 272, 528, 786, 793, 1305, 925, 1186, 292, 1317, 941, 430, 814, 1198, 689, 436, 828, 1469, 190, 63, 322, 1474, 1100, 852, 981, 854, 1371, 1374, 224, 1248, 611, 106, 1006, 757, 1143, 1144], "point_pitch": 0.15780146519211335, "camera_rotation_from_original_to_final": [0.01574701815843582, -0.13390061259269714, -3.1277453899383545], "camera_location": [-1.854644775390625, -5.243408679962158, 1.4990227222442627], "camera_rotation_original": [1.582518458366394, 0.006183302495628595, -1.3640222549438477], "view_id": 2, "point_location": [-5.116447448730469, -5.981626033782959, 1.9907406568527222], "camera_distance": 3.3802526514687474, "bounding_box_ranges": {"x": [-6.441831043335432, -3.5004403448957824], "y": [-7.292872078344079, -1.854644775390625], "z": [-0.01831383138280207, 5.297154963654181]}, "obliqueness_angle": 1.4274704456329346, "resolution": 512, "point_uuid": "458", "point_normal": [-0.006987587083131075, 0.018957875669002533, -0.9997958540916443], "camera_rotation_final": [1.7167848348617554, -0.006007880438119173, 1.792485237121582], "vanishing_points_image": {"x": [157.34657219569954, 191.74084752454016], "y": [510.282450170248, 249.1738777086457], "z": [257.3004502020938, 41.84771884006244]}, "camera_uuid": "614fa69f38f6a61f05c875e475650ac3", "field_of_view_rads": 1.0075936779895824, "room": "8de55a2e5745f73de25402626a4c3d61"}