{"vanishing_points_gaussian_sphere": {"x": [-0.3120953971819637, 0.04931507474860798, 0.9487699860663658], "y": [0.9499762848008292, 0.003694079604081551, 0.31230019547206944], "z": [0.011896275629217488, 0.9987764400397209, -0.048001056735615416]}, "nonfixated_points_in_view": [3, 643, 771, 774, 775, 1160, 137, 1286, 1291, 12, 1164, 1422, 529, 530, 1428, 665, 285, 797, 287, 926, 929, 1439, 35, 1188, 165, 934, 1062, 296, 1442, 298, 43, 682, 1066, 1070, 1330, 181, 821, 1078, 1080, 1084, 317, 958, 65, 66, 195, 1347, 1221, 1351, 1484, 973, 847, 1236, 89, 1113, 1117, 1443, 351, 607, 1378, 99, 617, 362, 363, 1130, 751, 241, 1395, 116, 117, 1013, 1271, 1403, 894, 1399], "point_pitch": 0.03392417828110261, "camera_rotation_from_original_to_final": [-0.0187425147742033, 0.027196399867534637, 0.8348694443702698], "camera_location": [1.9597357511520386, -5.512042045593262, 1.5149836540222168], "camera_rotation_original": [1.5890778303146362, 0.002467385260388255, 2.6240296363830566], "view_id": 5, "point_location": [3.9744298458099365, -11.632695198059082, 1.82464599609375], "camera_distance": 6.451145506414285, "bounding_box_ranges": {"x": [-11.703134848360376, -5.512042045593262], "y": [0.6764232087959492, 6.5099709930975385], "z": [-0.03454670830271911, 2.4232316193688943]}, "obliqueness_angle": 0.5206893086433411, "resolution": 512, "point_uuid": "1328", "point_normal": [-0.7412350177764893, 0.6710812449455261, 0.014856253750622272], "camera_rotation_final": [1.618819236755371, -0.011896556243300438, 3.4590137004852295], "vanishing_points_image": {"x": [125.07467034124737, 235.31211906068873], "y": [504.22849150166536, 255.034738211596], "z": [258.5616211834783, 40.93379221299221]}, "camera_uuid": "5090c6fc5c0dcfff7ec7ff2b1a5d94fb", "field_of_view_rads": 1.0519230554685248, "room": "856e4980d5eb3351797f528948f684e5"}