{"vanishing_points_gaussian_sphere": {"x": [-0.5853391855720396, -0.21529440637379346, 0.7816817488070303], "y": [0.8107885247542017, -0.15533744390982598, 0.5643511731594673], "z": [-7.720600107461526e-05, 0.9641154480163243, 0.26548332703865957]}, "nonfixated_points_in_view": [769, 386, 1400, 391, 647, 1162, 653, 1296, 401, 148, 789, 664, 675, 931, 807, 681, 1065, 47, 305, 178, 179, 435, 1202, 1203, 1462, 315, 1346, 67, 196, 1480, 1354, 843, 1227, 461, 590, 207, 720, 849, 467, 1493, 214, 471, 1244, 1121, 867, 489, 234, 618, 114, 374, 888, 1276], "point_pitch": -0.27066461642714934, "camera_rotation_from_original_to_final": [0.2536710500717163, 0.08761552721261978, 1.8772951364517212], "camera_location": [-3.8966617584228516, -5.1063923835754395, 1.5070674419403076], "camera_rotation_original": [1.5701526403427124, 0.0018522855825722218, -2.8113532066345215], "view_id": 4, "point_location": [-0.9898908734321594, -3.007789134979248, 0.5198378562927246], "camera_distance": 3.7186119630983803, "bounding_box_ranges": {"x": [-5.175034945519903, 1.4244160326460849], "y": [-3.8966617584228516, 1.47549158343213], "z": [-0.014590744095880681, 3.618924683736736]}, "obliqueness_angle": 0.6671836376190186, "resolution": 512, "point_uuid": "1306", "point_normal": [-0.9999587535858154, -0.0028902592603117228, 0.008614190854132175], "camera_rotation_final": [1.302091121673584, 7.720600115135312e-05, -0.945497989654541], "vanishing_points_image": {"x": [59.125725352929514, 328.412596209477], "y": [487.42032297964977, 300.3373831065791], "z": [255.98176042552817, 28.232012165339757]}, "camera_uuid": "62e24ad43a6e699e9b1ae0325438e489", "field_of_view_rads": 1.1168216118412302, "room": "8de55a2e5745f73de25402626a4c3d61"}