{"vanishing_points_gaussian_sphere": {"x": [-0.625678507033465, -0.05235429013501782, 0.7783221917309263], "y": [0.7798812750476115, -0.019403235198673065, 0.6256266548780804], "z": [-0.017652270859185824, 0.9984400546694245, 0.05297031777543524]}, "nonfixated_points_in_view": [11, 13, 1294, 915, 1427, 661, 664, 1050, 1309, 162, 552, 557, 302, 305, 178, 819, 1462, 1466, 64, 194, 67, 838, 332, 589, 844, 720, 467, 341, 214, 982, 1240, 1114, 735, 1375, 867, 618, 1393, 114, 370, 118, 887, 1014, 1407], "point_pitch": -0.06937675078841643, "camera_rotation_from_original_to_final": [-0.07557354867458344, 0.02324138581752777, -0.8209218382835388], "camera_location": [-2.484394073486328, -5.331701278686523, 4.301449775695801], "camera_rotation_original": [1.594873070716858, 5.2980572945671156e-05, -0.07394442707300186], "view_id": 8, "point_location": [1.4621193408966064, -2.1594362258911133, 4.03286075592041], "camera_distance": 5.070539833080297, "bounding_box_ranges": {"x": [-5.331701278686523, -2.6211041290623354], "y": [-2.484394073486328, 1.4853507319904304], "z": [2.7071212085288323, 5.195687396869036]}, "obliqueness_angle": 0.6742705702781677, "resolution": 512, "point_uuid": "263", "point_normal": [-0.9999876022338867, -0.004348210524767637, 0.0024490291252732277], "camera_rotation_final": [1.5177929401397705, 0.01765318773686886, -0.894670307636261], "vanishing_points_image": {"x": [72.45476920053837, 271.3583352443012], "y": [459.36317893428475, 261.0596208908476], "z": [252.75079911268764, 72.22011482608107]}, "camera_uuid": "c5be5141daf3c047a2d6d480abd9ff63", "field_of_view_rads": 1.240541332807735, "room": "7177ff6aafad58b0656fca6e31b41601"}