{"vanishing_points_gaussian_sphere": {"x": [-0.38070985467825336, -0.03669414893871188, 0.9239662039190216], "y": [0.9246865045508037, -0.01093977187349608, 0.38057218722992936], "z": [-0.0038567930304521155, 0.9992666615198466, 0.03809546327977602]}, "nonfixated_points_in_view": [518, 8, 1039, 17, 538, 28, 542, 544, 1062, 1064, 1080, 60, 1091, 79, 591, 1113, 604, 94, 98, 623, 116, 1141, 1146, 643, 649, 654, 144, 1170, 165, 687, 693, 703, 712, 1228, 1231, 208, 210, 216, 1242, 222, 228, 746, 747, 1258, 237, 1264, 245, 771, 775, 1287, 1290, 1291, 275, 806, 298, 1333, 824, 1336, 317, 1351, 334, 848, 338, 1366, 1370, 860, 1382, 1386, 367, 1391, 372, 1399, 378, 1403, 383, 904, 1428, 1432, 1438, 416, 1443, 420, 422, 1447, 429, 946, 456, 1483, 1484, 463, 466, 994, 1018], "point_pitch": -0.023759408793177172, "camera_rotation_from_original_to_final": [0.006478812545537949, -0.052758269011974335, -2.9718189239501953], "camera_location": [-2.125469923019409, -10.290050506591797, 1.5054166316986084], "camera_rotation_original": [1.585587501525879, -0.0013757790438830853, 1.7914842367172241], "view_id": 1, "point_location": [6.354461193084717, -6.797253608703613, 1.1557847261428833], "camera_distance": 9.177750144810187, "bounding_box_ranges": {"x": [-11.246734549759584, -3.9355122635354833], "y": [-2.125469923019409, 6.509710699631668], "z": [-0.031019333894040102, 2.4277324670755647]}, "obliqueness_angle": 0.39071711897850037, "resolution": 512, "point_uuid": "1465", "point_normal": [-0.9993853569030762, 0.000256289669778198, 0.035056136548519135], "camera_rotation_final": [1.5326913595199585, 0.0038568025920540094, -1.1802294254302979], "vanishing_points_image": {"x": [91.03021299884787, 271.90036575156097], "y": [522.2374422810004, 259.1497992761905], "z": [255.0833898351784, 18.51305888480904]}, "camera_uuid": "2b230e47a809ba0986cefc4de1b011af", "field_of_view_rads": 1.0042112941809984, "room": "856e4980d5eb3351797f528948f684e5"}