{"vanishing_points_gaussian_sphere": {"x": [0.0959430186730155, 0.1508828753032528, 0.983884797681178], "y": [0.9953621848953736, -0.007587593189013577, -0.09589864081365265], "z": [-0.007004145073978074, 0.988522526991581, -0.1509110850201587]}, "nonfixated_points_in_view": [131, 1283, 266, 396, 400, 656, 1177, 1056, 803, 676, 1060, 41, 1454, 559, 432, 177, 1207, 1352, 1225, 717, 1230, 1488, 1362, 1494, 601, 1247, 480, 1381, 1127, 745, 875, 1261, 1134, 883, 629, 125], "point_pitch": 0.148563222089086, "camera_rotation_from_original_to_final": [-0.12511295080184937, -0.07885173708200455, -2.13680100440979], "camera_location": [-1.9461179971694946, -10.539590835571289, 4.280216217041016], "camera_rotation_original": [1.5751063823699951, -0.006250596605241299, -2.666795015335083], "view_id": 1, "point_location": [-7.277583599090576, -10.019936561584473, 5.097971439361572], "camera_distance": 5.418790489538293, "bounding_box_ranges": {"x": [-11.597147072427948, -7.517570733077919], "y": [-7.284179565864259, -1.9461179971694946], "z": [2.7797245537202153, 5.212397421200832]}, "obliqueness_angle": 0.13712665438652039, "resolution": 512, "point_uuid": "110", "point_normal": [0.9912004470825195, 0.0387432798743248, -0.1265728920698166], "camera_rotation_final": [1.7222899198532104, 0.007004202343523502, -4.8084821701049805], "vanishing_points_image": {"x": [311.042530952457, 169.43846119352062], "y": [532.8463658698428, 258.1103851763245], "z": [254.10171838858162, -11.911945803711438]}, "camera_uuid": "41fe4d40075167d2675e7ca53b4961cc", "field_of_view_rads": 0.8275875356955242, "room": "ef914082afe6874a9bab2b30c864407b"}