{"vanishing_points_gaussian_sphere": {"x": [0.6256795727920288, -0.2759719259586323, 0.7296331737753347], "y": [0.7800558838216917, 0.22872272273557057, -0.5824077044644814], "z": [-0.006155510209881354, 0.9335552539550676, 0.3583806600626568]}, "nonfixated_points_in_view": [263, 648, 1294, 915, 1173, 22, 284, 32, 930, 548, 38, 554, 1453, 434, 951, 188, 1212, 324, 454, 329, 715, 332, 589, 1356, 80, 592, 1111, 1240, 1114, 738, 483, 1393, 1014, 253, 509, 1022, 511], "point_pitch": -0.36235444148513274, "camera_rotation_from_original_to_final": [-0.36589932441711426, -0.03934942185878754, -0.7739635705947876], "camera_location": [-5.364199638366699, -8.788909912109375, 4.275810241699219], "camera_rotation_original": [1.5721772909164429, 0.007314607501029968, 0.10773365199565887], "view_id": 2, "point_location": [-3.457620859146118, -6.400371551513672, 3.1026101112365723], "camera_distance": 3.273615210905562, "bounding_box_ranges": {"x": [-8.788909912109375, -5.9576194371526014], "y": [-5.388798956042883, -1.7641937529627634], "z": [2.7651749000492583, 5.022700689354202]}, "obliqueness_angle": 0.9547815322875977, "resolution": 512, "point_uuid": "924", "point_normal": [-0.999983549118042, 0.005505701992660761, -0.0016570196021348238], "camera_rotation_final": [1.204256296157837, 0.006155549082905054, -0.6760175824165344], "vanishing_points_image": {"x": [464.70414205512947, 348.0542823245449], "y": [383.99975682722453, 218.46877499650287], "z": [254.4110880460177, 15.022883215919226]}, "camera_uuid": "c71ad462c76696bcaee0b134a2de9f61", "field_of_view_rads": 1.08690416880921, "room": "ef914082afe6874a9bab2b30c864407b"}