{"vanishing_points_gaussian_sphere": {"x": [0.20523251355954714, 0.07176098994273186, 0.9760788778067424], "y": [0.9787101530816184, -0.0175547098243888, -0.2044951549986868], "z": [0.0024600067044142624, 0.9972673625891006, -0.07383600667420732]}, "nonfixated_points_in_view": [388, 134, 1146, 520, 398, 911, 784, 1039, 658, 1040, 660, 1424, 544, 34, 296, 1066, 1067, 684, 301, 48, 688, 944, 1330, 949, 55, 695, 572, 319, 192, 1089, 579, 965, 1221, 330, 971, 1228, 975, 1360, 980, 86, 728, 93, 863, 97, 99, 996, 357, 617, 746, 237, 1269, 758, 378, 1404, 890], "point_pitch": 0.0909966985371451, "camera_rotation_from_original_to_final": [0.04447735846042633, 0.04186535254120827, 2.3186421394348145], "camera_location": [0.4931855797767639, -7.2360944747924805, 1.5182243585586548], "camera_rotation_original": [1.5842092037200928, -0.010877704247832298, 0.6175836324691772], "view_id": 3, "point_location": [-0.35127609968185425, -11.266804695129395, 1.8231301307678223], "camera_distance": 4.129492346381064, "bounding_box_ranges": {"x": [-12.05781235619602, -7.2360944747924805], "y": [-3.5389742269611, 2.39008879712392], "z": [-0.016428881523994965, 2.420946178564748]}, "obliqueness_angle": 1.0552420616149902, "resolution": 512, "point_uuid": "1338", "point_normal": [-0.9213134050369263, -0.3278864920139313, -0.20897863805294037], "camera_rotation_final": [1.6446998119354248, -0.0024600091855973005, 2.9348907470703125], "vanishing_points_image": {"x": [328.5083154942282, 230.64695818074637], "y": [416.6027948313689, 258.8806643635743], "z": [256.42911138162395, 82.04162214632278]}, "camera_uuid": "c61bffa72844e019185a72c8df1f3454", "field_of_view_rads": 1.231712405534622, "room": "856e4980d5eb3351797f528948f684e5"}