{"vanishing_points_gaussian_sphere": {"x": [0.6011271651972837, -0.1397990243695666, 0.7868305815403943], "y": [0.7988038067115271, 0.07599261141345032, -0.5967726546966924], "z": [0.023634924265815548, 0.9872595179565916, 0.15735321591587348]}, "nonfixated_points_in_view": [892, 393, 780, 1165, 14, 1298, 787, 21, 1174, 1316, 1448, 42, 811, 816, 825, 1468, 702, 1216, 1476, 453, 70, 1223, 585, 460, 979, 84, 856, 1118, 868, 358, 1384, 492, 877, 879, 1268, 1401, 122, 251, 508, 765, 382], "point_pitch": -0.14896123012038665, "camera_rotation_from_original_to_final": [-0.17573200166225433, -0.0555301196873188, 2.3802037239074707], "camera_location": [-4.210936069488525, -6.891334056854248, 1.5098429918289185], "camera_rotation_original": [1.593726634979248, 0.010752296075224876, 0.11999154835939407], "view_id": 3, "point_location": [-7.2335357666015625, -10.876559257507324, 0.7128628492355347], "camera_distance": 5.064909349893736, "bounding_box_ranges": {"x": [-11.62569510410011, -6.891334056854248], "y": [-7.2865885168088385, -4.210936069488525], "z": [-0.0122501687785731, 2.4301513044017096]}, "obliqueness_angle": 0.9281260967254639, "resolution": 512, "point_uuid": "1289", "point_normal": [0.9999014735221863, 0.0005253072595223784, 0.01403135061264038], "camera_rotation_final": [1.4127418994903564, -0.02363712526857853, 2.496471643447876], "vanishing_points_image": {"x": [487.1773061152869, 309.7629368998741], "y": [399.51804012402584, 242.34669669532047], "z": [261.9842870853192, 6.029053754525811]}, "camera_uuid": "41b233ae6d911bdc4a03358505e283ee", "field_of_view_rads": 1.0036983060820588, "room": "ade82d56fe033105b37cc8ef1783cd93"}