{"vanishing_points_gaussian_sphere": {"x": [0.6375615059707009, 0.18525477893909195, 0.7477940846146085], "y": [0.7703993454320425, -0.15383832412077378, -0.6187233780855483], "z": [0.00041792613285304605, 0.9705742820165492, -0.2408015540352835]}, "nonfixated_points_in_view": [386, 1026, 263, 647, 1162, 653, 1296, 1427, 664, 290, 547, 931, 807, 681, 1065, 47, 305, 178, 179, 435, 1076, 1202, 1203, 1204, 1081, 1332, 1462, 1466, 64, 578, 67, 196, 580, 710, 1095, 1096, 1477, 1354, 843, 1480, 461, 589, 590, 336, 720, 849, 467, 214, 471, 1114, 347, 1244, 735, 1121, 867, 1255, 489, 234, 618, 114, 374, 630, 1400, 1276, 1407], "point_pitch": 0.24127574364212556, "camera_rotation_from_original_to_final": [-0.23183824121952057, -0.0762653797864914, 2.1287331581115723], "camera_location": [-3.8966617584228516, -5.1063923835754395, 1.5070674419403076], "camera_rotation_original": [1.5701526403427124, 0.0018522855825722218, -2.8113532066345215], "view_id": 10, "point_location": [0.7410336136817932, 0.4987640380859375, 3.3120169639587402], "camera_distance": 7.495587879026329, "bounding_box_ranges": {"x": [-5.1063923835754395, 1.4407749994912162], "y": [-3.8966617584228516, 1.4764678457229237], "z": [0.007909573212625975, 4.6663123067840315]}, "obliqueness_angle": 1.0854032039642334, "resolution": 512, "point_uuid": "1227", "point_normal": [-0.013444538228213787, -0.3062756657600403, -0.9518479704856873], "camera_rotation_final": [1.8139879703521729, -0.0004179261450190097, -0.6913289427757263], "vanishing_points_image": {"x": [512.141796478654, 181.573467909627], "y": [403.99954977489494, 285.5535073374582], "z": [256.09382752180176, 38.09886281952329]}, "camera_uuid": "62e24ad43a6e699e9b1ae0325438e489", "field_of_view_rads": 0.9414349507799468, "room": "8de55a2e5745f73de25402626a4c3d61"}