{"vanishing_points_gaussian_sphere": {"x": [-0.30508226959841056, 0.2471073176600857, 0.9197079875349133], "y": [0.9523245480838681, 0.0808478406568046, 0.29417950604688353], "z": [-0.0016624961771987527, 0.9656094449724327, -0.2599916073385665]}, "nonfixated_points_in_view": [1280, 642, 1028, 1159, 394, 779, 1420, 893, 272, 1148, 1044, 149, 1172, 1431, 409, 793, 1277, 1405, 1312, 930, 1186, 164, 421, 1190, 1191, 1317, 683, 1068, 173, 46, 430, 1072, 689, 692, 1461, 1206, 1211, 1469, 191, 1215, 1343, 322, 709, 199, 455, 1355, 76, 1357, 335, 1234, 725, 1241, 603, 1371, 993, 1122, 611, 1379, 249, 870, 359, 1380, 106, 748, 1006, 239, 1390, 633, 1265, 883, 756, 505, 636, 125], "point_pitch": 0.2585279504444937, "camera_rotation_from_original_to_final": [-0.14647726714611053, 0.21345576643943787, -0.2934662997722626], "camera_location": [0.21503694355487823, -3.282130241394043, 2.989867687225342], "camera_rotation_original": [1.575566053390503, 0.00037009804509580135, 2.1583032608032227], "view_id": 2, "point_location": [-7.228151798248291, -5.662923336029053, 5.093977451324463], "camera_distance": 8.092991531948353, "bounding_box_ranges": {"x": [-6.1408219730783316, -0.9267115223165807], "y": [-7.428110753765105, 0.21503694355487823], "z": [0.10488709305901911, 5.475049087099244]}, "obliqueness_angle": 0.4326619803905487, "resolution": 512, "point_uuid": "1233", "point_normal": [0.9986552000045776, -0.04955695569515228, -0.015232875011861324], "camera_rotation_final": [1.8338102102279663, 0.001662496943026781, 1.8808215856552124], "vanishing_points_image": {"x": [154.17239291998226, 173.52274924920965], "y": [457.29889273518575, 238.91067804879032], "z": [255.73475722464468, 101.94194404383357]}, "camera_uuid": "41fbfac86809ed0f1940b75ebedda277", "field_of_view_rads": 1.2347941365323232, "room": "8de55a2e5745f73de25402626a4c3d61"}