{"vanishing_points_gaussian_sphere": {"x": [-0.3192394018843611, -0.13383563406767895, 0.9381760108520244], "y": [0.9476722989007803, -0.04701598219130974, 0.3157636953715493], "z": [0.0018488322329280515, 0.9898876302249103, 0.14184167704552045]}, "nonfixated_points_in_view": [1147, 526, 527, 1038, 18, 1042, 23, 1051, 669, 295, 168, 939, 1324, 46, 815, 563, 1331, 1334, 823, 1208, 953, 442, 443, 826, 1209, 318, 704, 1219, 452, 1353, 76, 464, 337, 978, 1361, 600, 606, 227, 1251, 231, 871, 1259, 493, 1137, 1138, 371, 121, 634, 635, 766], "point_pitch": -0.14297525485488372, "camera_rotation_from_original_to_final": [0.13293245434761047, 0.04929182678461075, 3.1395626068115234], "camera_location": [-3.8966617584228516, -5.1063923835754395, 1.5070674419403076], "camera_rotation_original": [1.5701526403427124, 0.0018522855825722218, -2.8113532066345215], "view_id": 11, "point_location": [-5.5749640464782715, -0.11993177980184555, 0.7531712651252747], "camera_distance": 5.31505860255098, "bounding_box_ranges": {"x": [-5.1063923835754395, 1.5574312355025723], "y": [-7.28184214641822, -2.899615980666281], "z": [-0.03457725213406149, 3.485052842836648]}, "obliqueness_angle": 0.541303277015686, "resolution": 512, "point_uuid": "297", "point_normal": [0.3584006726741791, -0.6993952393531799, 0.618381142616272], "camera_rotation_final": [1.4284744262695312, -0.001848833286203444, 0.32492735981941223], "vanishing_points_image": {"x": [103.5304974475031, 319.92021921369434], "y": [541.3475771084691, 270.1566832957199], "z": [256.5045843970098, -14.160723135717769]}, "camera_uuid": "62e24ad43a6e699e9b1ae0325438e489", "field_of_view_rads": 0.9349634111702324, "room": "8de55a2e5745f73de25402626a4c3d61"}