{"vanishing_points_gaussian_sphere": {"x": [0.05120886741212532, -0.1469383478354433, 0.9878192009845514], "y": [0.998510651374898, -0.01110492692164597, -0.0534149762607998], "z": [0.01881836840016351, 0.9890833142528769, 0.14615083467876797]}, "nonfixated_points_in_view": [1314, 260, 935, 663, 425, 1097, 1163, 1387, 1449, 496, 503, 220, 989, 350, 479], "point_pitch": -0.1577797373149057, "camera_rotation_from_original_to_final": [0.15343642234802246, -0.05623956397175789, 0.3242727816104889], "camera_location": [3.6592752933502197, -8.714073181152344, 4.289666175842285], "camera_rotation_original": [1.5873934030532837, -0.01419571228325367, 2.7590537071228027], "view_id": 4, "point_location": [3.506913661956787, -11.5315523147583, 3.8728115558624268], "camera_distance": 2.85222201003967, "bounding_box_ranges": {"x": [-11.600540045324385, -8.714073181152344], "y": [1.5094185195232228, 4.073531206884601], "z": [2.7681146561290335, 5.203140429778025]}, "obliqueness_angle": 0.15387585759162903, "resolution": 512, "point_uuid": "961", "point_normal": [0.010256940498948097, 0.9999470710754395, -0.0008900873363018036], "camera_rotation_final": [1.4240939617156982, -0.018819479271769524, 3.0903522968292236], "vanishing_points_image": {"x": [276.1783939091312, 313.8997351985657], "y": [449.94361952125706, 258.1569421605443], "z": [260.0486206902388, 43.20667566379693]}, "camera_uuid": "e09802cb984b5ff427a30cf5f077a7f3", "field_of_view_rads": 1.1412634806589903, "room": "77c77478b552f1977cad320741ba92a5"}