{"vanishing_points_gaussian_sphere": {"x": [-0.6936456791692115, 0.1549638370356141, 0.7034499847047286], "y": [0.7203159560939648, 0.15027194303927627, 0.6771729960147835], "z": [-0.0007714702331752998, 0.9764243710325958, -0.21585840842385356]}, "nonfixated_points_in_view": [965, 97, 34, 330], "point_pitch": 0.22391541401413484, "camera_rotation_from_original_to_final": [0.19804474711418152, -0.07645946741104126, 2.720106363296509], "camera_location": [-1.2640292644500732, -10.590165138244629, 1.4937529563903809], "camera_rotation_original": [1.576294183731079, -0.003259384771808982, -0.3901067078113556], "view_id": 5, "point_location": [-2.2490234375, -11.538365364074707, 1.7960050106048584], "camera_distance": 1.4002333782873366, "bounding_box_ranges": {"x": [-12.057662511569772, -10.590165138244629], "y": [-3.4205789298131783, -1.2640292644500732], "z": [0.8923908683101455, 2.411345724966572]}, "obliqueness_angle": 0.28764352202415466, "resolution": 512, "point_uuid": "572", "point_normal": [0.5771023035049438, 0.8166718482971191, 0.00035027717240154743], "camera_rotation_final": [1.7883672714233398, 0.0007714703097008169, 2.337334632873535], "vanishing_points_image": {"x": [13.100252650535865, 201.73500852865266], "y": [503.22855789632337, 204.42330583465193], "z": [255.84192768263128, 55.93309342714766]}, "camera_uuid": "bf987798a26d9c5da496954cb31ac414", "field_of_view_rads": 1.0268242999648343, "room": "856e4980d5eb3351797f528948f684e5"}