{"vanishing_points_gaussian_sphere": {"x": [0.24935339162516104, 0.09811735191143581, 0.9634292248727545], "y": [0.9684051147980363, -0.021362709931293418, -0.24846562791942428], "z": [-0.00379733038217851, 0.9949455361366666, -0.10034420961714582]}, "nonfixated_points_in_view": [523, 527, 1042, 46, 1072, 76, 1106, 600, 1120, 1122, 611, 1137, 1138, 121, 633, 634, 636, 640, 642, 133, 1159, 140, 152, 1179, 669, 164, 1191, 168, 683, 692, 1208, 186, 191, 1215, 199, 1229, 1233, 1234, 1241, 1251, 1259, 748, 239, 1265, 756, 249, 766, 1280, 257, 258, 779, 272, 788, 279, 793, 1317, 297, 1324, 823, 826, 318, 1343, 322, 1353, 335, 1361, 1371, 1379, 1380, 870, 871, 368, 884, 893, 394, 399, 1426, 409, 421, 1446, 430, 953, 452, 978, 993, 1006], "point_pitch": 0.0976042310383658, "camera_rotation_from_original_to_final": [-0.056041017174720764, 0.07774586230516434, -0.8419011235237122], "camera_location": [0.21503694355487823, -3.282130241394043, 2.989867687225342], "camera_rotation_original": [1.575566053390503, 0.00037009804509580135, 2.1583032608032227], "view_id": 10, "point_location": [-7.104152202606201, -1.3945317268371582, 3.7521843910217285], "camera_distance": 7.597018150854478, "bounding_box_ranges": {"x": [-5.848528401347306, 1.5475020035338938], "y": [-7.431139141513536, 0.21503694355487823], "z": [-0.04885970430248132, 5.440353450935958]}, "obliqueness_angle": 0.27492237091064453, "resolution": 512, "point_uuid": "1068", "point_normal": [0.9999052286148071, 0.008089618757367134, -0.011145860888063908], "camera_rotation_final": [1.6713104248046875, 0.0037973395083099604, 1.3187819719314575], "vanishing_points_image": {"x": [352.0182255464785, 218.21806343016345], "y": [427.9127857810346, 259.7923415727588], "z": [255.27835224226484, 66.91974019660645]}, "camera_uuid": "41fbfac86809ed0f1940b75ebedda277", "field_of_view_rads": 1.1405563615588556, "room": "8de55a2e5745f73de25402626a4c3d61"}