{"vanishing_points_gaussian_sphere": {"x": [0.05008903487477545, 0.1529100866932814, 0.9869699053024701], "y": [0.9987443008932703, -0.008612628305306357, -0.04935224480089619], "z": [0.0009539489118805042, 0.9882025743849931, -0.15314947587355868]}, "nonfixated_points_in_view": [769, 516, 1285, 263, 1162, 907, 1294, 1296, 20, 664, 668, 1059, 1189, 39, 552, 1065, 44, 1455, 305, 178, 179, 1076, 1203, 445, 1213, 1471, 64, 450, 67, 196, 580, 1477, 1480, 1227, 589, 336, 720, 849, 467, 468, 214, 471, 1112, 1496, 1114, 1126, 999, 618, 114, 370, 626], "point_pitch": 0.14453740517166658, "camera_rotation_from_original_to_final": [0.0757441446185112, -0.12554046511650085, -0.5624734163284302], "camera_location": [-4.307779312133789, 0.3686792552471161, 1.49626624584198], "camera_rotation_original": [1.5781090259552002, -0.005691109225153923, -1.0627084970474243], "view_id": 6, "point_location": [1.4133477210998535, 0.08260206878185272, 2.3840203285217285], "camera_distance": 5.796657677070147, "bounding_box_ranges": {"x": [-3.849491701962903, 1.4409683145071868], "y": [-4.307779312133789, 1.4757647751165281], "z": [0.0776841738930445, 4.756793719285624]}, "obliqueness_angle": 1.0231012105941772, "resolution": 512, "point_uuid": "1462", "point_normal": [-0.6463117003440857, -0.006261625327169895, 0.7630479335784912], "camera_rotation_final": [1.7245509624481201, -0.0009539490565657616, -1.6209063529968262], "vanishing_points_image": {"x": [276.65133448556537, 192.95631480194473], "y": [459.5473754577087, 257.755281993369], "z": [256.1850455907187, 64.30993478856118]}, "camera_uuid": "5fb98853d32c905b4569c0e295d9d2d9", "field_of_view_rads": 1.099747921523167, "room": "8de55a2e5745f73de25402626a4c3d61"}