{"vanishing_points_gaussian_sphere": {"x": [0.40569255204713467, 0.15893840713476, 0.9000845160044407], "y": [0.9140082405408579, -0.06884640467055292, -0.39981134149414005], "z": [-0.0015777949449497103, 0.9848851482794346, -0.1732014874696749]}, "nonfixated_points_in_view": [256, 514, 131, 1411, 266, 268, 396, 270, 400, 656, 1177, 1056, 419, 676, 1187, 1315, 41, 177, 434, 308, 444, 1345, 72, 713, 1352, 717, 1230, 1488, 1362, 723, 1494, 1115, 476, 348, 96, 480, 102, 998, 745, 875, 1003, 621, 110, 622, 880, 1134, 1261, 243, 883, 629, 246, 125, 1406], "point_pitch": 0.17569644848373933, "camera_rotation_from_original_to_final": [0.053859274834394455, -0.16544897854328156, 2.4294941425323486], "camera_location": [-2.806222438812256, -9.90909194946289, 4.287649154663086], "camera_rotation_original": [1.5709993839263916, -0.0022501780185848475, -1.2808427810668945], "view_id": 6, "point_location": [-7.281586170196533, -7.921165466308594, 5.148833751678467], "camera_distance": 4.9721596493089955, "bounding_box_ranges": {"x": [-10.940259656133945, -5.968911267438662], "y": [-7.2841794721361754, -2.806222438812256], "z": [2.7651374817178374, 5.212401960235732]}, "obliqueness_angle": 0.40630990266799927, "resolution": 512, "point_uuid": "1381", "point_normal": [0.9724648594856262, -0.007354851812124252, -0.2329336702823639], "camera_rotation_final": [1.7448759078979492, 0.0015777955995872617, 1.1530593633651733], "vanishing_points_image": {"x": [384.7305592588606, 205.567153907738], "y": [388.9281458174024, 266.0126284568679], "z": [255.74660706388204, 97.82802698138072]}, "camera_uuid": "48bee344cd0412ed9774218b24d4c13a", "field_of_view_rads": 1.2657054331228823, "room": "ef914082afe6874a9bab2b30c864407b"}