{"vanishing_points_gaussian_sphere": {"x": [-0.009907314095101207, 0.16887779134527187, 0.9855872040148268], "y": [0.9998767334216364, -0.010332979776372566, 0.011821484298476964], "z": [0.012180438805686391, 0.9855828332105242, -0.16875460228158828]}, "nonfixated_points_in_view": [7, 1170, 542, 1438, 420, 806, 1447, 1192, 170, 946, 820, 1465, 193, 323, 1091, 69, 198, 712, 201, 75, 1483, 334, 463, 208, 591, 210, 721, 1366, 599, 1242, 860, 222, 994, 228, 1382, 1257, 1258, 1386, 1133, 367, 623, 1010, 372, 245, 1018, 383], "point_pitch": 0.18348129192856355, "camera_rotation_from_original_to_final": [-0.13223718106746674, 0.07589550316333771, 2.0619795322418213], "camera_location": [0.13430264592170715, -5.5853047370910645, 1.5091227293014526], "camera_rotation_original": [1.588117241859436, -0.006452574394643307, 2.6567111015319824], "view_id": 11, "point_location": [5.4480061531066895, -5.521569728851318, 2.4189469814300537], "camera_distance": 5.391408662008813, "bounding_box_ranges": {"x": [-7.0904821797422155, -3.7368375252512385], "y": [0.13430264592170715, 6.508304108387425], "z": [-0.017867440470003215, 2.4277341277683466]}, "obliqueness_angle": 1.4011509418487549, "resolution": 512, "point_uuid": "338", "point_normal": [-0.0001849634718382731, 0.00830110628157854, -0.9999655485153198], "camera_rotation_final": [1.74037504196167, -0.012180740013718605, 4.722297191619873], "vanishing_points_image": {"x": [252.0455169001274, 188.59279302057274], "y": [459.62898528258467, 258.1043535832741], "z": [258.2740553513759, 71.99432074316385]}, "camera_uuid": "caab66acefae8cc00595de890566047d", "field_of_view_rads": 1.1275970806949078, "room": "856e4980d5eb3351797f528948f684e5"}