{"vanishing_points_gaussian_sphere": {"x": [-0.06231891090734406, 0.08690420733025338, 0.9942655641686595], "y": [0.9980151920261601, 0.014466303302582204, 0.06128949790742944], "z": [-0.009057031981262459, 0.996111632708432, -0.08763324343325628]}, "nonfixated_points_in_view": [15, 527, 1044, 27, 31, 1068, 1069, 46, 1071, 1072, 1082, 1083, 73, 76, 1107, 1122, 616, 120, 636, 642, 149, 153, 156, 160, 164, 1190, 679, 1191, 1197, 1199, 690, 692, 1206, 186, 1212, 715, 718, 1233, 1234, 725, 1251, 239, 1263, 1265, 756, 764, 1277, 255, 1280, 1288, 779, 276, 788, 1305, 292, 1321, 1324, 819, 309, 823, 828, 1343, 321, 1356, 344, 356, 1380, 870, 359, 871, 368, 1393, 893, 1420, 404, 412, 932, 947, 437, 953, 1469, 455, 988, 991, 993, 1006, 511], "point_pitch": 0.06951530376938386, "camera_rotation_from_original_to_final": [-0.0657242015004158, 0.027332857251167297, -0.8714231848716736], "camera_location": [1.7699029445648193, -5.448235511779785, 4.298521995544434], "camera_rotation_original": [1.5894720554351807, -0.008107524365186691, 2.503649950027466], "view_id": 4, "point_location": [-6.988149642944336, -5.988108158111572, 5.0704450607299805], "camera_distance": 8.808565086436527, "bounding_box_ranges": {"x": [-5.980930186755523, -5.448235511779785], "y": [0.9296949650572347, 1.7699029445648193], "z": [3.786972126450534, 5.05059925255606]}, "obliqueness_angle": 1.426688313484192, "resolution": 512, "point_uuid": "603", "point_normal": [0.058106180280447006, 0.9464554786682129, -0.3175621032714844], "camera_rotation_final": [1.658545732498169, 0.009057155810296535, 1.6331582069396973], "vanishing_points_image": {"x": [233.9002192942467, 225.18168343375868], "y": [439.6012438308332, 253.3386865238034], "z": [254.45266935435217, 85.8212859395004]}, "camera_uuid": "3d44530aec2e5604a8aef567eab9ad28", "field_of_view_rads": 1.2451127494364607, "room": "77c77478b552f1977cad320741ba92a5"}