{"vanishing_points_gaussian_sphere": {"x": [0.683680516921788, 0.150967579940699, 0.7139956166450923], "y": [0.7297477146393746, -0.1508301255941917, -0.6668722112907767], "z": [0.007015964664010504, 0.9769642076453411, -0.21328786467997743]}, "nonfixated_points_in_view": [1183, 1217, 1316, 1476, 743, 492, 702, 251, 209, 757, 343, 856, 539, 699, 382, 1055], "point_pitch": 0.21205039421585603, "camera_rotation_from_original_to_final": [0.1686689406633377, 0.12728939950466156, 0.17542625963687897], "camera_location": [-5.388822078704834, -10.731203079223633, 1.4981894493103027], "camera_rotation_original": [1.5747919082641602, -0.006452437024563551, 0.6547536253929138], "view_id": 2, "point_location": [-7.224667549133301, -9.016522407531738, 2.0466010570526123], "camera_distance": 2.5712280555960714, "bounding_box_ranges": {"x": [-10.731203079223633, -5.96572702899323], "y": [-7.291603551319255, -5.388822078704834], "z": [-0.010648839485403516, 2.4282410753256456]}, "obliqueness_angle": 0.8588932156562805, "resolution": 512, "point_uuid": "1448", "point_normal": [0.6966789960861206, -0.004264387767761946, -0.7173703908920288], "camera_rotation_final": [1.7857407331466675, -0.007016022223979235, 0.8179791569709778], "vanishing_points_image": {"x": [465.0207046442436, 209.84488930631474], "y": [363.5843474593815, 278.2363980232356], "z": [257.24631563351653, 82.45212402218017]}, "camera_uuid": "71b3547b15480cf3650f1acaad8a6075", "field_of_view_rads": 1.1543251223369404, "room": "ade82d56fe033105b37cc8ef1783cd93"}