{"vanishing_points_gaussian_sphere": {"x": [-0.2548159578735522, 0.27258615812926434, 0.9277745491278104], "y": [0.9669640450861551, 0.06485747926638431, 0.24652391951660763], "z": [0.007025889524064039, 0.9599428596429781, -0.2801077348036955]}, "nonfixated_points_in_view": [1184, 1303, 565, 790, 1046], "point_pitch": 0.2863714257862906, "camera_rotation_from_original_to_final": [0.28245267271995544, 0.01600819081068039, -2.9894275665283203], "camera_location": [-5.364199638366699, -8.788909912109375, 4.275810241699219], "camera_rotation_original": [1.5721772909164429, 0.007314607501029968, 0.10773365199565887], "view_id": 6, "point_location": [-4.627786636352539, -11.560346603393555, 5.112544536590576], "camera_distance": 2.9871876130322033, "bounding_box_ranges": {"x": [-11.665794693043908, -8.788909912109375], "y": [-5.953844331984376, -2.9431313254910636], "z": [3.73328864113038, 5.2035190891709675]}, "obliqueness_angle": 0.2985250651836395, "resolution": 512, "point_uuid": "403", "point_normal": [-0.015572714619338512, 0.9943572878837585, -0.10493461042642593], "camera_rotation_final": [1.8547098636627197, -0.007025947328656912, -2.8839287757873535], "vanishing_points_image": {"x": [129.26319245156543, 120.42489806568983], "y": [550.0849044760631, 236.27475200185606], "z": [257.64326725545874, 31.481430079438855]}, "camera_uuid": "c71ad462c76696bcaee0b134a2de9f61", "field_of_view_rads": 0.8951054819828498, "room": "ef914082afe6874a9bab2b30c864407b"}