{"vanishing_points_gaussian_sphere": {"x": [-0.023339626190156306, -0.05691718075485879, 0.9981060546776692], "y": [0.9997249794008903, 0.0009544825888952641, 0.023431912531350015], "z": [-0.00228635325203967, 0.998378447031939, 0.05687925009087812]}, "nonfixated_points_in_view": [1025, 1410, 10, 1275, 400, 403, 790, 1046, 1303, 923, 413, 670, 30, 1184, 1440, 169, 555, 812, 1201, 565, 438, 1207, 312, 700, 189, 956, 1341, 705, 77, 850, 726, 217, 985, 986, 349, 990, 1119, 1125, 619, 1260, 1005, 366, 878, 1267, 761, 379], "point_pitch": -0.0329419811579843, "camera_rotation_from_original_to_final": [-0.08060202747583389, 0.008204051293432713, -3.0445425510406494], "camera_location": [-2.484394073486328, -5.331701278686523, 4.301449775695801], "camera_rotation_original": [1.594873070716858, 5.2980572945671156e-05, -0.07394442707300186], "view_id": 0, "point_location": [-2.3771238327026367, -9.900997161865234, 4.041058540344238], "camera_distance": 4.577966377798565, "bounding_box_ranges": {"x": [-11.995027267098898, -5.9575214854441505], "y": [-6.2496524395192505, -1.7645796609495337], "z": [2.7651393711501493, 5.212402280744787]}, "obliqueness_angle": 1.5492576360702515, "resolution": 512, "point_uuid": "1088", "point_normal": [0.041856978088617325, -0.03434300422668457, 0.9985332489013672], "camera_rotation_final": [1.5138862133026123, 0.0022863552439957857, -3.118250846862793], "vanishing_points_image": {"x": [245.93555400873686, 280.54366179711303], "y": [474.51763628918326, 255.79137134361733], "z": [255.49165182129707, 34.020362884790806]}, "camera_uuid": "c5be5141daf3c047a2d6d480abd9ff63", "field_of_view_rads": 1.0698415126962444, "room": "ef914082afe6874a9bab2b30c864407b"}