{"vanishing_points_gaussian_sphere": {"x": [-0.10515268072819342, 0.17785300267939094, 0.9784228243318935], "y": [0.9944517624536182, 0.01590352393774098, 0.10398447037540899], "z": [0.002933579480298262, 0.9839285478957739, -0.17853853014726692]}, "nonfixated_points_in_view": [998, 875, 268, 621, 1230, 723, 853, 246, 1498, 444], "point_pitch": 0.17749817768600984, "camera_rotation_from_original_to_final": [0.15014667809009552, -0.09244398772716522, 0.6431559324264526], "camera_location": [-6.867229461669922, -9.096433639526367, 4.286715030670166], "camera_rotation_original": [1.574166178703308, -0.001123880734667182, -0.544407844543457], "view_id": 2, "point_location": [-7.185664176940918, -6.100180149078369, 4.833458423614502], "camera_distance": 3.062329875103559, "bounding_box_ranges": {"x": [-9.096433639526367, -5.973146776047586], "y": [-7.284179615291512, -5.161885221887017], "z": [3.132310278512514, 5.208537231355084]}, "obliqueness_angle": 0.08263400197029114, "resolution": 512, "point_uuid": "308", "point_normal": [0.09621713310480118, -0.990602970123291, -0.09720093756914139], "camera_rotation_final": [1.750298023223877, -0.002933583687990904, 0.1053478866815567], "vanishing_points_image": {"x": [217.9495411648173, 191.642265034986], "y": [449.88872825869834, 252.89928245135553], "z": [256.49778676351514, 89.04130306453918]}, "camera_uuid": "7f2779005da07c7c8e1ad24c5414740e", "field_of_view_rads": 1.2113696880774552, "room": "ef914082afe6874a9bab2b30c864407b"}