{"vanishing_points_gaussian_sphere": {"x": [0.6152367750322724, -0.15722812828417496, 0.7725043859578691], "y": [0.7883112389286588, 0.11398886772627173, -0.6046254448939821], "z": [0.007007226744751094, 0.9809616983912969, 0.19407484397162372]}, "nonfixated_points_in_view": [256, 131, 266, 268, 396, 270, 656, 1056, 419, 1187, 434, 308, 697, 444, 1345, 72, 329, 713, 1352, 717, 1230, 80, 1488, 1362, 723, 853, 1115, 476, 348, 96, 1381, 998, 875, 1003, 621, 1134, 1261, 243, 883, 629, 246, 1406], "point_pitch": -0.20201580127212004, "camera_rotation_from_original_to_final": [-0.03636655583977699, 0.19266247749328613, 2.3762683868408203], "camera_location": [-3.072143316268921, -10.485207557678223, 4.283509254455566], "camera_rotation_original": [1.5707898139953613, 0.009692680090665817, -1.4714287519454956], "view_id": 6, "point_location": [-7.285185813903809, -7.187734127044678, 3.225074529647827], "camera_distance": 5.453745547075747, "bounding_box_ranges": {"x": [-10.485207557678223, -5.970168082553963], "y": [-7.284179648919694, -3.072143316268921], "z": [2.765176083188969, 5.212401609621512]}, "obliqueness_angle": 0.6958320736885071, "resolution": 512, "point_uuid": "1315", "point_normal": [0.9999404549598694, 0.009743444621562958, 0.004912187345325947], "camera_rotation_final": [1.3754771947860718, -0.007007284089922905, 0.9080908894538879], "vanishing_points_image": {"x": [459.7339066951543, 308.06564710963767], "y": [379.0250115589135, 238.21072962416414], "z": [257.57720228787036, 35.20294413550931]}, "camera_uuid": "2c5b1635a824be2ef248c2dd24c5c6fe", "field_of_view_rads": 1.1240795004974804, "room": "ef914082afe6874a9bab2b30c864407b"}