{"vanishing_points_gaussian_sphere": {"x": [-0.6925394460753788, -0.17934745366283872, 0.6987299954161577], "y": [0.7213037707434279, -0.1580774712750571, 0.6743384783523746], "z": [-0.010487418219953148, 0.9710025766906798, 0.23883887899406242]}, "nonfixated_points_in_view": [0, 644, 1284, 646, 1286, 1032, 1418, 267, 528, 657, 912, 802, 293, 805, 167, 1061, 1194, 171, 685, 814, 50, 818, 693, 55, 184, 313, 568, 570, 827, 701, 62, 829, 958, 1084, 1336, 1474, 708, 197, 71, 327, 328, 458, 1100, 1231, 1232, 465, 722, 1365, 88, 602, 1248, 740, 613, 242, 115, 627, 885, 119, 1273, 1021, 254], "point_pitch": -0.2723882635447641, "camera_rotation_from_original_to_final": [-0.06306421756744385, -0.2659268081188202, -0.6471691727638245], "camera_location": [3.307429552078247, -10.623159408569336, 1.5089129209518433], "camera_rotation_original": [1.6019235849380493, -0.010716056451201439, 1.4206318855285645], "view_id": 6, "point_location": [1.4890755414962769, -8.739033699035645, 0.8648839592933655], "camera_distance": 2.696500361645372, "bounding_box_ranges": {"x": [-10.623159408569336, -3.3908375489982028], "y": [-3.550436639062596, 3.307429552078247], "z": [-0.08839374861068983, 2.4276418965506767]}, "obliqueness_angle": 0.828131377696991, "resolution": 512, "point_uuid": "530", "point_normal": [0.8283461928367615, 0.022929569706320763, 0.5597471594810486], "camera_rotation_final": [1.3296128511428833, 0.010487610474228859, 0.7650561928749084], "vanishing_points_image": {"x": [18.58303970187857, 317.484046182699], "y": [498.7281779872925, 309.195142102039], "z": [253.3435347334606, 10.044840722431273]}, "camera_uuid": "6fc923253b31e08cd2b4b232614b75a1", "field_of_view_rads": 1.041952977020348, "room": "856e4980d5eb3351797f528948f684e5"}