{"vanishing_points_gaussian_sphere": {"x": [0.46256347851871, -0.11721222708126693, 0.8788039156508809], "y": [0.8865857051618551, 0.06216352867082743, -0.45836828326777534], "z": [-0.0009031851013659786, 0.9911594168073271, 0.13267326305941202]}, "nonfixated_points_in_view": [1409, 899, 264, 782, 23, 1434, 1051, 809, 685, 176, 562, 1210, 443, 1087, 575, 577, 458, 1358, 464, 337, 1361, 1367, 861, 1376, 227, 1256, 1004, 1007, 1273], "point_pitch": -0.1406012018534799, "camera_rotation_from_original_to_final": [-0.11340151727199554, -0.07749534398317337, -1.1316181421279907], "camera_location": [-5.388822078704834, -10.731203079223633, 1.4981894493103027], "camera_rotation_original": [1.5747919082641602, -0.006452437024563551, 0.6547536253929138], "view_id": 2, "point_location": [-3.143556833267212, -6.4264817237854, 0.8483039736747742], "camera_distance": 4.898386807460797, "bounding_box_ranges": {"x": [-10.731203079223633, -5.95451714575322], "y": [-5.392847689803211, -2.909295885731641], "z": [-0.04366072808814503, 2.4292670210113574]}, "obliqueness_angle": 0.610248327255249, "resolution": 512, "point_uuid": "885", "point_normal": [-0.012013755738735199, -0.9655187129974365, -0.2600564658641815], "camera_rotation_final": [1.4377306699752808, 0.000903185224160552, -0.4808846414089203], "vanishing_points_image": {"x": [473.0215092765973, 310.9926131399474], "y": [445.70850082025856, 242.69846608040345], "z": [255.74556933036808, -23.213368055846956]}, "camera_uuid": "71b3547b15480cf3650f1acaad8a6075", "field_of_view_rads": 0.9058398979699762, "room": "ade82d56fe033105b37cc8ef1783cd93"}