{"vanishing_points_gaussian_sphere": {"x": [0.050319875941893716, -0.18510224256746644, 0.9814301146193178], "y": [0.9987140951735646, 0.015396537988891826, -0.04830220201610901], "z": [-0.00616978012905021, 0.9825986497112906, 0.18563897058190051]}, "nonfixated_points_in_view": [0, 1152, 644, 773, 1159, 521, 522, 141, 639, 272, 401, 402, 528, 786, 535, 920, 793, 410, 795, 1304, 29, 1182, 36, 37, 678, 1317, 299, 941, 814, 1198, 689, 818, 436, 57, 315, 63, 1087, 1472, 322, 707, 1218, 1474, 966, 967, 200, 1478, 1100, 1490, 339, 852, 981, 1143, 1371, 224, 1248, 740, 229, 613, 1252, 488, 1254, 106, 119, 1019, 1021, 127], "point_pitch": -0.19715814193221526, "camera_rotation_from_original_to_final": [0.1753903478384018, 0.0675388053059578, -2.0825319290161133], "camera_location": [3.8354318141937256, -5.580057144165039, 1.5235874652862549], "camera_rotation_original": [1.571001648902893, -0.012118679471313953, -2.674816608428955], "view_id": 0, "point_location": [-4.241859436035156, -5.182525634765625, -0.004243546165525913], "camera_distance": 8.230123711818736, "bounding_box_ranges": {"x": [-9.316291596074105, -3.9228158437003304], "y": [-3.550171469360851, 3.8354318141937256], "z": [-0.05883272715447574, 2.42773255958021]}, "obliqueness_angle": 1.3803762197494507, "resolution": 512, "point_uuid": "997", "point_normal": [0.003444216912612319, -0.0053004310466349125, 0.9999800324440002], "camera_rotation_final": [1.384070634841919, 0.0061698192730546, -4.762731075286865], "vanishing_points_image": {"x": [277.2869934275599, 334.30445022380894], "y": [466.09356163817114, 252.76112160765936], "z": [254.53475052470085, 22.644495297314567]}, "camera_uuid": "c83171f93afe09cc67e6fc1972ae2a82", "field_of_view_rads": 1.0721699040415573, "room": "856e4980d5eb3351797f528948f684e5"}