{"vanishing_points_gaussian_sphere": {"x": [0.45825192050863844, -0.25475165175558767, 0.851532015415712], "y": [0.8887102834998735, 0.11611287150014335, -0.44352207732374027], "z": [0.014114154304069636, 0.9600101025509008, 0.27960935901448275]}, "nonfixated_points_in_view": [1217, 706, 804, 423, 743, 458, 1100, 814, 209, 786, 852, 757, 694, 343, 313, 1055], "point_pitch": -0.2898028333995004, "camera_rotation_from_original_to_final": [-0.2953174114227295, -0.046763546764850616, 0.9791016578674316], "camera_location": [-2.1478989124298096, -7.17814826965332, 1.5089408159255981], "camera_rotation_original": [1.586061954498291, -0.002639547921717167, 0.12005194276571274], "view_id": 8, "point_location": [-3.497734308242798, -6.475083827972412, 1.0657081604003906], "camera_distance": 1.5851846514733667, "bounding_box_ranges": {"x": [-7.3417044883913904, -6.131019816868781], "y": [-3.551247915784028, -2.1478989124298096], "z": [-0.026379553143136447, 1.8952154256973583]}, "obliqueness_angle": 1.1487833261489868, "resolution": 512, "point_uuid": "685", "point_normal": [-0.04036400467157364, -0.9991809129714966, 0.0028973144944757223], "camera_rotation_final": [1.2873800992965698, -0.014114622958004475, 1.0947175025939941], "vanishing_points_image": {"x": [435.57610427084137, 355.83004354472337], "y": [419.68432179703365, 234.61411420990967], "z": [259.6922486026038, 4.862320528335714]}, "camera_uuid": "3dfb7fb5350fdc03281337b3a75a5e86", "field_of_view_rads": 1.034358769795164, "room": "856e4980d5eb3351797f528948f684e5"}