{"vanishing_points_gaussian_sphere": {"x": [-0.6700521413385345, -0.13561837821620756, 0.7298203774749307], "y": [0.7423138198225523, -0.12316648055217652, 0.6586351121591089], "z": [0.000566381581579848, 0.9830756194507094, 0.1831993604069295]}, "nonfixated_points_in_view": [1029, 1032, 17, 538, 28, 1052, 542, 544, 551, 1064, 51, 570, 60, 1085, 66, 1091, 69, 79, 591, 85, 599, 604, 98, 613, 104, 623, 1136, 116, 1141, 1149, 643, 654, 1167, 144, 657, 1170, 662, 1185, 165, 1192, 687, 693, 703, 198, 712, 208, 721, 1242, 222, 228, 740, 1258, 747, 1287, 1290, 275, 1308, 298, 1333, 824, 1336, 317, 832, 1351, 334, 338, 1366, 860, 1382, 1386, 367, 1391, 372, 1399, 1403, 1432, 416, 1442, 420, 1447, 429, 946, 1465, 456, 1483, 972, 1484, 463, 977, 994, 1018], "point_pitch": -0.19060616095992522, "camera_rotation_from_original_to_final": [-0.17479725182056427, 0.07422739267349243, -0.4532814025878906], "camera_location": [-1.2640292644500732, -10.590165138244629, 1.4937529563903809], "camera_rotation_original": [1.576294183731079, -0.003259384771808982, -0.3901067078113556], "view_id": 0, "point_location": [3.424692153930664, -6.358772277832031, 0.31679120659828186], "camera_distance": 6.424487127993171, "bounding_box_ranges": {"x": [-10.590165138244629, -3.1651625879830183], "y": [-1.2640292644500732, 6.4974767079085565], "z": [-0.018196287521920596, 2.4277290405960033]}, "obliqueness_angle": 1.1144381761550903, "resolution": 512, "point_uuid": "904", "point_normal": [-0.9098061919212341, 0.3833159804344177, 0.15912802517414093], "camera_rotation_final": [1.3865563869476318, -0.0005663816118612885, -0.8365171551704407], "vanishing_points_image": {"x": [17.66500711664786, 304.238940244922], "y": [506.02588021458064, 297.48489074385196], "z": [256.1408465457954, 11.530882785559239]}, "camera_uuid": "bf987798a26d9c5da496954cb31ac414", "field_of_view_rads": 1.031034699491296, "room": "856e4980d5eb3351797f528948f684e5"}