{"vanishing_points_gaussian_sphere": {"x": [0.5966279688021069, 0.1278188267438055, 0.7922735729360845], "y": [0.8020327331108202, -0.1292939460290066, -0.5831179730886676], "z": [0.027902721405986878, 0.983333830929296, -0.17965526735404821]}, "nonfixated_points_in_view": [388, 134, 136, 520, 1033, 1160, 12, 398, 911, 784, 1422, 146, 658, 1428, 917, 537, 1178, 285, 1439, 34, 1443, 1188, 933, 1063, 296, 1319, 1066, 1067, 428, 301, 174, 1070, 48, 688, 944, 1194, 1327, 181, 1078, 55, 695, 1080, 1330, 572, 192, 1089, 1347, 965, 1094, 1221, 330, 971, 973, 847, 848, 980, 1236, 215, 472, 728, 1243, 221, 862, 223, 607, 97, 863, 99, 100, 357, 486, 996, 1253, 617, 362, 1130, 117, 758, 375, 1269, 894], "point_pitch": 0.17980130116013093, "camera_rotation_from_original_to_final": [0.14905492961406708, 0.0559757836163044, 1.9066542387008667], "camera_location": [5.059991836547852, -7.579131126403809, 1.5203824043273926], "camera_rotation_original": [1.596900224685669, 0.009909546934068203, 0.6009308099746704], "view_id": 1, "point_location": [2.172774076461792, -11.501947402954102, 2.409916400909424], "camera_distance": 4.951341711137295, "bounding_box_ranges": {"x": [-12.052952560118754, -7.579131126403809], "y": [-3.545581148850652, 5.17149390534106], "z": [-0.029376864405176173, 2.4216109047685714]}, "obliqueness_angle": 1.1516008377075195, "resolution": 512, "point_uuid": "682", "point_normal": [-0.009405186399817467, 0.3047005534172058, -0.9524017572402954], "camera_rotation_final": [1.7515034675598145, -0.027906343340873718, 2.5020103454589844], "vanishing_points_image": {"x": [425.7567981296649, 219.632085816755], "y": [362.6939978176102, 273.1999064700804], "z": [260.39896886181634, 100.97372711106256]}, "camera_uuid": "e2c81e729be96548bbabfecfc7939d49", "field_of_view_rads": 1.2805682133657477, "room": "856e4980d5eb3351797f528948f684e5"}