{"vanishing_points_gaussian_sphere": {"x": [0.06908850065311364, -0.11103564600431827, 0.9914120558041992], "y": [0.9975651012091011, -0.0017951163579569614, -0.06971833623185027], "z": [0.009520920500699621, 0.993814803106527, 0.11064126354644656]}, "nonfixated_points_in_view": [3, 1029, 1030, 520, 12, 529, 530, 544, 35, 1066, 43, 1070, 1078, 1080, 1084, 62, 65, 66, 89, 1113, 607, 99, 617, 1130, 116, 117, 643, 136, 137, 1160, 660, 662, 673, 1188, 682, 172, 684, 181, 695, 1221, 721, 1236, 751, 241, 1269, 758, 1271, 248, 771, 774, 775, 1286, 784, 285, 797, 287, 1319, 296, 1330, 821, 314, 317, 1351, 847, 848, 1360, 1370, 862, 863, 357, 362, 363, 1395, 890, 1403, 894, 388, 1414, 1422, 1428, 917, 926, 416, 1442, 934, 958, 973, 980, 996, 1002, 1013], "point_pitch": -0.11875705321761565, "camera_rotation_from_original_to_final": [-0.03151393681764603, 0.09430311620235443, -1.910685658454895], "camera_location": [3.2709619998931885, -3.7192935943603516, 1.5157769918441772], "camera_rotation_original": [1.5592020750045776, -0.004284437280148268, -1.3022267818450928], "view_id": 5, "point_location": [2.733907461166382, -11.356171607971191, 0.6635032892227173], "camera_distance": 7.703032200933307, "bounding_box_ranges": {"x": [-12.047091020589859, -3.7192935943603516], "y": [-1.6341752470575726, 6.391739962341024], "z": [-0.03294766839037644, 2.4276974794153166]}, "obliqueness_angle": 0.9899923801422119, "resolution": 512, "point_uuid": "174", "point_normal": [-0.7904928922653198, 0.6119253635406494, -0.02585635520517826], "camera_rotation_final": [1.4599230289459229, -0.009521064348518848, -3.2107393741607666], "vanishing_points_image": {"x": [288.7601818944059, 308.65055581576576], "y": [486.50710134833616, 256.41479705710844], "z": [258.41000987435785, 4.437822940150195]}, "camera_uuid": "2d006a1a730dfc7454d6b6a574948a71", "field_of_view_rads": 0.9829522328520357, "room": "856e4980d5eb3351797f528948f684e5"}