{"vanishing_points_gaussian_sphere": {"x": [0.13292745722533747, -0.0009518086670359957, 0.9911253125492596], "y": [0.9909338304604091, -0.019551737606959083, -0.13292055223181287], "z": [0.019504736980219886, 0.9998083934518704, -0.0016557833561386807]}, "nonfixated_points_in_view": [1183, 1217, 706, 1248, 423, 743, 814, 528, 209, 343, 539, 699, 1055], "point_pitch": -0.014497562250818774, "camera_rotation_from_original_to_final": [-0.017504626885056496, -0.032585397362709045, 1.317649245262146], "camera_location": [-4.210936069488525, -6.891334056854248, 1.5098429918289185], "camera_rotation_original": [1.593726634979248, 0.010752296075224876, 0.11999154835939407], "view_id": 9, "point_location": [-7.276926517486572, -6.480151653289795, 1.5149648189544678], "camera_distance": 3.0934437722418093, "bounding_box_ranges": {"x": [-8.094805306087512, -5.932627804609018], "y": [-7.29444967275688, -4.210936069488525], "z": [-0.010038455995369202, 2.4286528038435944]}, "obliqueness_angle": 0.13643072545528412, "resolution": 512, "point_uuid": "757", "point_normal": [0.9998317956924438, 0.0016585792182013392, 0.018272027373313904], "camera_rotation_final": [1.572452425956726, -0.019505973905324936, 1.4374487400054932], "vanishing_points_image": {"x": [317.5045381955388, 256.44039473663685], "y": [472.8700936531193, 260.2789811343229], "z": [260.5486277139135, 22.838375125464854]}, "camera_uuid": "41b233ae6d911bdc4a03358505e283ee", "field_of_view_rads": 1.003252856121736, "room": "ade82d56fe033105b37cc8ef1783cd93"}