{"vanishing_points_gaussian_sphere": {"x": [-0.3515944893178755, 0.049495110091109275, 0.93484306124524], "y": [0.9360861234247041, 0.030470170657244604, 0.3504487669144066], "z": [-0.011139327314161382, 0.9983094724468898, -0.05704482982532789]}, "nonfixated_points_in_view": [896, 387, 899, 1159, 522, 779, 272, 1042, 1045, 669, 925, 804, 553, 939, 1324, 941, 46, 815, 1198, 563, 1331, 694, 1334, 442, 318, 63, 1215, 322, 706, 452, 1474, 1224, 1353, 458, 842, 209, 1363, 852, 859, 861, 1374, 224, 1379, 484, 871, 1004, 1137, 628, 1144, 635], "point_pitch": 0.06171174446610017, "camera_rotation_from_original_to_final": [-0.04691730812191963, -0.02721843309700489, -2.9114601612091064], "camera_location": [-3.8659191131591797, -9.080220222473145, 1.4999077320098877], "camera_rotation_original": [1.5778414011001587, -0.009793577715754509, -3.0118231773376465], "view_id": 1, "point_location": [-7.185127258300781, -0.2260369062423706, 2.04019832611084], "camera_distance": 9.471304920198913, "bounding_box_ranges": {"x": [-9.080220222473145, -5.932705543849683], "y": [-7.250002355138799, -3.522469164329097], "z": [-0.009845735699079372, 2.4285330552369446]}, "obliqueness_angle": 1.466346025466919, "resolution": 512, "point_uuid": "953", "point_normal": [0.33032292127609253, -0.045227136462926865, 0.942783772945404], "camera_rotation_final": [1.6278756856918335, 0.01113955769687891, -5.923888206481934], "vanishing_points_image": {"x": [95.36705398381858, 233.38717303915976], "y": [532.1570687094311, 247.01092004120747], "z": [253.36475271570518, 19.82843847249517]}, "camera_uuid": "0ea84965dc118f5aeb7a085f7794bb81", "field_of_view_rads": 0.9685523983240207, "room": "ade82d56fe033105b37cc8ef1783cd93"}