{"vanishing_points_gaussian_sphere": {"x": [-0.6802918116235216, -0.06886819220550533, 0.7296987208021765], "y": [0.7328502237293021, -0.048212866921574594, 0.6786796512664236], "z": [-0.011558573350502834, 0.9964600802669158, 0.0832688886472789]}, "nonfixated_points_in_view": [132, 905, 523, 140, 1426, 794, 1051, 155, 1179, 286, 162, 549, 168, 175, 691, 1208, 569, 316, 318, 457, 1226, 1229, 1486, 337, 1106, 1361, 600, 1120, 1124, 1259, 882, 1138, 884, 377], "point_pitch": -0.08976976474257903, "camera_rotation_from_original_to_final": [0.040573880076408386, -0.08825360238552094, -1.4209010601043701], "camera_location": [3.5518953800201416, -7.357985973358154, 4.276762962341309], "camera_rotation_original": [1.5831875801086426, -0.0045831575989723206, 2.16766619682312], "view_id": 3, "point_location": [-2.903111457824707, -0.41772887110710144, 3.48478102684021], "camera_distance": 9.511125775600231, "bounding_box_ranges": {"x": [-7.357985973358154, -4.672720072076604], "y": [0.9297514302228822, 3.5518953800201416], "z": [2.772259436122872, 5.213298037607479]}, "obliqueness_angle": 0.947039783000946, "resolution": 512, "point_uuid": "133", "point_normal": [0.8728923201560974, 0.06656689196825027, 0.48335084319114685], "camera_rotation_final": [1.4874253273010254, 0.011558830738067627, 0.7482227087020874], "vanishing_points_image": {"x": [53.80198938255319, 276.46917399393794], "y": [465.40906208731894, 269.77663663826206], "z": [253.723165772969, 59.715013278600196]}, "camera_uuid": "4f0e7099dffb9eae50102f6058915b65", "field_of_view_rads": 1.1916623898990288, "room": "77c77478b552f1977cad320741ba92a5"}