{"vanishing_points_gaussian_sphere": {"x": [0.4348734027077763, -0.07425762042204878, 0.8974246093274997], "y": [0.9004109287458449, 0.022518237053037616, -0.4344572342533476], "z": [0.012053340300731913, 0.9969848217547137, 0.07665495534090816]}, "nonfixated_points_in_view": [522, 526, 527, 528, 1045, 1068, 46, 563, 63, 76, 1100, 1106, 611, 1137, 1138, 1143, 1144, 1145, 121, 634, 635, 636, 1159, 148, 1180, 669, 164, 168, 1198, 689, 692, 186, 190, 1215, 711, 1229, 1234, 729, 224, 736, 1248, 1251, 1254, 1259, 1265, 756, 766, 258, 272, 786, 788, 279, 793, 1317, 297, 809, 1324, 814, 1331, 1334, 823, 826, 318, 322, 1353, 335, 1363, 852, 854, 859, 1371, 1374, 1376, 1379, 871, 368, 893, 387, 399, 925, 941, 430, 436, 953, 442, 1469, 1474, 452, 493, 1006], "point_pitch": -0.07122664054366545, "camera_rotation_from_original_to_final": [-0.03609105199575424, 0.0828101634979248, 2.483130693435669], "camera_location": [-1.854644775390625, -5.243408679962158, 1.4990227222442627], "camera_rotation_original": [1.582518458366394, 0.006183302495628595, -1.3640222549438477], "view_id": 3, "point_location": [-7.074354648590088, -2.716465711593628, 1.0531730651855469], "camera_distance": 5.816321312801055, "bounding_box_ranges": {"x": [-5.980161764682405, 1.5188636178147306], "y": [-7.431035220523107, -1.854644775390625], "z": [-0.03819090405663683, 4.649097109487693]}, "obliqueness_angle": 0.48115620017051697, "resolution": 512, "point_uuid": "779", "point_normal": [0.9996983408927917, 0.02318267896771431, -0.008108853362500668], "camera_rotation_final": [1.4940605163574219, -0.01205363217741251, 1.1208635568618774], "vanishing_points_image": {"x": [406.15711653677164, 281.6403589965001], "y": [396.80885793976415, 252.47853314411503], "z": [258.38584147201703, 58.65655201243413]}, "camera_uuid": "614fa69f38f6a61f05c875e475650ac3", "field_of_view_rads": 1.1839672277033173, "room": "8de55a2e5745f73de25402626a4c3d61"}