{"vanishing_points_gaussian_sphere": {"x": [-0.4997578092955168, -0.03364245681664863, 0.8655115927285353], "y": [0.8660826036691237, -0.03320733829925589, 0.4987967484905957], "z": [0.011960588190284635, 0.9988821040455268, 0.045732773234560334]}, "nonfixated_points_in_view": [1028, 1288, 1420, 270, 15, 528, 276, 149, 404, 1044, 156, 930, 419, 173, 814, 437, 1206, 1461, 321, 1352, 715, 1355, 717, 1233, 725, 603, 348, 991, 1122, 356, 359, 616, 748, 1263, 880, 1393, 764, 1406], "point_pitch": -0.05991475184890227, "camera_rotation_from_original_to_final": [0.027836794033646584, -0.05387122184038162, 0.06063659489154816], "camera_location": [0.30798399448394775, -4.362792491912842, 3.736617088317871], "camera_rotation_original": [1.5856736898422241, -0.011059120297431946, 2.032072067260742], "view_id": 3, "point_location": [-3.4660937786102295, -6.537802696228027, 3.5371975898742676], "camera_distance": 4.360516187714839, "bounding_box_ranges": {"x": [-6.441734760518149, -4.362792491912842], "y": [-7.249017007560416, 0.30798399448394775], "z": [0.416845729273887, 5.456030177057945]}, "obliqueness_angle": 1.4627879858016968, "resolution": 512, "point_uuid": "509", "point_normal": [0.07192854583263397, -0.00014253160043153912, 0.9974097609519958], "camera_rotation_final": [1.525044322013855, -0.011960873380303383, 2.0941567420959473], "vanishing_points_image": {"x": [14.063298604252545, 272.28657897420845], "y": [572.8560816622781, 268.14889555725995], "z": [259.36132741055303, -24.7194548313642]}, "camera_uuid": "73759aa4f227ecebe2f10f72d0e43db4", "field_of_view_rads": 0.8723563199296456, "room": "8de55a2e5745f73de25402626a4c3d61"}