{"vanishing_points_gaussian_sphere": {"x": [-0.078275691205093, 0.10671359366691086, 0.9912038766535664], "y": [0.9969264806049833, 0.011611710355623828, 0.07747748351088089], "z": [-0.003241671625357772, 0.9942219958889014, -0.10729452202122347]}, "nonfixated_points_in_view": [608, 225, 294, 487, 519, 105, 1433, 1323, 142, 495, 112, 887, 1073, 1012, 1429, 982, 247, 1272, 857, 954], "point_pitch": 0.12317080894974275, "camera_rotation_from_original_to_final": [-0.08582444489002228, -0.03706907853484154, 2.9191741943359375], "camera_location": [4.8224005699157715, -9.461613655090332, 4.288321018218994], "camera_rotation_original": [1.5853524208068848, -0.00664387596771121, -2.8390679359436035], "view_id": 1, "point_location": [4.200958728790283, -1.511231541633606, 5.148923397064209], "camera_distance": 8.020935272006632, "bounding_box_ranges": {"x": [-9.461613655090332, -7.250002291977054], "y": [4.185798658024406, 5.589963327976073], "z": [3.6200660537002007, 5.201171860354689]}, "obliqueness_angle": 1.451291561126709, "resolution": 512, "point_uuid": "384", "point_normal": [0.8683555722236633, 0.0012805095175281167, -0.4959406554698944], "camera_rotation_final": [1.6782983541488647, 0.003241677302867174, 0.07835625857114792], "vanishing_points_image": {"x": [209.5801019203652, 192.71554903615782], "y": [566.2218425334103, 252.38668823472327], "z": [255.0797105204743, -26.253154814421308]}, "camera_uuid": "1955ab56dcf3a4b1d94fa400e9c09bfa", "field_of_view_rads": 0.8086771342627052, "room": "b80a98836bb3f1f478d8093ef8f4a998"}