{"vanishing_points_gaussian_sphere": {"x": [0.03017361790117741, 0.02932022190816257, 0.9991145466712062], "y": [0.9994792634036791, 0.010550050695953482, -0.030494236444809666], "z": [-0.011434806897927604, 0.9995143926015118, -0.028986620597064992]}, "nonfixated_points_in_view": [256, 1345, 329, 139, 1196, 621, 270, 1453, 880, 434, 723, 308, 53, 246, 1077, 1267, 697, 444, 348, 349, 1406], "point_pitch": 0.009263233342442945, "camera_rotation_from_original_to_final": [-0.019765160977840424, -0.014130264520645142, -1.0335514545440674], "camera_location": [0.2899336814880371, -8.048778533935547, 4.322153091430664], "camera_rotation_original": [1.5907143354415894, -0.01110281702131033, 2.574305772781372], "view_id": 0, "point_location": [-1.8569422960281372, -7.983253002166748, 4.384438514709473], "camera_distance": 2.1487785117486657, "bounding_box_ranges": {"x": [-8.982094060838962, -6.941726186388973], "y": [-1.932374011193504, 0.2899336814880371], "z": [3.3498739090231773, 5.214019686944779]}, "obliqueness_angle": 0.6105012893676758, "resolution": 512, "point_uuid": "1079", "point_normal": [0.8015593886375427, -0.5978369116783142, -0.00967699009925127], "camera_rotation_final": [1.5997889041900635, 0.01143505610525608, 1.5406161546707153], "vanishing_points_image": {"x": [272.61716920671967, 239.85281174361614], "y": [527.322656190353, 253.13604085389326], "z": [252.89355488531902, -15.53380285879851]}, "camera_uuid": "62e6bdd9a68e459d349568347b61a59b", "field_of_view_rads": 0.8695877847067877, "room": "9be1cd563f04d329bc30a6918cfb1205"}