{"vanishing_points_gaussian_sphere": {"x": [0.22894220444308605, -0.2083043319379627, 0.9508915670677806], "y": [0.9734396870266661, 0.049795344120831204, -0.22346274728758378], "z": [-0.0008017145169746533, 0.9767956434176839, 0.2141719595420143]}, "nonfixated_points_in_view": [1280, 257, 642, 259, 764, 1324, 1288, 1420, 15, 272, 788, 149, 1044, 1305, 27, 412, 156, 31, 164, 292, 1191, 1068, 1069, 46, 1071, 1072, 1197, 1199, 947, 692, 437, 1206, 823, 953, 186, 1082, 828, 455, 76, 718, 1233, 1234, 725, 344, 603, 988, 1371, 991, 993, 1122, 1251, 356, 1380, 870, 359, 871, 106, 748, 1006, 239, 368, 1263, 1265, 1393, 756, 120, 636, 893, 511], "point_pitch": -0.24534670909377532, "camera_rotation_from_original_to_final": [0.11299478262662888, -0.20966647565364838, -0.8217439651489258], "camera_location": [0.3440798223018646, -5.207657814025879, 4.2956719398498535], "camera_rotation_original": [1.591770052909851, -0.020765699446201324, 2.1472725868225098], "view_id": 4, "point_location": [-7.220156192779541, -3.4300360679626465, 2.5919575691223145], "camera_distance": 7.954888573590862, "bounding_box_ranges": {"x": [-6.082686863378082, 1.0534243110313124], "y": [-7.430929123920143, 0.3440798223018646], "z": [-0.03848308642958642, 5.4408674802563795]}, "obliqueness_angle": 0.3177911639213562, "resolution": 512, "point_uuid": "711", "point_normal": [0.9955199956893921, -0.07269652932882309, -0.06045855954289436], "camera_rotation_final": [1.3549522161483765, 0.0008017146028578281, 1.3398053646087646], "vanishing_points_image": {"x": [375.6095412837904, 364.8274031917079], "y": [495.9603758179442, 243.72506437895913], "z": [255.75394032143095, -43.795022988936715]}, "camera_uuid": "65572d2c193d1b3ea0911dbf66b34fb7", "field_of_view_rads": 0.8739124754596639, "room": "8de55a2e5745f73de25402626a4c3d61"}