{"vanishing_points_gaussian_sphere": {"x": [0.6480927470333323, -0.0756305464543892, 0.757796682287406], "y": [0.7614567385160829, 0.0808508376391974, -0.6431537743195557], "z": [-0.012626425117150642, 0.9938526865164931, 0.10998823070088168]}, "nonfixated_points_in_view": [2, 514, 1283, 1411, 400, 403, 790, 1046, 1303, 413, 1184, 1440, 803, 676, 1060, 41, 1454, 559, 432, 177, 565, 1207, 700, 189, 705, 1225, 1101, 1362, 1494, 601, 480, 1125, 102, 1127, 745, 1260, 111, 125], "point_pitch": -0.1031396826121469, "camera_rotation_from_original_to_final": [-0.06619395315647125, 0.10119328647851944, -3.061554431915283], "camera_location": [-1.9361746311187744, -7.597706317901611, 4.284103870391846], "camera_rotation_original": [1.5789034366607666, -0.011993302032351494, -0.7884991765022278], "view_id": 4, "point_location": [-5.238673210144043, -11.488880157470703, 3.719330310821533], "camera_distance": 5.1348514687554685, "bounding_box_ranges": {"x": [-11.991645611833029, -7.597706317901611], "y": [-7.28417902110441, -1.9361746311187744], "z": [2.765309308352724, 5.212396206936306]}, "obliqueness_angle": 0.8798953890800476, "resolution": 512, "point_uuid": "366", "point_normal": [-0.1607571244239807, 0.9854214191436768, -0.05569513514637947], "camera_rotation_final": [1.4605762958526611, 0.012626760639250278, -3.846737861633301], "vanishing_points_image": {"x": [537.5922780714463, 288.8610032520306], "y": [411.488784589929, 239.49033130615473], "z": [252.39427863064046, -27.81397240461499]}, "camera_uuid": "c967c3a72b851ec8965ae56c4998c340", "field_of_view_rads": 0.8857729464655855, "room": "ef914082afe6874a9bab2b30c864407b"}