{"vanishing_points_gaussian_sphere": {"x": [-0.2034613662615993, -0.12211754443954634, 0.9714374801185195], "y": [0.9790129401152601, -0.037242469423988754, 0.2003663184222277], "z": [0.01171048785651595, 0.9918166684479843, 0.12713205993337684]}, "nonfixated_points_in_view": [1026, 526, 18, 23, 1051, 546, 547, 47, 563, 1076, 1096, 1105, 1106, 600, 606, 1120, 1137, 1138, 630, 1145, 121, 1147, 634, 635, 647, 140, 148, 1180, 168, 1203, 1204, 1208, 1209, 186, 704, 1219, 196, 1220, 710, 1229, 719, 1238, 729, 1244, 227, 231, 1255, 1259, 252, 766, 769, 258, 1296, 277, 789, 295, 297, 809, 1324, 305, 1331, 1332, 1334, 826, 318, 839, 336, 337, 347, 364, 884, 374, 385, 914, 1426, 1427, 417, 931, 953, 443, 452, 1477, 1480, 464, 978, 489, 1001, 493], "point_pitch": -0.13369075854751067, "camera_rotation_from_original_to_final": [-0.046362124383449554, 0.13251996040344238, 1.565466046333313], "camera_location": [-1.854644775390625, -5.243408679962158, 1.4990227222442627], "camera_rotation_original": [1.582518458366394, 0.006183302495628595, -1.3640222549438477], "view_id": 4, "point_location": [-3.233218193054199, 1.4403387308120728, 0.6243196725845337], "camera_distance": 6.8802650968148225, "bounding_box_ranges": {"x": [-5.243408679962158, 1.5575615579991302], "y": [-7.241421898713071, 0.3863818143015534], "z": [-0.04026944405740451, 3.9371420596510496]}, "obliqueness_angle": 0.3062569797039032, "resolution": 512, "point_uuid": "371", "point_normal": [0.483907550573349, -0.8719398975372314, 0.07452838867902756], "camera_rotation_final": [1.4433104991912842, -0.0117107555270195, 0.20490619540214539], "vanishing_points_image": {"x": [186.02995654037292, 297.99603122998724], "y": [448.42664213351657, 263.3200700852581], "z": [258.2117127150433, 68.67957718962896]}, "camera_uuid": "614fa69f38f6a61f05c875e475650ac3", "field_of_view_rads": 1.2529559735716955, "room": "8de55a2e5745f73de25402626a4c3d61"}