{"vanishing_points_gaussian_sphere": {"x": [0.7018018910736008, -0.15612515122711274, 0.6950532661888792], "y": [0.7122473146162479, 0.17204801979553738, -0.6805168930352707], "z": [-0.01333673526248067, 0.9726378647979655, 0.23194334535354308]}, "nonfixated_points_in_view": [1027, 527, 528, 1042, 1045, 31, 40, 1069, 46, 1071, 54, 63, 76, 1100, 611, 106, 1135, 624, 1143, 122, 636, 1159, 148, 1186, 164, 173, 1200, 689, 190, 191, 702, 1223, 722, 1234, 729, 1241, 736, 1248, 1252, 1256, 1263, 756, 251, 255, 779, 1295, 786, 279, 281, 793, 1305, 292, 1316, 1317, 809, 811, 828, 1349, 1353, 335, 852, 1374, 352, 1379, 368, 893, 382, 1417, 394, 1420, 399, 925, 417, 1448, 939, 941, 430, 437, 1469, 1474, 1476, 458, 469, 981, 493, 1006], "point_pitch": -0.23740772803756194, "camera_rotation_from_original_to_final": [0.18329301476478577, 0.16788752377033234, -1.579210877418518], "camera_location": [-2.0300116539001465, -0.3511151969432831, 1.4951437711715698], "camera_rotation_original": [1.5840462446212769, -0.0036451206542551517, -2.3237228393554688], "view_id": 7, "point_location": [-6.435690402984619, -4.850902557373047, -0.006462689023464918], "camera_distance": 6.474018420930051, "bounding_box_ranges": {"x": [-6.44158426299477, -0.3511151969432831], "y": [-7.43114779954368, -2.0300116539001465], "z": [-0.025951166427006456, 4.851127074815334]}, "obliqueness_angle": 1.3383235931396484, "resolution": 512, "point_uuid": "1198", "point_normal": [-0.006318928208202124, 0.003952939994633198, 0.9999722838401794], "camera_rotation_final": [1.3367000818252563, 0.013337130658328533, -3.9196040630340576], "vanishing_points_image": {"x": [438.1258106029169, 296.51630536253265], "y": [345.9833215572321, 234.26393729980137], "z": [253.44551650172764, 69.70347941066116]}, "camera_uuid": "6f269c44fb405f239d56a612bcda89ad", "field_of_view_rads": 1.2945901684005305, "room": "8de55a2e5745f73de25402626a4c3d61"}