{"vanishing_points_gaussian_sphere": {"x": [0.4593408882286507, 0.10838284509550421, 0.8816229961215385], "y": [0.8882600563716099, -0.05620799764796848, -0.45588894838009686], "z": [0.0001437220193620165, 0.9925189267159644, -0.12209078365941976]}, "nonfixated_points_in_view": [0, 1284, 774, 1286, 1032, 1418, 267, 528, 912, 530, 658, 1176, 26, 410, 802, 293, 805, 167, 296, 1061, 1066, 171, 1194, 685, 814, 1320, 944, 1329, 50, 818, 693, 55, 184, 313, 568, 827, 1336, 701, 62, 829, 1474, 708, 197, 71, 327, 328, 458, 1100, 1231, 1232, 722, 1365, 88, 984, 1368, 223, 1248, 99, 740, 613, 617, 242, 115, 627, 885, 119, 1273, 254], "point_pitch": 0.08947678009537263, "camera_rotation_from_original_to_final": [0.003239530837163329, 0.09182047098875046, -0.3264438509941101], "camera_location": [3.307429552078247, -10.623159408569336, 1.5089129209518433], "camera_rotation_original": [1.6019235849380493, -0.010716056451201439, 1.4206318855285645], "view_id": 2, "point_location": [-3.224943161010742, -7.245256423950195, 2.4135427474975586], "camera_distance": 7.409485416080345, "bounding_box_ranges": {"x": [-10.833589234709173, -5.931160829022735], "y": [-3.5496141955386995, 3.307429552078247], "z": [-0.0947082706356639, 2.426381780611128]}, "obliqueness_angle": 1.5354379415512085, "resolution": 512, "point_uuid": "465", "point_normal": [-0.08184830844402313, 0.030954960733652115, -0.9961640238761902], "camera_rotation_final": [1.693192481994629, -0.00014372201985679567, 1.093543291091919], "vanishing_points_image": {"x": [446.16453123137296, 211.13011478122638], "y": [423.4611418244596, 266.59673391624113], "z": [256.0313575404561, 39.450354120211216]}, "camera_uuid": "6fc923253b31e08cd2b4b232614b75a1", "field_of_view_rads": 1.0101548784112544, "room": "856e4980d5eb3351797f528948f684e5"}