{"vanishing_points_gaussian_sphere": {"x": [0.0004947810234605793, -0.017410505072718165, 0.9998483032464733], "y": [0.9999494926578003, -0.010028158665966257, -0.0006694528945406826], "z": [0.010038292939869126, 0.9997981347986618, 0.01740466397177242]}, "nonfixated_points_in_view": [3, 1029, 1030, 520, 12, 529, 530, 544, 35, 1066, 43, 1070, 1078, 1080, 1084, 62, 65, 66, 1091, 89, 1113, 99, 617, 1130, 1133, 116, 117, 643, 644, 136, 137, 1160, 660, 662, 673, 1188, 682, 172, 684, 174, 687, 181, 695, 1221, 721, 1236, 751, 241, 1269, 758, 1271, 248, 771, 774, 775, 1286, 784, 285, 797, 287, 1319, 296, 1330, 821, 314, 317, 1351, 847, 848, 1360, 1370, 862, 863, 357, 362, 363, 1395, 890, 1403, 894, 388, 1414, 1422, 1428, 917, 926, 416, 1442, 422, 934, 958, 973, 980, 996, 1002, 1013, 1021], "point_pitch": -0.024618669352259204, "camera_rotation_from_original_to_final": [-0.007090095896273851, 0.0040766517631709576, -1.8399168252944946], "camera_location": [3.2709619998931885, -3.7192935943603516, 1.5157769918441772], "camera_rotation_original": [1.5592020750045776, -0.004284437280148268, -1.3022267818450928], "view_id": 9, "point_location": [3.265641927719116, -11.66639232635498, 1.3774381875991821], "camera_distance": 7.9483045756642925, "bounding_box_ranges": {"x": [-12.047404161787242, -3.7192935943603516], "y": [-1.6272819167165151, 6.390467144475146], "z": [-0.03236803713622552, 2.4277048254425266]}, "obliqueness_angle": 0.052981898188591, "resolution": 512, "point_uuid": "607", "point_normal": [0.01950300671160221, 0.9975712895393372, 0.06686665862798691], "camera_rotation_final": [1.5533899068832397, -0.010038461536169052, -3.142087459564209], "vanishing_points_image": {"x": [256.1865761708262, 262.5652990203582], "y": [444.5001674342419, 257.89040506692737], "z": [257.9095665659873, 65.81018362542017]}, "camera_uuid": "2d006a1a730dfc7454d6b6a574948a71", "field_of_view_rads": 1.192687968149303, "room": "856e4980d5eb3351797f528948f684e5"}