{"vanishing_points_gaussian_sphere": {"x": [0.17071986693203464, -0.03484024012387095, 0.9847034501324851], "y": [0.9853195327518391, 0.006423308738617478, -0.17059941231594494], "z": [-0.0003813297861039833, 0.9993722523529255, 0.03542535553293455]}, "nonfixated_points_in_view": [1026, 517, 13, 910, 16, 1296, 915, 1427, 661, 664, 1050, 290, 547, 424, 936, 557, 1199, 305, 178, 690, 1332, 1466, 64, 710, 455, 1096, 1354, 1227, 844, 1356, 467, 341, 214, 87, 735, 1375, 867, 618, 364, 240, 114, 500, 759, 1020, 1407], "point_pitch": -0.03332142432662444, "camera_rotation_from_original_to_final": [0.024660728871822357, 0.026520587503910065, 2.0818727016448975], "camera_location": [-2.9783132076263428, -7.1683149337768555, 4.279703140258789], "camera_rotation_original": [1.5714958906173706, -0.0020283132325857878, -2.2531356811523438], "view_id": 3, "point_location": [-2.0664305686950684, -1.9049081802368164, 4.090347766876221], "camera_distance": 5.345169463051695, "bounding_box_ranges": {"x": [-7.1683149337768555, -5.957575561825884], "y": [-3.332260837074787, -2.1142206069765503], "z": [3.5220493158467385, 4.846532648016162]}, "obliqueness_angle": 1.2896430492401123, "resolution": 512, "point_uuid": "354", "point_normal": [-0.018304307013750076, -0.3127673268318176, -0.9496533870697021], "camera_rotation_final": [1.5353635549545288, 0.000381329795345664, -0.17156022787094116], "vanishing_points_image": {"x": [338.45107055577927, 272.82648392513795], "y": [478.58841496786397, 254.54894370460207], "z": [255.90482183203628, 6.561263350155508]}, "camera_uuid": "e17726a518b6f85be09164e3bce92661", "field_of_view_rads": 0.9623061285304514, "room": "ef914082afe6874a9bab2b30c864407b"}