{"vanishing_points_gaussian_sphere": {"x": [-0.410644571185031, 0.10582546471528116, 0.9056334839072906], "y": [0.9116822824088736, 0.06330651326523294, 0.4059897798220366], "z": [-0.014368441043094307, 0.992367500675024, -0.12247567720162833]}, "nonfixated_points_in_view": [908, 141, 916, 795, 1182, 1058, 1447, 552, 1192, 946, 820, 1339, 1471, 1346, 967, 712, 972, 462, 79, 210, 214, 599, 471, 602, 1242, 860, 605, 994, 228, 999, 489, 1002, 1257, 1258, 1386, 1140, 373, 1018], "point_pitch": 0.09885580936935945, "camera_rotation_from_original_to_final": [0.07728137820959091, 0.058329712599515915, -0.176642507314682], "camera_location": [5.059991836547852, -7.579131126403809, 1.5203824043273926], "camera_rotation_original": [1.596900224685669, 0.009909546934068203, 0.6009308099746704], "view_id": 6, "point_location": [3.0857391357421875, -3.1752045154571533, 2.1159586906433105], "camera_distance": 4.86281361610464, "bounding_box_ranges": {"x": [-7.579131126403809, -3.1231678535315552], "y": [-0.5169953268470913, 5.709356026117971], "z": [-0.016332339445174093, 2.4277336301001244]}, "obliqueness_angle": 0.4362081289291382, "resolution": 512, "point_uuid": "1009", "point_normal": [0.009023251011967659, -0.999719500541687, 0.02190203219652176], "camera_rotation_final": [1.6935930252075195, 0.014368935488164425, 0.4232073724269867], "vanishing_points_image": {"x": [125.17852305706732, 222.28655396009788], "y": [455.4013857049953, 242.15372184717114], "z": [253.6398332537908, 92.9932570912]}, "camera_uuid": "e2c81e729be96548bbabfecfc7939d49", "field_of_view_rads": 1.2667338364804115, "room": "856e4980d5eb3351797f528948f684e5"}