{"vanishing_points_gaussian_sphere": {"x": [0.5988459839984019, 0.2815485566220298, 0.7497425542898292], "y": [0.8008182270153406, -0.20048359749175418, -0.5643549365574565], "z": [-0.008582233333587258, 0.9383691903514395, -0.3455280131482712]}, "nonfixated_points_in_view": [128, 1028, 261, 1400, 521, 653, 1037, 1294, 1295, 148, 1172, 534, 1300, 1431, 1307, 1436, 1053, 1309, 1310, 32, 161, 1313, 675, 293, 38, 550, 424, 1452, 45, 302, 813, 435, 437, 1461, 951, 440, 184, 957, 1342, 831, 578, 1218, 325, 709, 1095, 458, 843, 204, 461, 589, 590, 1492, 213, 981, 1496, 729, 1114, 475, 1373, 352, 1121, 483, 356, 739, 489, 490, 1131, 1390, 624, 370, 626, 118, 502, 888, 762, 507, 381, 1022], "point_pitch": 0.34737308422592683, "camera_rotation_from_original_to_final": [0.2403426170349121, -0.2478303164243698, -1.3925191164016724], "camera_location": [-6.425679683685303, -2.262380838394165, 1.4977667331695557], "camera_rotation_original": [1.5803217887878418, -0.003540406469255686, -0.8513162136077881], "view_id": 0, "point_location": [-3.1642935276031494, -4.717329025268555, 3.0008151531219482], "camera_distance": 4.350007441941834, "bounding_box_ranges": {"x": [-6.4418926000174, -1.886350828418046], "y": [-6.425679683685303, 1.4900196151157887], "z": [-0.016907495087351787, 5.466188358216978]}, "obliqueness_angle": 1.173154592514038, "resolution": 512, "point_uuid": "173", "point_normal": [0.2688957154750824, 0.9513672590255737, -0.1503177434206009], "camera_rotation_final": [1.9236112833023071, 0.008582338690757751, -2.212883234024048], "vanishing_points_image": {"x": [427.65807762431035, 175.29463454869574], "y": [367.91914035727535, 284.0187827025836], "z": [254.68868132397597, 112.62228041531792]}, "camera_uuid": "928222235a04d0c536e00fac4a58b265", "field_of_view_rads": 1.240541332807735, "room": "8de55a2e5745f73de25402626a4c3d61"}