{"vanishing_points_gaussian_sphere": {"x": [0.6093143846047301, 0.1673232489815734, 0.7750734875248989], "y": [0.7928799047787495, -0.11772116231702122, -0.5978989751962874], "z": [-0.008799847260057638, 0.9788486391127998, -0.20439643929193024]}, "nonfixated_points_in_view": [672, 1136], "point_pitch": 0.19310458103683992, "camera_rotation_from_original_to_final": [0.18791471421718597, 0.034002937376499176, -0.7726616859436035], "camera_location": [-2.1478989124298096, -7.17814826965332, 1.5089408159255981], "camera_rotation_original": [1.586061954498291, -0.002639547921717167, 0.12005194276571274], "view_id": 7, "point_location": [-1.6745479106903076, -6.564529895782471, 1.6707594394683838], "camera_distance": 0.791690571428248, "bounding_box_ranges": {"x": [-7.17814826965332, -5.961192614683509], "y": [-2.167741223687846, 1.2394050985717202], "z": [0.4328254790685322, 2.425271386918588]}, "obliqueness_angle": 0.7677496671676636, "resolution": 512, "point_uuid": "708", "point_normal": [0.016109880059957504, -0.9853967428207397, 0.16951079666614532], "camera_rotation_final": [1.7766515016555786, 0.00879996083676815, -0.655225396156311], "vanishing_points_image": {"x": [443.48028254911634, 204.51621627733024], "y": [371.029532673816, 273.0787659083428], "z": [254.49543956780784, 88.64062568460929]}, "camera_uuid": "3dfb7fb5350fdc03281337b3a75a5e86", "field_of_view_rads": 1.1932975272357051, "room": "856e4980d5eb3351797f528948f684e5"}