{"vanishing_points_gaussian_sphere": {"x": [0.11976267791237698, 0.08054702754899336, 0.9895297253404155], "y": [0.992778699743052, -0.016624713730358537, -0.11880266087036444], "z": [0.006881447213445756, 0.9966121588895077, -0.08195639351413178]}, "nonfixated_points_in_view": [193, 806, 1064, 170, 1483, 334, 591, 208, 1170, 1366, 1465, 1438, 383], "point_pitch": 0.0920277396824698, "camera_rotation_from_original_to_final": [-0.07078758627176285, -0.04144161567091942, 0.9862121343612671], "camera_location": [3.8354318141937256, -5.580057144165039, 1.5235874652862549], "camera_rotation_original": [1.571001648902893, -0.012118679471313953, -2.674816608428955], "view_id": 5, "point_location": [6.34298849105835, -5.881113529205322, 1.7312721014022827], "camera_distance": 2.5340892297847657, "bounding_box_ranges": {"x": [-7.207495138345373, -4.661695484896551], "y": [3.8354318141937256, 6.494585430295283], "z": [0.5122045050742525, 2.427733086040977]}, "obliqueness_angle": 0.5001292824745178, "resolution": 512, "point_uuid": "623", "point_normal": [-0.811630368232727, 0.5803937911987305, -0.06632749736309052], "camera_rotation_final": [1.6528466939926147, -0.006881501525640488, -1.690850019454956], "vanishing_points_image": {"x": [319.47956702221, 213.3064787556182], "y": [506.9562064927159, 260.20242204317833], "z": [257.7702889299811, -0.38378347499277843]}, "camera_uuid": "c83171f93afe09cc67e6fc1972ae2a82", "field_of_view_rads": 0.8917435589513119, "room": "856e4980d5eb3351797f528948f684e5"}