{"vanishing_points_gaussian_sphere": {"x": [-0.5236189757599617, -0.06319909692145204, 0.8496052273688066], "y": [0.8519335774446662, -0.03218449472043538, 0.5226598682909597], "z": [-0.005687516718368065, 0.9974818456733452, 0.07069384489243109]}, "nonfixated_points_in_view": [1282, 5, 921, 1433, 289, 418, 294, 1323, 1073, 1205, 1214, 1093, 218, 737, 995, 742, 487, 876, 1394, 1142, 247, 1272, 1274], "point_pitch": -0.0651448210093637, "camera_rotation_from_original_to_final": [0.016599319875240326, 0.06852155923843384, 2.1668224334716797], "camera_location": [7.131393909454346, -2.9630346298217773, 4.278573989868164], "camera_rotation_original": [1.5692344903945923, -0.007833980023860931, -1.6152243614196777], "view_id": 3, "point_location": [5.380288600921631, -0.11654052883386612, 4.041723251342773], "camera_distance": 3.350372750736185, "bounding_box_ranges": {"x": [-2.9630346298217773, -0.07780759298892859], "y": [4.177734447394067, 7.131393909454346], "z": [2.763183802387616, 5.194063890049527]}, "obliqueness_angle": 0.5690018534660339, "resolution": 512, "point_uuid": "800", "point_normal": [-0.018735060468316078, -0.9978021383285522, 0.06355992704629898], "camera_rotation_final": [1.5000423192977905, 0.005687547381967306, 0.5511032342910767], "vanishing_points_image": {"x": [53.287209744782714, 280.46677044116603], "y": [512.8253651999553, 265.70239327242473], "z": [254.68709225354436, 25.74104745855444]}, "camera_uuid": "04fc9afa35a5796af985c221dbfe1e92", "field_of_view_rads": 1.0433888774151527, "room": "5cd6a063c51df65aa0d61bbfd9882874"}