{"vanishing_points_gaussian_sphere": {"x": [-0.07199345575209344, 0.17338896061288506, 0.9822185147239156], "y": [0.9971684790564442, -0.008937293142476757, 0.07466692150841149], "z": [0.021724794708563092, 0.9848128721380875, -0.1722545795211319]}, "nonfixated_points_in_view": [775, 1160, 12, 529, 917, 537, 285, 926, 287, 1439, 1443, 1188, 43, 1070, 821, 1078, 1080, 1347, 973, 848, 1113, 607, 362, 363, 241, 894], "point_pitch": 0.190697387852941, "camera_rotation_from_original_to_final": [0.13932612538337708, 0.05685720965266228, 2.6175734996795654], "camera_location": [5.059991836547852, -7.579131126403809, 1.5203824043273926], "camera_rotation_original": [1.596900224685669, 0.009909546934068203, 0.6009308099746704], "view_id": 2, "point_location": [5.353135585784912, -11.435240745544434, 2.1966402530670166], "camera_distance": 3.9259188945799743, "bounding_box_ranges": {"x": [-11.703388560877992, -7.579131126403809], "y": [2.8881974125663024, 6.493273774987321], "z": [-0.02940489199509344, 2.422703311658214]}, "obliqueness_angle": 0.36162859201431274, "resolution": 512, "point_uuid": "1395", "point_normal": [0.24001352488994598, 0.970768392086029, 0.00152719730976969], "camera_rotation_final": [1.7439556121826172, -0.02172650396823883, 3.21366548538208], "vanishing_points_image": {"x": [227.69900045399967, 187.8399034422787], "y": [463.21728036246805, 257.85722033706736], "z": [260.0013658359831, 74.61294275630011]}, "camera_uuid": "e2c81e729be96548bbabfecfc7939d49", "field_of_view_rads": 1.138410386538889, "room": "856e4980d5eb3351797f528948f684e5"}