{"vanishing_points_gaussian_sphere": {"x": [-0.10238459934132137, -0.17667079509430758, 0.978930448999551], "y": [0.9946478488804773, -0.03192775981590789, 0.0982663465820159], "z": [0.01389426267047899, 0.9837520258245382, 0.17899413719717427]}, "nonfixated_points_in_view": [897, 898, 1163, 271, 143, 273, 1041, 1171, 1297, 663, 157, 1437, 1445, 1449, 1322, 696, 961, 1473, 1222, 78, 593, 595, 345, 479, 992, 496, 1397, 503, 504], "point_pitch": -0.17068903048964934, "camera_rotation_from_original_to_final": [-0.17099879682064056, 0.06259717792272568, -2.5228495597839355], "camera_location": [3.2557625770568848, -1.4835596084594727, 4.28309440612793], "camera_rotation_original": [1.5702217817306519, 0.01670633628964424, -0.5212826728820801], "view_id": 1, "point_location": [4.052936553955078, -9.425040245056152, 2.831019878387451], "camera_distance": 8.11240547900982, "bounding_box_ranges": {"x": [-4.782202109757315, -1.4835596084594727], "y": [2.420684145108849, 4.085927644129361], "z": [2.7935148470183933, 5.2223524307772005]}, "obliqueness_angle": 1.4337327480316162, "resolution": 512, "point_uuid": "1388", "point_normal": [-0.9751929044723511, 0.0012108864029869437, 0.22135376930236816], "camera_rotation_final": [1.3908147811889648, -0.013894709758460522, -3.039018392562866], "vanishing_points_image": {"x": [208.15182097550604, 338.5649158804729], "y": [505.5776898373424, 264.0113344089616], "z": [259.64091269817044, -1.786636658710737]}, "camera_uuid": "3ea7b8e6b9055350134bfd13c0ae414e", "field_of_view_rads": 0.9848085260269561, "room": "b882b325a4c32027bb7a3589209866b9"}