{"vanishing_points_gaussian_sphere": {"x": [0.05505533825989252, -0.19102426230423666, 0.980040122107361], "y": [0.9984815328121218, 0.012381974579173423, -0.05367788500561818], "z": [-0.001881053493253504, 0.9815072174551969, 0.19141589202862086]}, "nonfixated_points_in_view": [0, 521, 522, 528, 530, 535, 1048, 26, 29, 36, 37, 48, 50, 57, 1084, 63, 66, 1091, 1100, 79, 594, 85, 1109, 1133, 625, 115, 1143, 631, 639, 1152, 644, 138, 141, 658, 1170, 1176, 677, 678, 1198, 688, 689, 192, 1218, 197, 200, 712, 208, 221, 222, 223, 224, 1248, 1252, 229, 1258, 760, 248, 773, 774, 777, 272, 786, 1304, 1308, 797, 805, 1317, 299, 814, 1329, 818, 1336, 315, 829, 319, 322, 1346, 841, 852, 1365, 1368, 1383, 1386, 367, 373, 392, 401, 402, 920, 410, 1442, 436, 948, 958, 1472, 1474, 966, 967, 1478, 1490, 981, 994, 997, 1002, 1018, 1019, 1021], "point_pitch": -0.19696538051101165, "camera_rotation_from_original_to_final": [0.19388316571712494, 0.007480068132281303, -1.6972033977508545], "camera_location": [6.898015022277832, -5.4319539070129395, 1.5056571960449219], "camera_rotation_original": [1.5721105337142944, -0.004563433583825827, -3.0698022842407227], "view_id": 0, "point_location": [-0.8597803711891174, -5.007051944732666, -0.009552179835736752], "camera_distance": 7.915793628718715, "bounding_box_ranges": {"x": [-6.106875221552741, -4.675508401750836], "y": [4.192418975179889, 6.898015022277832], "z": [-0.0051770571569451085, 2.4291975924425504]}, "obliqueness_angle": 1.2498753070831299, "resolution": 512, "point_uuid": "488", "point_normal": [0.12370795756578445, -0.09583553671836853, 0.9876801371574402], "camera_rotation_final": [1.3781914710998535, 0.0018810546025633812, -4.767472267150879], "vanishing_points_image": {"x": [275.11803964078024, 322.3334298636698], "y": [428.2006241367708, 253.86457367461347], "z": [255.63162559571094, 63.78742452981853]}, "camera_uuid": "7aee671bd52588b571fedb6abd1f939e", "field_of_view_rads": 1.2517179584837979, "room": "8efc299ca974ee46c0bc622cd51b4dc7"}