{"vanishing_points_gaussian_sphere": {"x": [0.5706968221327999, 0.16337035638204148, 0.8047454652640972], "y": [0.8211586872229196, -0.11129225356945549, -0.5597431953081373], "z": [-0.001883508920871705, 0.9802673925776767, -0.1976671228179037]}, "nonfixated_points_in_view": [1282, 645, 1158, 390, 1429, 280, 1049, 1214, 1093, 202, 1235, 982, 346, 218, 737, 995, 614, 742, 1129, 107, 876, 238, 497, 1394, 755, 1396, 1142, 1274, 637], "point_pitch": 0.21483583847549959, "camera_rotation_from_original_to_final": [-0.1845816820859909, 0.020645061507821083, 2.700225353240967], "camera_location": [3.9411685466766357, -6.047142028808594, 4.286668300628662], "camera_rotation_original": [1.584341049194336, -0.008459939621388912, 2.9743051528930664], "view_id": 1, "point_location": [6.500579833984375, -2.367462635040283, 5.19049596786499], "camera_distance": 4.572475332399033, "bounding_box_ranges": {"x": [-6.047142028808594, -4.686158902142286], "y": [3.9411685466766357, 5.471452751711775], "z": [3.882736387694027, 5.213270705149104]}, "obliqueness_angle": 1.3641902208328247, "resolution": 512, "point_uuid": "326", "point_normal": [-0.006002903450280428, -0.005117685999721289, -0.9999688863754272], "camera_rotation_final": [1.7697741985321045, 0.001883510034531355, 5.675829887390137], "vanishing_points_image": {"x": [530.2312643532099, 177.49726851281366], "y": [440.2479253697328, 280.97125969554264], "z": [255.50775911584114, -0.1855071072446459]}, "camera_uuid": "6d257e4888f9878e655953370ee5e983", "field_of_view_rads": 0.8385881170981988, "room": "77c77478b552f1977cad320741ba92a5"}