{"vanishing_points_gaussian_sphere": {"x": [0.5838680677645994, 0.22649291706946437, 0.7796146727468627], "y": [0.8118066351356337, -0.15312273991376144, -0.5634921593696427], "z": [-0.008250248153431764, 0.9619014424766538, -0.2732719311724852]}, "nonfixated_points_in_view": [516, 1028, 13, 20, 22, 32, 1059, 548, 38, 39, 40, 45, 557, 64, 578, 67, 1095, 589, 590, 87, 1112, 1114, 92, 1126, 615, 109, 118, 1148, 1150, 128, 647, 653, 148, 149, 661, 1172, 668, 160, 675, 1189, 681, 173, 179, 691, 1211, 1213, 709, 204, 213, 1240, 729, 1244, 735, 1250, 739, 236, 762, 261, 1285, 263, 1294, 1295, 276, 1300, 1306, 1309, 1313, 293, 300, 813, 302, 1342, 324, 843, 332, 844, 340, 1369, 1373, 352, 1377, 356, 1390, 370, 888, 1400, 1405, 1415, 907, 919, 1431, 1436, 414, 931, 424, 1455, 945, 435, 1461, 951, 440, 445, 957, 450, 1479, 461, 1485, 981, 471, 475, 991, 483, 489, 490, 502, 1014, 1022], "point_pitch": 0.25883956352737947, "camera_rotation_from_original_to_final": [0.21936944127082825, -0.15537749230861664, -1.4927887916564941], "camera_location": [-6.215150356292725, 0.12702560424804688, 1.4902317523956299], "camera_rotation_original": [1.5806941986083984, -0.017110392451286316, -0.7174729108810425], "view_id": 1, "point_location": [3.894984006881714, -7.180408000946045, 5.034054279327393], "camera_distance": 12.96811771919715, "bounding_box_ranges": {"x": [-6.44188912761072, 0.12702560424804688], "y": [-6.215150356292725, 1.4911848429852963], "z": [0.24626172640982436, 5.466682343987655]}, "obliqueness_angle": 0.9762168526649475, "resolution": 512, "point_uuid": "271", "point_normal": [0.0063471002504229546, 0.9999619126319885, -0.005994070321321487], "camera_rotation_final": [1.8475987911224365, 0.0082503417506814, -2.194305896759033], "vanishing_points_image": {"x": [480.8957643420227, 168.75889106693165], "y": [404.86209705688196, 284.0783270105321], "z": [254.29399951008946, 57.096366849495745]}, "camera_uuid": "7d18db1fca787c6dcd4baad30e113130", "field_of_view_rads": 0.9973734491882535, "room": "8de55a2e5745f73de25402626a4c3d61"}