{"vanishing_points_gaussian_sphere": {"x": [0.47837773672869294, 0.10469641283443014, 0.8718907053879724], "y": [0.8781001109688604, -0.04601393546980288, -0.4762592916249046], "z": [-0.009743516757751189, 0.9934391671774289, -0.11394597403597914]}, "nonfixated_points_in_view": [1408, 770, 898, 4, 1282, 390, 519, 1158, 1274, 143, 1429, 280, 1049, 289, 817, 950, 952, 187, 1214, 1093, 326, 838, 202, 1235, 982, 857, 218, 346, 90, 730, 608, 225, 226, 737, 995, 614, 742, 105, 1129, 107, 876, 365, 238, 497, 1394, 755, 1011, 1396, 1142, 887, 506, 637], "point_pitch": 0.12312193314102693, "camera_rotation_from_original_to_final": [-0.06920542567968369, 0.07609060406684875, -2.6693966388702393], "camera_location": [3.5518953800201416, -7.357985973358154, 4.276762962341309], "camera_rotation_original": [1.5831875801086426, -0.0045831575989723206, 2.16766619682312], "view_id": 2, "point_location": [7.365187644958496, -0.3769690692424774, 5.18910026550293], "camera_distance": 8.006756972551534, "bounding_box_ranges": {"x": [-7.357985973358154, -4.671940559271779], "y": [3.530105533517899, 5.4787542393418125], "z": [3.078716846253075, 5.212917280820387]}, "obliqueness_angle": 1.429823875427246, "resolution": 512, "point_uuid": "645", "point_normal": [-0.04995543882250786, -0.0033389932941645384, -0.9987459778785706], "camera_rotation_final": [1.6849957704544067, 0.00974367093294859, -0.4988322854042053], "vanishing_points_image": {"x": [460.04762516406765, 211.34270773520942], "y": [426.6316836687331, 264.94138969276975], "z": [253.78214262263316, 29.869492846426464]}, "camera_uuid": "4f0e7099dffb9eae50102f6058915b65", "field_of_view_rads": 0.9778690211473879, "room": "77c77478b552f1977cad320741ba92a5"}