{"vanishing_points_gaussian_sphere": {"x": [0.5187872210791398, 0.13699068630968841, 0.8438562502638612], "y": [0.8549025219713515, -0.08171819928854566, -0.512312222996934], "z": [-0.0012235898032450366, 0.9871958710253189, -0.15950804073323485]}, "nonfixated_points_in_view": [1027, 1028, 528, 1043, 20, 1044, 1045, 31, 1069, 1071, 1072, 63, 1100, 1107, 87, 603, 611, 106, 1135, 122, 1148, 128, 642, 1159, 1172, 148, 668, 1186, 164, 683, 173, 1198, 689, 1206, 190, 191, 702, 709, 199, 1233, 1234, 725, 729, 1241, 1248, 233, 748, 1263, 756, 249, 1277, 255, 1280, 1288, 272, 786, 1300, 276, 281, 793, 1305, 286, 292, 1316, 1317, 809, 811, 813, 814, 828, 1342, 843, 339, 852, 1374, 352, 1380, 359, 1405, 394, 1420, 401, 1431, 1436, 925, 414, 417, 424, 941, 430, 945, 1461, 1469, 1474, 458, 1485, 475, 993, 1006], "point_pitch": 0.16029043594864412, "camera_rotation_from_original_to_final": [0.040901366621255875, -0.15397654473781586, -2.3643226623535156], "camera_location": [0.1851605325937271, -0.11082234233617783, 1.8844544887542725], "camera_rotation_original": [1.5717267990112305, -0.0008006416610442102, -1.3258916139602661], "view_id": 0, "point_location": [-2.6126046180725098, -4.71917200088501, 2.7555384635925293], "camera_distance": 5.4610589249936226, "bounding_box_ranges": {"x": [-6.134030172414418, -0.11082234233617783], "y": [-7.252166208275994, 0.8101899882937285], "z": [-0.02364813614197614, 5.476577038060669]}, "obliqueness_angle": 0.6843342781066895, "resolution": 512, "point_uuid": "502", "point_normal": [0.03445916995406151, 0.9537429213523865, 0.29864194989204407], "camera_rotation_final": [1.7309887409210205, 0.0012235901085659862, -3.6870248317718506], "vanishing_points_image": {"x": [422.75218019370493, 211.96750521176054], "y": [382.45531086520737, 268.08757727202527], "z": [255.78944036926868, 86.11986736788806]}, "camera_uuid": "a5d931f6e602ca2a792cef637b435332", "field_of_view_rads": 1.2064526032198646, "room": "8de55a2e5745f73de25402626a4c3d61"}