{"vanishing_points_gaussian_sphere": {"x": [-0.15847470521705068, -0.3148470780958096, 0.9358189382679216], "y": [0.9872962119577172, -0.06155742256100635, 0.1464816492997949], "z": [0.011487282546855253, 0.9471441290227042, 0.3206026219442253]}, "nonfixated_points_in_view": [3, 771, 775, 136, 1160, 12, 1164, 529, 917, 537, 1178, 926, 287, 1439, 35, 1188, 934, 1062, 174, 1070, 181, 821, 1078, 1347, 973, 1113, 1370, 862, 351, 607, 486, 362, 363, 1130, 1395, 117, 1271, 894], "point_pitch": -0.33025328715774016, "camera_rotation_from_original_to_final": [0.2937129735946655, 0.1448764055967331, -0.29004210233688354], "camera_location": [3.8354318141937256, -5.580057144165039, 1.5235874652862549], "camera_rotation_original": [1.571001648902893, -0.012118679471313953, -2.674816608428955], "view_id": 0, "point_location": [4.335230827331543, -8.773098945617676, 0.4296810030937195], "camera_distance": 3.412029584225744, "bounding_box_ranges": {"x": [-11.70467312773479, -5.580057144165039], "y": [2.0453503667494077, 6.490069253903222], "z": [-0.030765706273566007, 2.2997962621801626]}, "obliqueness_angle": 1.2555952072143555, "resolution": 512, "point_uuid": "929", "point_normal": [0.0003863663587253541, -0.011239618062973022, 0.9999368190765381], "camera_rotation_final": [1.244408369064331, -0.011487535201013088, -2.982436418533325], "vanishing_points_image": {"x": [177.57469590335722, 411.81021469504924], "y": [536.5190537681959, 273.4902220023529], "z": [259.6022646576325, -41.01226619490003]}, "camera_uuid": "c83171f93afe09cc67e6fc1972ae2a82", "field_of_view_rads": 0.9049364389694879, "room": "856e4980d5eb3351797f528948f684e5"}