{"vanishing_points_gaussian_sphere": {"x": [-0.20384566552874392, -0.13319419599990204, 0.9699001241349973], "y": [0.9786285790431785, -0.00032435488622965716, 0.20563559777878265], "z": [-0.027074876270686266, 0.9910899055816519, 0.13041376510583372]}, "nonfixated_points_in_view": [133, 523, 1166, 1296, 1426, 1427, 23, 1179, 288, 547, 557, 178, 1076, 1332, 1462, 1208, 569, 1466, 443, 64, 580, 839, 1096, 1227, 336, 337, 720, 467, 1239, 600, 735, 1120, 867, 1255, 618, 1259, 114, 1138, 884], "point_pitch": -0.1425754268977304, "camera_rotation_from_original_to_final": [0.04302007704973221, -0.15327738225460052, -1.9447355270385742], "camera_location": [0.3440798223018646, -5.207657814025879, 4.2956719398498535], "camera_rotation_original": [1.591770052909851, -0.020765699446201324, 2.1472725868225098], "view_id": 1, "point_location": [-0.6096024513244629, -0.7095233798027039, 3.690847873687744], "camera_distance": 4.637729772366225, "bounding_box_ranges": {"x": [-5.207657814025879, 1.557385972128869], "y": [-6.345083839965351, 1.4791388978526205], "z": [-0.030926730792722235, 4.844912630252683]}, "obliqueness_angle": 1.3948800563812256, "resolution": 512, "point_uuid": "1081", "point_normal": [0.014156622812151909, -0.30546045303344727, -0.9520995616912842], "camera_rotation_final": [1.4399617910385132, 0.027078185230493546, 0.20536082983016968], "vanishing_points_image": {"x": [173.65366340896904, 309.805677286933], "y": [482.94958149725346, 256.07521975881633], "z": [249.973805906218, 35.408035859078225]}, "camera_uuid": "65572d2c193d1b3ea0911dbf66b34fb7", "field_of_view_rads": 1.1030452184658521, "room": "8de55a2e5745f73de25402626a4c3d61"}