{"vanishing_points_gaussian_sphere": {"x": [0.2869498475320066, 0.31213766767663437, 0.905665424656782], "y": [0.9579252971765925, -0.0873416982351538, -0.2734054732051582], "z": [-0.006237790513899534, 0.9460134799075489, -0.32406725506091233]}, "nonfixated_points_in_view": [1378, 12, 1070, 821, 894, 415], "point_pitch": 0.3623557845738272, "camera_rotation_from_original_to_final": [0.02904425375163555, 0.29801109433174133, 3.005744695663452], "camera_location": [3.307429552078247, -10.623159408569336, 1.5089129209518433], "camera_rotation_original": [1.6019235849380493, -0.010716056451201439, 1.4206318855285645], "view_id": 5, "point_location": [5.806436538696289, -11.377568244934082, 2.4031131267547607], "camera_distance": 2.759304766770996, "bounding_box_ranges": {"x": [-11.690769998872975, -10.23308946351787], "y": [3.307429552078247, 6.385590000107074], "z": [1.2836468250503161, 2.4253500225588622]}, "obliqueness_angle": 1.228114366531372, "resolution": 512, "point_uuid": "43", "point_normal": [-0.008525126613676548, 0.015645746141672134, -0.9998413324356079], "camera_rotation_final": [1.9008285999298096, 0.006237830966711044, 4.421341896057129], "vanishing_points_image": {"x": [413.2933319836001, 84.89980876894815], "y": [508.7604826892769, 279.0461914617846], "z": [254.38996050822334, 11.823947756777336]}, "camera_uuid": "6fc923253b31e08cd2b4b232614b75a1", "field_of_view_rads": 0.8067239089903642, "room": "856e4980d5eb3351797f528948f684e5"}