{"vanishing_points_gaussian_sphere": {"x": [0.015318204703158445, -0.05521388247153776, 0.9983570402351514], "y": [0.9998152826159269, 0.012437794658665187, -0.014652710045018278], "z": [-0.011608326852162388, 0.9983970795462336, 0.05539420819224038]}, "nonfixated_points_in_view": [640, 258, 1417, 779, 526, 399, 527, 1042, 279, 1446, 168, 297, 939, 1324, 46, 1200, 563, 692, 1331, 54, 823, 953, 442, 186, 826, 318, 704, 1353, 76, 1102, 1106, 1251, 1259, 493, 368, 1137, 1138, 1265, 121, 634, 635, 636, 893, 766], "point_pitch": -0.048071785769190356, "camera_rotation_from_original_to_final": [0.058121345937252045, 0.039656203240156174, -2.402559518814087], "camera_location": [-2.0300116539001465, -0.3511151969432831, 1.4951437711715698], "camera_rotation_original": [1.5840462446212769, -0.0036451206542551517, -2.3237228393554688], "view_id": 11, "point_location": [-7.200702667236328, -0.2752261757850647, 1.2082456350326538], "camera_distance": 5.179200278383026, "bounding_box_ranges": {"x": [-3.136356456942594, 1.5383360278146179], "y": [-7.431131478287236, -2.0300116539001465], "z": [-0.03493724841025814, 3.9969068676784274]}, "obliqueness_angle": 0.633739709854126, "resolution": 512, "point_uuid": "452", "point_normal": [0.8376237154006958, 0.012098068371415138, -0.5461137890815735], "camera_rotation_final": [1.5153700113296509, 0.011608587577939034, -4.72770881652832], "vanishing_points_image": {"x": [262.96902523540996, 281.1195846866941], "y": [482.1500507848109, 253.1866724357836], "z": [253.27971025633136, 22.036107512562186]}, "camera_uuid": "6f269c44fb405f239d56a612bcda89ad", "field_of_view_rads": 1.0236779723424378, "room": "8de55a2e5745f73de25402626a4c3d61"}