{"vanishing_points_gaussian_sphere": {"x": [-0.24067254267925045, -0.1739578976987221, 0.9548902434460964], "y": [0.9705384675078977, -0.05476878095124553, 0.2346390072441831], "z": [0.011480866157467457, 0.9832288799976104, 0.1820141732143926]}, "nonfixated_points_in_view": [3, 771, 1414, 775, 136, 137, 1160, 12, 529, 1428, 917, 285, 797, 287, 926, 1442, 35, 1188, 422, 934, 682, 43, 172, 174, 687, 1070, 1330, 181, 821, 1078, 1080, 317, 65, 66, 1221, 973, 847, 848, 1113, 1370, 862, 607, 362, 363, 1002, 1130, 1133, 241, 1395, 116, 117, 1013, 1271, 248, 894], "point_pitch": -0.18762509425612883, "camera_rotation_from_original_to_final": [-0.052998386323451996, 0.16328483819961548, -1.6019831895828247], "camera_location": [3.2709619998931885, -3.7192935943603516, 1.5157769918441772], "camera_rotation_original": [1.5592020750045776, -0.004284437280148268, -1.3022267818450928], "view_id": 2, "point_location": [5.182490348815918, -11.498461723327637, 0.03296781703829765], "camera_distance": 8.146663176340187, "bounding_box_ranges": {"x": [-11.704171660264612, -3.7192935943603516], "y": [1.8073513220532567, 6.386538940855307], "z": [-0.03156535941683747, 2.424129584261582]}, "obliqueness_angle": 0.7378790974617004, "resolution": 512, "point_uuid": "89", "point_normal": [-0.8234639167785645, 0.5664904713630676, 0.03155704587697983], "camera_rotation_final": [1.3877496719360352, -0.011481118388473988, -2.898517608642578], "vanishing_points_image": {"x": [126.13075543641163, 349.8693733340059], "y": [566.0422624017326, 273.4960986334845], "z": [259.5614416311704, -49.00418854852156]}, "camera_uuid": "2d006a1a730dfc7454d6b6a574948a71", "field_of_view_rads": 0.8522509216796716, "room": "856e4980d5eb3351797f528948f684e5"}