{"vanishing_points_gaussian_sphere": {"x": [0.6717201841703127, 0.10618494916151534, 0.7331553387582797], "y": [0.7407815394284077, -0.08840930720502731, -0.6659027746162389], "z": [-0.005891096695850705, 0.9904082748902563, -0.13804616622212518]}, "nonfixated_points_in_view": [263, 1294, 915, 22, 284, 32, 1057, 930, 548, 38, 554, 427, 1453, 431, 1075, 951, 185, 58, 1212, 324, 454, 1355, 332, 589, 974, 1356, 592, 1111, 1240, 1114, 738, 483, 1393, 1014, 253, 509, 1022, 511], "point_pitch": 0.14304109016922517, "camera_rotation_from_original_to_final": [0.1364668756723404, 0.013349803164601326, -0.8442721962928772], "camera_location": [-5.364199638366699, -8.788909912109375, 4.275810241699219], "camera_rotation_original": [1.5721772909164429, 0.007314607501029968, 0.10773365199565887], "view_id": 1, "point_location": [-2.8467938899993896, -6.01725959777832, 4.797685623168945], "camera_distance": 3.78044060249043, "bounding_box_ranges": {"x": [-8.788909912109375, -5.957555560996278], "y": [-5.364199638366699, -1.7642238625482238], "z": [2.7670393948717074, 5.2124017207734665]}, "obliqueness_angle": 1.4303778409957886, "resolution": 512, "point_uuid": "715", "point_normal": [-0.011688078753650188, 0.007990150712430477, -0.9998998641967773], "camera_rotation_final": [1.709287166595459, 0.005891130771487951, -0.736544132232666], "vanishing_points_image": {"x": [502.46084180614093, 217.03968203692696], "y": [385.16020898262775, 271.4147531854285], "z": [254.7192570693407, 40.6821293180265]}, "camera_uuid": "c71ad462c76696bcaee0b134a2de9f61", "field_of_view_rads": 1.0068426797721106, "room": "ef914082afe6874a9bab2b30c864407b"}