{"vanishing_points_gaussian_sphere": {"x": [-0.014519000620302123, -0.24393792402762202, 0.9696821581539395], "y": [0.9997499788278009, -0.020034758161594907, 0.009929164074486834], "z": [0.017005247860567636, 0.969583878623454, 0.24416781904808862]}, "nonfixated_points_in_view": [654, 17, 1170, 542, 1438, 806, 1447, 1064, 170, 687, 946, 1465, 193, 456, 201, 75, 1483, 334, 463, 208, 591, 210, 338, 1366, 474, 860, 222, 228, 1382, 1386, 1133, 623, 1010, 372, 245, 1018, 383], "point_pitch": -0.23954968055221038, "camera_rotation_from_original_to_final": [0.24099445343017578, -0.11294756829738617, 2.0872528553009033], "camera_location": [1.9597357511520386, -5.512042045593262, 1.5149836540222168], "camera_rotation_original": [1.5890778303146362, 0.002467385260388255, 2.6240296363830566], "view_id": 4, "point_location": [7.570470809936523, -5.454592227935791, 0.1021888479590416], "camera_distance": 5.786159033816514, "bounding_box_ranges": {"x": [-8.086558919046913, -4.288997311850207], "y": [1.9597357511520386, 6.509252747160193], "z": [-0.013798262471182099, 2.427733644193607]}, "obliqueness_angle": 0.15489643812179565, "resolution": 512, "point_uuid": "7", "point_normal": [-0.9954859614372253, 0.015222913585603237, 0.09368041157722473], "camera_rotation_final": [1.3240984678268433, -0.01700606755912304, 4.726910591125488], "vanishing_points_image": {"x": [249.82957868229718, 359.6710312217678], "y": [475.97442128351116, 260.40823648460514], "z": [260.24081451158264, 14.202560975453448]}, "camera_uuid": "5090c6fc5c0dcfff7ec7ff2b1a5d94fb", "field_of_view_rads": 1.0581018947617054, "room": "856e4980d5eb3351797f528948f684e5"}