{"vanishing_points_gaussian_sphere": {"x": [0.5830102611112993, -0.14214990243098424, 0.7999327725989205], "y": [0.8123328278888018, 0.11973238848453562, -0.5707709977582697], "z": [-0.014642819848552069, 0.9825769997240165, 0.18527824329972734]}, "nonfixated_points_in_view": [3, 771, 775, 1287, 137, 1291, 12, 529, 530, 665, 28, 285, 929, 1443, 165, 422, 934, 1062, 43, 1070, 1328, 821, 566, 1333, 1080, 317, 195, 1484, 848, 89, 1370, 1117, 607, 1378, 363, 751, 241, 1141, 1271, 1403, 894, 1399], "point_pitch": -0.1772213419291635, "camera_rotation_from_original_to_final": [-0.17816652357578278, -0.09442231059074402, -2.8020682334899902], "camera_location": [0.4931855797767639, -7.2360944747924805, 1.5182243585586548], "camera_rotation_original": [1.5842092037200928, -0.010877704247832298, 0.6175836324691772], "view_id": 1, "point_location": [5.213764190673828, -10.604336738586426, 0.42485618591308594], "camera_distance": 5.901217895417251, "bounding_box_ranges": {"x": [-11.706075178935702, -7.2360944747924805], "y": [0.4931855797767639, 6.510231562277677], "z": [-0.02575069952821596, 2.423942627350839]}, "obliqueness_angle": 0.6700490117073059, "resolution": 512, "point_uuid": "1113", "point_normal": [-0.4626156985759735, 0.48367685079574585, 0.742996335029602], "camera_rotation_final": [1.3844211101531982, 0.014643343165516853, -2.1933021545410156], "vanishing_points_image": {"x": [549.3521414174784, 327.525290482759], "y": [446.8047809797846, 227.87666018576127], "z": [251.12770793989063, -70.94536733474881]}, "camera_uuid": "c61bffa72844e019185a72c8df1f3454", "field_of_view_rads": 0.8019729680717456, "room": "856e4980d5eb3351797f528948f684e5"}