{"vanishing_points_gaussian_sphere": {"x": [0.4886429150970878, -0.017960124416838728, 0.8722989942997481], "y": [0.8724490498968175, 0.018990327408636085, -0.48833597327972195], "z": [-0.007794668662654353, 0.9996583423329416, 0.024948782427103647]}, "nonfixated_points_in_view": [128, 1028, 261, 1400, 653, 1037, 1295, 402, 148, 1172, 1300, 919, 1431, 1150, 1307, 1436, 1053, 1309, 1310, 32, 1313, 675, 293, 38, 40, 424, 1452, 173, 813, 435, 437, 1461, 951, 440, 184, 957, 1342, 831, 1344, 578, 1218, 709, 966, 1095, 843, 204, 461, 590, 213, 981, 1496, 729, 475, 1373, 352, 1121, 483, 739, 490, 1131, 109, 1390, 370, 626, 118, 502, 888, 762, 507, 381, 1022], "point_pitch": -0.03147248824569182, "camera_rotation_from_original_to_final": [-0.014199770987033844, 0.033400800079107285, -1.2301945686340332], "camera_location": [-6.425679683685303, -2.262380838394165, 1.4977667331695557], "camera_rotation_original": [1.5803217887878418, -0.003540406469255686, -0.8513162136077881], "view_id": 6, "point_location": [0.18829843401908875, -5.96505880355835, 1.3085981607437134], "camera_distance": 7.582236774838914, "bounding_box_ranges": {"x": [-6.441892544384634, -2.262380838394165], "y": [-6.425679683685303, 1.4912066581209178], "z": [-0.08592034811201188, 5.048761308860686]}, "obliqueness_angle": 1.0596377849578857, "resolution": 512, "point_uuid": "521", "point_normal": [-0.0010129036381840706, 0.9999987483024597, -0.0012300567468628287], "camera_rotation_final": [1.5458441972732544, 0.007794747594743967, -2.0813469886779785], "vanishing_points_image": {"x": [509.8134713002428, 265.32894222423414], "y": [461.3752410759063, 251.52966093536318], "z": [253.68827416373003, -40.47649148782875]}, "camera_uuid": "928222235a04d0c536e00fac4a58b265", "field_of_view_rads": 0.8240515091215445, "room": "8de55a2e5745f73de25402626a4c3d61"}