{"vanishing_points_gaussian_sphere": {"x": [-0.0663796195999243, 0.10109151074605516, 0.9926601898720677], "y": [0.9977927861464717, 0.008537028487789408, 0.06585343619478025], "z": [-0.001817144966883, 0.9948405025930936, -0.10143506486659556]}, "nonfixated_points_in_view": [388, 134, 520, 398, 911, 784, 1040, 658, 1176, 410, 34, 36, 301, 48, 688, 695, 1338, 572, 319, 192, 1089, 579, 965, 971, 728, 984, 858, 1243, 93, 223, 758, 890], "point_pitch": 0.11699529091385408, "camera_rotation_from_original_to_final": [0.08519597351551056, 0.014743437990546227, 3.0886332988739014], "camera_location": [-2.1478989124298096, -7.17814826965332, 1.5089408159255981], "camera_rotation_original": [1.586061954498291, -0.002639547921717167, 0.12005194276571274], "view_id": 4, "point_location": [-1.8489652872085571, -11.684123992919922, 1.9693846702575684], "camera_distance": 4.539293733048193, "bounding_box_ranges": {"x": [-12.060385094440264, -7.17814826965332], "y": [-3.4210173720053003, 0.6405482565257921], "z": [-0.0169440944614081, 2.4204009935882453]}, "obliqueness_angle": 1.4512969255447388, "resolution": 512, "point_uuid": "97", "point_normal": [0.0013059190241619945, 0.01801478862762451, -0.9998369216918945], "camera_rotation_final": [1.6724063158035278, 0.001817145966924727, -3.0751640796661377], "vanishing_points_image": {"x": [224.91810257528567, 208.66444751482314], "y": [499.33228841000187, 253.91807005723308], "z": [255.59212943729247, 32.701274256110615]}, "camera_uuid": "3dfb7fb5350fdc03281337b3a75a5e86", "field_of_view_rads": 0.9945032563772946, "room": "856e4980d5eb3351797f528948f684e5"}