{"vanishing_points_gaussian_sphere": {"x": [0.40883969121398983, 0.025534384598527034, 0.9122489255083966], "y": [0.9125468870927593, -4.034771013002045e-05, -0.40897209835070314], "z": [-0.010406043694140645, 0.9996739436312406, -0.02331781892456589]}, "nonfixated_points_in_view": [1408, 770, 898, 4, 645, 390, 519, 1158, 1282, 1274, 395, 143, 1429, 280, 1049, 289, 817, 950, 952, 187, 1214, 1093, 326, 838, 202, 1235, 982, 857, 218, 346, 90, 730, 608, 225, 226, 737, 614, 742, 105, 1129, 107, 876, 365, 238, 497, 1394, 755, 1011, 1396, 1142, 887, 506, 637], "point_pitch": 0.03146119514969392, "camera_rotation_from_original_to_final": [-0.018540870398283005, 0.0006150640547275543, -2.5889101028442383], "camera_location": [3.5518953800201416, -7.357985973358154, 4.276762962341309], "camera_rotation_original": [1.5831875801086426, -0.0045831575989723206, 2.16766619682312], "view_id": 4, "point_location": [6.685059070587158, -0.3691830039024353, 4.455402374267578], "camera_distance": 7.661069836670709, "bounding_box_ranges": {"x": [-7.357985973358154, -4.6718809572749445], "y": [3.428545096634915, 5.476331515648927], "z": [2.836724366378355, 5.213330413336868]}, "obliqueness_angle": 0.2663107216358185, "resolution": 512, "point_uuid": "995", "point_normal": [-0.24460576474666595, -0.9420180916786194, -0.2297171652317047], "camera_rotation_final": [1.594117522239685, 0.010406231507658958, -0.421206533908844], "vanishing_points_image": {"x": [445.9471220004472, 244.13671233303978], "y": [447.43996453530775, 256.0084644025481], "z": [253.40085369838448, 6.308675440831094]}, "camera_uuid": "4f0e7099dffb9eae50102f6058915b65", "field_of_view_rads": 0.937763439627809, "room": "77c77478b552f1977cad320741ba92a5"}