{"vanishing_points_gaussian_sphere": {"x": [0.6888305043223509, 0.12248500167928077, 0.7144997975357603], "y": [0.7249223784192457, -0.11677513882773931, -0.6788601565998305], "z": [0.00028562562850296903, 0.985576476644704, -0.16923039650905372]}, "nonfixated_points_in_view": [769, 386, 1026, 263, 647, 1162, 653, 1296, 1427, 664, 1306, 290, 547, 931, 807, 681, 1065, 47, 305, 178, 179, 435, 1076, 1202, 951, 1203, 1081, 1332, 1462, 1466, 64, 578, 67, 196, 1477, 1095, 1096, 1480, 1354, 843, 1227, 461, 589, 590, 336, 720, 849, 214, 471, 1114, 1244, 735, 1121, 867, 1255, 489, 234, 618, 114, 374, 1400, 1276, 1407], "point_pitch": 0.1681087772038321, "camera_rotation_from_original_to_final": [-0.16231021285057068, -0.05311001092195511, 2.0556652545928955], "camera_location": [-3.8966617584228516, -5.1063923835754395, 1.5070674419403076], "camera_rotation_original": [1.5701526403427124, 0.0018522855825722218, -2.8113532066345215], "view_id": 5, "point_location": [1.4703363180160522, 0.5423705577850342, 2.8449854850769043], "camera_distance": 7.905897464356044, "bounding_box_ranges": {"x": [-5.1063923835754395, 1.4230304268671583], "y": [-3.8966617584228516, 1.4775586350602863], "z": [0.0002210292419002613, 4.6700451923793285]}, "obliqueness_angle": 0.8657249808311462, "resolution": 512, "point_uuid": "467", "point_normal": [-0.9991434216499329, 0.04108787328004837, 0.004923033993691206], "camera_rotation_final": [1.7408450841903687, -0.0002856256323866546, -0.7598745822906494], "vanishing_points_image": {"x": [530.7008263319549, 207.15383107536755], "y": [394.72706805018896, 278.34704447399076], "z": [256.06750115990866, 23.08128153321764]}, "camera_uuid": "62e24ad43a6e699e9b1ae0325438e489", "field_of_view_rads": 0.9262828650341426, "room": "8de55a2e5745f73de25402626a4c3d61"}