{"vanishing_points_gaussian_sphere": {"x": [0.5318418204945201, 0.02140524984849223, 0.8465731470180226], "y": [0.8466524819989385, 0.007803708866512048, -0.5320889745643709], "z": [-0.017995907815713936, 0.9997404250138385, -0.013972469181858354]}, "nonfixated_points_in_view": [640, 257, 258, 642, 1280, 133, 523, 779, 527, 1426, 788, 23, 153, 794, 27, 412, 1179, 1277, 288, 164, 932, 1190, 679, 168, 297, 1191, 1321, 1068, 1324, 46, 1199, 1072, 690, 819, 692, 823, 1208, 569, 186, 443, 826, 953, 318, 1083, 1209, 1343, 1219, 455, 839, 73, 76, 1229, 1356, 337, 1106, 1234, 1361, 600, 988, 993, 1122, 1251, 1380, 870, 871, 1255, 1259, 1006, 239, 368, 1137, 1138, 1265, 756, 884, 1393, 120, 634, 635, 636, 893, 511], "point_pitch": 0.0044551650669912846, "camera_rotation_from_original_to_final": [-0.011772672645747662, -0.02376895770430565, -1.4935662746429443], "camera_location": [1.7699029445648193, -5.448235511779785, 4.298521995544434], "camera_rotation_original": [1.5894720554351807, -0.008107524365186691, 2.503649950027466], "view_id": 3, "point_location": [-1.8905107975006104, -3.147588014602661, 4.358935832977295], "camera_distance": 4.323801311793527, "bounding_box_ranges": {"x": [-5.377473564741172, -2.6212347250447525], "y": [-3.233167284181749, 1.485345985190765], "z": [2.7070429921736046, 5.25067680080941]}, "obliqueness_angle": 1.2033473253250122, "resolution": 512, "point_uuid": "517", "point_normal": [0.217121422290802, -0.30534765124320984, -0.9271576404571533], "camera_rotation_final": [1.5847715139389038, 0.017996879294514656, 1.009920597076416], "vanishing_points_image": {"x": [462.17775245926424, 247.70188177287835], "y": [405.51184418130237, 254.6219293879213], "z": [252.00451407537128, 34.03571582328394]}, "camera_uuid": "3d44530aec2e5604a8aef567eab9ad28", "field_of_view_rads": 1.0399368502577822, "room": "7177ff6aafad58b0656fca6e31b41601"}