{"vanishing_points_gaussian_sphere": {"x": [0.39462544223486845, 0.12482097124074043, 0.910324384754936], "y": [0.9188340556104053, -0.04946835081015303, -0.3915314297967127], "z": [-0.003839087322407556, 0.9909453099978031, -0.13421122904544558]}, "nonfixated_points_in_view": [1024, 902, 136, 9, 265, 1160, 1168, 1425, 917, 918, 24, 537, 666, 1178, 541, 285, 1181, 1311, 801, 1188, 687, 1327, 1078, 1080, 59, 1470, 451, 1350, 973, 591, 82, 1110, 983, 1366, 733, 478, 607, 353, 482, 355, 101, 873, 362, 491, 623, 369, 1398, 1279], "point_pitch": 0.12896771828201814, "camera_rotation_from_original_to_final": [-0.08153970539569855, -0.10056111961603165, -1.232085108757019], "camera_location": [7.02915096282959, -4.004668712615967, 1.4965605735778809], "camera_rotation_original": [1.5762782096862793, -0.00407657353207469, -2.3110499382019043], "view_id": 11, "point_location": [4.367946147918701, -10.192070960998535, 2.408782720565796], "camera_distance": 6.796918969724651, "bounding_box_ranges": {"x": [-6.106930477167643, -4.004668712615967], "y": [6.32430688778064, 7.51624037594685], "z": [0.4045087719045759, 2.4291986141067627]}, "obliqueness_angle": 1.433429479598999, "resolution": 512, "point_uuid": "1443", "point_normal": [0.0013376473216339946, 0.002417644253000617, -0.9999962449073792], "camera_rotation_final": [1.7054147720336914, 0.0038390967529267073, -3.5472559928894043], "vanishing_points_image": {"x": [385.2105029866523, 215.1304088607152], "y": [393.0790097833606, 263.3800840350512], "z": [255.35819875119716, 90.33824655671454]}, "camera_uuid": "c1644f81920efcf3b70623e2c3537e98", "field_of_view_rads": 1.2447669117386158, "room": "8efc299ca974ee46c0bc622cd51b4dc7"}