{"vanishing_points_gaussian_sphere": {"x": [0.6028233817895113, -0.2135875309076705, 0.7687550565743435], "y": [0.7978745001820368, 0.16076653403073465, -0.5809908807330884], "z": [0.0005023217315946852, 0.9636049440390546, 0.2673298701910589]}, "nonfixated_points_in_view": [386, 1026, 391, 647, 1162, 653, 1296, 1427, 148, 789, 1480, 664, 1306, 796, 547, 675, 931, 295, 807, 681, 1065, 47, 304, 305, 178, 179, 435, 1076, 1202, 1203, 1204, 1332, 1462, 1466, 67, 196, 580, 710, 839, 1219, 1477, 1354, 843, 1227, 461, 590, 207, 336, 719, 720, 467, 849, 1493, 214, 471, 347, 1244, 1121, 867, 1255, 489, 234, 618, 364, 750, 114, 371, 374, 630, 1400, 1276, 1407], "point_pitch": -0.2725164135310312, "camera_rotation_from_original_to_final": [0.2553151845932007, 0.08876620978116989, 2.1759026050567627], "camera_location": [-3.8966617584228516, -5.1063923835754395, 1.5070674419403076], "camera_rotation_original": [1.5701526403427124, 0.0018522855825722218, -2.8113532066345215], "view_id": 2, "point_location": [-1.0282334089279175, -1.3109476566314697, 0.1872251033782959], "camera_distance": 4.9371312039901785, "bounding_box_ranges": {"x": [-5.1063923835754395, 1.5501461297300416], "y": [-3.9748568770246915, 1.4783546431729224], "z": [-0.019092229716932252, 3.75536659133304]}, "obliqueness_angle": 0.9383859038352966, "resolution": 512, "point_uuid": "769", "point_normal": [-0.6901600956916809, 0.004341393709182739, 0.7236437797546387], "camera_rotation_final": [1.3001753091812134, -0.0005023217527195811, -0.6470351219177246], "vanishing_points_image": {"x": [440.53064718132543, 321.38141435598106], "y": [372.5120895644351, 232.52357005057914], "z": [256.10926698366455, 46.39289153362662]}, "camera_uuid": "62e24ad43a6e699e9b1ae0325438e489", "field_of_view_rads": 1.1933003681274454, "room": "8de55a2e5745f73de25402626a4c3d61"}