{"vanishing_points_gaussian_sphere": {"x": [-0.6728252848685802, 0.2708525342873228, 0.6884366642703226], "y": [0.7397926194457779, 0.2508667536282033, 0.6243178294247256], "z": [-0.00360780474367774, 0.9293571846142802, -0.36916420079789763]}, "nonfixated_points_in_view": [1159, 394, 272, 528, 793, 281, 1305, 1186, 292, 1316, 1317, 1448, 811, 1069, 430, 814, 689, 828, 1469, 702, 1474, 1476, 458, 1100, 1241, 1371, 1248, 611, 106, 1006, 1135, 1143, 255], "point_pitch": 0.38284464279678865, "camera_rotation_from_original_to_final": [0.17405042052268982, -0.33113715052604675, -2.884269952774048], "camera_location": [-1.9384469985961914, -2.428041458129883, 1.5036466121673584], "camera_rotation_original": [1.5763559341430664, -0.0021221297793090343, -1.119526982307434], "view_id": 3, "point_location": [-5.847051620483398, -5.972611904144287, 3.5995802879333496], "camera_distance": 5.677509000259582, "bounding_box_ranges": {"x": [-6.109378449048522, -2.428041458129883], "y": [-7.24693613256884, -1.9384469985961914], "z": [0.771138292137457, 5.477849432707728]}, "obliqueness_angle": 0.9153331518173218, "resolution": 512, "point_uuid": "1071", "point_normal": [-0.025035332888364792, 0.9996607899665833, -0.007193791680037975], "camera_rotation_final": [1.9489084482192993, 0.0036078125704079866, -3.9743618965148926], "vanishing_points_image": {"x": [12.089261057693042, 157.81129742274567], "y": [511.68766151646565, 169.29525072110573], "z": [255.27595468250425, 69.48859885497198]}, "camera_uuid": "a7a591d05adb833dd3d4b184074676ca", "field_of_view_rads": 0.9878200554169758, "room": "8de55a2e5745f73de25402626a4c3d61"}