{"vanishing_points_gaussian_sphere": {"x": [0.23497135095351532, 0.056964878848801276, 0.9703316272330926], "y": [0.9719734108349175, -0.02146636722276445, -0.2341087006247185], "z": [0.007493521269510777, 0.998145379018507, -0.06041232889886444]}, "nonfixated_points_in_view": [260, 1156, 1416, 1163, 1419, 532, 791, 663, 1437, 674, 163, 1314, 935, 425, 961, 68, 1097, 1104, 593, 1108, 1495, 989, 350, 1387], "point_pitch": 0.046348170438085035, "camera_rotation_from_original_to_final": [-0.04641016200184822, 0.006863544229418039, -0.06969347596168518], "camera_location": [3.9411685466766357, -6.047142028808594, 4.286668300628662], "camera_rotation_original": [1.584341049194336, -0.008459939621388912, 2.9743051528930664], "view_id": 2, "point_location": [2.6146833896636963, -11.545127868652344, 4.628969669342041], "camera_distance": 5.666090462791003, "bounding_box_ranges": {"x": [-11.591756689681148, -6.047142028808594], "y": [1.575005570470366, 4.245163441224289], "z": [2.767236361311259, 5.202131170858028]}, "obliqueness_angle": 0.5552244186401367, "resolution": 512, "point_uuid": "220", "point_normal": [-0.008418193086981773, 0.8444520235061646, -0.5355652570724487], "camera_rotation_final": [1.6312471628189087, -0.0074935914017260075, 2.9043967723846436], "vanishing_points_image": {"x": [367.89809331278445, 228.8721765308501], "y": [469.3316195766696, 260.71150222322046], "z": [257.78335149511173, 18.455594640926726]}, "camera_uuid": "6d257e4888f9878e655953370ee5e983", "field_of_view_rads": 0.9623061285304514, "room": "77c77478b552f1977cad320741ba92a5"}