{"vanishing_points_gaussian_sphere": {"x": [-0.31906451922824236, 0.17267155433819753, 0.9318703594878858], "y": [0.9477211072322893, 0.05320588844431918, 0.3146328596018769], "z": [0.004747154521847901, 0.9835413909730905, -0.18062058788151514]}, "nonfixated_points_in_view": [512, 1, 1024, 902, 9, 265, 1168, 1425, 918, 666, 541, 1181, 801, 558, 306, 59, 1470, 449, 451, 1350, 82, 1110, 983, 478, 353, 482, 355, 609, 101, 873, 1385, 491, 369, 499, 886, 1398, 1016, 1279], "point_pitch": 0.18148894707230134, "camera_rotation_from_original_to_final": [-0.17986692488193512, -0.01260624174028635, 0.2549341320991516], "camera_location": [6.898015022277832, -5.4319539070129395, 1.5056571960449219], "camera_rotation_original": [1.5721105337142944, -0.004563433583825827, -3.0698022842407227], "view_id": 0, "point_location": [8.1198148727417, -9.050640106201172, 2.2070515155792236], "camera_distance": 3.8832510234264355, "bounding_box_ranges": {"x": [-6.103422484928867, -5.4319539070129395], "y": [6.898015022277832, 7.543264025743406], "z": [1.2541170317728618, 2.139705006507687]}, "obliqueness_angle": 0.7522609233856201, "resolution": 512, "point_uuid": "955", "point_normal": [-0.424348920583725, 0.7410974502563477, 0.5202907919883728], "camera_rotation_final": [1.7524157762527466, -0.004747172351926565, -2.8168466091156006], "vanishing_points_image": {"x": [110.41066579923312, 177.20986472480044], "y": [530.0697133075622, 240.6134875746367], "z": [257.0610314937766, 36.16970240751594]}, "camera_uuid": "7aee671bd52588b571fedb6abd1f939e", "field_of_view_rads": 0.9672838225069258, "room": "8efc299ca974ee46c0bc622cd51b4dc7"}