{"vanishing_points_gaussian_sphere": {"x": [-0.6481065607968937, 0.1929836940538885, 0.7366920521366698], "y": [0.761531841842624, 0.1708497978910409, 0.6252036471585649], "z": [-0.005209578850862477, 0.9662130408920725, -0.257692102902458]}, "nonfixated_points_in_view": [7, 1402, 1170, 1052, 542, 1438, 806, 551, 1064, 1447, 170, 946, 51, 703, 712, 75, 972, 334, 79, 208, 463, 210, 338, 591, 1366, 599, 860, 605, 222, 228, 1382, 104, 1002, 747, 1386, 1133, 367, 623, 372, 245, 1140, 1018, 383], "point_pitch": 0.27243884007004304, "camera_rotation_from_original_to_final": [-0.05469503626227379, 0.2418276071548462, -2.645280599594116], "camera_location": [2.5174548625946045, -7.046302795410156, 1.517836332321167], "camera_rotation_original": [1.5836472511291504, 0.0011349497362971306, 1.7721537351608276], "view_id": 4, "point_location": [5.066385746002197, -4.883118152618408, 2.409442901611328], "camera_distance": 3.459968086685344, "bounding_box_ranges": {"x": [-7.0888689912524345, -3.1649155460492975], "y": [2.5174548625946045, 6.51008446563582], "z": [-0.017974571147315266, 2.4277323799470967]}, "obliqueness_angle": 0.9345248937606812, "resolution": 512, "point_uuid": "1242", "point_normal": [-0.001823960687033832, -0.6272577047348022, -0.778809666633606], "camera_rotation_final": [1.831432819366455, 0.005209602415561676, -0.8656892776489258], "vanishing_points_image": {"x": [73.2717708299517, 201.5898600535654], "y": [453.2959416049455, 211.7366220349148], "z": [255.1781238876533, 103.56782832539882]}, "camera_uuid": "3d5b30db610d18db270d0baeb235eacb", "field_of_view_rads": 1.246384804508503, "room": "856e4980d5eb3351797f528948f684e5"}