{"vanishing_points_gaussian_sphere": {"x": [0.3587069148689153, 0.046993181961335506, 0.9322665874493056], "y": [0.9333942847288494, -0.007122218596849961, -0.3587818044965186], "z": [-0.0102204921967679, 0.9988698187708985, -0.04641795652383149]}, "nonfixated_points_in_view": [1281, 908, 1402, 1052, 551, 1192, 1447, 946, 51, 820, 1339, 712, 972, 462, 79, 1242, 731, 860, 605, 222, 228, 104, 1002, 747, 1386, 1009, 1140, 245, 1018], "point_pitch": 0.05430932442215486, "camera_rotation_from_original_to_final": [-0.015626439824700356, 0.031087426468729973, -2.1394896507263184], "camera_location": [2.5174548625946045, -7.046302795410156, 1.517836332321167], "camera_rotation_original": [1.5836472511291504, 0.0011349497362971306, 1.7721537351608276], "view_id": 7, "point_location": [3.5307164192199707, -4.413421154022217, 1.6489284038543701], "camera_distance": 2.8241724525577108, "bounding_box_ranges": {"x": [-7.046302795410156, -3.1534064169462748], "y": [1.753847101856522, 5.661565712509527], "z": [-0.015822167288826655, 2.427734001354312]}, "obliqueness_angle": 0.43524131178855896, "resolution": 512, "point_uuid": "599", "point_normal": [-0.712444007396698, -0.6929594278335571, -0.11059336364269257], "camera_rotation_final": [1.617233395576477, 0.010220670141279697, -0.36690232157707214], "vanishing_points_image": {"x": [393.3900167461286, 238.00092111694818], "y": [417.8287312931623, 257.2348260733733], "z": [253.95752977519436, 56.38516501761536]}, "camera_uuid": "3d5b30db610d18db270d0baeb235eacb", "field_of_view_rads": 1.1186100298879835, "room": "856e4980d5eb3351797f528948f684e5"}