{"vanishing_points_gaussian_sphere": {"x": [-0.05382625413320121, 0.36531542097019953, 0.9293263030644049], "y": [0.9985465437730537, 0.022250321067406986, 0.0490889308427706], "z": [-0.0027448651837656203, 0.9306178412290209, -0.36598210243311047]}, "nonfixated_points_in_view": [1280, 257, 642, 1159, 394, 523, 1420, 272, 1148, 788, 149, 1044, 1431, 152, 409, 793, 1405, 1312, 1186, 164, 421, 1190, 1191, 1317, 683, 1068, 173, 46, 430, 1072, 689, 1324, 692, 1461, 1206, 953, 186, 1211, 1469, 1343, 322, 452, 709, 199, 455, 76, 1229, 1357, 1233, 1234, 725, 1241, 603, 1371, 121, 993, 611, 1122, 1251, 1380, 359, 871, 106, 748, 1006, 239, 633, 1265, 756, 249, 636, 893], "point_pitch": 0.37077100674179597, "camera_rotation_from_original_to_final": [-0.21376217901706696, 0.3042607307434082, -0.5671326518058777], "camera_location": [0.21503694355487823, -3.282130241394043, 2.989867687225342], "camera_rotation_original": [1.575566053390503, 0.00037009804509580135, 2.1583032608032227], "view_id": 4, "point_location": [-3.8855979442596436, -3.498734474182129, 4.6047563552856445], "camera_distance": 4.412481293152337, "bounding_box_ranges": {"x": [-6.111743972360594, 1.1124936207149405], "y": [-7.246547717983686, 0.21503694355487823], "z": [1.1215013833593264, 5.4737078806523325]}, "obliqueness_angle": 1.22081458568573, "resolution": 512, "point_uuid": "870", "point_normal": [0.0130939781665802, -0.32164135575294495, -0.9467710256576538], "camera_rotation_final": [1.9454857110977173, 0.002744868630543351, 1.6246488094329834], "vanishing_points_image": {"x": [237.89433548084565, 133.11798708132196], "y": [440.3352044796707, 251.8925124629634], "z": [255.58218213205444, 114.34322042695838]}, "camera_uuid": "41fbfac86809ed0f1940b75ebedda277", "field_of_view_rads": 1.2359079806074764, "room": "8de55a2e5745f73de25402626a4c3d61"}