{"vanishing_points_gaussian_sphere": {"x": [-0.047850602275685605, 0.1748083835164246, 0.9834390417886758], "y": [0.9988468208043466, 0.012235883075434249, 0.04642533504902275], "z": [-0.003917707353015256, 0.984526440588438, -0.17519229249986204]}, "nonfixated_points_in_view": [0, 900, 1284, 134, 1286, 136, 520, 1032, 267, 398, 1422, 784, 658, 278, 1048, 537, 26, 410, 1176, 34, 805, 933, 1319, 296, 1320, 682, 1067, 684, 301, 814, 1194, 48, 688, 50, 818, 944, 181, 1327, 55, 695, 1329, 1330, 571, 827, 829, 1336, 192, 706, 197, 965, 327, 1221, 458, 1100, 1484, 847, 1360, 465, 980, 1236, 1365, 215, 984, 1368, 858, 1243, 223, 863, 99, 100, 357, 996, 617, 1130, 758, 119], "point_pitch": 0.15122087399033113, "camera_rotation_from_original_to_final": [-0.15085475146770477, 0.05733582749962807, -1.0190229415893555], "camera_location": [5.132575988769531, -10.393342971801758, 1.5002893209457397], "camera_rotation_original": [1.587233543395996, -0.019086314365267754, 2.634567975997925], "view_id": 0, "point_location": [1.6663174629211426, -10.556974411010742, 2.11777663230896], "camera_distance": 3.524629586834153, "bounding_box_ranges": {"x": [-12.038716712700525, -6.532068041285417], "y": [-3.5461712643462064, 5.132575988769531], "z": [-0.018293995919959283, 2.4225749634210705]}, "obliqueness_angle": 0.9718996286392212, "resolution": 512, "point_uuid": "1066", "point_normal": [0.40982311964035034, 0.020031578838825226, -0.9119451642036438], "camera_rotation_final": [1.7468987703323364, 0.00391771737486124, 1.6186655759811401], "vanishing_points_image": {"x": [232.27325677637296, 169.32118235136485], "y": [513.7229093340183, 252.84289190415367], "z": [255.09214083107648, 27.853465408049285]}, "camera_uuid": "3d449594a2cb2c364ffe85b6c45b4104", "field_of_view_rads": 0.9398535945383598, "room": "856e4980d5eb3351797f528948f684e5"}