{"vanishing_points_gaussian_sphere": {"x": [-0.10230459120164545, -0.3443523289986343, 0.9332498294306196], "y": [0.9945460735724606, -0.01626683983150511, 0.1030218300337266], "z": [-0.02029478161168785, 0.9386995597288371, 0.34413842913022863]}, "nonfixated_points_in_view": [898, 4, 132, 395, 1035, 791, 928, 162, 549, 950, 954, 187, 316, 194, 1090, 68, 838, 1226, 730, 225, 610, 232, 105, 236, 1266, 1011, 887], "point_pitch": -0.3433322151515146, "camera_rotation_from_original_to_final": [0.3316870629787445, -0.1661306768655777, -2.6832826137542725], "camera_location": [3.6592752933502197, -8.714073181152344, 4.289666175842285], "camera_rotation_original": [1.5873934030532837, -0.01419571228325367, 2.7590537071228027], "view_id": 2, "point_location": [3.2133896350860596, -4.674902439117432, 2.8002102375030518], "camera_distance": 4.328070283881311, "bounding_box_ranges": {"x": [-8.714073181152344, -4.671931428812085], "y": [2.3410289130263573, 4.371926684668701], "z": [2.7656250759284307, 5.208649757331648]}, "obliqueness_angle": 1.2281646728515625, "resolution": 512, "point_uuid": "206", "point_normal": [0.0010329559445381165, 0.00885551143437624, 0.9999602437019348], "camera_rotation_final": [1.2193998098373413, 0.02029617503285408, 0.10250508040189743], "vanishing_points_image": {"x": [218.34418762298625, 382.74765169436233], "y": [461.85536595010626, 259.36697952497855], "z": [251.1876193354828, 33.411765375770635]}, "camera_uuid": "e09802cb984b5ff427a30cf5f077a7f3", "field_of_view_rads": 1.1555445508149926, "room": "77c77478b552f1977cad320741ba92a5"}