{"vanishing_points_gaussian_sphere": {"x": [0.2656164825274254, -0.1983212493453322, 0.9434598911813181], "y": [0.963972230700334, 0.06918274015460571, -0.2568487627054538], "z": [-0.01433257298534133, 0.9776924007696935, 0.2095522532181723]}, "nonfixated_points_in_view": [1280, 642, 1020, 794, 155, 27, 412, 1312, 164, 932, 1190, 679, 1321, 1068, 1197, 46, 175, 1072, 561, 690, 691, 819, 309, 947, 1199, 1082, 1083, 455, 73, 457, 1481, 76, 1356, 1486, 592, 344, 988, 993, 1122, 1124, 1380, 377, 1006, 239, 1265, 882, 1393, 120, 505, 636, 893, 638, 511], "point_pitch": -0.21818105777236418, "camera_rotation_from_original_to_final": [0.21800996363162994, -0.0593920573592186, -1.6782194375991821], "camera_location": [3.9411685466766357, -6.047142028808594, 4.286668300628662], "camera_rotation_original": [1.584341049194336, -0.008459939621388912, 2.9743051528930664], "view_id": 4, "point_location": [-0.911489725112915, -4.726047515869141, 3.2088420391082764], "camera_distance": 5.143470846042906, "bounding_box_ranges": {"x": [-7.0672747078846605, -4.75752001093832], "y": [0.9298960310997781, 3.9411685466766357], "z": [2.7674914283483965, 5.211943555297771]}, "obliqueness_angle": 1.18598473072052, "resolution": 512, "point_uuid": "1277", "point_normal": [0.6089063882827759, 0.7929421067237854, 0.021818343549966812], "camera_rotation_final": [1.3596572875976562, 0.01433306373655796, 1.301924705505371], "vanishing_points_image": {"x": [346.76740015081356, 323.7710359931387], "y": [410.2136903368439, 244.9323309042776], "z": [253.10983009389224, 58.84787964974691]}, "camera_uuid": "6d257e4888f9878e655953370ee5e983", "field_of_view_rads": 1.2335528712409576, "room": "77c77478b552f1977cad320741ba92a5"}