{"vanishing_points_gaussian_sphere": {"x": [0.2777321001183504, 0.03602231627605816, 0.959982954689279], "y": [0.9606012152634082, -0.021332778425226954, -0.27711047941051137], "z": [0.010496942331645531, 0.999123268318163, -0.040527878144782044]}, "nonfixated_points_in_view": [264, 1296, 18, 23, 1051, 540, 796, 1307, 547, 675, 804, 553, 809, 1065, 176, 304, 1203, 1076, 1204, 694, 1332, 1208, 443, 575, 1087, 706, 1219, 580, 1477, 839, 458, 1354, 719, 336, 209, 337, 849, 1361, 1238, 347, 606, 1376, 227, 997, 1254, 231, 1255, 1256, 234, 364, 750, 624, 628, 630, 127], "point_pitch": 0.04917545715836091, "camera_rotation_from_original_to_final": [-0.011316735297441483, -0.027618132531642914, 1.6042191982269287], "camera_location": [-6.732573986053467, -9.080721855163574, 1.502792477607727], "camera_rotation_original": [1.58157217502594, -0.008283889852464199, -1.885231852531433], "view_id": 0, "point_location": [-3.686372995376587, 1.472112774848938, 1.948304295539856], "camera_distance": 10.99273130187401, "bounding_box_ranges": {"x": [-9.080721855163574, -5.934161758736707], "y": [-7.090051722630873, -4.322470944579332], "z": [0.20159491661163645, 2.426595079423387]}, "obliqueness_angle": 1.535031795501709, "resolution": 512, "point_uuid": "464", "point_normal": [-0.003921192139387131, 0.006100562866777182, -0.999973714351654], "camera_rotation_final": [1.6113375425338745, -0.010497135110199451, -0.28144845366477966], "vanishing_points_image": {"x": [420.8436343916312, 234.61950587771508], "y": [516.4027641387539, 261.7829559034707], "z": [259.1754614063015, -46.247766868013315]}, "camera_uuid": "6fe7ddd5d030b288cf1811fb32bc13b1", "field_of_view_rads": 0.7862599856513021, "room": "ade82d56fe033105b37cc8ef1783cd93"}