{"vanishing_points_gaussian_sphere": {"x": [0.6431722107490999, -0.09677628076844472, 0.759581370756776], "y": [0.7657084285222087, 0.07547692706488, -0.6387439518076806], "z": [0.004484396298835266, 0.9924402173236784, 0.12264707590629725]}, "nonfixated_points_in_view": [1026, 647, 264, 13, 1296, 1427, 148, 408, 664, 1306, 1307, 540, 796, 290, 547, 675, 931, 681, 809, 1065, 47, 304, 305, 178, 1202, 1076, 1203, 1204, 1332, 1462, 1081, 1466, 1471, 64, 1344, 1219, 196, 580, 710, 839, 1096, 1477, 1354, 1227, 844, 719, 336, 720, 849, 467, 214, 347, 1244, 735, 867, 1254, 999, 1255, 489, 234, 618, 364, 750, 624, 114, 630, 759, 632, 1276, 1407], "point_pitch": -0.12401668628188567, "camera_rotation_from_original_to_final": [-0.11885541677474976, 0.02689506486058235, -0.4773171842098236], "camera_location": [-5.588504314422607, -6.667678356170654, 1.5075440406799316], "camera_rotation_original": [1.5696860551834106, -0.004471865016967058, -0.2234717458486557], "view_id": 6, "point_location": [0.337715208530426, 0.37966254353523254, 0.3696308135986328], "camera_distance": 9.277927253442884, "bounding_box_ranges": {"x": [-6.102186760747911, 1.5036372275330745], "y": [-4.861640191846849, 1.4772106118222057], "z": [-0.02426498192621651, 3.9623709551710533]}, "obliqueness_angle": 1.4471484422683716, "resolution": 512, "point_uuid": "1162", "point_normal": [-0.0007988344877958298, -0.00023102019622456282, 0.9999997019767761], "camera_rotation_final": [1.4478384256362915, -0.004484411329030991, -0.6986423134803772], "vanishing_points_image": {"x": [558.222396270949, 301.4745385251713], "y": [425.13513317940226, 239.32811859505313], "z": [257.39227721232743, -52.12439559275964]}, "camera_uuid": "a16f93f6e5a1a0a39d5df06bb9e95552", "field_of_view_rads": 0.8276897943576418, "room": "8de55a2e5745f73de25402626a4c3d61"}