{"vanishing_points_gaussian_sphere": {"x": [-0.3573131061388203, 0.00846317874017145, 0.9339463147242674], "y": [0.93365380739571, 0.02985033082076254, 0.35693070151695505], "z": [-0.024857838138558613, 0.9995185502808355, -0.018567593478269525]}, "nonfixated_points_in_view": [768, 641, 1281, 644, 772, 646, 908, 141, 657, 1170, 795, 542, 671, 1182, 802, 1058, 1442, 1447, 552, 1064, 1192, 686, 687, 1456, 946, 820, 1463, 568, 570, 1339, 1084, 1085, 958, 66, 1091, 1346, 712, 969, 75, 972, 333, 334, 79, 208, 462, 338, 463, 214, 599, 1366, 602, 1242, 860, 605, 94, 994, 228, 1382, 999, 1002, 1258, 1386, 367, 1009, 116, 372, 1013, 1140, 1018, 1021], "point_pitch": 0.014524654546056226, "camera_rotation_from_original_to_final": [-0.02321871742606163, -0.0373767651617527, -2.268632411956787], "camera_location": [5.132575988769531, -10.393342971801758, 1.5002893209457397], "camera_rotation_original": [1.587233543395996, -0.019086314365267754, 2.634567975997925], "view_id": 0, "point_location": [1.4343929290771484, -0.7166622877120972, 1.6926679611206055], "camera_distance": 10.361067152017508, "bounding_box_ranges": {"x": [-10.393342971801758, -3.1630006033229146], "y": [-1.9914837892956871, 6.498634743111502], "z": [-0.015450428971018199, 2.4277309938783787]}, "obliqueness_angle": 1.2016613483428955, "resolution": 512, "point_uuid": "1471", "point_normal": [-0.9998732209205627, 0.00450464803725481, -0.015277200378477573], "camera_rotation_final": [1.5893707275390625, 0.024860398843884468, 0.36550775170326233], "vanishing_points_image": {"x": [142.90801646513202, 253.3213474280894], "y": [447.73082573873916, 249.8700741843452], "z": [251.844894933368, 88.92575286253785]}, "camera_uuid": "3d449594a2cb2c364ffe85b6c45b4104", "field_of_view_rads": 1.2981093791167546, "room": "856e4980d5eb3351797f528948f684e5"}