{"vanishing_points_gaussian_sphere": {"x": [-0.5043383992020243, 0.10404341344487733, 0.8572151113979956], "y": [0.8632193440890166, 0.08632870233696124, 0.49739292228915405], "z": [-0.02225181073233645, 0.9908190164058999, -0.13335116665248045]}, "nonfixated_points_in_view": [768, 646, 654, 144, 17, 1170, 1428, 28, 542, 671, 929, 1442, 422, 1064, 938, 686, 687, 560, 1456, 824, 1465, 317, 1085, 703, 1086, 66, 1091, 456, 969, 331, 333, 334, 79, 208, 463, 338, 591, 977, 1366, 727, 1242, 94, 994, 228, 1382, 1386, 747, 367, 623, 1391, 116, 372, 1013, 1141, 1399], "point_pitch": 0.14986391464737459, "camera_rotation_from_original_to_final": [-0.034773100167512894, 0.1084246039390564, -2.6248998641967773], "camera_location": [0.5467849373817444, -10.360032081604004, 1.5205349922180176], "camera_rotation_original": [1.5957993268966675, -0.011342709884047508, 1.5803825855255127], "view_id": 12, "point_location": [6.301759719848633, -7.020749092102051, 2.4157989025115967], "camera_distance": 6.71357165542743, "bounding_box_ranges": {"x": [-10.360032081604004, -4.6049373853004], "y": [0.5467849373817444, 6.494378969000825], "z": [-0.01334360740087448, 2.427681927378361]}, "obliqueness_angle": 1.2219003438949585, "resolution": 512, "point_uuid": "1483", "point_normal": [-0.25112468004226685, 0.0049934349954128265, -0.9679418802261353], "camera_rotation_final": [1.70457923412323, 0.022253647446632385, -1.0420360565185547], "vanishing_points_image": {"x": [-7.024011986890476, 201.73897988259193], "y": [598.3840974833965, 221.7589058459454], "z": [249.78357270261336, -20.802389452495937]}, "camera_uuid": "08b7810ec5503ef8e7e738fee540560e", "field_of_view_rads": 0.8114170473966151, "room": "856e4980d5eb3351797f528948f684e5"}