{"vanishing_points_gaussian_sphere": {"x": [-0.6932902947600472, 0.08318841383957036, 0.7158409425245132], "y": [0.7205690140307813, 0.09566594970444424, 0.6867520091604061], "z": [-0.011351793260739772, 0.9919313050156262, -0.1262672678082578]}, "nonfixated_points_in_view": [516, 1028, 13, 1043, 20, 22, 31, 32, 1059, 548, 38, 39, 40, 45, 557, 575, 578, 1095, 589, 590, 594, 87, 1112, 1114, 92, 1126, 615, 109, 624, 118, 1148, 1150, 128, 130, 647, 653, 148, 149, 661, 1172, 156, 668, 160, 675, 1189, 681, 173, 176, 179, 691, 1211, 1213, 709, 213, 1240, 729, 1244, 1250, 739, 744, 236, 762, 764, 769, 261, 263, 264, 1294, 271, 1295, 276, 1300, 792, 1306, 1307, 1309, 1313, 293, 1318, 809, 300, 813, 302, 1342, 324, 843, 332, 844, 851, 340, 1369, 1373, 352, 1377, 356, 1390, 370, 888, 1400, 1405, 1415, 919, 1431, 1436, 414, 1441, 931, 424, 1455, 945, 435, 1461, 951, 440, 957, 450, 1475, 1479, 458, 461, 1485, 981, 475, 991, 483, 489, 490, 502, 1014, 1022], "point_pitch": 0.11043115059402986, "camera_rotation_from_original_to_final": [0.1067359447479248, -0.05523250624537468, -1.6606277227401733], "camera_location": [-6.215150356292725, 0.12702560424804688, 1.4902317523956299], "camera_rotation_original": [1.5806941986083984, -0.017110392451286316, -0.7174729108810425], "view_id": 3, "point_location": [-1.1302332878112793, -5.173271656036377, 2.425152063369751], "camera_distance": 7.4042966898498275, "bounding_box_ranges": {"x": [-6.441889904396284, 0.12702560424804688], "y": [-6.215150356292725, 1.4906880517172034], "z": [-0.02005426964674989, 5.469417215365263]}, "obliqueness_angle": 1.4255574941635132, "resolution": 512, "point_uuid": "204", "point_normal": [-0.026808038353919983, 0.0001345765485893935, -0.9996406435966492], "camera_rotation_final": [1.697409749031067, 0.011352037079632282, -2.375485897064209], "vanishing_points_image": {"x": [51.774840924579685, 231.49487252594784], "y": [463.55910018119573, 228.4435299714598], "z": [253.98042697543636, 79.5276436227833]}, "camera_uuid": "7d18db1fca787c6dcd4baad30e113130", "field_of_view_rads": 1.1898991957393559, "room": "8de55a2e5745f73de25402626a4c3d61"}