{"vanishing_points_gaussian_sphere": {"x": [-0.24259069693101756, -0.24741937181792617, 0.9380476577507915], "y": [0.9701281430663559, -0.060805636809783105, 0.23484901652504525], "z": [-0.0010676109532221007, 0.9669986189138946, 0.2547793775513886]}, "nonfixated_points_in_view": [1324, 1159, 905, 394, 779, 1420, 399, 527, 528, 1042, 279, 281, 793, 925, 414, 286, 1186, 164, 1317, 939, 1068, 173, 46, 430, 814, 689, 1069, 1071, 692, 1200, 54, 823, 442, 1469, 63, 1215, 452, 1353, 76, 1357, 335, 1234, 1363, 1241, 1371, 1374, 611, 1379, 743, 871, 106, 493, 494, 1006, 368, 1265, 756, 636, 893, 255], "point_pitch": -0.2777654369685312, "camera_rotation_from_original_to_final": [0.1507883220911026, -0.23329263925552368, -0.3612598180770874], "camera_location": [0.27477186918258667, -2.2696449756622314, 2.261363983154297], "camera_rotation_original": [1.5901278257369995, -0.005768735893070698, 2.1587343215942383], "view_id": 5, "point_location": [-6.653486251831055, -4.0041985511779785, 0.37960630655288696], "camera_distance": 7.385827473207674, "bounding_box_ranges": {"x": [-6.441475645755941, -0.11565091373705494], "y": [-7.43112403222575, 0.27477186918258667], "z": [-0.04040579334104888, 4.345861927284979]}, "obliqueness_angle": 0.6715418696403503, "resolution": 512, "point_uuid": "190", "point_normal": [0.6625801920890808, 0.7469471096992493, -0.05529574304819107], "camera_rotation_final": [1.3131766319274902, 0.0010676111560314894, 1.8158318996429443], "vanishing_points_image": {"x": [150.7835304896343, 363.3107630279706], "y": [509.14062883737057, 271.8663339981391], "z": [255.71824132601898, 0.7944424096074015]}, "camera_uuid": "72c78639c6d82fd06b6c6cb47f559896", "field_of_view_rads": 1.0145838771509812, "room": "8de55a2e5745f73de25402626a4c3d61"}