{"vanishing_points_gaussian_sphere": {"x": [0.36006489891487653, -0.08811168191971103, 0.9287570188583769], "y": [0.9324729778916248, 0.06505408325911333, -0.3553338032797358], "z": [-0.029110377382393474, 0.9939840530715752, 0.10558545433940515]}, "nonfixated_points_in_view": [64, 867, 263, 618, 1227, 557, 302, 589, 720, 1294, 178, 114, 370, 467, 118, 1239, 1296, 1427, 1462, 1466], "point_pitch": -0.10099021991225676, "camera_rotation_from_original_to_final": [0.02748766914010048, -0.13346131145954132, -2.517080545425415], "camera_location": [0.3440798223018646, -5.207657814025879, 4.2956719398498535], "camera_rotation_original": [1.591770052909851, -0.020765699446201324, 2.1472725868225098], "view_id": 0, "point_location": [1.4626303911209106, -2.2840356826782227, 3.9633002281188965], "camera_distance": 3.1478870102274157, "bounding_box_ranges": {"x": [-5.207657814025879, 1.4253402057912004], "y": [-1.1285473906343, 1.4750180730172158], "z": [0.16933507937054892, 4.887728706635301]}, "obliqueness_angle": 1.200101375579834, "resolution": 512, "point_uuid": "1114", "point_normal": [-0.9999719262123108, -0.00725980568677187, 0.0018650767160579562], "camera_rotation_final": [1.4649686813354492, 0.029114490374922752, -0.36850109696388245], "vanishing_points_image": {"x": [398.8722886572994, 290.9623573173935], "y": [424.2825155143747, 244.25975118326966], "z": [249.46827305487366, 32.97189091061907]}, "camera_uuid": "65572d2c193d1b3ea0911dbf66b34fb7", "field_of_view_rads": 1.0841607234274397, "room": "8de55a2e5745f73de25402626a4c3d61"}