{"vanishing_points_gaussian_sphere": {"x": [-0.32022938714882904, 0.1384908203443509, 0.9371624364466569], "y": [0.9472644085941776, 0.03431073489048439, 0.318610912685046], "z": [0.0119699547621727, 0.9897691984253822, -0.14217473063581978]}, "nonfixated_points_in_view": [3, 771, 775, 136, 137, 1160, 12, 1164, 654, 144, 529, 1428, 917, 537, 1178, 28, 285, 926, 287, 1439, 929, 35, 1188, 1443, 422, 934, 1062, 682, 174, 687, 1070, 1330, 181, 821, 1078, 1080, 317, 1347, 973, 847, 848, 1113, 474, 1370, 604, 862, 351, 607, 486, 362, 363, 1130, 241, 1395, 116, 117, 1141, 1271, 894, 1399], "point_pitch": 0.1407645503666739, "camera_rotation_from_original_to_final": [-0.1273762434720993, -0.06395505368709564, -0.13498136401176453], "camera_location": [3.8354318141937256, -5.580057144165039, 1.5235874652862549], "camera_rotation_original": [1.571001648902893, -0.012118679471313953, -2.674816608428955], "view_id": 8, "point_location": [5.806436538696289, -11.377568244934082, 2.4031131267547607], "camera_distance": 6.186239451308631, "bounding_box_ranges": {"x": [-11.704330269537369, -5.580057144165039], "y": [2.0912351965255276, 6.504200238968072], "z": [-0.03546317470932192, 2.427710522290437]}, "obliqueness_angle": 1.4105809926986694, "resolution": 512, "point_uuid": "43", "point_normal": [-0.008525126613676548, 0.015645746141672134, -0.9998413324356079], "camera_rotation_final": [1.7134647369384766, -0.011970240622758865, -2.81559681892395], "vanishing_points_image": {"x": [144.81422903170247, 207.91506698021377], "y": [463.90164149003385, 248.46962301154386], "z": [258.0620184168802, 85.49623819267559]}, "camera_uuid": "c83171f93afe09cc67e6fc1972ae2a82", "field_of_view_rads": 1.21299928927541, "room": "856e4980d5eb3351797f528948f684e5"}