{"vanishing_points_gaussian_sphere": {"x": [0.3169551559761382, -0.051136209772857655, 0.947060989139669], "y": [0.9483785451327508, 0.005672356869857106, -0.3170898287542947], "z": [0.010842704092099052, 0.9986755791635277, 0.05029436698442378]}, "nonfixated_points_in_view": [264, 1296, 18, 23, 1051, 540, 796, 1307, 547, 675, 804, 809, 1065, 176, 304, 1203, 1076, 1204, 694, 1332, 1208, 443, 575, 1087, 706, 580, 1477, 839, 1224, 458, 1354, 719, 336, 209, 337, 464, 849, 1361, 1238, 347, 606, 1376, 227, 997, 1254, 231, 1255, 1256, 234, 364, 750, 624, 628, 630, 127], "point_pitch": -0.04212276538344817, "camera_rotation_from_original_to_final": [0.016463425010442734, 0.0588897280395031, 1.5625953674316406], "camera_location": [-6.732573986053467, -9.080721855163574, 1.502792477607727], "camera_rotation_original": [1.58157217502594, -0.008283889852464199, -1.885231852531433], "view_id": 9, "point_location": [-3.2066569328308105, 1.4502315521240234, 0.9435385465621948], "camera_distance": 11.119614823369764, "bounding_box_ranges": {"x": [-9.080721855163574, -5.932911087171806], "y": [-7.080894988895879, -3.859024156430016], "z": [-0.010060328230308085, 2.4263790523530564]}, "obliqueness_angle": 1.1138639450073242, "resolution": 512, "point_uuid": "1219", "point_normal": [0.7037760615348816, -0.7057934999465942, -0.08096211403608322], "camera_rotation_final": [1.5204777717590332, -0.010842916555702686, -0.32253703474998474], "vanishing_points_image": {"x": [422.3838461363654, 282.8436688863474], "y": [482.23271340018823, 254.64687714349088], "z": [259.0738672926982, -27.12090533247505]}, "camera_uuid": "6fe7ddd5d030b288cf1811fb32bc13b1", "field_of_view_rads": 0.867474054160755, "room": "ade82d56fe033105b37cc8ef1783cd93"}