{"vanishing_points_gaussian_sphere": {"x": [-0.4707733826467782, 0.28255204195080014, 0.835785119382215], "y": [0.8822230234502058, 0.15872551995297499, 0.44327051132467116], "z": [-0.00741343953154022, 0.9460288330199514, -0.3239976666724951]}, "nonfixated_points_in_view": [1028, 10, 1041, 31, 548, 38, 45, 578, 589, 590, 1107, 87, 1112, 92, 615, 113, 626, 118, 1150, 128, 647, 148, 1172, 156, 670, 160, 675, 681, 173, 1211, 709, 204, 211, 729, 1244, 1250, 739, 233, 236, 762, 764, 261, 1295, 1300, 1306, 1309, 1313, 293, 300, 813, 1341, 1342, 324, 846, 340, 1369, 352, 1377, 356, 1390, 370, 888, 1405, 391, 1415, 1421, 1436, 414, 931, 424, 945, 435, 1461, 951, 440, 957, 1479, 461, 1485, 981, 1493, 1496, 475, 991, 483, 489, 1005, 502, 1022], "point_pitch": 0.32440228859451814, "camera_rotation_from_original_to_final": [0.1727284938097, -0.2742084562778473, -1.6128722429275513], "camera_location": [-4.307779312133789, 0.3686792552471161, 1.49626624584198], "camera_rotation_original": [1.5781090259552002, -0.005691109225153923, -1.0627084970474243], "view_id": 0, "point_location": [-1.6086797714233398, -4.720460414886475, 3.4691052436828613], "camera_distance": 6.0890534128498635, "bounding_box_ranges": {"x": [-6.441891178612906, 0.3686792552471161], "y": [-5.2809374231654775, 1.4910484448723764], "z": [-0.021743598658781504, 5.465808344361449]}, "obliqueness_angle": 0.376852810382843, "resolution": 512, "point_uuid": "1431", "point_normal": [-0.5600475072860718, 0.8278470635414124, 0.03187502548098564], "camera_rotation_final": [1.9007577896118164, 0.00741350743919611, -2.6514108180999756], "vanishing_points_image": {"x": [89.7388208315241, 156.21220951982343], "y": [489.01149026738653, 214.07764140742128], "z": [254.68841583668856, 88.6287777561223]}, "camera_uuid": "5fb98853d32c905b4569c0e295d9d2d9", "field_of_view_rads": 1.1137819570580436, "room": "8de55a2e5745f73de25402626a4c3d61"}