{"vanishing_points_gaussian_sphere": {"x": [0.12397457200447388, -0.03621821606442217, 0.9916241961153521], "y": [0.9922784683121051, 0.0007910088858805226, -0.12402747933069151], "z": [0.0037076704937432665, 0.9993435921293804, 0.036036620949480486]}, "nonfixated_points_in_view": [643, 771, 518, 775, 8, 520, 649, 1146, 12, 1287, 654, 1039, 144, 17, 1291, 275, 1424, 1428, 665, 538, 28, 285, 415, 544, 1439, 1443, 165, 422, 934, 1062, 43, 1067, 429, 174, 687, 1070, 1460, 1333, 566, 695, 1080, 1464, 1338, 1465, 317, 65, 195, 1347, 456, 1483, 1228, 1484, 334, 975, 848, 724, 980, 216, 89, 1113, 1370, 604, 1117, 98, 1378, 1253, 746, 237, 1391, 1264, 241, 116, 1141, 758, 375, 378, 1271, 1404, 1399], "point_pitch": -0.021659894785608813, "camera_rotation_from_original_to_final": [0.013416786678135395, -0.049090102314949036, 2.7961509227752686], "camera_location": [-2.125469923019409, -10.290050506591797, 1.5054166316986084], "camera_rotation_original": [1.585587501525879, -0.0013757790438830853, 1.7914842367172241], "view_id": 3, "point_location": [4.845059394836426, -11.16189193725586, 1.2520999908447266], "camera_distance": 7.029406825183761, "bounding_box_ranges": {"x": [-11.737721431806886, -6.15035030708333], "y": [-2.125469923019409, 6.510110756320982], "z": [-0.0305439205108593, 2.427462503026388]}, "obliqueness_angle": 0.3907358944416046, "resolution": 512, "point_uuid": "3", "point_normal": [-0.9444544315338135, -0.17659656703472137, 0.2771632671356201], "camera_rotation_final": [1.5347516536712646, -0.0037076789885759354, 4.5880937576293945], "vanishing_points_image": {"x": [304.23555043577926, 270.09164443500833], "y": [439.28649820200894, 255.85389056260956], "z": [256.740670048137, 56.36417266934294]}, "camera_uuid": "2b230e47a809ba0986cefc4de1b011af", "field_of_view_rads": 1.1562664487543108, "room": "856e4980d5eb3351797f528948f684e5"}