{"vanishing_points_gaussian_sphere": {"x": [-0.07216288951150918, -0.06976549048522905, 0.9949498950774884], "y": [0.99725529742175, -0.021614259300603088, 0.07081451517269038], "z": [0.01656469563881622, 0.9973292335694576, 0.0711337523694039]}, "nonfixated_points_in_view": [7, 17, 1170, 542, 806, 1447, 1064, 170, 946, 1465, 193, 456, 201, 712, 75, 1483, 334, 463, 208, 591, 210, 338, 1366, 1242, 860, 222, 228, 1382, 1386, 1133, 367, 623, 1010, 372, 245, 1018, 383], "point_pitch": -0.0630863149974008, "camera_rotation_from_original_to_final": [0.08720584213733673, -0.027681946754455566, 2.1587557792663574], "camera_location": [1.9597357511520386, -5.512042045593262, 1.5149836540222168], "camera_rotation_original": [1.5890778303146362, 0.002467385260388255, 2.6240296363830566], "view_id": 5, "point_location": [7.592460632324219, -5.11113977432251, 1.1122725009918213], "camera_distance": 5.661315001668152, "bounding_box_ranges": {"x": [-7.310875571976994, -4.288016373866379], "y": [1.9597357511520386, 6.510121026915978], "z": [-0.01546591241759504, 2.4277303417646134]}, "obliqueness_angle": 0.12198664993047714, "resolution": 512, "point_uuid": "1438", "point_normal": [-0.9996779561042786, 0.025056064128875732, -0.00402469839900732], "camera_rotation_final": [1.499592661857605, -0.01656545326113701, 4.7846245765686035], "vanishing_points_image": {"x": [218.3283017677418, 292.4201672407514], "y": [527.2197825471218, 261.87834902715736], "z": [260.5057837456912, -15.284782268480827]}, "camera_uuid": "5090c6fc5c0dcfff7ec7ff2b1a5d94fb", "field_of_view_rads": 0.9078782432235194, "room": "856e4980d5eb3351797f528948f684e5"}