{"vanishing_points_gaussian_sphere": {"x": [-0.5986968748314959, 0.19748273807954442, 0.7762490709995126], "y": [0.8009730968105698, 0.145144966017778, 0.580839940969441], "z": [0.0020372168970501704, 0.9695016797305223, -0.24507619783857076]}, "nonfixated_points_in_view": [1026, 516, 13, 1037, 18, 540, 547, 552, 1065, 45, 557, 47, 1076, 64, 578, 67, 580, 1095, 1096, 589, 590, 1105, 1114, 1120, 1121, 618, 1131, 114, 118, 630, 632, 647, 1162, 653, 148, 661, 1172, 664, 675, 681, 178, 1202, 1203, 1204, 1208, 1209, 1219, 196, 709, 710, 1227, 204, 719, 720, 213, 214, 729, 1242, 1244, 735, 227, 228, 231, 1255, 234, 750, 240, 759, 1276, 263, 781, 1294, 1296, 1306, 796, 290, 807, 809, 304, 305, 1332, 839, 1354, 843, 844, 332, 336, 849, 340, 341, 347, 1375, 867, 1386, 364, 374, 888, 1400, 383, 385, 386, 391, 1427, 408, 931, 1447, 424, 435, 1462, 951, 440, 1466, 443, 1477, 1480, 461, 464, 467, 468, 999, 489, 1001], "point_pitch": 0.2358791391041617, "camera_rotation_from_original_to_final": [0.12608829140663147, -0.19973428547382355, 0.06946685910224915], "camera_location": [-6.116707801818848, -5.171044826507568, 1.5127230882644653], "camera_rotation_original": [1.5826430320739746, -0.00107341050170362, -1.010670781135559], "view_id": 6, "point_location": [0.14028766751289368, -0.4891532063484192, 3.488171339035034], "camera_distance": 8.06055187375852, "bounding_box_ranges": {"x": [-5.630330869606526, 1.5575945310405865], "y": [-6.116707801818848, 1.4907955935090502], "z": [-0.029560476382624934, 5.347737845921623]}, "obliqueness_angle": 0.7583650350570679, "resolution": 512, "point_uuid": "1407", "point_normal": [-0.8084226250648499, 0.07677803933620453, -0.5835735201835632], "camera_rotation_final": [1.8183951377868652, -0.0020372183062136173, -0.9289215803146362], "vanishing_points_image": {"x": [85.92864035983395, 199.90123085225093], "y": [452.20215645906137, 220.44605262615931], "z": [256.31544482799893, 105.88133023531488]}, "camera_uuid": "676a1ae5fa5b4d774f8408cdbebb47fb", "field_of_view_rads": 1.269499978027949, "room": "8de55a2e5745f73de25402626a4c3d61"}