{"vanishing_points_gaussian_sphere": {"x": [-0.5089555859344372, 0.09361471742868689, 0.8556871485694294], "y": [0.8606625877618624, 0.0726312104865596, 0.5039688653977661], "z": [-0.01497069047132242, 0.9929556847835679, -0.11753674524508355]}, "nonfixated_points_in_view": [513, 1154, 1155, 1410, 10, 524, 397, 16, 19, 915, 661, 22, 1173, 282, 923, 1050, 30, 159, 670, 166, 808, 937, 554, 427, 555, 557, 810, 942, 1326, 1453, 690, 1459, 182, 312, 58, 188, 1341, 574, 830, 1088, 833, 578, 834, 324, 454, 455, 968, 1095, 74, 586, 588, 77, 205, 715, 976, 1356, 1359, 83, 212, 467, 598, 726, 1237, 217, 1369, 1116, 349, 889, 1119, 869, 103, 1005, 878, 1008, 761, 250], "point_pitch": 0.12205274502304597, "camera_rotation_from_original_to_final": [-0.012112530879676342, 0.10749556869268417, -2.493387222290039], "camera_location": [-5.609722137451172, -10.968703269958496, 4.285808086395264], "camera_rotation_original": [1.5832164287567139, -0.00936906412243843, 1.4556810855865479], "view_id": 3, "point_location": [-1.9983446598052979, -8.841732025146484, 4.781865119934082], "camera_distance": 4.220441555054067, "bounding_box_ranges": {"x": [-11.033015158394694, -5.957538163983313], "y": [-5.609722137451172, -1.76428224252823], "z": [2.765225708287664, 5.21239616089395]}, "obliqueness_angle": 0.5142416954040527, "resolution": 512, "point_uuid": "1372", "point_normal": [-0.9353944063186646, -0.05806608125567436, -0.34880611300468445], "camera_rotation_final": [1.6886186599731445, 0.014971249736845493, -1.0367590188980103], "vanishing_points_image": {"x": [63.943726184290696, 220.67413994355846], "y": [504.41949915240207, 235.03590885851756], "z": [252.94715844508366, 53.515259399394935]}, "camera_uuid": "84fae33197a8eefa4becf372ea5729e2", "field_of_view_rads": 1.0702946597235812, "room": "ef914082afe6874a9bab2b30c864407b"}