{"vanishing_points_gaussian_sphere": {"x": [0.3843956933863354, -0.08727193781750549, 0.919034036244369], "y": [0.9231519730756487, 0.030393955525638734, -0.38323183854429743], "z": [0.005512305558966614, 0.9957207521876217, 0.09224856719939682]}, "nonfixated_points_in_view": [0, 707, 582, 1320, 267, 410, 688, 625, 818, 984, 26, 223], "point_pitch": -0.08914653857680754, "camera_rotation_from_original_to_final": [-0.09142566472291946, 0.035071298480033875, 1.5643094778060913], "camera_location": [-1.2640292644500732, -10.590165138244629, 1.4937529563903809], "camera_rotation_original": [1.576294183731079, -0.003259384771808982, -0.3901067078113556], "view_id": 2, "point_location": [-3.3969571590423584, -9.700746536254883, 1.2796590328216553], "camera_distance": 2.320836684713535, "bounding_box_ranges": {"x": [-11.171670428059457, -7.990408856953054], "y": [-3.542141349804618, -1.2640292644500732], "z": [-0.012727375582831546, 2.4169352966430764]}, "obliqueness_angle": 0.407328337430954, "resolution": 512, "point_uuid": "1368", "point_normal": [0.9996752738952637, 0.00731894513592124, 0.024409709498286247], "camera_rotation_final": [1.4784150123596191, -0.00551233347505331, 1.176236867904663], "vanishing_points_image": {"x": [375.6283494749873, 283.16002821108356], "y": [386.30903453538383, 251.7096912363607], "z": [256.97202875371653, 80.41662722702117]}, "camera_uuid": "bf987798a26d9c5da496954cb31ac414", "field_of_view_rads": 1.3009807207141721, "room": "856e4980d5eb3351797f528948f684e5"}