{"vanishing_points_gaussian_sphere": {"x": [-0.5333427229922028, 0.0825805412242517, 0.8418586544321869], "y": [0.8458761211520227, 0.05942533341208372, 0.5300586924234628], "z": [-0.006255197524532169, 0.9948110795321755, -0.10154697703012497]}, "nonfixated_points_in_view": [8, 1039, 17, 538, 28, 542, 544, 1062, 1064, 568, 570, 60, 1091, 79, 591, 604, 94, 98, 613, 623, 1136, 116, 1141, 119, 643, 649, 654, 144, 657, 1170, 165, 687, 693, 703, 712, 1228, 1231, 208, 210, 216, 1242, 222, 228, 740, 746, 747, 1258, 1264, 245, 775, 1287, 1290, 275, 806, 298, 1333, 824, 1336, 827, 317, 1351, 334, 848, 1366, 1370, 860, 1382, 1386, 367, 1391, 372, 1399, 1403, 383, 904, 1428, 1432, 1438, 416, 1443, 420, 422, 1447, 429, 946, 1465, 456, 1483, 1484, 463, 466, 994, 1018], "point_pitch": 0.11519821087387605, "camera_rotation_from_original_to_final": [-0.026541000232100487, 0.08314277231693268, -2.801037073135376], "camera_location": [-2.125469923019409, -10.290050506591797, 1.5054166316986084], "camera_rotation_original": [1.585587501525879, -0.0013757790438830853, 1.7914842367172241], "view_id": 9, "point_location": [5.4480061531066895, -5.521569728851318, 2.4189469814300537], "camera_distance": 8.996137117851962, "bounding_box_ranges": {"x": [-10.445745900402915, -3.9453684009402927], "y": [-2.125469923019409, 6.508825212322826], "z": [-0.028821772196969353, 2.4276894132421347]}, "obliqueness_angle": 1.473343014717102, "resolution": 512, "point_uuid": "338", "point_normal": [-0.0001849634718382731, 0.00830110628157854, -0.9999655485153198], "camera_rotation_final": [1.672520637512207, 0.006255238316953182, -1.0082366466522217], "vanishing_points_image": {"x": [74.77541617787503, 227.93994861088666], "y": [482.45351912500894, 240.0909613833102], "z": [254.82868358621803, 69.71674651387762]}, "camera_uuid": "2b230e47a809ba0986cefc4de1b011af", "field_of_view_rads": 1.15349612771939, "room": "856e4980d5eb3351797f528948f684e5"}