{"vanishing_points_gaussian_sphere": {"x": [0.09393526562573107, -0.20056833108050812, 0.9751658886771025], "y": [0.995383996571192, 0.03827160501074005, -0.08801126984575934], "z": [-0.01966889020215716, 0.9789318816023317, 0.2032375603591371]}, "nonfixated_points_in_view": [130, 1027, 1159, 264, 394, 522, 779, 906, 14, 528, 1169, 274, 147, 786, 1043, 406, 1045, 792, 1305, 667, 1307, 31, 1441, 292, 1317, 1318, 556, 941, 46, 1069, 176, 433, 1071, 1198, 828, 190, 191, 447, 575, 962, 1216, 1474, 1475, 70, 585, 458, 460, 1100, 1485, 335, 594, 851, 852, 469, 470, 1491, 1241, 859, 744, 1135, 368, 624, 255], "point_pitch": -0.20665542682143645, "camera_rotation_from_original_to_final": [-0.1389072835445404, 0.1681920886039734, -2.5296642780303955], "camera_location": [-6.215150356292725, 0.12702560424804688, 1.4902317523956299], "camera_rotation_original": [1.5806941986083984, -0.017110392451286316, -0.7174729108810425], "view_id": 2, "point_location": [-6.670421123504639, -4.917357921600342, 0.43891391158103943], "camera_distance": 5.172846920334697, "bounding_box_ranges": {"x": [-6.439687698238145, 0.12702560424804688], "y": [-7.412977861977179, -3.033547263848622], "z": [-0.01963356533125271, 3.8843228114384374]}, "obliqueness_angle": 1.0793598890304565, "resolution": 512, "point_uuid": "63", "point_normal": [0.9196500182151794, 0.38128751516342163, 0.09414785355329514], "camera_rotation_final": [1.3660928010940552, 0.019670158624649048, -3.235684871673584], "vanishing_points_image": {"x": [292.164538400779, 333.21765689407187], "y": [444.0899739890431, 248.76811239101113], "z": [251.6808625362913, 41.03406543071002]}, "camera_uuid": "7d18db1fca787c6dcd4baad30e113130", "field_of_view_rads": 1.1511071197649465, "room": "8de55a2e5745f73de25402626a4c3d61"}