{"vanishing_points_gaussian_sphere": {"x": [0.07036677187377202, -0.01756667329809997, 0.9973664970337145], "y": [0.9973667867358494, 0.018830090910847204, -0.07003513684213213], "z": [-0.017550217442284605, 0.9996683648418245, 0.01884542921245038]}, "nonfixated_points_in_view": [899, 773, 1159, 521, 522, 272, 528, 402, 786, 408, 793, 29, 925, 1186, 292, 37, 1317, 299, 941, 430, 814, 1198, 689, 436, 57, 828, 1469, 190, 63, 1087, 322, 966, 967, 1478, 1100, 1234, 852, 981, 1371, 1374, 224, 352, 1248, 611, 1252, 997, 1254, 106, 1143, 1019, 127, 639], "point_pitch": -0.024529262385096118, "camera_rotation_from_original_to_final": [0.02480682171881199, -0.031478360295295715, -1.123687982559204], "camera_location": [1.9597357511520386, -5.512042045593262, 1.5149836540222168], "camera_rotation_original": [1.5890778303146362, 0.002467385260388255, 2.6240296363830566], "view_id": 0, "point_location": [-6.848554611206055, -4.893523216247559, 1.3485479354858398], "camera_distance": 8.831548542209287, "bounding_box_ranges": {"x": [-6.142241833070361, -4.3464769942936625], "y": [-3.5510076423136727, 1.9597357511520386], "z": [-0.07327913947086065, 2.427734137719447]}, "obliqueness_angle": 0.17567887902259827, "resolution": 512, "point_uuid": "1474", "point_normal": [0.9848426580429077, 0.012860675342381, 0.1729726493358612], "camera_rotation_final": [1.5519468784332275, 0.0175511185079813, 1.5003604888916016], "vanishing_points_image": {"x": [286.15097409251644, 263.5270230166709], "y": [462.99178824881153, 252.09203530500534], "z": [252.19425160467742, 39.22284109226045]}, "camera_uuid": "5090c6fc5c0dcfff7ec7ff2b1a5d94fb", "field_of_view_rads": 1.074779742130515, "room": "856e4980d5eb3351797f528948f684e5"}