{"vanishing_points_gaussian_sphere": {"x": [0.45515594421106387, 0.04994535125816213, 0.8890098584026129], "y": [0.8903558711927998, -0.014344801523518087, -0.45503917337055866], "z": [-0.00997442137897988, 0.9986489315855446, -0.050998258413448516]}, "nonfixated_points_in_view": [1408, 770, 898, 4, 645, 390, 519, 1158, 1282, 1274, 395, 1035, 143, 1429, 280, 1049, 928, 289, 817, 1457, 307, 950, 952, 954, 187, 1214, 1090, 1093, 326, 838, 202, 1235, 982, 857, 218, 90, 730, 608, 225, 226, 610, 737, 995, 614, 742, 232, 105, 1129, 107, 876, 365, 238, 497, 1266, 755, 1011, 1394, 1142, 887, 1396, 506, 637], "point_pitch": 0.0596863786366324, "camera_rotation_from_original_to_final": [-0.033760085701942444, 0.02376486361026764, -2.640744209289551], "camera_location": [3.5518953800201416, -7.357985973358154, 4.276762962341309], "camera_rotation_original": [1.5831875801086426, -0.0045831575989723206, 2.16766619682312], "view_id": 2, "point_location": [7.078329563140869, -0.4683905243873596, 4.671984672546387], "camera_distance": 7.749739598314044, "bounding_box_ranges": {"x": [-7.357985973358154, -4.671879769030735], "y": [3.1781875490553118, 5.47685734794233], "z": [2.7737535527682726, 5.213158803223232]}, "obliqueness_angle": 0.31307142972946167, "resolution": 512, "point_uuid": "346", "point_normal": [-0.7063857316970825, -0.7076162695884705, -0.017278438434004784], "camera_rotation_final": [1.621819257736206, 0.00997458677738905, -0.47257277369499207], "vanishing_points_image": {"x": [404.7083320939767, 239.68187875844828], "y": [387.6407929403039, 258.12090593011686], "z": [254.23474394902078, 79.26081861746937]}, "camera_uuid": "4f0e7099dffb9eae50102f6058915b65", "field_of_view_rads": 1.22850666174395, "room": "77c77478b552f1977cad320741ba92a5"}