{"vanishing_points_gaussian_sphere": {"x": [-0.6859314107607647, -0.24392672459925402, 0.685563894001155], "y": [0.7274501338494402, -0.25282580321754383, 0.6378835442224821], "z": [0.017731398539835658, 0.9362579058430875, 0.3508656883369163]}, "nonfixated_points_in_view": [257, 140, 1426, 788, 152, 409, 164, 421, 168, 1068, 1072, 692, 1208, 953, 443, 318, 199, 711, 76, 1229, 1234, 600, 1120, 121, 993, 1251, 1380, 870, 871, 1262, 239, 1265, 1138, 756, 884, 633, 636, 893], "point_pitch": -0.3748417337748666, "camera_rotation_from_original_to_final": [-0.38290366530418396, 0.00984679814428091, 0.8246427178382874], "camera_location": [-2.484394073486328, -5.331701278686523, 4.301449775695801], "camera_rotation_original": [1.594873070716858, 5.2980572945671156e-05, -0.07394442707300186], "view_id": 12, "point_location": [-7.129508972167969, -0.3393738567829132, 1.7464202642440796], "camera_distance": 7.28207379703065, "bounding_box_ranges": {"x": [-5.331701278686523, -2.6244320066035853], "y": [-3.2499568891288924, -2.484394073486328], "z": [3.0819576208005994, 4.680733109932644]}, "obliqueness_angle": 0.9801141619682312, "resolution": 512, "point_uuid": "1324", "point_normal": [0.9922006130218506, 0.12253539264202118, 0.022872507572174072], "camera_rotation_final": [1.2122420072555542, -0.017732327803969383, 0.7560311555862427], "vanishing_points_image": {"x": [47.587243186659826, 330.1144673310634], "y": [469.2907768389184, 330.1293587889481], "z": [260.29407920948864, 29.26291554679363]}, "camera_uuid": "c5be5141daf3c047a2d6d480abd9ff63", "field_of_view_rads": 1.1400421704677486, "room": "7177ff6aafad58b0656fca6e31b41601"}