{"vanishing_points_gaussian_sphere": {"x": [-0.2891152980728542, -0.14257945170981937, 0.9466168413726707], "y": [0.9572715074163289, -0.04988091353770856, 0.28485637706309663], "z": [0.006603446760147075, 0.988525667049051, 0.15090858185045336]}, "nonfixated_points_in_view": [512, 1, 1024, 902, 9, 265, 651, 1168, 918, 666, 541, 158, 1181, 801, 1450, 306, 1458, 439, 59, 955, 1470, 451, 1350, 82, 983, 1016, 478, 353, 482, 355, 609, 101, 873, 1385, 491, 369, 499, 886, 1398, 376, 1279], "point_pitch": -0.159910841784205, "camera_rotation_from_original_to_final": [0.14574173092842102, 0.06380543857812881, -0.12342023104429245], "camera_location": [7.106297016143799, -6.809415817260742, 1.504452109336853], "camera_rotation_original": [1.5783125162124634, -0.007616623304784298, -2.721336841583252], "view_id": 0, "point_location": [8.5298433303833, -11.54004955291748, 0.7502992749214172], "camera_distance": 4.9974118627225215, "bounding_box_ranges": {"x": [-11.648855332555183, -6.809415817260742], "y": [6.46462687884734, 9.96311387686407], "z": [-0.02831968447441935, 2.4444628409249987]}, "obliqueness_angle": 0.3357431888580322, "resolution": 512, "point_uuid": "449", "point_normal": [-0.0013944227248430252, 0.9998394250869751, -0.017866656184196472], "camera_rotation_final": [1.419305682182312, -0.006603494752198458, -2.848283529281616], "vanishing_points_image": {"x": [150.5472780486613, 308.00482775332466], "y": [470.44095481748064, 267.17395706790046], "z": [257.3720988183877, 50.59894976517874]}, "camera_uuid": "b7487260ea08da3259345602cccf923b", "field_of_view_rads": 1.1754911801487262, "room": "8868fae7afbf71557a2e4faceeb9d9d6"}