{"vanishing_points_gaussian_sphere": {"x": [-0.27152605385767686, -0.07361479914542597, 0.9596116211380814], "y": [0.9623984619820978, -0.012557859567266828, 0.2713512493753836], "z": [-0.007924799743259962, 0.9972076822356852, 0.07425655552987781]}, "nonfixated_points_in_view": [256, 268, 270, 284, 1056, 419, 1187, 1315, 434, 308, 697, 444, 1212, 1352, 329, 717, 974, 1230, 80, 1488, 723, 853, 1498, 348, 1381, 875, 621, 880, 883, 629, 246, 1406], "point_pitch": -0.08771507342788176, "camera_rotation_from_original_to_final": [-0.027194377034902573, -0.08417965471744537, -1.1796112060546875], "camera_location": [-5.609722137451172, -10.968703269958496, 4.285808086395264], "camera_rotation_original": [1.5832164287567139, -0.00936906412243843, 1.4556810855865479], "view_id": 5, "point_location": [-6.984277725219727, -6.1076979637146, 3.9096546173095703], "camera_distance": 5.065596329739089, "bounding_box_ranges": {"x": [-10.968703269958496, -6.081867698740696], "y": [-7.284179449013157, -3.9422325975274246], "z": [2.765137771994126, 5.212401857943915]}, "obliqueness_angle": 0.06445040553808212, "resolution": 512, "point_uuid": "998", "point_normal": [0.21332718431949615, -0.9756352305412292, 0.051259368658065796], "camera_rotation_final": [1.4964690208435059, 0.00792488269507885, 0.2749871611595154], "vanishing_points_image": {"x": [158.32909024558924, 282.48005339366324], "y": [464.3518596574851, 258.71867994133004], "z": [254.45993487639794, 62.207750081584315]}, "camera_uuid": "84fae33197a8eefa4becf372ea5729e2", "field_of_view_rads": 1.1998879558986733, "room": "ef914082afe6874a9bab2b30c864407b"}