{"vanishing_points_gaussian_sphere": {"x": [-0.12349004623070357, -0.1474247141648308, 0.9813338688414646], "y": [0.9923303410736292, -0.023867397439097337, 0.12128825798146733], "z": [0.005540998703618178, 0.9887852653599275, 0.1492414029030295]}, "nonfixated_points_in_view": [0, 1418, 267, 657, 1278, 293, 1061, 167, 171, 50, 818, 52, 568, 570, 827, 701, 707, 708, 197, 71, 328, 1232, 722, 1109, 119, 88, 740, 613, 1136, 242, 115, 631, 507, 254], "point_pitch": -0.1529889543864389, "camera_rotation_from_original_to_final": [-0.14467279613018036, 0.056704919785261154, 0.5091198682785034], "camera_location": [-1.2640292644500732, -10.590165138244629, 1.4937529563903809], "camera_rotation_original": [1.576294183731079, -0.003259384771808982, -0.3901067078113556], "view_id": 2, "point_location": [-1.761178731918335, -6.567767143249512, 0.882025420665741], "camera_distance": 4.098908848405237, "bounding_box_ranges": {"x": [-10.590165138244629, -5.9615447191055315], "y": [-3.4347697061937232, 1.0911244309251724], "z": [-0.014278976203450311, 2.4273616340691504]}, "obliqueness_angle": 0.6273993849754333, "resolution": 512, "point_uuid": "627", "point_normal": [-0.47737032175064087, -0.8777558207511902, 0.04077160730957985], "camera_rotation_final": [1.4209929704666138, -0.005541027057915926, 0.12380799651145935], "vanishing_points_image": {"x": [211.30110449561485, 309.36237287422125], "y": [450.7568879521642, 260.68426677725773], "z": [257.10391333302675, 59.00785177616668]}, "camera_uuid": "bf987798a26d9c5da496954cb31ac414", "field_of_view_rads": 1.2137719905244713, "room": "856e4980d5eb3351797f528948f684e5"}