{"vanishing_points_gaussian_sphere": {"x": [-0.34582878062739664, -0.2745876583089623, 0.897220191699991], "y": [0.9382958273771718, -0.09932700240251219, 0.33126286679964606], "z": [-0.0018425027426610561, 0.956418195403105, 0.2919945901648032]}, "nonfixated_points_in_view": [3, 1029, 518, 1032, 17, 529, 538, 28, 542, 544, 1062, 1064, 43, 1080, 1085, 66, 1091, 79, 591, 89, 1113, 604, 1117, 98, 99, 617, 623, 116, 1141, 643, 649, 654, 1167, 144, 1170, 662, 1185, 165, 687, 703, 195, 712, 208, 216, 1242, 222, 228, 1253, 1258, 747, 1264, 771, 775, 1287, 1291, 275, 298, 824, 317, 1347, 1351, 334, 848, 338, 1366, 1370, 1382, 1386, 367, 1391, 372, 1399, 1403, 904, 1428, 1439, 416, 1442, 1443, 420, 422, 934, 1447, 429, 1464, 1465, 456, 1483, 1484, 463, 977, 994, 1018], "point_pitch": -0.30243222316237883, "camera_rotation_from_original_to_final": [-0.27852731943130493, 0.11789494752883911, -0.8443268537521362], "camera_location": [-1.2640292644500732, -10.590165138244629, 1.4937529563903809], "camera_rotation_original": [1.576294183731079, -0.003259384771808982, -0.3901067078113556], "view_id": 1, "point_location": [2.041191816329956, -9.369843482971191, 0.41809016466140747], "camera_distance": 3.6838460534461843, "bounding_box_ranges": {"x": [-11.60803491509987, -3.941103119364737], "y": [-1.2640292644500732, 6.510129395203851], "z": [-0.027715135959108572, 2.4277332600624955]}, "obliqueness_angle": 0.6479036808013916, "resolution": 512, "point_uuid": "1333", "point_normal": [-0.9539121389389038, -0.07862135022878647, -0.2896040081977844], "camera_rotation_final": [1.2744841575622559, 0.0018425037851557136, -1.2176737785339355], "vanishing_points_image": {"x": [112.48440132557205, 369.9512220449882], "y": [513.3230167131416, 283.2399419815535], "z": [255.50631983295676, -0.2626820234102812]}, "camera_uuid": "bf987798a26d9c5da496954cb31ac414", "field_of_view_rads": 1.0200446895025146, "room": "856e4980d5eb3351797f528948f684e5"}