{"vanishing_points_gaussian_sphere": {"x": [-0.6099380776412457, 0.020863601148936158, 0.7921743820588999], "y": [0.7924355883919505, 0.02189100076664653, 0.6095626484089539], "z": [-0.004623818033275508, 0.999542642528338, -0.029885214977683625]}, "nonfixated_points_in_view": [7, 1170, 542, 1438, 806, 1447, 1064, 170, 946, 703, 712, 75, 79, 208, 463, 210, 338, 591, 1366, 1242, 860, 222, 228, 1382, 747, 1133, 367, 623, 372, 245, 1018, 383], "point_pitch": 0.041933850446019605, "camera_rotation_from_original_to_final": [-0.00682707829400897, 0.015996692702174187, -2.687062978744507], "camera_location": [2.5174548625946045, -7.046302795410156, 1.517836332321167], "camera_rotation_original": [1.5836472511291504, 0.0011349497362971306, 1.7721537351608276], "view_id": 9, "point_location": [5.319850921630859, -4.889913558959961, 1.6235582828521729], "camera_distance": 3.5376001931938936, "bounding_box_ranges": {"x": [-7.046302795410156, -3.6857619088654037], "y": [2.5174548625946045, 6.509938414955369], "z": [-0.016252150158069245, 2.427733890644318]}, "obliqueness_angle": 0.7424597144126892, "resolution": 512, "point_uuid": "1386", "point_normal": [-0.17226816713809967, -0.9850438833236694, 0.0035031477455049753], "camera_rotation_final": [1.6006863117218018, 0.0046238345094025135, -0.9148056507110596], "vanishing_points_image": {"x": [-3.503709794464808, 247.12339088787712], "y": [548.8698107771529, 247.9094834379407], "z": [254.82944637296853, 2.958410308518969]}, "camera_uuid": "3d5b30db610d18db270d0baeb235eacb", "field_of_view_rads": 0.9243656888194649, "room": "856e4980d5eb3351797f528948f684e5"}