{"vanishing_points_gaussian_sphere": {"x": [-0.7044754560665061, 0.046950662527356316, 0.7081736842668829], "y": [0.7096358948548158, 0.030491767305021372, 0.7039084804576666], "z": [0.01145550232390663, 0.9984317139468571, -0.05479857709510569]}, "nonfixated_points_in_view": [0, 388, 134, 398, 911, 784, 1040, 658, 920, 1176, 410, 26, 34, 36, 678, 1320, 301, 48, 944, 818, 1329, 55, 1338, 572, 319, 192, 1089, 579, 197, 965, 841, 330, 971, 1490, 1109, 1365, 728, 1368, 93, 223, 97, 625, 631, 890], "point_pitch": 0.06775219837692781, "camera_rotation_from_original_to_final": [0.03411054611206055, 0.0234979335218668, 1.7358249425888062], "camera_location": [0.4931855797767639, -7.2360944747924805, 1.5182243585586548], "camera_rotation_original": [1.5842092037200928, -0.010877704247832298, 0.6175836324691772], "view_id": 7, "point_location": [-3.0959208011627197, -10.803584098815918, 1.7959498167037964], "camera_distance": 5.068115808444733, "bounding_box_ranges": {"x": [-12.062334903362464, -7.2360944747924805], "y": [-3.540733643799483, 0.4931855797767639], "z": [-0.010200776619037316, 2.4213297408313745]}, "obliqueness_angle": 0.8003357648849487, "resolution": 512, "point_uuid": "688", "point_normal": [0.9998154640197754, -0.015570714138448238, 0.011256637051701546], "camera_rotation_final": [1.6256259679794312, -0.01145575288683176, 2.3525452613830566], "vanishing_points_image": {"x": [54.686746195185606, 242.58322222544317], "y": [458.12057946581024, 247.31524529506999], "z": [258.0580480501542, 76.62589801826458]}, "camera_uuid": "c61bffa72844e019185a72c8df1f3454", "field_of_view_rads": 1.2126634893509944, "room": "856e4980d5eb3351797f528948f684e5"}