{"vanishing_points_gaussian_sphere": {"x": [-0.7042373972670991, -0.09714759529424255, 0.7032865938001437], "y": [0.7097771554461244, -0.0735789482700322, 0.7005729997496937], "z": [-0.016311894349528802, 0.9925464639501881, 0.12077019086971677]}, "nonfixated_points_in_view": [257, 258, 133, 517, 523, 1426, 788, 23, 153, 1179, 288, 932, 1191, 168, 1068, 1324, 46, 692, 1332, 823, 1208, 569, 186, 443, 953, 318, 1343, 580, 839, 1096, 76, 1229, 337, 600, 988, 1120, 1251, 1380, 870, 871, 1255, 1259, 239, 368, 1265, 1138, 1393, 884, 636, 893], "point_pitch": -0.14567880233260588, "camera_rotation_from_original_to_final": [0.04672563448548317, -0.13922294974327087, -1.3693674802780151], "camera_location": [0.3440798223018646, -5.207657814025879, 4.2956719398498535], "camera_rotation_original": [1.591770052909851, -0.020765699446201324, 2.1472725868225098], "view_id": 0, "point_location": [-5.0673627853393555, 0.22474639117717743, 3.3628039360046387], "camera_distance": 7.7243102043465806, "bounding_box_ranges": {"x": [-5.207657814025879, 1.5575081944692446], "y": [-7.431067432844692, 0.3440798223018646], "z": [-0.03703681050972496, 4.98216822149318]}, "obliqueness_angle": 0.7755300998687744, "resolution": 512, "point_uuid": "140", "point_normal": [0.9522531032562256, -0.1152738481760025, -0.2827121615409851], "camera_rotation_final": [1.4497144222259521, 0.0163126178085804, 0.7814804315567017], "vanishing_points_image": {"x": [-7.4819750146166735, 292.34660751527736], "y": [521.0000512669727, 283.47119277384024], "z": [251.7888536533466, -0.23991462820649812]}, "camera_uuid": "65572d2c193d1b3ea0911dbf66b34fb7", "field_of_view_rads": 0.9710788819923745, "room": "8de55a2e5745f73de25402626a4c3d61"}