{"vanishing_points_gaussian_sphere": {"x": [0.07569474382696591, -0.028573034598761513, 0.9967215696726885], "y": [0.9969760467320138, -0.015454957960221715, -0.07615711731055234], "z": [0.01758032990519395, 0.9994722237102269, 0.027316771993754794]}, "nonfixated_points_in_view": [7, 654, 17, 1170, 542, 1438, 806, 1447, 1064, 170, 687, 1465, 193, 456, 201, 712, 75, 1483, 334, 463, 208, 210, 338, 1366, 474, 1242, 604, 222, 228, 1382, 1386, 1133, 367, 623, 1010, 372, 245, 1018, 383], "point_pitch": -0.02173857291671233, "camera_rotation_from_original_to_final": [0.04955124855041504, -0.00513345655053854, 2.012108325958252], "camera_location": [1.9597357511520386, -5.512042045593262, 1.5149836540222168], "camera_rotation_original": [1.5890778303146362, 0.002467385260388255, 2.6240296363830566], "view_id": 13, "point_location": [6.344589710235596, -5.8470778465271, 1.3948094844818115], "camera_distance": 4.399276620959794, "bounding_box_ranges": {"x": [-8.544175481986631, -4.5222156807206435], "y": [1.9597357511520386, 6.51020718515647], "z": [-0.015759037627884498, 2.4277333152431178]}, "obliqueness_angle": 0.4117572009563446, "resolution": 512, "point_uuid": "591", "point_normal": [-0.9453677535057068, -0.32262447476387024, -0.04683288559317589], "camera_rotation_final": [1.5434719324111938, -0.017581235617399216, 4.63661003112793], "vanishing_points_image": {"x": [290.4221530446229, 268.9935755137267], "y": [475.0878485590003, 259.3962636315824], "z": [260.065963273249, 24.842941164733194]}, "camera_uuid": "5090c6fc5c0dcfff7ec7ff2b1a5d94fb", "field_of_view_rads": 1.0226622669372958, "room": "856e4980d5eb3351797f528948f684e5"}