{"vanishing_points_gaussian_sphere": {"x": [0.37221675938630566, -0.17613588076835143, 0.9112797789580949], "y": [0.9280414454646309, 0.08535313893042766, -0.36256574186572266], "z": [-0.013919753297949889, 0.9806584487887107, 0.19523126616257955]}, "nonfixated_points_in_view": [0, 1032, 530, 1048, 26, 1061, 1066, 1067, 48, 50, 55, 568, 570, 1084, 71, 1100, 88, 99, 100, 617, 115, 627, 119, 641, 644, 134, 646, 657, 658, 1176, 1194, 171, 684, 685, 688, 184, 701, 192, 706, 708, 197, 1232, 1236, 1243, 223, 753, 758, 1273, 1278, 254, 772, 1284, 774, 267, 802, 805, 296, 1320, 814, 1329, 818, 1336, 313, 827, 829, 327, 328, 1365, 1368, 858, 863, 1409, 1418, 1422, 912, 410, 1434, 933, 943, 944, 949, 958, 458, 1484, 465, 980, 984, 996, 1021], "point_pitch": -0.21750537951919036, "camera_rotation_from_original_to_final": [0.17122827470302582, -0.13146445155143738, -1.4570579528808594], "camera_location": [5.132575988769531, -10.393342971801758, 1.5002893209457397], "camera_rotation_original": [1.587233543395996, -0.019086314365267754, 2.634567975997925], "view_id": 5, "point_location": [1.3293347358703613, -8.880168914794922, 0.6854877471923828], "camera_distance": 4.173516718413587, "bounding_box_ranges": {"x": [-11.481223460987543, -5.8475292471585805], "y": [-3.547736389594501, 5.132575988769531], "z": [-0.029189875452846792, 2.4274282015146804]}, "obliqueness_angle": 0.9966126084327698, "resolution": 512, "point_uuid": "1286", "point_normal": [0.48516348004341125, 0.1818992793560028, 0.8552947044372559], "camera_rotation_final": [1.374283790588379, 0.013920202851295471, 1.1893612146377563], "vanishing_points_image": {"x": [412.88227984608193, 330.2379214283527], "y": [436.25101838720695, 239.42208713852025], "z": [252.460807074433, 6.660850802459601]}, "camera_uuid": "3d449594a2cb2c364ffe85b6c45b4104", "field_of_view_rads": 1.0177555871225314, "room": "856e4980d5eb3351797f528948f684e5"}