{"vanishing_points_gaussian_sphere": {"x": [-0.549869286645273, -0.14736464582143777, 0.8221480576916428], "y": [0.835026261561158, -0.0741701416254994, 0.5451879791360501], "z": [-0.01936259557537104, 0.9862973442391375, 0.16383723215255153]}, "nonfixated_points_in_view": [640, 258, 133, 1296, 914, 1426, 277, 23, 1051, 547, 1446, 295, 1065, 1203, 1076, 1204, 1332, 1208, 1209, 443, 318, 1219, 1220, 1477, 710, 839, 336, 337, 978, 1105, 1106, 1361, 1238, 600, 347, 227, 231, 1255, 1259, 364, 1138, 1139, 884, 252], "point_pitch": -0.17026953299972014, "camera_rotation_from_original_to_final": [0.08182601630687714, -0.16682220995426178, -1.5819940567016602], "camera_location": [0.27477186918258667, -2.2696449756622314, 2.261363983154297], "camera_rotation_original": [1.5901278257369995, -0.005768735893070698, 2.1587343215942383], "view_id": 9, "point_location": [-2.1547887325286865, 1.3941526412963867, 1.531244158744812], "camera_distance": 4.456372184736907, "bounding_box_ranges": {"x": [-2.2696449756622314, 1.5574435822687334], "y": [-7.235846627329006, 0.28733359548155407], "z": [-0.030571613473118653, 3.6001220081031216]}, "obliqueness_angle": 0.6214804649353027, "resolution": 512, "point_uuid": "580", "point_normal": [-0.02124599553644657, -0.9996330142021179, 0.01681044138967991], "camera_rotation_final": [1.4061859846115112, 0.019363805651664734, 0.5823311805725098], "vanishing_points_image": {"x": [58.54866739911782, 308.91684115186985], "y": [498.76415523182067, 277.56321615738796], "z": [251.53990913487897, 28.810635939245802]}, "camera_uuid": "72c78639c6d82fd06b6c6cb47f559896", "field_of_view_rads": 1.0885699802923718, "room": "8de55a2e5745f73de25402626a4c3d61"}