{"vanishing_points_gaussian_sphere": {"x": [-0.6339264007573497, -0.1913018224854243, 0.7493603479879273], "y": [0.7731324850301846, -0.13158603995385695, 0.6204444170756261], "z": [-0.020086787047298455, 0.9726709242097336, 0.2313175181068207]}, "nonfixated_points_in_view": [640, 257, 258, 133, 517, 523, 527, 1426, 788, 23, 153, 794, 1179, 288, 932, 1191, 168, 297, 1068, 1324, 692, 823, 1208, 569, 186, 826, 953, 1209, 318, 1343, 1219, 839, 76, 1229, 337, 1106, 1361, 600, 1251, 871, 1255, 1259, 368, 1137, 1138, 884, 634, 635, 893], "point_pitch": -0.23679272731276946, "camera_rotation_from_original_to_final": [0.18759006261825562, -0.17183911800384521, -1.8315509557724], "camera_location": [1.7699029445648193, -5.448235511779785, 4.298521995544434], "camera_rotation_original": [1.5894720554351807, -0.008107524365186691, 2.503649950027466], "view_id": 12, "point_location": [-3.887063980102539, 1.3841365575790405, 2.1894586086273193], "camera_distance": 9.117605766894163, "bounding_box_ranges": {"x": [-5.448235511779785, -4.872851431465408], "y": [1.45282623950117, 1.7699029445648193], "z": [3.80991172463958, 4.429276066935256]}, "obliqueness_angle": 0.7214283347129822, "resolution": 512, "point_uuid": "443", "point_normal": [0.003912386018782854, -0.9999845623970032, -0.00394709687680006], "camera_rotation_final": [1.337316632270813, 0.020088138058781624, 0.6867849826812744], "vanishing_points_image": {"x": [-2.9757418399849733, 334.15186642221494], "y": [542.3302018099192, 304.73298962969454], "z": [250.1975281539561, -24.97553082545141]}, "camera_uuid": "3d44530aec2e5604a8aef567eab9ad28", "field_of_view_rads": 0.928986423352281, "room": "77c77478b552f1977cad320741ba92a5"}