{"vanishing_points_gaussian_sphere": {"x": [-0.34210262766535493, 0.19047977844681685, 0.9201539252469182], "y": [0.9395872219436092, 0.08174504939404122, 0.33240577500978613], "z": [-0.011901449691123719, 0.978281759465246, -0.20693756206361458]}, "nonfixated_points_in_view": [67, 999, 552, 618, 467, 214, 471, 664, 1462, 1471], "point_pitch": 0.21179528633621736, "camera_rotation_from_original_to_final": [0.07510572671890259, -0.20766322314739227, 1.642734408378601], "camera_location": [3.2709619998931885, -3.7192935943603516, 1.5157769918441772], "camera_rotation_original": [1.5592020750045776, -0.004284437280148268, -1.3022267818450928], "view_id": 14, "point_location": [1.4677482843399048, 1.2723000049591064, 2.6383588314056396], "camera_distance": 5.424737224279544, "bounding_box_ranges": {"x": [-2.349659327343526, -0.04563512112798751], "y": [1.4453711530845548, 3.642458765296346], "z": [2.629897051175861, 3.2616154463395506]}, "obliqueness_angle": 1.2650461196899414, "resolution": 512, "point_uuid": "114", "point_normal": [-0.9993337988853455, -0.02885499969124794, -0.022347303107380867], "camera_rotation_final": [1.7792550325393677, 0.011901730671525002, 0.3491794168949127], "vanishing_points_image": {"x": [79.2043720158751, 157.56172643688708], "y": [570.4297891398746, 228.64428672089835], "z": [252.99055241471746, 8.627809623530291]}, "camera_uuid": "2d006a1a730dfc7454d6b6a574948a71", "field_of_view_rads": 0.8601902919613518, "room": "b882b325a4c32027bb7a3589209866b9"}