{"vanishing_points_gaussian_sphere": {"x": [-0.6376672703224643, -0.09224498077364784, 0.7647687989723212], "y": [0.7702929609450087, -0.08332415352251757, 0.6322229351726552], "z": [0.005404320315140247, 0.9922438959055507, 0.12418874490108234]}, "nonfixated_points_in_view": [256, 648, 268, 396, 270, 284, 1056, 1057, 419, 1187, 1315, 940, 434, 180, 308, 697, 444, 1212, 1345, 835, 72, 329, 713, 1352, 1355, 717, 974, 1230, 80, 1488, 1362, 723, 1115, 348, 476, 96, 1381, 998, 875, 1003, 621, 880, 243, 883, 629, 246, 253, 509, 1406], "point_pitch": -0.1325583895060678, "camera_rotation_from_original_to_final": [-0.027475662529468536, 0.12238480150699615, 2.1614909172058105], "camera_location": [-3.072143316268921, -10.485207557678223, 4.283509254455566], "camera_rotation_original": [1.5707898139953613, 0.009692680090665817, -1.4714287519454956], "view_id": 3, "point_location": [-6.0584001541137695, -6.872879505157471, 3.6969122886657715], "camera_distance": 4.7234246360106455, "bounding_box_ranges": {"x": [-10.485207557678223, -5.966538676153509], "y": [-7.284179172563723, -3.049127007166038], "z": [2.7651371367915507, 5.212402196878034]}, "obliqueness_angle": 1.516910195350647, "resolution": 512, "point_uuid": "853", "point_normal": [-0.5047500729560852, -0.3603063225746155, 0.7844787836074829], "camera_rotation_final": [1.446284294128418, -0.005404346622526646, 0.6914782524108887], "vanishing_points_image": {"x": [81.23802424536083, 281.2810765797955], "y": [446.6521401183729, 276.62322908044064], "z": [256.9753332210467, 76.92689207442437]}, "camera_uuid": "2c5b1635a824be2ef248c2dd24c5c6fe", "field_of_view_rads": 1.2949195466172778, "room": "ef914082afe6874a9bab2b30c864407b"}