{"vanishing_points_gaussian_sphere": {"x": [-0.4904174770323819, 0.01050561877178257, 0.8714243112258316], "y": [0.8711252644583415, -0.022923194806912708, 0.4905255352805081], "z": [0.025129103517191064, 0.9996820290042562, 0.0020902254318603242]}, "nonfixated_points_in_view": [388, 134, 774, 520, 777, 1033, 398, 911, 784, 1422, 146, 530, 658, 1428, 1048, 1176, 26, 410, 34, 36, 805, 678, 933, 296, 1063, 682, 1066, 1067, 301, 1194, 1319, 48, 688, 818, 944, 948, 1329, 1330, 55, 695, 827, 572, 192, 1089, 707, 197, 965, 327, 1094, 1221, 330, 971, 847, 980, 1236, 215, 472, 728, 1368, 1243, 221, 862, 223, 863, 97, 99, 100, 357, 996, 1253, 617, 1320, 117, 758, 375, 1013, 1269], "point_pitch": -0.014257593950953051, "camera_rotation_from_original_to_final": [-0.003441940061748028, -0.04484274610877037, 1.4824745655059814], "camera_location": [5.059991836547852, -7.579131126403809, 1.5203824043273926], "camera_rotation_original": [1.596900224685669, 0.009909546934068203, 0.6009308099746704], "view_id": 0, "point_location": [-1.8167465925216675, -11.450054168701172, 1.5038864612579346], "camera_distance": 7.891378133924343, "bounding_box_ranges": {"x": [-12.05648665110315, -7.579131126403809], "y": [-3.5483168386406243, 5.059991836547852], "z": [-0.01605658178341664, 2.4238185773631775]}, "obliqueness_angle": 1.4397555589675903, "resolution": 512, "point_uuid": "428", "point_normal": [0.5708461999893188, -0.7462760806083679, -0.3423546552658081], "camera_rotation_final": [1.568705439567566, -0.025131748989224434, 2.083542823791504], "vanishing_points_image": {"x": [29.29799038092044, 251.1436378200327], "y": [557.0751841554509, 263.92263223155845], "z": [262.5617736565208, -5.039443700402383]}, "camera_uuid": "e2c81e729be96548bbabfecfc7939d49", "field_of_view_rads": 0.9123668295087071, "room": "856e4980d5eb3351797f528948f684e5"}