{"vanishing_points_gaussian_sphere": {"x": [-0.2948711258075172, 0.06970836198504277, 0.9529909566382935], "y": [0.955284092961795, -0.0014404878024482115, 0.29568602728071525], "z": [0.021984560472484243, 0.9975663733628221, -0.06616653109071413]}, "nonfixated_points_in_view": [520, 1033, 530, 1048, 26, 1055, 34, 36, 1061, 1063, 1066, 1067, 48, 50, 55, 568, 572, 1084, 576, 577, 1089, 1094, 71, 88, 97, 99, 100, 617, 1132, 115, 117, 119, 641, 134, 650, 657, 146, 658, 1176, 678, 1194, 171, 685, 688, 695, 701, 192, 1217, 707, 708, 197, 1221, 714, 1232, 209, 722, 1236, 215, 728, 1243, 221, 743, 753, 757, 758, 1269, 1273, 254, 772, 1284, 774, 777, 784, 802, 805, 1319, 296, 1320, 301, 1329, 818, 827, 829, 327, 328, 841, 330, 847, 1365, 343, 1368, 862, 863, 357, 360, 885, 375, 388, 392, 906, 398, 911, 912, 1422, 406, 410, 933, 428, 943, 944, 948, 958, 965, 971, 465, 980, 472, 996, 501, 1013], "point_pitch": 0.04901929298904939, "camera_rotation_from_original_to_final": [0.051129598170518875, -0.0036203230265527964, 1.269410490989685], "camera_location": [5.059991836547852, -7.579131126403809, 1.5203824043273926], "camera_rotation_original": [1.596900224685669, 0.009909546934068203, 0.6009308099746704], "view_id": 10, "point_location": [-3.1001853942871094, -10.111002922058105, 2.0869457721710205], "camera_distance": 8.562701795455515, "bounding_box_ranges": {"x": [-12.057649286662976, -6.098532599094805], "y": [-3.5503726360227637, 5.059991836547852], "z": [-0.10205234322067969, 2.4256743720275282]}, "obliqueness_angle": 0.2870963215827942, "resolution": 512, "point_uuid": "223", "point_normal": [0.9996688365936279, 0.023812728002667427, 0.00976587738841772], "camera_rotation_final": [1.6370272636413574, -0.021986331790685654, 1.8701915740966797], "vanishing_points_image": {"x": [155.1010285686984, 232.14719988201585], "y": [456.8111695383082, 256.30280629861477], "z": [259.8120394729997, 83.02577124724708]}, "camera_uuid": "e2c81e729be96548bbabfecfc7939d49", "field_of_view_rads": 1.2408541950762046, "room": "856e4980d5eb3351797f528948f684e5"}