{"vanishing_points_gaussian_sphere": {"x": [0.4723161965340143, 0.2984394616461457, 0.829368011333932], "y": [0.8814039921729918, -0.1670292449218977, -0.44184639177245], "z": [0.006664313404620572, 0.9396994833845442, -0.34193635058833033]}, "nonfixated_points_in_view": [1026, 1296, 18, 23, 1051, 796, 547, 305, 1203, 1076, 1204, 1208, 1209, 443, 704, 1219, 580, 1220, 710, 839, 1480, 1354, 719, 336, 337, 464, 1105, 1106, 1361, 347, 231, 1259, 364, 1138, 371, 630], "point_pitch": 0.3413129607823233, "camera_rotation_from_original_to_final": [0.22611795365810394, -0.25540223717689514, 0.3319806754589081], "camera_location": [-6.425679683685303, -2.262380838394165, 1.4977667331695557], "camera_rotation_original": [1.5803217887878418, -0.003540406469255686, -0.8513162136077881], "view_id": 5, "point_location": [-4.484962463378906, 1.3804436922073364, 2.9996497631073], "camera_distance": 4.392289521543218, "bounding_box_ranges": {"x": [-2.262380838394165, 1.5575899567914857], "y": [-7.024127596959413, 0.7329277095490747], "z": [0.19186097602786023, 3.934401654856292]}, "obliqueness_angle": 0.47309380769729614, "resolution": 512, "point_uuid": "606", "point_normal": [0.0030179619789123535, -0.8762573003768921, -0.4818340837955475], "camera_rotation_final": [1.9197810888290405, -0.006664362736046314, -0.4919286072254181], "vanishing_points_image": {"x": [406.9357370032366, 160.6291860728807], "y": [391.03187601043226, 281.5890289704782], "z": [257.06453502152885, 105.89556327260226]}, "camera_uuid": "928222235a04d0c536e00fac4a58b265", "field_of_view_rads": 1.2002519202902997, "room": "8de55a2e5745f73de25402626a4c3d61"}