{"vanishing_points_gaussian_sphere": {"x": [-0.20585545170022415, 0.0654452030891374, 0.9763915497370501], "y": [0.9785576097472591, 0.006663341068664816, 0.2058655004888715], "z": [0.00696687957608094, 0.9978339166807392, -0.06541358658985288]}, "nonfixated_points_in_view": [1280, 642, 259, 764, 1028, 1159, 1288, 779, 893, 270, 15, 272, 528, 276, 149, 404, 1044, 409, 793, 156, 930, 419, 164, 421, 1317, 1068, 173, 46, 814, 1072, 437, 1206, 1461, 191, 321, 711, 1352, 73, 842, 715, 76, 717, 1355, 1233, 1234, 725, 1241, 603, 348, 988, 1371, 991, 224, 993, 1122, 611, 356, 1379, 870, 359, 616, 1380, 748, 1006, 239, 880, 1263, 1265, 1393, 756, 636, 509, 1406], "point_pitch": 0.04828353325394197, "camera_rotation_from_original_to_final": [-0.026184123009443283, 0.0434759147465229, -0.25404614210128784], "camera_location": [0.30798399448394775, -4.362792491912842, 3.736617088317871], "camera_rotation_original": [1.5856736898422241, -0.011059120297431946, 2.032072067260742], "view_id": 3, "point_location": [-7.222996711730957, -5.950647830963135, 4.241156578063965], "camera_distance": 7.713074120478225, "bounding_box_ranges": {"x": [-6.441765203335066, -1.3003447997358606], "y": [-7.431092359922622, 0.30798399448394775], "z": [-0.025331207804690503, 5.461340671751708]}, "obliqueness_angle": 0.4022650718688965, "resolution": 512, "point_uuid": "1420", "point_normal": [0.894412636756897, 0.08841376006603241, -0.4384167492389679], "camera_rotation_final": [1.6362582445144653, -0.006966935936361551, 1.7781392335891724], "vanishing_points_image": {"x": [180.69786141449757, 232.06007656308668], "y": [460.2256096180003, 254.60935638506538], "z": [257.26301955324584, 75.1035550569082]}, "camera_uuid": "73759aa4f227ecebe2f10f72d0e43db4", "field_of_view_rads": 1.1993953179352965, "room": "8de55a2e5745f73de25402626a4c3d61"}