{"vanishing_points_gaussian_sphere": {"x": [-0.5662161503893033, -0.27757605517022, 0.7761126236793582], "y": [0.8240033473652283, -0.16727129295855706, 0.5413305811450814], "z": [-0.02043904521295002, 0.9460295175881732, 0.32343530617833205]}, "nonfixated_points_in_view": [257, 258, 133, 517, 523, 140, 1166, 1296, 1426, 1427, 788, 23, 153, 1179, 288, 547, 1191, 168, 1068, 557, 46, 1324, 692, 1076, 1332, 823, 1208, 569, 186, 443, 953, 1081, 318, 1343, 1466, 580, 839, 1096, 76, 1229, 336, 1239, 600, 735, 1120, 867, 1251, 870, 871, 1255, 1259, 239, 368, 1265, 1138, 1393, 884, 893], "point_pitch": -0.3507198532435556, "camera_rotation_from_original_to_final": [0.16223402321338654, -0.3146724998950958, -1.5710718631744385], "camera_location": [0.3440798223018646, -5.207657814025879, 4.2956719398498535], "camera_rotation_original": [1.591770052909851, -0.020765699446201324, 2.1472725868225098], "view_id": 1, "point_location": [-4.31368350982666, 1.470236897468567, 1.512742042541504], "camera_distance": 8.604285949791535, "bounding_box_ranges": {"x": [-5.207657814025879, 1.5575937715295822], "y": [-7.4309418135861645, 1.0739733399270335], "z": [-0.030929511627245, 4.901454224292902]}, "obliqueness_angle": 0.6189699769020081, "resolution": 512, "point_uuid": "337", "point_normal": [0.01691446639597416, -0.994480550289154, 0.10354860126972198], "camera_rotation_final": [1.241367220878601, 0.020440468564629555, 0.6020514965057373], "vanishing_points_image": {"x": [95.26041456797671, 334.7993419178184], "y": [452.27010028701676, 295.84250009310136], "z": [251.76432787798888, 59.95019373463747]}, "camera_uuid": "65572d2c193d1b3ea0911dbf66b34fb7", "field_of_view_rads": 1.270017148652288, "room": "8de55a2e5745f73de25402626a4c3d61"}