{"vanishing_points_gaussian_sphere": {"x": [0.5509538116733669, -0.05396494561364327, 0.8327890981800283], "y": [0.8345019002263359, 0.026639565235730855, -0.5503607108821322], "z": [0.007515046322067972, 0.9981874163747847, 0.0597110196681434]}, "nonfixated_points_in_view": [256, 131, 266, 268, 396, 270, 656, 1177, 1056, 419, 676, 1187, 1315, 434, 308, 444, 1345, 72, 713, 1352, 717, 1488, 1362, 723, 853, 1115, 476, 348, 96, 1381, 998, 745, 875, 1003, 621, 110, 1134, 1261, 243, 883, 629, 246, 125], "point_pitch": -0.065869732699122, "camera_rotation_from_original_to_final": [-0.023068277165293694, 0.05773678421974182, 2.4580986499786377], "camera_location": [-3.072143316268921, -10.485207557678223, 4.283509254455566], "camera_rotation_original": [1.5707898139953613, 0.009692680090665817, -1.4714287519454956], "view_id": 2, "point_location": [-7.286151885986328, -7.700318336486816, 3.9813637733459473], "camera_distance": 5.06011520393831, "bounding_box_ranges": {"x": [-10.485207557678223, -5.969446457257876], "y": [-7.284179623074298, -3.072143316268921], "z": [2.765136780123176, 5.2124013292784905]}, "obliqueness_angle": 0.5905640721321106, "resolution": 512, "point_uuid": "1230", "point_normal": [0.9999740123748779, 0.004501876886934042, 0.00564547348767519], "camera_rotation_final": [1.5110480785369873, -0.007515117060393095, 0.9872709512710571], "vanishing_points_image": {"x": [472.24917055478346, 277.1812215120908], "y": [405.9043771341415, 251.2146454876814], "z": [257.7744094360691, 20.313738775006634]}, "camera_uuid": "2c5b1635a824be2ef248c2dd24c5c6fe", "field_of_view_rads": 1.019138813451826, "room": "ef914082afe6874a9bab2b30c864407b"}