{"vanishing_points_gaussian_sphere": {"x": [-0.5791711336013602, -0.05816113997517827, 0.8131285751956471], "y": [0.8152031413378975, -0.04395560051764476, 0.5775047562886019], "z": [0.0021532198539489416, 0.9973390531709471, 0.07287095899149135]}, "nonfixated_points_in_view": [896, 387, 1159, 779, 272, 528, 1042, 788, 793, 1180, 669, 925, 1446, 939, 1068, 1324, 46, 815, 563, 692, 1334, 442, 318, 1215, 322, 452, 1353, 842, 76, 1374, 1251, 484, 1379, 871, 1137, 1143, 1144, 121, 635, 636, 893], "point_pitch": -0.06886212428542571, "camera_rotation_from_original_to_final": [-0.06953530013561249, 0.018154729157686234, 0.8403154611587524], "camera_location": [-5.588504314422607, -6.667678356170654, 1.5075440406799316], "camera_rotation_original": [1.5696860551834106, -0.004471865016967058, -0.2234717458486557], "view_id": 12, "point_location": [-6.848554611206055, -4.893523216247559, 1.3485479354858398], "camera_distance": 2.181887456869425, "bounding_box_ranges": {"x": [-6.088376379428996, 1.3986152795249538], "y": [-7.378818497076785, -5.74153298076009], "z": [-0.0396695168631685, 4.003927963140029]}, "obliqueness_angle": 0.9631963968276978, "resolution": 512, "point_uuid": "1474", "point_normal": [0.9848426580429077, 0.012860675342381, 0.1729726493358612], "camera_rotation_final": [1.4978605508804321, -0.002153221517801285, 0.617713212966919], "vanishing_points_image": {"x": [45.72589939895395, 277.116006459379], "y": [502.94348416906206, 269.3151463606437], "z": [256.4814599089111, 32.995011070246804]}, "camera_uuid": "a16f93f6e5a1a0a39d5df06bb9e95552", "field_of_view_rads": 1.0721356203641834, "room": "8de55a2e5745f73de25402626a4c3d61"}