{"vanishing_points_gaussian_sphere": {"x": [-0.10011453616453918, -0.04404266114526654, 0.9940006658185911], "y": [0.9949408042316333, 0.003961725601988452, 0.10038476380987973], "z": [-0.008359170022793228, 0.9990217959231409, 0.04342321437931855]}, "nonfixated_points_in_view": [1280, 642, 764, 1288, 511, 779, 1420, 15, 527, 1199, 276, 149, 404, 1044, 1277, 1305, 27, 156, 412, 31, 160, 164, 292, 932, 679, 1190, 1321, 1068, 1069, 46, 1071, 1072, 1197, 690, 819, 692, 309, 437, 823, 947, 1206, 1082, 1083, 828, 1212, 1469, 321, 455, 73, 715, 76, 1356, 718, 1233, 1234, 1107, 725, 344, 603, 988, 993, 1122, 356, 1380, 870, 359, 616, 1006, 239, 368, 1263, 1265, 1393, 756, 120, 636, 893, 255], "point_pitch": -0.062002821764673755, "camera_rotation_from_original_to_final": [0.040128227323293686, -0.050202690064907074, -0.8335673809051514], "camera_location": [1.7699029445648193, -5.448235511779785, 4.298521995544434], "camera_rotation_original": [1.5894720554351807, -0.008107524365186691, 2.503649950027466], "view_id": 5, "point_location": [-3.361143112182617, -5.966423988342285, 4.074370384216309], "camera_distance": 5.162015105074826, "bounding_box_ranges": {"x": [-5.981113200218085, -5.448235511779785], "y": [0.9296895271838599, 1.7699029445648193], "z": [3.662341383447895, 4.830382807134714]}, "obliqueness_angle": 1.45992910861969, "resolution": 512, "point_uuid": "991", "point_normal": [0.010410211980342865, 0.9999438524246216, -0.001998920924961567], "camera_rotation_final": [1.5273579359054565, 0.008359267376363277, 1.6710823774337769], "vanishing_points_image": {"x": [217.23740934439488, 273.05254512243533], "y": [460.00694238191124, 255.18767074063067], "z": [254.3358992705849, 57.11986061245677]}, "camera_uuid": "3d44530aec2e5604a8aef567eab9ad28", "field_of_view_rads": 1.1629016097368283, "room": "77c77478b552f1977cad320741ba92a5"}