{"vanishing_points_gaussian_sphere": {"x": [-0.02516598737652173, 0.17815883282473996, 0.9836798785000592], "y": [0.9996810413967487, 0.0065703180296342, 0.024385372519226806], "z": [-0.0021186201350753813, 0.983979807316957, -0.17826735607285885]}, "nonfixated_points_in_view": [256, 514, 131, 1283, 1411, 266, 396, 400, 656, 1303, 1177, 1056, 803, 676, 1060, 41, 1454, 559, 432, 177, 1352, 1225, 717, 1101, 1230, 1488, 1362, 1494, 1115, 476, 96, 480, 1381, 102, 1127, 745, 875, 1003, 1261, 622, 1134, 883, 629, 125], "point_pitch": 0.1800106326725821, "camera_rotation_from_original_to_final": [0.05589938163757324, -0.17021648585796356, 2.872049331665039], "camera_location": [-2.806222438812256, -9.90909194946289, 4.287649154663086], "camera_rotation_original": [1.5709993839263916, -0.0022501780185848475, -1.2808427810668945], "view_id": 5, "point_location": [-7.277583599090576, -10.019936561584473, 5.097971439361572], "camera_distance": 4.545545001585317, "bounding_box_ranges": {"x": [-11.938401612095571, -6.98419173967477], "y": [-7.284179101363443, -2.806222438812256], "z": [2.769009501499929, 5.212389108210717]}, "obliqueness_angle": 0.0541827455163002, "resolution": 512, "point_uuid": "110", "point_normal": [0.9912004470825195, 0.0387432798743248, -0.1265728920698166], "camera_rotation_final": [1.750022053718567, 0.0021186217200011015, 1.595965027809143], "vanishing_points_image": {"x": [246.63308903630443, 189.6883588353801], "y": [447.41332378020974, 254.74195232252464], "z": [255.63207876529785, 85.12129473500389]}, "camera_uuid": "48bee344cd0412ed9774218b24d4c13a", "field_of_view_rads": 1.1898991957393559, "room": "ef914082afe6874a9bab2b30c864407b"}