{"vanishing_points_gaussian_sphere": {"x": [0.37061769194004845, -0.04837138769939379, 0.9275250591078746], "y": [0.928638087920955, 0.037091169911808164, -0.3691280899323243], "z": [-0.016547751615976936, 0.9981404981096641, 0.058666156767318754]}, "nonfixated_points_in_view": [773, 1159, 522, 399, 272, 527, 528, 639, 786, 1045, 279, 408, 793, 1305, 669, 925, 1186, 164, 292, 421, 423, 1317, 1068, 941, 46, 430, 814, 689, 1198, 436, 692, 828, 1469, 190, 63, 1087, 1215, 322, 1342, 1474, 966, 711, 76, 1100, 335, 1234, 852, 981, 854, 1371, 1374, 224, 352, 736, 611, 1248, 997, 1254, 1379, 1380, 106, 1006, 239, 368, 1144, 1265, 756, 1143, 632, 636, 893, 127], "point_pitch": -0.06694190104934172, "camera_rotation_from_original_to_final": [0.056597888469696045, -0.05575868859887123, -1.4668381214141846], "camera_location": [0.13430264592170715, -5.5853047370910645, 1.5091227293014526], "camera_rotation_original": [1.588117241859436, -0.006452574394643307, 2.6567111015319824], "view_id": 4, "point_location": [-7.074354648590088, -2.716465711593628, 1.0531730651855469], "camera_distance": 7.771928194061079, "bounding_box_ranges": {"x": [-6.242359007062217, -3.777394701910333], "y": [-3.5512464089830096, 0.13430264592170715], "z": [-0.08658369292128384, 2.4277257440444187]}, "obliqueness_angle": 0.4072537124156952, "resolution": 512, "point_uuid": "779", "point_normal": [0.9996983408927917, 0.02318267896771431, -0.008108853362500668], "camera_rotation_final": [1.512088418006897, 0.016548506915569305, 1.1910676956176758], "vanishing_points_image": {"x": [389.0804082624003, 273.3690683506158], "y": [406.9499873471918, 249.970835676776], "z": [252.71743073687398, 57.99936550820325]}, "camera_uuid": "caab66acefae8cc00595de890566047d", "field_of_view_rads": 1.173362788615671, "room": "856e4980d5eb3351797f528948f684e5"}