{"vanishing_points_gaussian_sphere": {"x": [-0.5418037421327913, -0.018117317986924255, 0.8403097451534551], "y": [0.8405004344578166, -0.00837269306618862, 0.541746174593823], "z": [-0.0027793321366190193, 0.9998008105616739, 0.019763970074210515]}, "nonfixated_points_in_view": [1027, 1159, 394, 779, 272, 528, 786, 1043, 1045, 279, 281, 793, 1305, 925, 1186, 164, 292, 1316, 1317, 1448, 811, 941, 430, 814, 1069, 1071, 1198, 436, 828, 1469, 702, 63, 190, 191, 1474, 1476, 1349, 458, 1100, 335, 1234, 1363, 852, 729, 1241, 859, 1371, 1374, 736, 1248, 611, 1379, 106, 1006, 1135, 756, 1143, 122, 636, 255], "point_pitch": -0.014503522715296313, "camera_rotation_from_original_to_final": [-0.006635129451751709, 0.024927090853452682, -3.0203521251678467], "camera_location": [-1.9384469985961914, -2.428041458129883, 1.5036466121673584], "camera_rotation_original": [1.5763559341430664, -0.0021221297793090343, -1.119526982307434], "view_id": 0, "point_location": [-7.212451457977295, -5.828183650970459, 1.3796021938323975], "camera_distance": 6.276262909833303, "bounding_box_ranges": {"x": [-6.1113018643131545, -2.2488700246766133], "y": [-7.431151385544805, -1.9384469985961914], "z": [-0.018023905568595427, 5.4784885041598494]}, "obliqueness_angle": 0.5859788060188293, "resolution": 512, "point_uuid": "689", "point_normal": [0.9997926354408264, -0.01341409981250763, 0.015322649851441383], "camera_rotation_final": [1.5510309934616089, 0.0027793357148766518, -4.139804840087891], "vanishing_points_image": {"x": [82.3822677875723, 261.8055849711911], "y": [470.18985876835296, 258.13366450728194], "z": [255.478424026253, 68.37503986979357]}, "camera_uuid": "a7a591d05adb833dd3d4b184074676ca", "field_of_view_rads": 1.2064526032198646, "room": "8de55a2e5745f73de25402626a4c3d61"}