{"vanishing_points_gaussian_sphere": {"x": [-0.6741110167186686, 0.08076216612588628, 0.7342014775667357], "y": [0.7385478935742504, 0.08852372468805256, 0.6683640916928374], "z": [-0.011015717659805083, 0.9927945521053229, -0.1193215457259536]}, "nonfixated_points_in_view": [3, 388, 1146, 1287, 520, 137, 12, 1039, 784, 529, 1424, 275, 1432, 665, 538, 285, 415, 544, 1443, 1188, 165, 43, 1067, 429, 174, 1070, 944, 1328, 821, 566, 695, 1080, 1464, 1338, 65, 1221, 1228, 1484, 975, 1231, 607, 863, 1378, 617, 362, 363, 746, 237, 1130, 241, 1269, 758, 1271, 378, 894], "point_pitch": 0.13050682941940828, "camera_rotation_from_original_to_final": [0.10198042541742325, 0.02601916901767254, -2.5209383964538574], "camera_location": [-2.1478989124298096, -7.17814826965332, 1.5089408159255981], "camera_rotation_original": [1.586061954498291, -0.002639547921717167, 0.12005194276571274], "view_id": 3, "point_location": [1.4999608993530273, -11.185338020324707, 2.1601834297180176], "camera_distance": 5.457890379443158, "bounding_box_ranges": {"x": [-12.063211215279686, -7.17814826965332], "y": [-2.1478989124298096, 6.389956041826806], "z": [-0.02720187601082169, 2.4204616555372027]}, "obliqueness_angle": 0.8576076626777649, "resolution": 512, "point_uuid": "1404", "point_normal": [-0.9998000264167786, -0.017458496615290642, 0.009756230749189854], "camera_rotation_final": [1.6904101371765137, 0.011015940457582474, -2.4017767906188965], "vanishing_points_image": {"x": [-31.39055575177863, 221.5690483748281], "y": [555.2945565208762, 220.12599757902746], "z": [253.19507279485396, 3.205172252908716]}, "camera_uuid": "3dfb7fb5350fdc03281337b3a75a5e86", "field_of_view_rads": 0.8858988652030824, "room": "856e4980d5eb3351797f528948f684e5"}