{"vanishing_points_gaussian_sphere": {"x": [-0.5662045400668599, 0.07531995016827012, 0.8208162546601553], "y": [0.8242646944033265, 0.052178373635537505, 0.5637952916484326], "z": [-0.00036382394971482413, 0.9957933131083978, -0.09162720775366923]}, "nonfixated_points_in_view": [270, 1173, 22, 284, 924, 670, 1057, 291, 548, 38, 554, 427, 1453, 431, 434, 697, 58, 188, 1212, 1341, 835, 454, 329, 713, 1355, 974, 80, 592, 726, 1111, 1112, 217, 348, 349, 738, 108, 880, 1393, 370, 761, 1014, 1015, 253, 509, 1406], "point_pitch": 0.08822234074142976, "camera_rotation_from_original_to_final": [0.07642810791730881, -0.044462356716394424, -0.42616114020347595], "camera_location": [-6.867229461669922, -9.096433639526367, 4.286715030670166], "camera_rotation_original": [1.574166178703308, -0.001123880734667182, -0.544407844543457], "view_id": 1, "point_location": [-0.8372793793678284, -4.95463228225708, 4.959835052490234], "camera_distance": 7.346285242385932, "bounding_box_ranges": {"x": [-9.096433639526367, -5.9602358662916615], "y": [-6.867229461669922, -1.7645147962545913], "z": [2.765152115490002, 5.21239967256204]}, "obliqueness_angle": 1.323933482170105, "resolution": 512, "point_uuid": "819", "point_normal": [0.02816760167479515, -0.320559561252594, -0.9468095302581787], "camera_rotation_final": [1.6625522375106812, 0.00036382395774126053, -0.9689024090766907], "vanishing_points_image": {"x": [43.89317789437251, 227.78426850929262], "y": [509.52052513086795, 239.9514069031771], "z": [255.92316311048745, 45.69592068743424]}, "camera_uuid": "7f2779005da07c7c8e1ad24c5414740e", "field_of_view_rads": 1.0504665966088842, "room": "ef914082afe6874a9bab2b30c864407b"}