{"vanishing_points_gaussian_sphere": {"x": [0.05394902764066954, -0.29584928867890803, 0.9537099668163328], "y": [0.9978861908967586, 0.05062782801648085, -0.04074276681684384], "z": [-0.03623054559600709, 0.9538920386597837, 0.2979552418523591]}, "nonfixated_points_in_view": [898, 6, 395, 1035, 1171, 791, 162, 674, 1445, 1449, 950, 954, 1090, 68, 838, 1226, 206, 597, 730, 92, 477, 992, 610, 232, 105, 236, 1011, 887], "point_pitch": -0.2931844433161874, "camera_rotation_from_original_to_final": [0.27369654178619385, -0.18892492353916168, -2.806774854660034], "camera_location": [3.7044036388397217, -10.948698043823242, 4.2955145835876465], "camera_rotation_original": [1.5925167798995972, -0.030547533184289932, 2.7276031970977783], "view_id": 1, "point_location": [3.912196636199951, -6.084662437438965, 2.775906801223755], "camera_distance": 5.10012038405245, "bounding_box_ranges": {"x": [-10.948698043823242, -4.6733291128822065], "y": [2.072276751006908, 4.12139562260321], "z": [2.765659599280327, 5.10651218709848]}, "obliqueness_angle": 1.267934799194336, "resolution": 512, "point_uuid": "504", "point_normal": [0.00019587027782108635, -0.0003202107618562877, 0.9999999403953552], "camera_rotation_final": [1.2680413722991943, 0.036238476634025574, -0.054010726511478424], "vanishing_points_image": {"x": [280.4870334593757, 390.283633044605], "y": [488.21880633320046, 244.2183620772781], "z": [245.89099202453593, -10.153933591497811]}, "camera_uuid": "7932379097c760f1e8c634ee2e00522a", "field_of_view_rads": 0.9888069660926013, "room": "77c77478b552f1977cad320741ba92a5"}