{"vanishing_points_gaussian_sphere": {"x": [-0.6167326040640949, 0.12187058060885332, 0.7776814622108345], "y": [0.7871572901733234, 0.10166728460899256, 0.6083150201722989], "z": [-0.004929057852242057, 0.9873253388940725, -0.15863284516894394]}, "nonfixated_points_in_view": [448, 992, 1249, 836, 1445, 230, 495, 498, 1429, 536, 1246], "point_pitch": 0.15302164951828523, "camera_rotation_from_original_to_final": [0.005607967730611563, -0.16127721965312958, -2.4327890872955322], "camera_location": [7.131393909454346, -2.9630346298217773, 4.278573989868164], "camera_rotation_original": [1.5692344903945923, -0.007833980023860931, -1.6152243614196777], "view_id": 3, "point_location": [2.6494991779327393, -6.468846797943115, 5.192798614501953], "camera_distance": 5.763150462057197, "bounding_box_ranges": {"x": [-4.789544948891944, -2.9630346298217773], "y": [4.178220989557568, 7.131393909454346], "z": [3.0727426482271945, 5.206054680621819]}, "obliqueness_angle": 1.416943907737732, "resolution": 512, "point_uuid": "1377", "point_normal": [0.0034572335425764322, -0.013250283896923065, -0.9999062418937683], "camera_rotation_final": [1.7301040887832642, 0.004929077811539173, -4.047794342041016], "vanishing_points_image": {"x": [23.14245231426113, 209.98575598467067], "y": [517.0347891671692, 222.285393612675], "z": [254.94618847473535, 44.91405771609445]}, "camera_uuid": "04fc9afa35a5796af985c221dbfe1e92", "field_of_view_rads": 1.0128967809540428, "room": "5cd6a063c51df65aa0d61bbfd9882874"}