{"vanishing_points_gaussian_sphere": {"x": [-0.006254882842208714, -0.062266248316508774, 0.9980399745306884], "y": [0.9998921861001584, -0.013648973423696737, 0.005414951553390847], "z": [0.013285052370111036, 0.997966241836399, 0.062344907879130905]}, "nonfixated_points_in_view": [130, 135, 393, 780, 1165, 14, 1169, 274, 787, 1298, 21, 534, 1174, 792, 1054, 161, 550, 1318, 42, 556, 816, 825, 1468, 1216, 1475, 453, 70, 584, 585, 460, 851, 84, 979, 868, 358, 744, 1384, 877, 1401, 508, 765, 1023], "point_pitch": -0.04082922538253264, "camera_rotation_from_original_to_final": [-0.08186380565166473, -0.03403032571077347, 3.029142379760742], "camera_location": [-4.210936069488525, -6.891334056854248, 1.5098429918289185], "camera_rotation_original": [1.593726634979248, 0.010752296075224876, 0.11999154835939407], "view_id": 0, "point_location": [-4.185888290405273, -11.508030891418457, 1.2214490175247192], "camera_distance": 4.625763605383598, "bounding_box_ranges": {"x": [-11.514292669881254, -7.774751245305853], "y": [-3.5512641248545167, -3.5060857406983503], "z": [-0.017864101232825613, 2.3930038899918107]}, "obliqueness_angle": 0.17997674643993378, "resolution": 512, "point_uuid": "667", "point_normal": [-0.1757885068655014, 0.9844048619270325, 0.006746520753949881], "camera_rotation_final": [1.5084054470062256, -0.013285443186759949, 3.147848129272461], "vanishing_points_image": {"x": [253.80118812702796, 277.88878185852946], "y": [432.5712145230577, 258.4102756756353], "z": [258.4149385582185, 74.59106836241666]}, "camera_uuid": "41b233ae6d911bdc4a03358505e283ee", "field_of_view_rads": 1.2569866654956483, "room": "856e4980d5eb3351797f528948f684e5"}