{"vanishing_points_gaussian_sphere": {"x": [0.14683182775435338, -0.06348283905435614, 0.9871222535754701], "y": [0.9890838496467174, -0.0030788941012169163, -0.1473216168087474], "z": [0.012391639372810698, 0.9979781809021239, 0.06233777119004176]}, "nonfixated_points_in_view": [530, 535, 1048, 26, 1055, 36, 1061, 50, 55, 568, 1084, 576, 577, 71, 88, 1132, 115, 119, 1152, 641, 644, 138, 650, 141, 657, 1176, 678, 1194, 685, 688, 701, 1217, 707, 708, 197, 200, 714, 1232, 209, 722, 223, 229, 743, 753, 757, 1273, 254, 772, 1284, 774, 777, 802, 805, 1320, 1329, 818, 315, 827, 829, 1346, 327, 328, 841, 1365, 343, 1368, 360, 373, 885, 392, 906, 912, 401, 406, 410, 933, 943, 944, 948, 958, 967, 465, 489, 501, 1013, 1021], "point_pitch": -0.08740429481002288, "camera_rotation_from_original_to_final": [-0.060475606471300125, -0.06837660074234009, 0.8244485259056091], "camera_location": [5.059991836547852, -7.579131126403809, 1.5203824043273926], "camera_rotation_original": [1.596900224685669, 0.009909546934068203, 0.6009308099746704], "view_id": 6, "point_location": [-1.7210381031036377, -6.567105770111084, 1.0921530723571777], "camera_distance": 6.869493455369645, "bounding_box_ranges": {"x": [-11.173332571268979, -3.134084323807939], "y": [-3.5507564906523594, 5.059991836547852], "z": [-0.10249470448380826, 2.4277182785873497]}, "obliqueness_angle": 1.444406509399414, "resolution": 512, "point_uuid": "171", "point_normal": [-0.022204166278243065, -0.9996911883354187, 0.011159313842654228], "camera_rotation_final": [1.508413314819336, -0.012391956523060799, 1.4234203100204468], "vanishing_points_image": {"x": [316.73738192780127, 282.2598477487879], "y": [448.9873785081675, 256.60074552982576], "z": [258.6794372132285, 40.20773914979584]}, "camera_uuid": "e2c81e729be96548bbabfecfc7939d49", "field_of_view_rads": 1.0969490109968867, "room": "856e4980d5eb3351797f528948f684e5"}