{"vanishing_points_gaussian_sphere": {"x": [-0.6069307521024929, -0.2168551182789092, 0.7645972271912466], "y": [0.794748320086125, -0.1617442002602682, 0.5849905310365703], "z": [-0.0031890237667105354, 0.9627111048276148, 0.27051277006642177]}, "nonfixated_points_in_view": [1027, 1159, 272, 528, 786, 1043, 1045, 793, 281, 925, 1316, 1317, 1448, 811, 941, 814, 1069, 1198, 689, 436, 702, 63, 190, 191, 1474, 1476, 1349, 458, 1100, 729, 1241, 859, 1371, 1374, 736, 1248, 106, 1135, 1143, 122], "point_pitch": -0.2689029415461679, "camera_rotation_from_original_to_final": [-0.119693323969841, 0.2532234489917755, -2.9557690620422363], "camera_location": [-1.9384469985961914, -2.428041458129883, 1.5036466121673584], "camera_rotation_original": [1.5763559341430664, -0.0021221297793090343, -1.119526982307434], "view_id": 7, "point_location": [-6.203999042510986, -5.691600799560547, -0.005497172474861145], "camera_distance": 5.578823334393325, "bounding_box_ranges": {"x": [-6.086298838634903, -2.428041458129883], "y": [-7.230810824633425, -1.9384469985961914], "z": [-0.015186564125705404, 2.666724429579707]}, "obliqueness_angle": 1.2961575984954834, "resolution": 512, "point_uuid": "852", "point_normal": [0.0006941194296814501, 0.0002661464677657932, 0.9999997615814209], "camera_rotation_final": [1.2968692779541016, 0.003189029172062874, -4.060192108154297], "vanishing_points_image": {"x": [-0.7952113526265437, 347.75240460039726], "y": [549.5801054623003, 315.74832304795456], "z": [255.036178198162, -34.96112778786959]}, "camera_uuid": "a7a591d05adb833dd3d4b184074676ca", "field_of_view_rads": 0.9108447560915915, "room": "8de55a2e5745f73de25402626a4c3d61"}