{"vanishing_points_gaussian_sphere": {"x": [0.176239660711856, 0.27132701193543424, 0.946214158944136], "y": [0.9843466797965335, -0.04964689618041685, -0.16910588302360074], "z": [0.0010936021720432882, 0.9612059291815879, -0.27582959547599256]}, "nonfixated_points_in_view": [24, 776], "point_pitch": 0.2723253528263907, "camera_rotation_from_original_to_final": [-0.27894529700279236, 0.033228423446416855, -1.6107194423675537], "camera_location": [9.494723320007324, -4.332158088684082, 1.4864108562469482], "camera_rotation_original": [1.5694440603256226, -0.00708291120827198, 3.0008411407470703], "view_id": 0, "point_location": [7.681892395019531, -4.008171558380127, 2.014866590499878], "camera_distance": 1.9158780518117549, "bounding_box_ranges": {"x": [-5.063425646667876, -3.1449053166994574], "y": [7.5626470342217615, 9.494723320007324], "z": [0.9933311844572997, 2.415978527792001]}, "obliqueness_angle": 0.8719961047172546, "resolution": 512, "point_uuid": "151", "point_normal": [0.3879392147064209, -0.15017418563365936, -0.9093684554100037], "camera_rotation_final": [1.850249171257019, -0.0010936023900285363, 1.3936312198638916], "vanishing_points_image": {"x": [330.2357941730188, 141.71144468695573], "y": [457.43243300603683, 266.1595253929099], "z": [256.2132955000941, 68.52698229819525]}, "camera_uuid": "39ec3b209397fe39b3a26b2318ed7cef", "field_of_view_rads": 1.0462775653270615, "room": "66bc78dc545e1a7b7ac07302c82067c1"}