{"vanishing_points_gaussian_sphere": {"x": [0.1829673108497602, -0.0017107677428393727, 0.9831175089653004], "y": [0.9831189813590313, 0.00013742464773805937, -0.18296734573701098], "z": [0.00017791005572514264, 0.9999985271930136, 0.001707032458923242]}, "nonfixated_points_in_view": [1026, 516, 13, 18, 20, 546, 1059, 39, 552, 1065, 45, 557, 1076, 64, 578, 67, 580, 1095, 1096, 589, 590, 1112, 1114, 92, 1126, 615, 618, 114, 118, 630, 647, 1162, 653, 1172, 661, 664, 668, 1189, 681, 178, 179, 691, 1202, 1203, 1213, 196, 720, 213, 214, 1240, 1244, 735, 227, 236, 769, 261, 1285, 263, 1294, 271, 1296, 1306, 796, 1309, 302, 305, 1354, 843, 332, 844, 336, 849, 340, 1377, 364, 370, 888, 1400, 1407, 1415, 907, 1427, 414, 931, 424, 1455, 945, 435, 1462, 951, 1466, 445, 1471, 450, 1477, 1479, 1480, 461, 467, 468, 999, 489, 1001, 1014], "point_pitch": -0.02147309382888274, "camera_rotation_from_original_to_final": [0.002388275694102049, 0.02038789726793766, -1.0374033451080322], "camera_location": [-6.215150356292725, 0.12702560424804688, 1.4902317523956299], "camera_rotation_original": [1.5806941986083984, -0.017110392451286316, -0.7174729108810425], "view_id": 3, "point_location": [1.4514421224594116, -1.2997993230819702, 1.4769192934036255], "camera_distance": 7.798246493469787, "bounding_box_ranges": {"x": [-5.988801700796029, 1.478239335022575], "y": [-6.215150356292725, 1.4911618344433535], "z": [-0.02649873159879048, 5.462607942260753]}, "obliqueness_angle": 0.16884565353393555, "resolution": 512, "point_uuid": "471", "point_normal": [-0.9998849034309387, 0.015160413458943367, 0.0007515910547226667], "camera_rotation_final": [1.5690892934799194, -0.0001779100566636771, -1.7548002004623413], "vanishing_points_image": {"x": [335.16428984264354, 256.7401962285973], "y": [454.1460533944379, 255.97230228273003], "z": [256.03917129417715, 35.825618480328984]}, "camera_uuid": "7d18db1fca787c6dcd4baad30e113130", "field_of_view_rads": 1.0539386844937009, "room": "8de55a2e5745f73de25402626a4c3d61"}