{"vanishing_points_gaussian_sphere": {"x": [0.4898607441773421, 0.027124707998096076, 0.87137862122618], "y": [0.8716438900986406, 0.0037178995598221476, -0.4901256023475738], "z": [-0.01653421203836414, 0.9996251434607281, -0.02182183295209909]}, "nonfixated_points_in_view": [0, 641, 1409, 644, 772, 646, 774, 1032, 1284, 1286, 267, 1418, 141, 912, 657, 530, 1048, 1176, 410, 1434, 1278, 802, 805, 1061, 1320, 1194, 171, 685, 814, 943, 944, 50, 818, 55, 184, 313, 568, 570, 827, 701, 829, 958, 1084, 1336, 66, 706, 1346, 197, 71, 327, 328, 458, 1100, 1484, 1232, 465, 1236, 1365, 88, 1368, 99, 617, 753, 115, 627, 1013, 119, 1273, 1021, 254], "point_pitch": 0.002824978032384351, "camera_rotation_from_original_to_final": [-0.02201451174914837, -0.02852034568786621, -1.5754575729370117], "camera_location": [5.132575988769531, -10.393342971801758, 1.5002893209457397], "camera_rotation_original": [1.587233543395996, -0.019086314365267754, 2.634567975997925], "view_id": 9, "point_location": [-1.6745479106903076, -6.564529895782471, 1.6707594394683838], "camera_distance": 7.811901813255893, "bounding_box_ranges": {"x": [-10.393342971801758, -4.8546880244991195], "y": [-3.5508755957950946, 5.132575988769531], "z": [-0.029105527749154203, 2.4265739672075526]}, "obliqueness_angle": 1.0549089908599854, "resolution": 512, "point_uuid": "708", "point_normal": [0.016109880059957504, -0.9853967428207397, 0.16951079666614532], "camera_rotation_final": [1.5926228761672974, 0.016534965485334396, 1.0587894916534424], "vanishing_points_image": {"x": [482.4354852799058, 243.46175011647583], "y": [438.61563535826247, 255.221073424563], "z": [251.7336081339594, -1.9374554562974782]}, "camera_uuid": "3d449594a2cb2c364ffe85b6c45b4104", "field_of_view_rads": 0.9123668295087071, "room": "856e4980d5eb3351797f528948f684e5"}