{"vanishing_points_gaussian_sphere": {"x": [0.2054916629191974, 0.0026390417968889736, 0.9786553080268341], "y": [0.9785605786283337, 0.01361809512919024, -0.20550849481136582], "z": [-0.013869766590819338, 0.9999037868432376, 0.00021594274610109342]}, "nonfixated_points_in_view": [1280, 642, 1020, 1277, 794, 155, 27, 412, 1312, 164, 932, 1190, 679, 1321, 1068, 1197, 46, 175, 1199, 561, 690, 691, 819, 309, 947, 1082, 1083, 455, 73, 457, 1481, 76, 1356, 1486, 592, 344, 988, 993, 1122, 1124, 1380, 872, 377, 1006, 239, 1265, 882, 1393, 120, 505, 636, 893, 638, 511], "point_pitch": -0.0081309517237802, "camera_rotation_from_original_to_final": [0.009852210991084576, -0.024309175089001656, -1.6105775833129883], "camera_location": [3.9411685466766357, -6.047142028808594, 4.286668300628662], "camera_rotation_original": [1.584341049194336, -0.008459939621388912, 2.9743051528930664], "view_id": 0, "point_location": [-7.235293388366699, -3.7001898288726807, 4.284201622009277], "camera_distance": 11.420223189913058, "bounding_box_ranges": {"x": [-6.853839862636114, -4.755081232639627], "y": [0.9297408841489454, 3.9411685466766357], "z": [2.7770933376781883, 5.213111347212418]}, "obliqueness_angle": 0.2241041511297226, "resolution": 512, "point_uuid": "1072", "point_normal": [0.9996637105941772, 0.016237393021583557, 0.02022356353700161], "camera_rotation_final": [1.5705803632736206, 0.013870211318135262, 1.3638100624084473], "vanishing_points_image": {"x": [341.9047064853117, 254.89676248786134], "y": [445.44103995908927, 253.36365212345686], "z": [253.0387086461024, 42.51360718151664]}, "camera_uuid": "6d257e4888f9878e655953370ee5e983", "field_of_view_rads": 1.0802166483043967, "room": "77c77478b552f1977cad320741ba92a5"}