{"vanishing_points_gaussian_sphere": {"x": [-0.10005104085378286, 0.1685603369003528, 0.9806004293534214], "y": [0.994980355312651, 0.014998118632826744, 0.09894012825636765], "z": [0.0019702197810139966, 0.9855772264320616, -0.16921480128079602]}, "nonfixated_points_in_view": [517, 13, 910, 16, 1427, 284, 1057, 936, 1321, 305, 434, 690, 180, 697, 455, 329, 715, 844, 974, 80, 341, 735, 1375, 867, 253, 509], "point_pitch": 0.1681700507786612, "camera_rotation_from_original_to_final": [0.014026960358023643, -0.16751588881015778, 1.5643914937973022], "camera_location": [-3.781970262527466, -8.79295825958252, 4.280111312866211], "camera_rotation_original": [1.5727763175964355, 0.0018530383240431547, -1.4653403759002686], "view_id": 2, "point_location": [-4.055114269256592, -6.085814476013184, 4.747262954711914], "camera_distance": 2.760700252499187, "bounding_box_ranges": {"x": [-8.79295825958252, -5.960105057262408], "y": [-5.897572413277454, -2.417695067432503], "z": [3.2301191360241033, 5.211162235911613]}, "obliqueness_angle": 0.19894197583198547, "resolution": 512, "point_uuid": "1212", "point_normal": [0.011004913598299026, -0.9999088644981384, 0.007822031155228615], "camera_rotation_final": [1.740829586982727, -0.0019702210556715727, 0.10021891444921494], "vanishing_points_image": {"x": [214.9086645980408, 186.77164135491594], "y": [475.1249359444556, 252.69695811866276], "z": [256.38026399506543, 65.77780388760698]}, "camera_uuid": "719f11efd7d094b502660bf8fb326352", "field_of_view_rads": 1.097604358023308, "room": "ef914082afe6874a9bab2b30c864407b"}