{"vanishing_points_gaussian_sphere": {"x": [-0.4766423029801181, 0.14458830787071786, 0.8671253290251023], "y": [0.8790846770269496, 0.0836860771742271, 0.46926194295256163], "z": [-0.004716526924885569, 0.9859466829977531, -0.1669936904780986]}, "nonfixated_points_in_view": [133, 140, 1166, 1296, 914, 1426, 1427, 23, 1051, 1179, 547, 1076, 1332, 1208, 1081, 1466, 443, 580, 710, 839, 336, 337, 1106, 600, 735, 1120, 1255, 1259, 1138, 884, 1407], "point_pitch": 0.16858191887405916, "camera_rotation_from_original_to_final": [-0.0945519208908081, 0.13305768370628357, -1.668185830116272], "camera_location": [0.21503694355487823, -3.282130241394043, 2.989867687225342], "camera_rotation_original": [1.575566053390503, 0.00037009804509580135, 2.1583032608032227], "view_id": 0, "point_location": [-1.4034440517425537, -0.291421115398407, 3.5658271312713623], "camera_distance": 3.4489927293419345, "bounding_box_ranges": {"x": [-3.282130241394043, 1.5575739303449727], "y": [-6.8074353857478656, 0.2807353356485926], "z": [0.5540290680867053, 4.230936250295189]}, "obliqueness_angle": 1.1370471715927124, "resolution": 512, "point_uuid": "1096", "point_normal": [0.0010683737928047776, -0.30041155219078064, -0.9538090825080872], "camera_rotation_final": [1.738577961921692, 0.004716544412076473, 0.4968372881412506], "vanishing_points_image": {"x": [55.94011616118581, 195.3123105183698], "y": [529.073228730667, 230.0042934532126], "z": [254.96506287500767, 39.65588880378189]}, "camera_uuid": "41fbfac86809ed0f1940b75ebedda277", "field_of_view_rads": 0.9877596796665504, "room": "8de55a2e5745f73de25402626a4c3d61"}