{"vanishing_points_gaussian_sphere": {"x": [0.6500126949949147, -0.28971848798398914, 0.7025287852221567], "y": [0.7599107380915938, 0.24248533656249785, -0.6031057383952347], "z": [0.004377953692897382, 0.9258855540899443, 0.37777873715843197]}, "nonfixated_points_in_view": [1088, 1155, 1348, 680, 619, 1195, 303, 754, 438, 985, 1275, 956, 95, 543], "point_pitch": -0.3813796480509897, "camera_rotation_from_original_to_final": [-0.38565561175346375, -0.051863305270671844, -2.3754324913024902], "camera_location": [-5.364199638366699, -8.788909912109375, 4.275810241699219], "camera_rotation_original": [1.5721772909164429, 0.007314607501029968, 0.10773365199565887], "view_id": 0, "point_location": [-2.5715744495391846, -11.186318397521973, 2.7741003036499023], "camera_distance": 3.9751045237300184, "bounding_box_ranges": {"x": [-11.600233298087712, -8.788909912109375], "y": [-5.364199638366699, -1.7641698578733576], "z": [2.7651377772117467, 4.4466716949109175]}, "obliqueness_angle": 1.1903232336044312, "resolution": 512, "point_uuid": "587", "point_normal": [0.013907819986343384, 0.005627913400530815, 0.9998875260353088], "camera_rotation_final": [1.183396339416504, -0.004377967678010464, -2.2784056663513184], "vanishing_points_image": {"x": [537.998124998728, 381.68996116235945], "y": [420.3209304773903, 203.5656624735442], "z": [257.51908889054516, -65.26937784109488]}, "camera_uuid": "c71ad462c76696bcaee0b134a2de9f61", "field_of_view_rads": 0.8536723439753914, "room": "ef914082afe6874a9bab2b30c864407b"}