{"vanishing_points_gaussian_sphere": {"x": [-0.5848926245952472, -0.20183011992589348, 0.7855986382274238], "y": [0.8110624917564285, -0.13496818017572512, 0.5691759172750605], "z": [-0.00884602509247263, 0.9700763851526089, 0.24263873311841802]}, "nonfixated_points_in_view": [938, 331, 145, 727, 824, 1086], "point_pitch": -0.25584833224746184, "camera_rotation_from_original_to_final": [-0.00448482483625412, -0.25871407985687256, -0.9775156378746033], "camera_location": [9.260228157043457, -5.390367031097412, 1.483417272567749], "camera_rotation_original": [1.5841377973556519, -0.003986796829849482, 1.603506326675415], "view_id": 2, "point_location": [7.679242134094238, -3.208228349685669, 0.8094451427459717], "camera_distance": 2.7776760809216703, "bounding_box_ranges": {"x": [-5.390367031097412, -3.140547383485049], "y": [7.559188415545183, 9.260228157043457], "z": [-0.022948237390099324, 2.301826394609588]}, "obliqueness_angle": 0.9577943682670593, "resolution": 512, "point_uuid": "767", "point_normal": [0.9999474883079529, -0.005123691633343697, 0.008878884837031364], "camera_rotation_final": [1.3257015943527222, 0.008846140466630459, 0.6247758865356445], "vanishing_points_image": {"x": [49.22619343785891, 327.35186942193076], "y": [499.36028184200046, 296.4973657407528], "z": [253.83893046892484, 19.011918137929197]}, "camera_uuid": "c1794b25c1fb8d8a110051a2a47edf91", "field_of_view_rads": 1.0753758396722433, "room": "66bc78dc545e1a7b7ac07302c82067c1"}