{"vanishing_points_gaussian_sphere": {"x": [-0.3778744578264507, 0.14937300614650367, 0.9137278583676447], "y": [0.9258554064999069, 0.0627028416076697, 0.372639396614496], "z": [-0.0016310662948151255, 0.9867907876997435, -0.16199160760256026]}, "nonfixated_points_in_view": [3, 1029, 518, 1032, 12, 1039, 17, 529, 538, 28, 542, 544, 1062, 551, 1064, 43, 51, 566, 1080, 60, 1085, 66, 1091, 69, 79, 591, 599, 89, 1113, 604, 1117, 98, 99, 104, 617, 623, 1141, 643, 649, 654, 1167, 144, 1170, 662, 1185, 165, 1192, 687, 703, 195, 198, 712, 1228, 208, 721, 216, 1242, 222, 228, 746, 747, 1258, 1264, 241, 771, 775, 1287, 1290, 1291, 275, 298, 1333, 824, 317, 832, 1351, 334, 848, 338, 1366, 1370, 860, 1378, 1382, 1386, 367, 1391, 372, 1399, 1403, 904, 1428, 1432, 415, 416, 1442, 1443, 420, 422, 934, 1447, 429, 946, 1460, 1464, 1465, 456, 1483, 972, 1484, 463, 977, 994, 1018], "point_pitch": 0.15652890602615877, "camera_rotation_from_original_to_final": [0.14740145206451416, -0.05508126690983772, -0.7971292734146118], "camera_location": [-1.2640292644500732, -10.590165138244629, 1.4937529563903809], "camera_rotation_original": [1.576294183731079, -0.003259384771808982, -0.3901067078113556], "view_id": 1, "point_location": [3.9300806522369385, -8.47188663482666, 2.414597511291504], "camera_distance": 5.684525975072634, "bounding_box_ranges": {"x": [-11.675930710942236, -3.162818417075905], "y": [-1.2640292644500732, 6.510076832018617], "z": [-0.03329195044519373, 2.427709846361277]}, "obliqueness_angle": 1.4028210639953613, "resolution": 512, "point_uuid": "116", "point_normal": [-0.0020864589605480433, -0.00884299073368311, -0.9999588131904602], "camera_rotation_final": [1.733505129814148, 0.0016310670180246234, -1.1832963228225708], "vanishing_points_image": {"x": [114.2197638533686, 199.95456044528376], "y": [487.88153631950746, 240.29600222506596], "z": [255.6925146635592, 69.97218597609067]}, "camera_uuid": "bf987798a26d9c5da496954cb31ac414", "field_of_view_rads": 1.1216599151928386, "room": "856e4980d5eb3351797f528948f684e5"}