{"vanishing_points_gaussian_sphere": {"x": [-0.031191512080010766, 0.058256544464668464, 0.9978142435349371], "y": [0.9992054496326563, 0.02659777502549512, 0.029682112257960146], "z": [-0.024810461474215714, 0.9979472598242501, -0.05903988152687302]}, "nonfixated_points_in_view": [768, 1281, 908, 141, 1170, 795, 28, 542, 671, 1182, 1058, 1442, 1447, 552, 1064, 1192, 686, 687, 1456, 946, 820, 1463, 1465, 1339, 1085, 1471, 66, 1091, 712, 969, 75, 972, 333, 334, 462, 208, 463, 338, 1483, 214, 599, 1366, 602, 1242, 860, 605, 94, 994, 228, 1382, 999, 1002, 1258, 1386, 367, 1009, 116, 372, 1140, 1141, 1018], "point_pitch": 0.06342299381760164, "camera_rotation_from_original_to_final": [-0.058610089123249054, -0.017650103196501732, -2.602966547012329], "camera_location": [5.132575988769531, -10.393342971801758, 1.5002893209457397], "camera_rotation_original": [1.587233543395996, -0.019086314365267754, 2.634567975997925], "view_id": 10, "point_location": [4.963442802429199, -4.707645416259766, 1.8367071151733398], "camera_distance": 5.69815224753875, "bounding_box_ranges": {"x": [-10.393342971801758, -3.1307446629364897], "y": [0.5656324670255222, 6.506241750276975], "z": [-0.016229886885744726, 2.4277315474597008]}, "obliqueness_angle": 0.10245532542467117, "resolution": 512, "point_uuid": "79", "point_normal": [0.06010647863149643, 0.9981439709663391, 0.009787449613213539], "camera_rotation_final": [1.6298887729644775, 0.024813007563352585, 0.031206181272864342], "vanishing_points_image": {"x": [244.2913109460351, 234.13162238670648], "y": [446.7825124848654, 250.9215745893533], "z": [251.4669537127375, 73.66799760127773]}, "camera_uuid": "3d449594a2cb2c364ffe85b6c45b4104", "field_of_view_rads": 1.1950193275152101, "room": "856e4980d5eb3351797f528948f684e5"}