{"vanishing_points_gaussian_sphere": {"x": [0.34108563166157707, -0.2524609964404306, 0.9054965693752395], "y": [0.9400305173216724, 0.08976563143627883, -0.3290664946736376], "z": [0.001793983827113577, 0.9634342617372247, 0.26793880818738636]}, "nonfixated_points_in_view": [1102, 1138, 1259, 318, 1137], "point_pitch": -0.2621626098963876, "camera_rotation_from_original_to_final": [-0.13497546315193176, 0.24445755779743195, 2.267777919769287], "camera_location": [-4.307779312133789, 0.3686792552471161, 1.49626624584198], "camera_rotation_original": [1.5781090259552002, -0.005691109225153923, -1.0627084970474243], "view_id": 9, "point_location": [-7.042409896850586, 1.362471580505371, 0.6870815753936768], "camera_distance": 3.0200343138595866, "bounding_box_ranges": {"x": [-0.09222405031309577, 1.5128414439190982], "y": [-7.232279961227535, -4.307779312133789], "z": [-0.030080326774289068, 2.1066055067071066]}, "obliqueness_angle": 1.2270511388778687, "resolution": 512, "point_uuid": "258", "point_normal": [0.007775772362947464, -0.9999638795852661, 0.003433217527344823], "camera_rotation_final": [1.2995429039001465, -0.0017939847894012928, 1.222724199295044], "vanishing_points_image": {"x": [414.1373727596211, 373.04837435362157], "y": [460.8086460381192, 236.4423610761033], "z": [256.5255856677551, -26.2585310637981]}, "camera_uuid": "5fb98853d32c905b4569c0e295d9d2d9", "field_of_view_rads": 0.9344647926463062, "room": "8de55a2e5745f73de25402626a4c3d61"}