{"vanishing_points_gaussian_sphere": {"x": [-0.10732710648704366, 0.08987444723592021, 0.990153258817622], "y": [0.9942237341958706, 0.009944436808414185, 0.10686568456797614], "z": [-0.00024202218392215685, 0.9959034551153045, -0.09042261616797667]}, "nonfixated_points_in_view": [800, 289, 1282, 995, 5, 294, 487, 742, 1093, 202, 1323, 876, 1394, 1142, 247, 921, 218, 637], "point_pitch": 0.10119660297897859, "camera_rotation_from_original_to_final": [0.003947693854570389, -0.08939901739358902, 1.7547940015792847], "camera_location": [5.573263168334961, -2.3623623847961426, 4.285065650939941], "camera_rotation_original": [1.5725040435791016, -0.010515237227082253, -1.6469796895980835], "view_id": 4, "point_location": [5.331865310668945, -0.125714510679245, 4.489320278167725], "camera_distance": 2.2588905232521856, "bounding_box_ranges": {"x": [-2.3623623847961426, -0.07794816296355966], "y": [4.177734432087854, 6.865217390368766], "z": [3.0171053110267576, 5.189059415666543]}, "obliqueness_angle": 0.29884690046310425, "resolution": 512, "point_uuid": "1073", "point_normal": [-0.18274378776550293, -0.9829208254814148, -0.021714292466640472], "camera_rotation_final": [1.6613426208496094, 0.0002420221862848848, 0.10753423720598221], "vanishing_points_image": {"x": [218.14507337088514, 224.30073298995794], "y": [443.0557896556765, 254.12902829021337], "z": [255.9587627651375, 86.311816820158]}, "camera_uuid": "e3114e1296a47d3a7c2d3fe9ea457ba1", "field_of_view_rads": 1.246384804508503, "room": "5cd6a063c51df65aa0d61bbfd9882874"}