{"vanishing_points_gaussian_sphere": {"x": [-0.5616096092664304, 0.18245061301826854, 0.8070355757888654], "y": [0.8272745222856404, 0.1409660403989005, 0.5438248249494695], "z": [-0.014543436893419808, 0.9730572178775068, -0.23010462659367273]}, "nonfixated_points_in_view": [0, 1284, 1418, 267, 912, 920, 410, 802, 293, 1061, 167, 171, 685, 50, 818, 693, 568, 313, 570, 827, 701, 829, 707, 708, 197, 71, 328, 1232, 119, 88, 740, 613, 242, 627, 885, 631, 1273, 254], "point_pitch": 0.2089231769230704, "camera_rotation_from_original_to_final": [-0.028217526152729988, 0.20692414045333862, -0.9872438311576843], "camera_location": [0.5467849373817444, -10.360032081604004, 1.5205349922180176], "camera_rotation_original": [1.5957993268966675, -0.011342709884047508, 1.5803825855255127], "view_id": 6, "point_location": [-1.5537523031234741, -7.242836952209473, 2.409320116043091], "camera_distance": 3.8625252488307926, "bounding_box_ranges": {"x": [-10.360032081604004, -5.953505902129986], "y": [-3.5506872085607273, 0.681589641049581], "z": [-0.016418865706359864, 2.4271162594062132]}, "obliqueness_angle": 1.3340078592300415, "resolution": 512, "point_uuid": "115", "point_normal": [0.018634041771292686, 0.006952524650841951, -0.99980229139328], "camera_rotation_final": [1.8030065298080444, 0.014543949626386166, 0.5964016914367676], "vanishing_points_image": {"x": [83.25814154359385, 199.88119888038716], "y": [464.4618448266492, 220.47848924650384], "z": [253.60705695316443, 95.89544419540388]}, "camera_uuid": "08b7810ec5503ef8e7e738fee540560e", "field_of_view_rads": 1.2183196182630884, "room": "856e4980d5eb3351797f528948f684e5"}