{"vanishing_points_gaussian_sphere": {"x": [0.2989648580464135, 0.2809418253014599, 0.9119713287431639], "y": [0.9542616264523703, -0.08583162662786067, -0.28638729048421935], "z": [-0.002182185547778785, 0.9558789790902924, -0.2937526432213599]}, "nonfixated_points_in_view": [1026, 516, 1028, 13, 18, 20, 32, 1059, 548, 38, 39, 552, 1065, 45, 557, 1076, 64, 578, 67, 580, 1095, 1096, 589, 590, 87, 1112, 92, 1126, 615, 618, 109, 114, 118, 630, 1148, 128, 647, 1162, 653, 148, 661, 1172, 664, 668, 160, 675, 1189, 681, 178, 179, 691, 1202, 1203, 1211, 1213, 196, 709, 204, 720, 213, 214, 1240, 1244, 735, 1250, 236, 762, 769, 261, 1285, 263, 1294, 271, 1296, 276, 1306, 1309, 1313, 813, 302, 305, 324, 839, 1354, 843, 844, 332, 336, 849, 340, 1369, 1377, 1390, 370, 888, 1400, 1405, 1407, 1415, 907, 1427, 919, 1431, 1436, 414, 931, 424, 1455, 945, 435, 1461, 1462, 951, 440, 1466, 445, 1471, 450, 1477, 1479, 1480, 461, 467, 468, 471, 475, 483, 999, 489, 502, 1014, 1022], "point_pitch": 0.27850504318741365, "camera_rotation_from_original_to_final": [0.23195038735866547, -0.17377708852291107, -1.1750603914260864], "camera_location": [-6.215150356292725, 0.12702560424804688, 1.4902317523956299], "camera_rotation_original": [1.5806941986083984, -0.017110392451286316, -0.7174729108810425], "view_id": 3, "point_location": [1.4626303911209106, -2.2840356826782227, 3.9633002281188965], "camera_distance": 8.41888349125639, "bounding_box_ranges": {"x": [-6.429892134108072, 1.4521994499258752], "y": [-6.215150356292725, 1.4901262361928698], "z": [-0.025773485363541626, 5.466436692001835]}, "obliqueness_angle": 0.4291524291038513, "resolution": 512, "point_uuid": "1114", "point_normal": [-0.9999719262123108, -0.00725980568677187, 0.0018650767160579562], "camera_rotation_final": [1.8689473867416382, 0.0021821872796863317, -1.874404788017273], "vanishing_points_image": {"x": [350.1418421650059, 167.53347872420292], "y": [398.99490147434483, 268.86176102319286], "z": [255.67405225312467, 113.2226821696648]}, "camera_uuid": "7d18db1fca787c6dcd4baad30e113130", "field_of_view_rads": 1.2834138659975616, "room": "8de55a2e5745f73de25402626a4c3d61"}