{"vanishing_points_gaussian_sphere": {"x": [0.4162925600391626, -0.043944582029807444, 0.9081681442146414], "y": [0.9090792969859354, 0.03834518827267036, -0.4148547677535973], "z": [-0.016593259101147385, 0.998297811400265, 0.05591192632921174]}, "nonfixated_points_in_view": [517, 523, 15, 527, 1044, 23, 27, 31, 1069, 46, 1071, 1072, 569, 1082, 1083, 73, 76, 1106, 600, 603, 1122, 616, 1137, 1138, 120, 634, 635, 636, 640, 642, 133, 153, 1179, 156, 164, 1190, 679, 168, 1191, 1197, 1199, 690, 692, 1206, 1208, 1209, 186, 1219, 1229, 718, 1233, 1234, 725, 1251, 1259, 239, 1263, 1265, 756, 1277, 255, 1280, 257, 258, 1288, 779, 788, 1305, 292, 297, 1321, 1324, 819, 309, 823, 826, 828, 318, 1343, 321, 1356, 337, 1361, 344, 1380, 870, 359, 871, 368, 1393, 884, 893, 1420, 1426, 412, 932, 947, 437, 953, 443, 1469, 455, 988, 993, 1006, 511], "point_pitch": -0.06774537166091399, "camera_rotation_from_original_to_final": [0.04529673978686333, -0.06426223367452621, -1.363420009613037], "camera_location": [1.7699029445648193, -5.448235511779785, 4.298521995544434], "camera_rotation_original": [1.5894720554351807, -0.008107524365186691, 2.503649950027466], "view_id": 1, "point_location": [-7.104152202606201, -1.3945317268371582, 3.7521843910217285], "camera_distance": 9.77137896739981, "bounding_box_ranges": {"x": [-5.9699311159871735, -2.6211194328847505], "y": [-3.2478100121766826, 0.9441484832104019], "z": [2.707054279316721, 5.41276611571529]}, "obliqueness_angle": 0.44152089953422546, "resolution": 512, "point_uuid": "1068", "point_normal": [0.9999052286148071, 0.008089618757367134, -0.011145860888063908], "camera_rotation_final": [1.5148475170135498, 0.016594020649790764, 1.141369342803955], "vanishing_points_image": {"x": [425.8808177433215, 273.9329208523685], "y": [423.73056328531214, 248.92508359877888], "z": [252.19707978903787, 27.205469619238148]}, "camera_uuid": "3d44530aec2e5604a8aef567eab9ad28", "field_of_view_rads": 1.043013302209784, "room": "7177ff6aafad58b0656fca6e31b41601"}