{"vanishing_points_gaussian_sphere": {"x": [0.25018899085208923, -0.14651110636679995, 0.957047524717341], "y": [0.9681940405465407, 0.035407254735369265, -0.24768251081226642], "z": [0.002401813185290538, 0.9885751473829801, 0.15070968538930093]}, "nonfixated_points_in_view": [643, 900, 774, 1146, 1286, 1422, 530, 660, 278, 285, 544, 1188, 165, 1319, 296, 298, 682, 1066, 1067, 1330, 181, 949, 1078, 1084, 62, 958, 65, 1221, 1351, 1484, 973, 847, 1360, 980, 1236, 607, 99, 996, 357, 617, 362, 1130, 751, 117, 378, 1403], "point_pitch": -0.1695769270274301, "camera_rotation_from_original_to_final": [0.15007884800434113, -0.07937706261873245, 0.25872164964675903], "camera_location": [1.9597357511520386, -5.512042045593262, 1.5149836540222168], "camera_rotation_original": [1.5890778303146362, 0.002467385260388255, 2.6240296363830566], "view_id": 5, "point_location": [0.4529118239879608, -11.334426879882812, 0.5981114506721497], "camera_distance": 6.083694475593456, "bounding_box_ranges": {"x": [-11.704897032608702, -5.512042045593262], "y": [0.0378560636917038, 3.9965871306444676], "z": [-0.020197726593121246, 2.425352767094023]}, "obliqueness_angle": 1.437937617301941, "resolution": 512, "point_uuid": "215", "point_normal": [0.9928537011146545, -0.11925143748521805, 0.004546013660728931], "camera_rotation_final": [1.419509768486023, -0.0024018154945224524, 2.888716459274292], "vanishing_points_image": {"x": [352.460471918408, 312.48741942360164], "y": [429.2100730614071, 249.6656363055538], "z": [256.52225166789435, 41.04364006262677]}, "camera_uuid": "5090c6fc5c0dcfff7ec7ff2b1a5d94fb", "field_of_view_rads": 1.1338525014733087, "room": "856e4980d5eb3351797f528948f684e5"}