{"vanishing_points_gaussian_sphere": {"x": [0.6854283979275745, 0.1965033802514589, 0.7011236216703793], "y": [0.7281211294450912, -0.17803316423086787, -0.6619243259539187], "z": [-0.005247110637629979, 0.9642046535791535, -0.265107249705211]}, "nonfixated_points_in_view": [128, 516, 261, 1028, 263, 391, 647, 1415, 907, 1421, 1294, 1041, 20, 148, 1172, 1431, 1306, 668, 1309, 414, 1436, 160, 1313, 931, 548, 1059, 38, 39, 424, 681, 1189, 44, 45, 813, 945, 179, 435, 1461, 951, 440, 1211, 1213, 64, 450, 67, 324, 578, 709, 1479, 204, 461, 589, 590, 846, 211, 340, 1107, 87, 471, 1112, 1114, 1369, 1244, 1496, 1377, 1250, 483, 1126, 615, 233, 489, 236, 1390, 113, 370, 626, 118, 502, 888, 762, 1022], "point_pitch": 0.26068134705093904, "camera_rotation_from_original_to_final": [0.13877180218696594, -0.22204400599002838, -1.2787293195724487], "camera_location": [-4.307779312133789, 0.3686792552471161, 1.49626624584198], "camera_rotation_original": [1.5781090259552002, -0.005691109225153923, -1.0627084970474243], "view_id": 5, "point_location": [3.9072916507720947, -7.387094497680664, 4.602529048919678], "camera_distance": 11.717008130635833, "bounding_box_ranges": {"x": [-6.441616481880239, 0.3686792552471161], "y": [-4.307779312133789, 1.4910558807894398], "z": [-0.020894742749459905, 5.466868391222894]}, "obliqueness_angle": 0.9983029365539551, "resolution": 512, "point_uuid": "92", "point_normal": [-0.976817786693573, -0.2139992117881775, 0.005616749171167612], "camera_rotation_final": [1.8391152620315552, 0.00524713471531868, -2.3260011672973633], "vanishing_points_image": {"x": [508.40019620502665, 183.64015631628402], "y": [386.8287952640135, 287.9889966812468], "z": [254.89203289987296, 52.40089418095106]}, "camera_uuid": "5fb98853d32c905b4569c0e295d9d2d9", "field_of_view_rads": 0.9828734770371135, "room": "8de55a2e5745f73de25402626a4c3d61"}