{"vanishing_points_gaussian_sphere": {"x": [0.20577622276904842, -0.04616762566042853, 0.9775094354960373], "y": [0.9785979216993781, 0.011240332696870631, -0.20547448154581566], "z": [-0.0015012623225278139, 0.9988704647058808, 0.04749253572611971]}, "nonfixated_points_in_view": [772, 7, 138, 141, 401, 542, 1438, 1185, 1313, 420, 293, 806, 1447, 170, 440, 315, 831, 193, 1218, 1091, 1346, 712, 201, 75, 204, 334, 463, 591, 210, 338, 1366, 1242, 1373, 994, 228, 1382, 1258, 1386, 1133, 367, 623, 245, 507, 383], "point_pitch": -0.048772140345301196, "camera_rotation_from_original_to_final": [0.044224608689546585, 0.015522640198469162, 1.033721685409546], "camera_location": [-3.8966617584228516, -5.1063923835754395, 1.5070674419403076], "camera_rotation_original": [1.5701526403427124, 0.0018522855825722218, -2.8113532066345215], "view_id": 2, "point_location": [0.18829843401908875, -5.96505880355835, 1.3085981607437134], "camera_distance": 4.1789466807459394, "bounding_box_ranges": {"x": [-6.441101666775145, -4.107424744484505], "y": [-3.8966617584228516, 1.491173581842212], "z": [-0.01851134585908229, 3.5427557923461914]}, "obliqueness_angle": 1.3628960847854614, "resolution": 512, "point_uuid": "521", "point_normal": [-0.0010129036381840706, 0.9999987483024597, -0.0012300567468628287], "camera_rotation_final": [1.5232858657836914, 0.0015012628864496946, -1.7780534029006958], "vanishing_points_image": {"x": [368.6294664717984, 281.2693677453676], "y": [504.3238293607522, 253.1477126645347], "z": [255.5696913986441, -30.307426859002767]}, "camera_uuid": "62e24ad43a6e699e9b1ae0325438e489", "field_of_view_rads": 0.8580295857381095, "room": "8de55a2e5745f73de25402626a4c3d61"}