{"vanishing_points_gaussian_sphere": {"x": [0.07808781867218381, -0.10460687733779396, 0.9914432378046945], "y": [0.9969448290093437, 0.010005757668001568, -0.07746542922504054], "z": [-0.0018167241261892461, 0.9944633155763589, 0.10506861323118512]}, "nonfixated_points_in_view": [1024, 902, 136, 9, 265, 1160, 1168, 1425, 917, 918, 537, 666, 1178, 541, 285, 1181, 1311, 801, 1443, 1188, 687, 1327, 1078, 1080, 59, 1470, 193, 451, 1350, 973, 591, 82, 1110, 983, 1366, 733, 478, 607, 482, 355, 101, 873, 362, 491, 623, 369, 1398, 1279], "point_pitch": -0.11184851726027922, "camera_rotation_from_original_to_final": [0.07919611781835556, 0.07771574705839157, -0.9057549238204956], "camera_location": [7.02915096282959, -4.004668712615967, 1.4965605735778809], "camera_rotation_original": [1.5762782096862793, -0.00407657353207469, -2.3110499382019043], "view_id": 1, "point_location": [6.488108158111572, -10.929207801818848, 0.7627283334732056], "camera_distance": 6.984302309157224, "bounding_box_ranges": {"x": [-6.1069332837764065, -4.004668712615967], "y": [5.867081560511107, 7.60433245902976], "z": [-0.012194226580909379, 2.398379353937341]}, "obliqueness_angle": 1.3939526081085205, "resolution": 512, "point_uuid": "353", "point_normal": [0.8771514892578125, 0.05839300528168678, 0.4766503572463989], "camera_rotation_final": [1.4655332565307617, 0.0018167251255363226, -3.2197601795196533], "vanishing_points_image": {"x": [289.55743867493715, 300.9537319767665], "y": [463.99034682695975, 253.91252138826766], "z": [255.5844709855891, 28.54204123108515]}, "camera_uuid": "c1644f81920efcf3b70623e2c3537e98", "field_of_view_rads": 1.0670401256717785, "room": "8efc299ca974ee46c0bc622cd51b4dc7"}