{"vanishing_points_gaussian_sphere": {"x": [0.35271483536389964, -0.06466448097763806, 0.9334938402657567], "y": [0.9357118305418624, 0.0180116816159109, -0.3523051937019439], "z": [0.005967838655181647, 0.9977444984690519, 0.06686030718240815]}, "nonfixated_points_in_view": [485, 269, 1392, 81, 1297, 1397, 732, 573, 959], "point_pitch": -0.07128994067641692, "camera_rotation_from_original_to_final": [-0.019046401605010033, 0.05667229741811752, -2.161208391189575], "camera_location": [6.5858154296875, -9.66219425201416, 4.284074783325195], "camera_rotation_original": [1.5634019374847412, -0.00032041483791545033, -1.3415888547897339], "view_id": 1, "point_location": [5.844503879547119, -11.62642765045166, 4.143388748168945], "camera_distance": 2.104174016811419, "bounding_box_ranges": {"x": [-11.64140092268323, -9.66219425201416], "y": [4.18312528607782, 6.951940358671218], "z": [2.7666021859359704, 5.196487954977517]}, "obliqueness_angle": 0.44230738282203674, "resolution": 512, "point_uuid": "405", "point_normal": [0.7151896357536316, 0.6988741755485535, -0.008873319253325462], "camera_rotation_final": [1.5038849115371704, -0.005967874079942703, -3.502070188522339], "vanishing_points_image": {"x": [396.3674279117528, 281.7340660556988], "y": [424.8318721778509, 252.7501255952651], "z": [257.3102670458694, 36.94050257098959]}, "camera_uuid": "ce1da2161b0680bd4fb2a394f05a91e7", "field_of_view_rads": 1.0854825334451863, "room": "b80a98836bb3f1f478d8093ef8f4a998"}