{"vanishing_points_gaussian_sphere": {"x": [0.2767156236888616, -0.10917648703442193, 0.9547297828628304], "y": [0.9608027449357278, 0.01393202094635081, -0.27688261793821856], "z": [0.016927756214438823, 0.9939247423578775, 0.10875227629052824]}, "nonfixated_points_in_view": [224, 1217, 322, 706, 1248, 1474, 423, 743, 814, 272, 528, 757, 1143, 343, 1055, 63], "point_pitch": -0.1278211315486093, "camera_rotation_from_original_to_final": [-0.12773071229457855, -0.04314153641462326, 1.1727403402328491], "camera_location": [-4.210936069488525, -6.891334056854248, 1.5098429918289185], "camera_rotation_original": [1.593726634979248, 0.010752296075224876, 0.11999154835939407], "view_id": 3, "point_location": [-7.010810852050781, -6.0793375968933105, 1.1909115314483643], "camera_distance": 2.9326360564080565, "bounding_box_ranges": {"x": [-7.383174046341276, -5.932727411775665], "y": [-7.295109027460925, -4.210936069488525], "z": [-0.009057971738759718, 2.429316257262958]}, "obliqueness_angle": 1.277840256690979, "resolution": 512, "point_uuid": "209", "point_normal": [0.01200406439602375, -0.9999188780784607, 0.004254064988344908], "camera_rotation_final": [1.4618128538131714, -0.01692856475710869, 1.2903804779052734], "vanishing_points_image": {"x": [403.7345485595592, 314.2877786600314], "y": [491.4889637003186, 252.58531660926224], "z": [260.99491316559914, -37.27973054003945]}, "camera_uuid": "41b233ae6d911bdc4a03358505e283ee", "field_of_view_rads": 0.8601902919613518, "room": "ade82d56fe033105b37cc8ef1783cd93"}