{"vanishing_points_gaussian_sphere": {"x": [0.051870891197116506, -0.33027417220589644, 0.9424586897154309], "y": [0.9986289787028271, 0.010500672404645634, -0.051282538685197665], "z": [0.007040848057257207, 0.9438266297645773, 0.33036603851769386]}, "nonfixated_points_in_view": [515, 1163, 271, 273, 1041, 663, 411, 157, 1437, 1449, 1322, 696, 961, 1473, 963, 1222, 1098, 78, 593, 345, 477, 479, 1388, 496, 1397, 503], "point_pitch": -0.33431701262923674, "camera_rotation_from_original_to_final": [-0.31124451756477356, 0.13004443049430847, -2.767706871032715], "camera_location": [3.4209909439086914, -2.906309127807617, 4.301186561584473], "camera_rotation_original": [1.5702917575836182, 0.007416601292788982, -0.44614845514297485], "view_id": 1, "point_location": [3.1829490661621094, -7.280808925628662, 2.7677650451660156], "camera_distance": 4.64158303915028, "bounding_box_ranges": {"x": [-4.782191263800097, -2.906309127807617], "y": [1.9296777048387794, 4.084577388676282], "z": [2.7942717918137316, 4.826870641968543]}, "obliqueness_angle": 1.3293739557266235, "resolution": 512, "point_uuid": "1171", "point_normal": [0.0031700183171778917, -0.09542631357908249, 0.9954315423965454], "camera_rotation_final": [1.2340962886810303, -0.007040906231850386, -3.193488121032715], "vanishing_points_image": {"x": [274.28161325805706, 372.40333424093524], "y": [437.45411853042236, 254.091993827741], "z": [257.57178033523957, 45.302634501490395]}, "camera_uuid": "b422073dff8b7042fc5c055162756ec7", "field_of_view_rads": 1.2036699894809533, "room": "b882b325a4c32027bb7a3589209866b9"}