{"vanishing_points_gaussian_sphere": {"x": [0.6973932832778897, 0.2331521652163499, 0.6777039739398117], "y": [0.7166135562742619, -0.24053876156871032, -0.6546801624816093], "z": [0.010373977194896874, 0.9422214028761601, -0.33483011895473314]}, "nonfixated_points_in_view": [320, 6, 1479, 236, 271, 1047, 473, 92, 798], "point_pitch": 0.35680683056381746, "camera_rotation_from_original_to_final": [-0.14970672130584717, 0.2913079261779785, 1.890040636062622], "camera_location": [0.30798399448394775, -4.362792491912842, 3.736617088317871], "camera_rotation_original": [1.5856736898422241, -0.011059120297431946, 2.032072067260742], "view_id": 2, "point_location": [3.185570240020752, -7.142617702484131, 5.158332347869873], "camera_distance": 4.246081256584872, "bounding_box_ranges": {"x": [-5.983239951777282, -4.362792491912842], "y": [0.30798399448394775, 1.4912095755499313], "z": [3.475553709050173, 5.457734592555243]}, "obliqueness_angle": 0.799083948135376, "resolution": 512, "point_uuid": "1041", "point_normal": [0.008718227036297321, 0.7185624241828918, -0.6954078674316406], "camera_rotation_final": [1.9122403860092163, -0.010374163277447224, 3.940582752227783], "vanishing_points_image": {"x": [517.7678018662724, 168.48592257415444], "y": [389.9800000415099, 300.9717745398421], "z": [258.2052465967112, 55.70743110335432]}, "camera_uuid": "73759aa4f227ecebe2f10f72d0e43db4", "field_of_view_rads": 0.9523991250227075, "room": "8de55a2e5745f73de25402626a4c3d61"}