{"vanishing_points_gaussian_sphere": {"x": [0.01922434086425378, -0.03545047572411391, 0.9991865133643815], "y": [0.9998075135146599, 0.00459915729049793, -0.01907311384778447], "z": [-0.003919264978062858, 0.999360851506177, 0.035532067754079]}, "nonfixated_points_in_view": [0, 641, 772, 1273, 1284, 392, 650, 906, 912, 657, 147, 406, 1048, 1176, 410, 26, 1055, 1441, 802, 36, 805, 678, 1061, 171, 685, 943, 1329, 50, 818, 948, 693, 568, 570, 827, 701, 829, 576, 577, 1217, 708, 197, 582, 71, 328, 841, 714, 1232, 465, 1365, 343, 88, 1368, 223, 740, 613, 631, 360, 1383, 1132, 625, 753, 115, 501, 757, 119, 760, 885, 254], "point_pitch": -0.04783134063216643, "camera_rotation_from_original_to_final": [0.006952957715839148, -0.047969717532396317, -0.2206275761127472], "camera_location": [2.5174548625946045, -7.046302795410156, 1.517836332321167], "camera_rotation_original": [1.5836472511291504, 0.0011349497362971306, 1.7721537351608276], "view_id": 8, "point_location": [-7.267685413360596, -6.85951566696167, 1.1698637008666992], "camera_distance": 9.793106595101257, "bounding_box_ranges": {"x": [-10.509372184256094, -6.120451796838159], "y": [-3.549256377955057, 2.5174548625946045], "z": [-0.09572260786026135, 2.42768258474206]}, "obliqueness_angle": 0.03126271441578865, "resolution": 512, "point_uuid": "743", "point_normal": [0.9998000860214233, 0.007227197755128145, 0.01864354871213436], "camera_rotation_final": [1.5352565050125122, 0.003919275011867285, 1.5515706539154053], "vanishing_points_image": {"x": [264.24335403968183, 271.2010841012707], "y": [468.5054114356982, 255.02246602564622], "z": [255.14381951183788, 37.68527351891993]}, "camera_uuid": "3d5b30db610d18db270d0baeb235eacb", "field_of_view_rads": 1.0757323642643482, "room": "856e4980d5eb3351797f528948f684e5"}