{"vanishing_points_gaussian_sphere": {"x": [-0.06686870683121121, -0.2832350548886591, 0.956716509593589], "y": [0.9977599573128237, -0.017147601980994843, 0.06466086397051514], "z": [-0.0019088294406794711, 0.9588972121288702, 0.28374723424492915]}, "nonfixated_points_in_view": [1184, 1025, 790, 438, 986, 379, 956, 543], "point_pitch": -0.2857723673197885, "camera_rotation_from_original_to_final": [-0.031226232647895813, 0.28803887963294983, -1.6133136749267578], "camera_location": [-3.781970262527466, -8.79295825958252, 4.280111312866211], "camera_rotation_original": [1.5727763175964355, 0.0018530383240431547, -1.4653403759002686], "view_id": 1, "point_location": [-3.595895528793335, -11.546043395996094, 3.4635887145996094], "camera_distance": 2.877639782442079, "bounding_box_ranges": {"x": [-11.667047510349487, -8.79295825958252], "y": [-5.071024413444217, -1.9972646557837213], "z": [2.7652410846419393, 4.898034502301494]}, "obliqueness_angle": 0.3237973749637604, "resolution": 512, "point_uuid": "619", "point_normal": [0.004871375858783722, 0.9995928406715393, -0.0281157735735178], "camera_rotation_final": [1.2830960750579834, 0.0019088305998593569, -3.074673891067505], "vanishing_points_image": {"x": [225.92286163691713, 383.39740812791285], "y": [497.92732071212316, 260.1577870243186], "z": [255.4780825726255, -6.184328995230438]}, "camera_uuid": "719f11efd7d094b502660bf8fb326352", "field_of_view_rads": 0.9988202055924038, "room": "ef914082afe6874a9bab2b30c864407b"}