{"vanishing_points_gaussian_sphere": {"x": [-0.4248408083824745, 0.19798605250862597, 0.8833525969537743], "y": [0.9052505338528604, 0.0989872133245688, 0.4131864017091411], "z": [-0.005635467330838874, 0.9751938548874721, -0.22128078745719235]}, "nonfixated_points_in_view": [131, 268, 656, 1056, 419, 1187, 1315, 308, 697, 444, 1352, 717, 1230, 1488, 723, 853, 1498, 1381, 998, 875, 621, 110, 1261, 883, 629, 246], "point_pitch": 0.20863027969864412, "camera_rotation_from_original_to_final": [0.009536288678646088, 0.21103018522262573, -1.015482783317566], "camera_location": [-5.609722137451172, -10.968703269958496, 4.285808086395264], "camera_rotation_original": [1.5832164287567139, -0.00936906412243843, 1.4556810855865479], "view_id": 6, "point_location": [-7.267398357391357, -7.4247517585754395, 5.173572063446045], "camera_distance": 4.011933147343613, "bounding_box_ranges": {"x": [-10.968703269958496, -6.086540782536745], "y": [-7.284179618350009, -4.768971596485966], "z": [2.7651369361971025, 5.212401898679389]}, "obliqueness_angle": 1.0910310745239258, "resolution": 512, "point_uuid": "256", "point_normal": [0.7755764722824097, -0.0016182123217731714, -0.6312515139579773], "camera_rotation_final": [1.793927550315857, 0.005635497160255909, 0.43879348039627075], "vanishing_points_image": {"x": [113.15876572377168, 189.4325433154954], "y": [470.18364442833064, 232.57947572654308], "z": [255.04748920977485, 91.1720248188675]}, "camera_uuid": "84fae33197a8eefa4becf372ea5729e2", "field_of_view_rads": 1.196897716705917, "room": "ef914082afe6874a9bab2b30c864407b"}