{"vanishing_points_gaussian_sphere": {"x": [0.651394014963585, -0.09106433664679282, 0.7532550191407293], "y": [0.7586406693981244, 0.09420479595710546, -0.6446625405232151], "z": [-0.012254468768035218, 0.9913792125164618, 0.13044954957934327]}, "nonfixated_points_in_view": [3, 388, 643, 646, 775, 8, 137, 520, 1146, 12, 1287, 1290, 1039, 784, 529, 1167, 275, 1424, 1428, 1432, 665, 538, 285, 415, 416, 544, 1443, 1188, 165, 677, 1062, 43, 1067, 429, 1070, 944, 1328, 821, 566, 695, 1080, 1464, 1338, 317, 65, 1221, 1228, 1484, 975, 848, 1231, 607, 863, 1378, 617, 362, 363, 746, 237, 1130, 751, 241, 1269, 758, 1271, 378, 1404, 894], "point_pitch": -0.12135450442763762, "camera_rotation_from_original_to_final": [-0.14682795107364655, -0.002675093011930585, -2.39943265914917], "camera_location": [-2.1478989124298096, -7.17814826965332, 1.5089408159255981], "camera_rotation_original": [1.586061954498291, -0.002639547921717167, 0.12005194276571274], "view_id": 3, "point_location": [2.733907461166382, -11.356171607971191, 0.6635032892227173], "camera_distance": 6.480947227358525, "bounding_box_ranges": {"x": [-11.740277249108225, -7.17814826965332], "y": [-2.1478989124298096, 6.4967974690434875], "z": [-0.02313014007742431, 2.422352504212855]}, "obliqueness_angle": 0.16416575014591217, "resolution": 512, "point_uuid": "174", "point_normal": [-0.7904928922653198, 0.6119253635406494, -0.02585635520517826], "camera_rotation_final": [1.4399640560150146, 0.012254775501787663, -2.2802810668945312], "vanishing_points_image": {"x": [500.5571148225228, 290.18887942163786], "y": [390.2703199007226, 239.3268784556752], "z": [252.93188618079688, 7.791422413478274]}, "camera_uuid": "3dfb7fb5350fdc03281337b3a75a5e86", "field_of_view_rads": 1.0009547700170114, "room": "856e4980d5eb3351797f528948f684e5"}