{"vanishing_points_gaussian_sphere": {"x": [-0.5632961470954644, 0.13721503271502025, 0.8147818637306681], "y": [0.8261279070143412, 0.11083192820467412, 0.5524753070885051], "z": [-0.014495927687077899, 0.9843212476053993, -0.1757883659206181]}, "nonfixated_points_in_view": [0, 1284, 1418, 267, 912, 920, 802, 293, 1061, 171, 685, 50, 818, 693, 568, 313, 827, 701, 829, 707, 708, 197, 71, 328, 1232, 119, 88, 740, 613, 242, 115, 627, 885, 631, 1273, 254], "point_pitch": 0.15340848366287752, "camera_rotation_from_original_to_final": [-0.027471374720335007, 0.15144994854927063, -0.9842653870582581], "camera_location": [0.5467849373817444, -10.360032081604004, 1.5205349922180176], "camera_rotation_original": [1.5957993268966675, -0.011342709884047508, 1.5803825855255127], "view_id": 1, "point_location": [-2.2717838287353516, -6.203250885009766, 2.417356014251709], "camera_distance": 5.101710231213448, "bounding_box_ranges": {"x": [-10.360032081604004, -5.953796892077182], "y": [-3.550139375682626, 0.5874651751900792], "z": [-0.015877689997817912, 2.426488380751488]}, "obliqueness_angle": 1.3766512870788574, "resolution": 512, "point_uuid": "167", "point_normal": [-0.010026429779827595, -0.027929171919822693, -0.9995596408843994], "camera_rotation_final": [1.7475216388702393, 0.014496435411274433, 0.5984413027763367], "vanishing_points_image": {"x": [62.293010142253245, 208.81432140533659], "y": [488.6098559076498, 224.79345361564128], "z": [253.28458530605292, 71.61439619385744]}, "camera_uuid": "08b7810ec5503ef8e7e738fee540560e", "field_of_view_rads": 1.1216599151928386, "room": "856e4980d5eb3351797f528948f684e5"}