{"vanishing_points_gaussian_sphere": {"x": [-0.24556096195920715, 0.011748366616799257, 0.9693099555062387], "y": [0.9693810244035597, 0.003485057038847926, 0.245536726181118], "z": [-0.0004934450061979598, 0.9999249123105561, -0.01224443762500365]}, "nonfixated_points_in_view": [0, 521, 522, 528, 530, 535, 1048, 26, 29, 34, 36, 37, 48, 50, 57, 572, 1084, 63, 66, 579, 1091, 1100, 591, 594, 85, 1109, 97, 1133, 625, 115, 631, 1143, 639, 1152, 644, 138, 141, 658, 1176, 677, 678, 1198, 688, 689, 192, 1218, 197, 200, 712, 728, 221, 223, 224, 1248, 1252, 229, 1258, 760, 248, 773, 774, 777, 272, 786, 1304, 1308, 797, 805, 1317, 299, 301, 814, 1329, 818, 1336, 315, 829, 319, 322, 1346, 841, 330, 852, 1368, 1383, 367, 373, 392, 398, 911, 401, 402, 920, 410, 1442, 436, 948, 958, 1472, 1474, 965, 966, 967, 1478, 971, 1490, 981, 994, 997, 488, 1002, 1013, 1018, 1019, 1021], "point_pitch": 0.007521347203526929, "camera_rotation_from_original_to_final": [-0.010539836250245571, -0.005827610846608877, -1.3944354057312012], "camera_location": [6.898015022277832, -5.4319539070129395, 1.5056571960449219], "camera_rotation_original": [1.5721105337142944, -0.004563433583825827, -3.0698022842407227], "view_id": 0, "point_location": [-2.6229171752929688, -7.8437113761901855, 1.6259251832962036], "camera_distance": 9.822381893832523, "bounding_box_ranges": {"x": [-6.106909878665922, -4.829997084186081], "y": [4.192388010096674, 6.898015022277832], "z": [0.21013475196161696, 2.4291312362817346]}, "obliqueness_angle": 0.8318176865577698, "resolution": 512, "point_uuid": "1365", "point_normal": [0.7936251759529114, -0.36565330624580383, 0.48626822233200073], "camera_rotation_final": [1.5830410718917847, 0.0004934450262226164, -4.464290618896484], "vanishing_points_image": {"x": [142.9969590499271, 250.5935984966732], "y": [518.065057726811, 255.05784036299983], "z": [255.8836900394529, 20.30762163946124]}, "camera_uuid": "7aee671bd52588b571fedb6abd1f939e", "field_of_view_rads": 0.9898570962329236, "room": "8efc299ca974ee46c0bc622cd51b4dc7"}