{"vanishing_points_gaussian_sphere": {"x": [0.6718282903133082, 0.21484799139862115, 0.7088632371104284], "y": [0.7404791731379561, -0.21853967797029492, -0.635555664990541], "z": [0.018366885517861187, 0.9518827394929577, -0.30591160123760586]}, "nonfixated_points_in_view": [353, 482, 355, 801, 101, 902, 1350, 9, 873, 491, 82, 918, 59, 478, 1279], "point_pitch": 0.29695363441971345, "camera_rotation_from_original_to_final": [-0.31262800097465515, -2.0225068510626443e-05, -0.7188410758972168], "camera_location": [9.521198272705078, -7.487616062164307, 1.5325249433517456], "camera_rotation_original": [-1.572507381439209, -3.1185641288757324, -0.011458786204457283], "view_id": 1, "point_location": [8.1198148727417, -9.050640106201172, 2.2070515155792236], "camera_distance": 2.204972946321082, "bounding_box_ranges": {"x": [-11.651609218481058, -7.487616062164307], "y": [6.4671280914575195, 9.521198272705078], "z": [0.4176162441037674, 2.443454130093765]}, "obliqueness_angle": 1.4741697311401367, "resolution": 512, "point_uuid": "955", "point_normal": [-0.424348920583725, 0.7410974502563477, 0.5202907919883728], "camera_rotation_final": [-1.2598463296890259, -3.1232247352600098, -0.7368273735046387], "vanishing_points_image": {"x": [479.392024585641, 184.5601269420886], "y": [376.62082043408884, 291.5991582348899], "z": [259.4195935413006, 78.77604633184916]}, "camera_uuid": "0cc55cb7b667b337a397194e0a67a643", "field_of_view_rads": 1.0753758396722433, "room": "8868fae7afbf71557a2e4faceeb9d9d6"}