{"vanishing_points_gaussian_sphere": {"x": [0.3285105058263667, 0.12814798062866353, 0.935766500053566], "y": [0.9444924557481297, -0.04861339069227575, -0.324916511245993], "z": [0.0038533876747630295, 0.9905628871031843, -0.13700481048938443]}, "nonfixated_points_in_view": [608, 519, 1479, 1161, 1452, 525, 817, 1457, 307, 691, 982, 1047, 952, 473, 381], "point_pitch": 0.16669888893631502, "camera_rotation_from_original_to_final": [-0.07777995616197586, 0.08839482069015503, 2.228381395339966], "camera_location": [0.3440798223018646, -5.207657814025879, 4.2956719398498535], "camera_rotation_original": [1.591770052909851, -0.020765699446201324, 2.1472725868225098], "view_id": 2, "point_location": [5.47266149520874, -6.9884033203125, 5.046542167663574], "camera_distance": 5.480621297702155, "bounding_box_ranges": {"x": [-5.975712583755084, -5.074474295364254], "y": [0.3440798223018646, 1.4912070599883913], "z": [3.9129264511758786, 5.120049451454138]}, "obliqueness_angle": 0.3540499210357666, "resolution": 512, "point_uuid": "652", "point_normal": [-0.999638557434082, -0.0034031893592327833, -0.026669418439269066], "camera_rotation_final": [1.708234429359436, -0.003853397211059928, 4.377660274505615], "vanishing_points_image": {"x": [432.19922377871467, 187.26681090827992], "y": [487.89040812878085, 267.9354886738893], "z": [257.0292689168456, -8.586819684277973]}, "camera_uuid": "65572d2c193d1b3ea0911dbf66b34fb7", "field_of_view_rads": 0.843187343672775, "room": "8de55a2e5745f73de25402626a4c3d61"}