{"vanishing_points_gaussian_sphere": {"x": [0.2523852998137971, -0.06277174726609218, 0.9655886122894478], "y": [0.9675829112563937, 0.025878223828561007, -0.2512242571410665], "z": [-0.00921793265876517, 0.9976923500140917, 0.06726815324399597]}, "nonfixated_points_in_view": [1027, 10, 522, 14, 528, 1043, 31, 40, 1069, 1071, 54, 63, 70, 585, 1100, 611, 106, 109, 1135, 624, 1143, 636, 1150, 1159, 147, 156, 670, 1186, 164, 173, 1198, 190, 191, 1216, 729, 1241, 1248, 739, 1263, 764, 765, 255, 264, 779, 780, 1295, 786, 787, 1298, 1300, 1305, 292, 293, 1317, 809, 300, 825, 828, 1341, 1342, 335, 1363, 852, 859, 352, 865, 1379, 356, 358, 1384, 877, 1401, 1405, 394, 906, 1420, 406, 919, 925, 941, 433, 1468, 957, 1469, 447, 962, 1474, 458, 460, 1485, 979, 1491, 469, 981, 475, 991, 1005, 1006, 508], "point_pitch": -0.06637899478408293, "camera_rotation_from_original_to_final": [-0.023326870054006577, 0.07245197892189026, -2.3347535133361816], "camera_location": [-4.307779312133789, 0.3686792552471161, 1.49626624584198], "camera_rotation_original": [1.5781090259552002, -0.005691109225153923, -1.0627084970474243], "view_id": 0, "point_location": [-7.2335357666015625, -10.876559257507324, 0.7128628492355347], "camera_distance": 11.645993094579637, "bounding_box_ranges": {"x": [-6.441891422612115, 0.3686792552471161], "y": [-7.430024399288807, -2.023078120955199], "z": [-0.01874544223232616, 5.299592843422887]}, "obliqueness_angle": 1.3153775930404663, "resolution": 512, "point_uuid": "1289", "point_normal": [0.9999014735221863, 0.0005253072595223784, 0.01403135061264038], "camera_rotation_final": [1.503474473953247, 0.009218063205480576, -3.3967483043670654], "vanishing_points_image": {"x": [352.59143304649257, 280.02363777818033], "y": [426.15208548798967, 251.44924398526518], "z": [254.11187920765911, 51.641415471851815]}, "camera_uuid": "5fb98853d32c905b4569c0e295d9d2d9", "field_of_view_rads": 1.1480391684121858, "room": "8de55a2e5745f73de25402626a4c3d61"}