{"vanishing_points_gaussian_sphere": {"x": [-0.02345126411288382, -0.07584682798358004, 0.9968436672298907], "y": [0.9997242931160292, -0.0006092356626753922, 0.023472677426384782], "z": [-0.0011730154148844984, 0.9971192945263554, 0.07584020383741001]}, "nonfixated_points_in_view": [772, 7, 263, 391, 138, 521, 141, 653, 1037, 401, 843, 542, 1438, 1185, 1313, 420, 806, 1447, 170, 179, 435, 951, 440, 315, 193, 578, 1091, 1218, 1346, 1095, 712, 201, 75, 204, 461, 334, 207, 463, 589, 210, 338, 590, 213, 591, 1366, 1493, 1114, 1242, 1373, 1121, 994, 228, 1258, 1131, 1386, 1133, 367, 623, 370, 245, 118, 888, 507, 383], "point_pitch": -0.07748453219863372, "camera_rotation_from_original_to_final": [0.07099826633930206, 0.02502475306391716, 1.2650129795074463], "camera_location": [-3.8966617584228516, -5.1063923835754395, 1.5070674419403076], "camera_rotation_original": [1.5701526403427124, 0.0018522855825722218, -2.8113532066345215], "view_id": 13, "point_location": [5.989661693572998, -4.873597621917725, 0.7549126148223877], "camera_distance": 9.917627390695912, "bounding_box_ranges": {"x": [-6.441684043658611, -1.8879523617758025], "y": [-3.8966617584228516, 1.4912073700715802], "z": [-0.10467588959579505, 4.16997386565371]}, "obliqueness_angle": 1.545819878578186, "resolution": 512, "point_uuid": "1382", "point_normal": [-0.0012628246331587434, -0.9999940991401672, 0.0031953139696270227], "camera_rotation_final": [1.4948831796646118, 0.001173015683889389, -1.5473428964614868], "vanishing_points_image": {"x": [245.82727634804135, 288.90094799327744], "y": [476.0984739648439, 256.1341288198788], "z": [255.7347214156542, 30.50049545865161]}, "camera_uuid": "62e24ad43a6e699e9b1ae0325438e489", "field_of_view_rads": 1.0635473124828614, "room": "8de55a2e5745f73de25402626a4c3d61"}