{"vanishing_points_gaussian_sphere": {"x": [-0.12095409562005555, -0.3369943758263733, 0.9337049305932403], "y": [0.9926556989683689, -0.038992694134252326, 0.11451739217154591], "z": [-0.0021840463258486218, 0.9406988681111218, 0.3392357137391357]}, "nonfixated_points_in_view": [131, 1283, 1411, 656, 1303, 1177, 1056, 803, 1060, 41, 1454, 559, 432, 177, 1352, 1225, 717, 1101, 1494, 601, 1115, 476, 96, 480, 102, 1127, 745, 875, 1003, 1261, 110, 1134, 629, 125], "point_pitch": -0.34552709659072356, "camera_rotation_from_original_to_final": [-0.09846995770931244, 0.3325851857662201, 2.956338405609131], "camera_location": [-2.806222438812256, -9.90909194946289, 4.287649154663086], "camera_rotation_original": [1.5709993839263916, -0.0022501780185848475, -1.2808427810668945], "view_id": 1, "point_location": [-6.291841506958008, -10.336597442626953, 3.0212464332580566], "camera_distance": 3.7331055115402316, "bounding_box_ranges": {"x": [-11.93407561675091, -7.592725959149687], "y": [-7.2841795518127075, -2.806222438812256], "z": [2.765773501603886, 5.21239670242983]}, "obliqueness_angle": 0.8696306943893433, "resolution": 512, "point_uuid": "514", "point_normal": [0.764898419380188, 0.5205837488174438, -0.3793719410896301], "camera_rotation_final": [1.2246911525726318, 0.0021840480621904135, 1.6920475959777832], "vanishing_points_image": {"x": [212.1171321743157, 378.26357095704384], "y": [459.67040817832435, 264.0004153892928], "z": [255.49124853462556, 36.873728746724794]}, "camera_uuid": "48bee344cd0412ed9774218b24d4c13a", "field_of_view_rads": 1.169169746763403, "room": "ef914082afe6874a9bab2b30c864407b"}