{"vanishing_points_gaussian_sphere": {"x": [0.17590790678938897, -0.15000129089130868, 0.9729111064531624], "y": [0.9844030618465952, 0.02946438382197763, -0.17344296443799515], "z": [-0.0026495577034862964, 0.988246660918686, 0.15284474811730928]}, "nonfixated_points_in_view": [1026, 1410, 517, 648, 910, 22, 923, 284, 1057, 930, 936, 1321, 427, 555, 940, 1199, 561, 690, 180, 697, 58, 1083, 1212, 1341, 835, 710, 455, 1096, 329, 1481, 715, 1355, 1357, 974, 80, 83, 726, 87, 217, 1369, 988, 1119, 354, 1255, 240, 880, 500, 761, 759, 253, 1020, 509], "point_pitch": -0.1627703150126596, "camera_rotation_from_original_to_final": [-0.022316263988614082, 0.15198136866092682, 1.2938497066497803], "camera_location": [-3.072143316268921, -10.485207557678223, 4.283509254455566], "camera_rotation_original": [1.5707898139953613, 0.009692680090665817, -1.4714287519454956], "view_id": 2, "point_location": [-2.0502161979675293, -4.752808094024658, 3.382946252822876], "camera_distance": 5.892007609848034, "bounding_box_ranges": {"x": [-10.485207557678223, -5.957546257754534], "y": [-5.004773868519852, -1.7641973164658737], "z": [2.7651521051751216, 5.212402085164223]}, "obliqueness_angle": 0.48397859930992126, "resolution": 512, "point_uuid": "16", "point_normal": [-0.4542537331581116, -0.8633406162261963, -0.21976524591445923], "camera_rotation_final": [1.4173495769500732, 0.0026495608035475016, -0.17682860791683197], "vanishing_points_image": {"x": [320.787357922777, 311.2458812069727], "y": [427.3316706172544, 250.8718342114278], "z": [255.45739608263034, 53.61659508816038]}, "camera_uuid": "2c5b1635a824be2ef248c2dd24c5c6fe", "field_of_view_rads": 1.1898991957393559, "room": "ef914082afe6874a9bab2b30c864407b"}