{"vanishing_points_gaussian_sphere": {"x": [0.0734909373908728, -0.09893620334780973, 0.9923762944511179], "y": [0.9972865050122235, 0.0029748320970081022, -0.07355798593286143], "z": [0.00432539500106576, 0.9950893316889271, 0.0988863636553054]}, "nonfixated_points_in_view": [1024, 9, 265, 1168, 1425, 918, 666, 541, 1181, 801, 59, 955, 1470, 449, 451, 1350, 82, 1110, 983, 478, 353, 482, 355, 609, 101, 873, 1385, 491, 369, 499, 1398, 1016, 123, 1279], "point_pitch": -0.1010104854914804, "camera_rotation_from_original_to_final": [0.10012099891901016, 0.006972338072955608, -0.14544542133808136], "camera_location": [6.898015022277832, -5.4319539070129395, 1.5056571960449219], "camera_rotation_original": [1.5721105337142944, -0.004563433583825827, -3.0698022842407227], "view_id": 3, "point_location": [6.485349655151367, -10.999297142028809, 0.9508934617042542], "camera_distance": 5.610112773969572, "bounding_box_ranges": {"x": [-6.106932356098212, -5.4319539070129395], "y": [6.585263194611992, 6.898015022277832], "z": [1.0903497134017388, 1.754748833343394]}, "obliqueness_angle": 1.4852585792541504, "resolution": 512, "point_uuid": "902", "point_normal": [0.9976587891578674, 0.005347041878849268, 0.0681791827082634], "camera_rotation_final": [1.4717471599578857, -0.004325408488512039, -3.2151505947113037], "vanishing_points_image": {"x": [295.10040185036064, 308.63839931546164], "y": [513.8395697488223, 255.23088357847763], "z": [257.21972944245766, -24.607841697095477]}, "camera_uuid": "7aee671bd52588b571fedb6abd1f939e", "field_of_view_rads": 0.891009479191917, "room": "8efc299ca974ee46c0bc622cd51b4dc7"}