{"vanishing_points_gaussian_sphere": {"x": [-0.3341583600517071, -0.20177730106884398, 0.9206650374489773], "y": [0.9424847187988276, -0.06345779043970229, 0.3281701748532394], "z": [-0.007793923161579401, 0.9773735363748519, 0.21137697404369157]}, "nonfixated_points_in_view": [3, 771, 1414, 775, 1160, 137, 12, 144, 529, 1428, 665, 28, 285, 797, 287, 926, 1443, 1188, 165, 422, 934, 1062, 298, 43, 172, 682, 1070, 1328, 1330, 181, 821, 1078, 1080, 317, 65, 1221, 1351, 973, 847, 848, 1113, 351, 607, 1378, 362, 363, 1130, 241, 1395, 116, 117, 1141, 1271, 248, 1403, 894, 1399], "point_pitch": -0.21589104732009368, "camera_rotation_from_original_to_final": [0.13604450225830078, -0.15629029273986816, 1.1802654266357422], "camera_location": [2.0380539894104004, -3.850883722305298, 1.5039372444152832], "camera_rotation_original": [1.5646412372589111, 0.005592518951743841, 2.2927701473236084], "view_id": 2, "point_location": [3.7087132930755615, -8.53783130645752, 0.42785215377807617], "camera_distance": 5.090829128811694, "bounding_box_ranges": {"x": [-11.704449835929317, -3.850883722305298], "y": [1.508396971958211, 6.510040661045254], "z": [-0.020316813652611287, 2.426456462308294]}, "obliqueness_angle": 1.286606788635254, "resolution": 512, "point_uuid": "1164", "point_normal": [-0.15940004587173462, 0.02111784555017948, 0.9869882464408875], "camera_rotation_final": [1.3578062057495117, 0.007794002071022987, 3.4823155403137207], "vanishing_points_image": {"x": [70.84074757535697, 367.8060736723394], "y": [593.1565348794804, 278.70085478205516], "z": [253.39392664743696, -70.80680523037755]}, "camera_uuid": "46dec00679fa99b86c497ab5e0e1ad5c", "field_of_view_rads": 0.8088959259021369, "room": "856e4980d5eb3351797f528948f684e5"}