{"vanishing_points_gaussian_sphere": {"x": [-0.5428006641042162, -0.06328198563932966, 0.8374740768176443], "y": [0.8394798028656102, -0.07094247583416194, 0.5387400353632871], "z": [0.025319945275181305, 0.9954710218866559, 0.09163157182542922]}, "nonfixated_points_in_view": [382, 1476, 1223, 1448, 1289, 1401, 811, 492, 877, 251, 879, 1268, 856, 1118, 122, 539, 892, 702, 1183], "point_pitch": -0.09139518340560393, "camera_rotation_from_original_to_final": [-0.10965365171432495, -0.04945574328303337, 2.026658058166504], "camera_location": [-4.210936069488525, -6.891334056854248, 1.5098429918289185], "camera_rotation_original": [1.593726634979248, 0.010752296075224876, 0.11999154835939407], "view_id": 4, "point_location": [-7.219092845916748, -8.826456069946289, 1.180707335472107], "camera_distance": 3.591940254141737, "bounding_box_ranges": {"x": [-11.54830317963482, -6.891334056854248], "y": [-7.292634999578103, -4.210936069488525], "z": [-0.010393498461350292, 2.429818562174633]}, "obliqueness_angle": 0.5799819231033325, "resolution": 512, "point_uuid": "1316", "point_normal": [0.999992847442627, -0.0023506730794906616, 0.0029565012082457542], "camera_rotation_final": [1.4790065288543701, -0.025322651490569115, 2.1447718143463135], "vanishing_points_image": {"x": [2.3704602219031656, 285.5691990731716], "y": [568.0648655242638, 282.37187232566475], "z": [263.2071348654847, -27.3534524441284]}, "camera_uuid": "41b233ae6d911bdc4a03358505e283ee", "field_of_view_rads": 0.8808155060089247, "room": "ade82d56fe033105b37cc8ef1783cd93"}