{"vanishing_points_gaussian_sphere": {"x": [0.40767440444135716, -0.08185231883186017, 0.9094513609122988], "y": [0.9130903955370886, 0.027580383102763607, -0.40682336713348705], "z": [0.008216419007570148, 0.9962627767661263, 0.0859823824334947]}, "nonfixated_points_in_view": [1025, 1275, 400, 403, 790, 1046, 1303, 413, 1184, 1440, 169, 555, 812, 1201, 565, 438, 1207, 956, 700, 189, 705, 835, 77, 850, 985, 986, 1125, 619, 1260, 878, 379], "point_pitch": -0.0634597977015634, "camera_rotation_from_original_to_final": [-0.11047697067260742, -0.00012429570779204369, 2.795172929763794], "camera_location": [-2.484394073486328, -5.331701278686523, 4.301449775695801], "camera_rotation_original": [1.594873070716858, 5.2980572945671156e-05, -0.07394442707300186], "view_id": 2, "point_location": [-5.238673210144043, -11.488880157470703, 3.719330310821533], "camera_distance": 6.770211737539033, "bounding_box_ranges": {"x": [-11.995042617386389, -5.957519957973724], "y": [-6.370008769594103, -2.431133614586289], "z": [2.7660675932902232, 5.212402256567491]}, "obliqueness_angle": 0.5988146662712097, "resolution": 512, "point_uuid": "366", "point_normal": [-0.1607571244239807, 0.9854214191436768, -0.05569513514637947], "camera_rotation_final": [1.4847047328948975, -0.008216511458158493, 2.7216718196868896], "vanishing_points_image": {"x": [466.8191584663951, 298.32798720415633], "y": [469.9494751623449, 249.53754182668652], "z": [258.42090817955284, -37.54159068993032]}, "camera_uuid": "c5be5141daf3c047a2d6d480abd9ff63", "field_of_view_rads": 0.8522509216796716, "room": "ef914082afe6874a9bab2b30c864407b"}