{"vanishing_points_gaussian_sphere": {"x": [-0.07615743712573063, 0.12117308700392837, 0.9897055762985166], "y": [0.9970859313978065, 0.013672320536967488, 0.07505140278304685], "z": [-0.004437361717180444, 0.992537228841857, -0.1218612292073163]}, "nonfixated_points_in_view": [1038, 527, 528, 1042, 1044, 27, 1068, 1069, 46, 1071, 1072, 54, 63, 76, 603, 1120, 611, 106, 1137, 1145, 121, 634, 640, 642, 1159, 140, 152, 1180, 1186, 164, 1191, 168, 683, 173, 1200, 689, 692, 1206, 186, 190, 1215, 199, 1229, 1233, 1234, 725, 1241, 1251, 743, 748, 1262, 239, 1263, 1265, 756, 249, 766, 255, 1280, 257, 258, 779, 279, 281, 793, 286, 1317, 297, 1324, 814, 823, 826, 318, 1353, 335, 1363, 1371, 1374, 1379, 1380, 359, 871, 368, 893, 1405, 394, 1420, 399, 409, 925, 414, 421, 939, 430, 953, 442, 1469, 452, 993, 493, 494, 1006], "point_pitch": 0.10248620907333894, "camera_rotation_from_original_to_final": [-0.06565891206264496, 0.07985671609640121, -0.5142614841461182], "camera_location": [0.27477186918258667, -2.2696449756622314, 2.261363983154297], "camera_rotation_original": [1.5901278257369995, -0.005768735893070698, 2.1587343215942383], "view_id": 13, "point_location": [-7.102736473083496, -2.8290956020355225, 3.1697468757629395], "camera_distance": 7.454245237217487, "bounding_box_ranges": {"x": [-6.441294316075203, 1.3966469814767781], "y": [-7.431150970204065, 0.27477186918258667], "z": [-0.04675921500230751, 5.475862800265938]}, "obliqueness_angle": 0.16145823895931244, "resolution": 512, "point_uuid": "636", "point_normal": [0.9993122220039368, -0.03661469370126724, -0.005884408485144377], "camera_rotation_final": [1.692962408065796, 0.004437376279383898, 1.6470283269882202], "vanishing_points_image": {"x": [226.12101178648382, 208.45993858211767], "y": [461.3123027322914, 253.18470041072231], "z": [255.1710861864046, 70.59076993671917]}, "camera_uuid": "72c78639c6d82fd06b6c6cb47f559896", "field_of_view_rads": 1.1469188023801287, "room": "8de55a2e5745f73de25402626a4c3d61"}