{"vanishing_points_gaussian_sphere": {"x": [0.16891421157706424, 0.3584585812960939, 0.9181369367488111], "y": [0.9856306496218777, -0.06186626761268297, -0.15717756664877924], "z": [0.00046005788149728477, 0.9314934301576515, -0.36375785616241774]}, "nonfixated_points_in_view": [1026, 516, 263, 647, 13, 1294, 1296, 1427, 661, 664, 1309, 414, 931, 1059, 1189, 552, 681, 45, 302, 557, 305, 178, 179, 945, 1462, 1466, 1213, 1471, 64, 450, 67, 1096, 1354, 332, 589, 844, 720, 467, 214, 471, 1112, 1240, 1114, 1244, 618, 114, 370, 118, 1014, 1407], "point_pitch": 0.3525374690678458, "camera_rotation_from_original_to_final": [0.2883733808994293, -0.22323282063007355, -1.0523768663406372], "camera_location": [-6.215150356292725, 0.12702560424804688, 1.4902317523956299], "camera_rotation_original": [1.5806941986083984, -0.017110392451286316, -0.7174729108810425], "view_id": 7, "point_location": [-0.9455282688140869, -0.7750903367996216, 3.5780093669891357], "camera_distance": 5.7394724077651, "bounding_box_ranges": {"x": [-5.13408502603358, 1.4054251468781478], "y": [-6.215150356292725, 1.4859824129528176], "z": [1.2771236720674919, 5.183185559193204]}, "obliqueness_angle": 1.0355603694915771, "resolution": 512, "point_uuid": "735", "point_normal": [-0.24056002497673035, -0.2980285584926605, -0.9237477779388428], "camera_rotation_final": [1.943095326423645, -0.00046005789772607386, -1.7405242919921875], "vanishing_points_image": {"x": [350.7979847294761, 54.8259791843893], "y": [533.4172822461716, 273.4129851079703], "z": [256.11817203051396, 16.733432728338133]}, "camera_uuid": "7d18db1fca787c6dcd4baad30e113130", "field_of_view_rads": 0.7980308985976867, "room": "8de55a2e5745f73de25402626a4c3d61"}