{"vanishing_points_gaussian_sphere": {"x": [0.2774439099569089, 0.19789451115381076, 0.9401396913666696], "y": [0.9606737179994989, -0.06879670787019303, -0.26902234206705367], "z": [0.011440470831313356, 0.9778061031929682, -0.2091992834254943]}, "nonfixated_points_in_view": [260, 1156, 1416, 1163, 1419, 532, 663, 157, 1437, 33, 674, 163, 1314, 935, 425, 1449, 961, 1473, 1097, 1104, 593, 1108, 220, 989, 479, 1387, 496, 503], "point_pitch": 0.2041626731541495, "camera_rotation_from_original_to_final": [-0.10671307146549225, 0.1676836907863617, 0.685393214225769], "camera_location": [3.5518953800201416, -7.357985973358154, 4.276762962341309], "camera_rotation_original": [1.5831875801086426, -0.0045831575989723206, 2.16766619682312], "view_id": 2, "point_location": [2.3769214153289795, -11.464111328125, 5.190456390380859], "camera_distance": 4.367569724128518, "bounding_box_ranges": {"x": [-11.596077663161537, -7.357985973358154], "y": [0.9296921512174676, 4.0803086181395125], "z": [2.7662694107777877, 5.203086926466903]}, "obliqueness_angle": 1.1341081857681274, "resolution": 512, "point_uuid": "350", "point_normal": [-0.010045966133475304, 0.23655210435390472, -0.9715669751167297], "camera_rotation_final": [1.7815663814544678, -0.011440720409154892, 2.860441207885742], "vanishing_points_image": {"x": [348.9893925903794, 189.6727542802398], "y": [406.3986646222837, 266.77049657987186], "z": [257.8395680049538, 98.77388151202393]}, "camera_uuid": "4f0e7099dffb9eae50102f6058915b65", "field_of_view_rads": 1.248921078727173, "room": "77c77478b552f1977cad320741ba92a5"}