{"vanishing_points_gaussian_sphere": {"x": [0.6719662951646994, -0.05530491536330573, 0.7385138214680114], "y": [0.7404184135650513, 0.07111115296456257, -0.668373979728313], "z": [-0.015552202944945215, 0.9959340190297288, 0.0887330756981356]}, "nonfixated_points_in_view": [1410, 10, 396, 16, 915, 661, 22, 1173, 282, 923, 284, 924, 670, 1050, 1057, 930, 937, 554, 427, 555, 557, 1453, 690, 180, 58, 1466, 188, 1212, 1341, 578, 324, 455, 1095, 715, 1227, 77, 1355, 1356, 1362, 83, 467, 726, 217, 1369, 1372, 349, 889, 1119, 738, 878, 761, 253, 509], "point_pitch": -0.08924047549697356, "camera_rotation_from_original_to_final": [-0.03650087118148804, -0.09772514551877975, -2.1905529499053955], "camera_location": [-5.609722137451172, -10.968703269958496, 4.285808086395264], "camera_rotation_original": [1.5832164287567139, -0.00936906412243843, 1.4556810855865479], "view_id": 2, "point_location": [-1.9978922605514526, -6.97784423828125, 3.8063013553619385], "camera_distance": 5.403905691003708, "bounding_box_ranges": {"x": [-10.968703269958496, -5.957836006060584], "y": [-5.609722137451172, -1.7641732959909282], "z": [2.7651983069600132, 5.212402290829333]}, "obliqueness_angle": 0.8485907912254333, "resolution": 512, "point_uuid": "454", "point_normal": [-0.9999076724052429, 0.010832339525222778, 0.008214227855205536], "camera_rotation_final": [1.4819356203079224, 0.015552829951047897, -0.7369704246520996], "vanishing_points_image": {"x": [531.2972444374624, 278.6578191687924], "y": [399.4060205787067, 242.22702072425474], "z": [251.79459872912955, -13.306040061163763]}, "camera_uuid": "84fae33197a8eefa4becf372ea5729e2", "field_of_view_rads": 0.9198247694192747, "room": "ef914082afe6874a9bab2b30c864407b"}