{"vanishing_points_gaussian_sphere": {"x": [-0.22942963507564532, -0.2290926587872615, 0.945980230363637], "y": [0.9733190365502228, -0.05747357208288406, 0.22214149004852685], "z": [0.003477878376606747, 0.9717064074100865, 0.23616638660101616]}, "nonfixated_points_in_view": [196, 580, 1477, 999, 552, 1065, 1162, 1480, 364, 719, 336, 720, 1203, 468, 214, 1462, 796], "point_pitch": -0.2470089634272714, "camera_rotation_from_original_to_final": [-0.11960318684577942, 0.2151860147714615, -0.2906605899333954], "camera_location": [-4.307779312133789, 0.3686792552471161, 1.49626624584198], "camera_rotation_original": [1.5781090259552002, -0.005691109225153923, -1.0627084970474243], "view_id": 2, "point_location": [-0.012941041961312294, 1.3772220611572266, 0.4240493178367615], "camera_distance": 4.540093007857509, "bounding_box_ranges": {"x": [-0.815201688265104, 1.501238502948051], "y": [-4.307779312133789, 1.469080832679627], "z": [-0.02588006425514966, 2.607998527468916]}, "obliqueness_angle": 1.3401572704315186, "resolution": 512, "point_uuid": "849", "point_normal": [-0.029142029583454132, -0.9959088563919067, -0.08553607016801834], "camera_rotation_final": [1.3323761224746704, -0.003477885387837887, -1.3393032550811768], "vanishing_points_image": {"x": [133.2324126853643, 378.587271611769], "y": [564.7741864075572, 274.23282479168165], "z": [257.11208949692144, -54.71370897862598]}, "camera_uuid": "5fb98853d32c905b4569c0e295d9d2d9", "field_of_view_rads": 0.8521793501465003, "room": "8de55a2e5745f73de25402626a4c3d61"}