{"vanishing_points_gaussian_sphere": {"x": [0.40926203944274825, -0.2549778316285326, 0.8760655731445987], "y": [0.9124165584427247, 0.11354971467338766, -0.39319522654417627], "z": [0.0007790704051766991, 0.9602566155333708, 0.27911758341906706]}, "nonfixated_points_in_view": [517, 13, 910, 653, 16, 1427, 661, 22, 1050, 936, 1321, 427, 557, 1453, 305, 690, 180, 1466, 454, 455, 715, 844, 1227, 1356, 341, 1369, 735, 1375, 867, 114, 253, 509, 1407], "point_pitch": -0.2854727943751474, "camera_rotation_from_original_to_final": [-0.0334598645567894, 0.2829483449459076, 1.0390831232070923], "camera_location": [-3.781970262527466, -8.79295825958252, 4.280111312866211], "camera_rotation_original": [1.5727763175964355, 0.0018530383240431547, -1.4653403759002686], "view_id": 0, "point_location": [-1.966030240058899, -4.746920585632324, 2.991028308868408], "camera_distance": 4.618418947261697, "bounding_box_ranges": {"x": [-8.79295825958252, -5.957765350430035], "y": [-4.199896879292171, -1.7641660147534242], "z": [2.765136877121775, 5.090166883097328]}, "obliqueness_angle": 1.0240237712860107, "resolution": 512, "point_uuid": "561", "point_normal": [0.5368708968162537, -0.8432151675224304, -0.027528421953320503], "camera_rotation_final": [1.2879211902618408, -0.0007790704839862883, -0.42164525389671326], "vanishing_points_image": {"x": [414.70386592301395, 354.8754482561197], "y": [422.1659543987397, 235.32074277278423], "z": [256.1973115580218, 12.800248536411862]}, "camera_uuid": "719f11efd7d094b502660bf8fb326352", "field_of_view_rads": 1.062164330873835, "room": "ef914082afe6874a9bab2b30c864407b"}