{"vanishing_points_gaussian_sphere": {"x": [0.3274212471178005, 0.10546588624159733, 0.938974053834875], "y": [0.9448680561614481, -0.04121192779321789, -0.32484755417465155], "z": [0.004436595711903022, 0.993568580344025, -0.11314500771862662]}, "nonfixated_points_in_view": [1282, 5, 390, 645, 1158, 280, 921, 1049, 1435, 800, 289, 418, 294, 1323, 1073, 1205, 1214, 1093, 326, 202, 970, 1235, 346, 737, 995, 614, 487, 742, 1129, 107, 876, 238, 497, 1394, 755, 1396, 1142, 247, 1274, 637], "point_pitch": 0.10469754139450593, "camera_rotation_from_original_to_final": [0.09196030348539352, -0.0489787720143795, 0.14226150512695312], "camera_location": [4.716692924499512, -4.644749641418457, 4.289913177490234], "camera_rotation_original": [1.5800347328186035, -0.0031423436012119055, -0.47769707441329956], "view_id": 5, "point_location": [6.281962871551514, -0.1203259527683258, 4.835098743438721], "camera_distance": 4.818475546362239, "bounding_box_ranges": {"x": [-4.644749641418457, -0.08228143236430618], "y": [4.399010488844117, 7.503905993728039], "z": [2.8203785848786334, 5.203905949043663]}, "obliqueness_angle": 0.23452754318714142, "resolution": 512, "point_uuid": "218", "point_normal": [-0.41963648796081543, -0.853399932384491, -0.3092152178287506], "camera_rotation_final": [1.684185266494751, -0.0044366102665662766, -0.333576500415802], "vanishing_points_image": {"x": [444.1388331419695, 195.39846925499333], "y": [503.78458125701934, 266.8075198483503], "z": [257.2800241013631, -30.65936943169234]}, "camera_uuid": "3e56251b11c1ca97c045b046c52cd27c", "field_of_view_rads": 0.795080211067902, "room": "5cd6a063c51df65aa0d61bbfd9882874"}