{"vanishing_points_gaussian_sphere": {"x": [0.3474287158278594, -0.05226433709273883, 0.9362487524618984], "y": [0.9376406761306857, 0.007542147514396119, -0.3475242127910826], "z": [0.01110179640396486, 0.9986048042539791, 0.05162552699466862]}, "nonfixated_points_in_view": [264, 1296, 18, 23, 1051, 540, 796, 1307, 547, 675, 804, 553, 809, 1065, 176, 304, 1203, 1076, 1204, 694, 1332, 1208, 443, 575, 1087, 706, 1219, 580, 1477, 839, 1224, 458, 1354, 336, 337, 464, 849, 1361, 1238, 347, 606, 1376, 227, 997, 1254, 231, 1255, 1256, 234, 364, 750, 624, 628, 630, 127], "point_pitch": -0.04381053050490813, "camera_rotation_from_original_to_final": [0.01662946119904518, 0.06023756042122841, 1.530277132987976], "camera_location": [-6.732573986053467, -9.080721855163574, 1.502792477607727], "camera_rotation_original": [1.58157217502594, -0.008283889852464199, -1.885231852531433], "view_id": 8, "point_location": [-2.8124072551727295, 1.4804160594940186, 0.9204414486885071], "camera_distance": 11.280269313359392, "bounding_box_ranges": {"x": [-9.080721855163574, -5.932650166970366], "y": [-6.994244392502268, -3.6401457126582266], "z": [-0.015431430673162216, 2.4261740767819533]}, "obliqueness_angle": 0.3425319194793701, "resolution": 512, "point_uuid": "719", "point_normal": [-0.02798948436975479, -0.9868899583816528, 0.15894955396652222], "camera_rotation_final": [1.5191446542739868, -0.011102024465799332, -0.3548504412174225], "vanishing_points_image": {"x": [434.9385174593499, 282.91804842062646], "y": [474.828843510241, 254.23979541398555], "z": [259.1217565651744, -24.80150187056435]}, "camera_uuid": "6fe7ddd5d030b288cf1811fb32bc13b1", "field_of_view_rads": 0.8742341221177665, "room": "ade82d56fe033105b37cc8ef1783cd93"}