{"vanishing_points_gaussian_sphere": {"x": [-0.6675892155825732, -0.27057201390134483, 0.6936248442286471], "y": [0.7445297995284513, -0.2424483395119032, 0.6220081834526336], "z": [-0.0001298151324581729, 0.931670321498593, 0.36330482406202647]}, "nonfixated_points_in_view": [1183, 743, 811, 1069, 689, 122, 539, 699, 1055], "point_pitch": -0.3698560436579843, "camera_rotation_from_original_to_final": [0.352287232875824, 0.11940783262252808, -1.1484198570251465], "camera_location": [-3.8966617584228516, -5.1063923835754395, 1.5070674419403076], "camera_rotation_original": [1.5701526403427124, 0.0018522855825722218, -2.8113532066345215], "view_id": 2, "point_location": [-6.784709930419922, -7.696249961853027, -0.0056262691505253315], "camera_distance": 4.163703487872824, "bounding_box_ranges": {"x": [-6.441746472099944, -4.951369583459034], "y": [-7.2298143876539465, -3.896553320983472], "z": [-0.011733025236946526, 2.334334061291596]}, "obliqueness_angle": 1.2022435665130615, "resolution": 512, "point_uuid": "1349", "point_normal": [-0.004088937770575285, -0.00032126379664987326, 0.9999915957450867], "camera_rotation_final": [1.1989836692810059, 0.0001298151328228414, -3.9814229011535645], "vanishing_points_image": {"x": [79.08884901515513, 327.70158727295035], "y": [443.0463572483552, 316.90968924996133], "z": [255.97254184661864, 58.93555840391258]}, "camera_uuid": "62e24ad43a6e699e9b1ae0325438e489", "field_of_view_rads": 1.2734678767660013, "room": "8de55a2e5745f73de25402626a4c3d61"}