{"vanishing_points_gaussian_sphere": {"x": [0.5708675671768043, 0.15450393514484698, 0.8063738306582089], "y": [0.821029481133609, -0.10196726769332082, -0.5617056768705794], "z": [-0.004562001218090266, 0.9827162410095377, -0.1850620917448265]}, "nonfixated_points_in_view": [393, 1289, 780, 1165, 1298, 787, 1316, 811, 825, 1468, 702, 1476, 1223, 460, 979, 84, 856, 865, 868, 358, 1384, 877, 508, 879, 1401, 251, 892, 765, 382], "point_pitch": 0.1867831508305411, "camera_rotation_from_original_to_final": [0.18465356528759003, -0.03252739459276199, 2.754474639892578], "camera_location": [-5.588504314422607, -6.667678356170654, 1.5075440406799316], "camera_rotation_original": [1.5696860551834106, -0.004471865016967058, -0.2234717458486557], "view_id": 1, "point_location": [-7.224667549133301, -9.016522407531738, 2.0466010570526123], "camera_distance": 2.91284756735426, "bounding_box_ranges": {"x": [-11.62426000382561, -6.667678356170654], "y": [-7.292895200736397, -5.560922378496504], "z": [-0.01268218081056427, 2.4282663601274255]}, "obliqueness_angle": 1.0231868028640747, "resolution": 512, "point_uuid": "1448", "point_normal": [0.6966789960861206, -0.004264387767761946, -0.7173703908920288], "camera_rotation_final": [1.756933331489563, 0.0045620170421898365, 2.5340232849121094], "vanishing_points_image": {"x": [448.75815851351854, 203.83046763560665], "y": [385.17404266634117, 272.04269333836965], "z": [255.15853250412218, 74.73661690363733]}, "camera_uuid": "a16f93f6e5a1a0a39d5df06bb9e95552", "field_of_view_rads": 1.1317672129993994, "room": "ade82d56fe033105b37cc8ef1783cd93"}