{"vanishing_points_gaussian_sphere": {"x": [-0.008301515170911789, -0.2771604946890507, 0.960787773147425], "y": [0.9999596510700368, -0.005598912148436975, 0.007024842677552064], "z": [0.0034323574635217397, 0.9608073232269178, 0.2771957910138028]}, "nonfixated_points_in_view": [1028, 517, 15, 527, 528, 1044, 1068, 46, 1072, 76, 603, 1122, 611, 616, 1137, 636, 640, 642, 1159, 149, 153, 156, 164, 1191, 173, 692, 1206, 186, 191, 711, 715, 717, 1233, 1234, 725, 1241, 224, 1251, 748, 239, 1263, 1265, 756, 764, 1280, 257, 258, 1288, 779, 270, 272, 788, 793, 1317, 1324, 814, 823, 1343, 1352, 842, 1355, 1371, 348, 1379, 356, 1380, 870, 359, 871, 368, 880, 1393, 893, 1406, 1420, 409, 930, 419, 421, 437, 1461, 953, 988, 991, 993, 1006, 509], "point_pitch": -0.2990928133341928, "camera_rotation_from_original_to_final": [0.12821975350379944, -0.26735156774520874, -0.4723987579345703], "camera_location": [0.30798399448394775, -4.362792491912842, 3.736617088317871], "camera_rotation_original": [1.5856736898422241, -0.011059120297431946, 2.032072067260742], "view_id": 2, "point_location": [-7.014082908630371, -4.416329383850098, 1.624135136604309], "camera_distance": 7.620899562956105, "bounding_box_ranges": {"x": [-6.441892142270197, 1.3798368434170438], "y": [-7.4310650443942485, 0.30798399448394775], "z": [-0.03611479355772351, 5.459820144292429]}, "obliqueness_angle": 1.1976603269577026, "resolution": 512, "point_uuid": "259", "point_normal": [0.1501915454864502, -0.5684158802032471, 0.8089165091514587], "camera_rotation_final": [1.2899203300476074, -0.0034323642030358315, 1.5790979862213135], "vanishing_points_image": {"x": [253.26802639499755, 347.2116812715212], "y": [427.59474042565034, 256.9607826433287], "z": [256.6813652304249, 65.26791275617667]}, "camera_uuid": "73759aa4f227ecebe2f10f72d0e43db4", "field_of_view_rads": 1.2851355794203485, "room": "8de55a2e5745f73de25402626a4c3d61"}