{"vanishing_points_gaussian_sphere": {"x": [-0.1328349833964167, 0.14451113784252648, 0.9805464793805199], "y": [0.9910744754932955, 0.008151051768612569, 0.13305992777975886], "z": [0.011236156449735944, 0.9894696010461987, -0.14430404496656826]}, "nonfixated_points_in_view": [385, 258, 386, 769, 1026, 647, 140, 1296, 18, 914, 148, 277, 789, 23, 1426, 1427, 1051, 417, 546, 547, 931, 295, 168, 297, 47, 305, 435, 1076, 1203, 1204, 1332, 1208, 1209, 443, 318, 704, 1219, 196, 1220, 710, 1477, 1096, 1480, 1229, 719, 336, 337, 464, 978, 1105, 1106, 1238, 600, 347, 1244, 606, 1120, 227, 231, 1255, 489, 1001, 1259, 364, 1138, 371, 884, 374, 630, 1147, 252, 766], "point_pitch": 0.13779135147598787, "camera_rotation_from_original_to_final": [0.01034134067595005, -0.1338331550359726, 1.4969031810760498], "camera_location": [-1.854644775390625, -5.243408679962158, 1.4990227222442627], "camera_rotation_original": [1.582518458366394, 0.006183302495628595, -1.3640222549438477], "view_id": 9, "point_location": [-2.754849433898926, 1.3903878927230835, 2.4752984046936035], "camera_distance": 6.765407748181134, "bounding_box_ranges": {"x": [-5.243408679962158, 1.55758847370796], "y": [-7.241649373504215, 0.38604495633183555], "z": [-0.029144433103761802, 4.2083841871830385]}, "obliqueness_angle": 0.1886136531829834, "resolution": 512, "point_uuid": "839", "point_normal": [0.010662407614290714, -0.9999401569366455, -0.0024855074007064104], "camera_rotation_final": [1.715615153312683, -0.011236392892897129, 0.13323722779750824], "vanishing_points_image": {"x": [201.77971083584674, 197.0137639880643], "y": [476.89846975056594, 254.1832295079056], "z": [258.1804604132668, 63.98600439006347]}, "camera_uuid": "614fa69f38f6a61f05c875e475650ac3", "field_of_view_rads": 1.1030561998678858, "room": "8de55a2e5745f73de25402626a4c3d61"}