{"vanishing_points_gaussian_sphere": {"x": [0.4706106472730855, 0.3170634598936128, 0.8234053564760792], "y": [0.8823368725717305, -0.1662599151055854, -0.4402718295887458], "z": [-0.002694804917901598, 0.9337175177907797, -0.3580004678727104]}, "nonfixated_points_in_view": [965, 34, 572, 330, 890], "point_pitch": 0.3719220916416983, "camera_rotation_from_original_to_final": [0.3376788794994354, -0.12923525273799896, 3.0197579860687256], "camera_location": [-1.2640292644500732, -10.590165138244629, 1.4937529563903809], "camera_rotation_original": [1.576294183731079, -0.003259384771808982, -0.3901067078113556], "view_id": 5, "point_location": [-1.8489652872085571, -11.684123992919922, 1.9693846702575684], "camera_distance": 1.328578815342618, "bounding_box_ranges": {"x": [-12.05693189262637, -10.590165138244629], "y": [-2.7907984265913055, -1.0823429207938935], "z": [1.1263603916542357, 2.4074548389300334]}, "obliqueness_angle": 1.188178300857544, "resolution": 512, "point_uuid": "97", "point_normal": [0.0013059190241619945, 0.01801478862762451, -0.9998369216918945], "camera_rotation_final": [1.9369232654571533, 0.00269480817951262, 2.6516079902648926], "vanishing_points_image": {"x": [412.92492111009244, 150.27532352062093], "y": [397.85781279393865, 282.7304570911116], "z": [255.55162593748636, 100.64377591458296]}, "camera_uuid": "bf987798a26d9c5da496954cb31ac414", "field_of_view_rads": 1.1562664487543108, "room": "856e4980d5eb3351797f528948f684e5"}