{"vanishing_points_gaussian_sphere": {"x": [0.2426347563056691, -0.18201642418803876, 0.9528894985035193], "y": [0.9699093317092861, 0.025156524628022266, -0.24216324562551972], "z": [0.02010629990163924, 0.982973636774883, 0.18264327556695234]}, "nonfixated_points_in_view": [833, 612, 74, 1074, 183, 250, 1467, 734], "point_pitch": -0.1807212074610849, "camera_rotation_from_original_to_final": [0.08229878544807434, 0.16585807502269745, 0.21536612510681152], "camera_location": [-0.3368440568447113, -10.415435791015625, 4.328280448913574], "camera_rotation_original": [1.5721080303192139, -0.020286651328206062, -2.0281968116760254], "view_id": 1, "point_location": [0.5003994107246399, -10.628209114074707, 4.1678032875061035], "camera_distance": 0.878636419414107, "bounding_box_ranges": {"x": [-11.24376602851267, -10.112215520951617], "y": [-0.3368440568447113, 0.8270951252868839], "z": [3.3486411193900585, 4.767075231864434]}, "obliqueness_angle": 1.0755218267440796, "resolution": 512, "point_uuid": "244", "point_normal": [-0.19386601448059082, 0.6371673345565796, 0.7459449172019958], "camera_rotation_final": [1.3870844841003418, -0.020107654854655266, -1.8159277439117432], "vanishing_points_image": {"x": [358.8543268919541, 333.15785272558537], "y": [448.01094210792496, 251.01981490839435], "z": [260.9108203148659, 15.915701642444384]}, "camera_uuid": "b87171fb6c278f89d23d6a3ee7d4a1a2", "field_of_view_rads": 1.0462775653270615, "room": "c6b90c3c2e476767ef8ca0b4e5cf1d4d"}