{"vanishing_points_gaussian_sphere": {"x": [0.6682202129396673, -0.07394374049145146, 0.740279724334659], "y": [0.7439230876128153, 0.07678818771751235, -0.6638388463653476], "z": [-0.007758011051894289, 0.994301713500079, 0.10631987488388857]}, "nonfixated_points_in_view": [1027, 1159, 1417, 394, 399, 527, 528, 786, 279, 925, 1186, 1317, 941, 46, 1198, 54, 1469, 190, 63, 191, 1474, 1353, 1100, 335, 1363, 469, 1241, 859, 1248, 611, 1379, 106, 1135, 368, 1143], "point_pitch": -0.10145740111800627, "camera_rotation_from_original_to_final": [-0.04380331560969353, 0.1059623435139656, -2.8129305839538574], "camera_location": [-4.307779312133789, 0.3686792552471161, 1.49626624584198], "camera_rotation_original": [1.5781090259552002, -0.005691109225153923, -1.0627084970474243], "view_id": 13, "point_location": [-7.074354648590088, -2.716465711593628, 1.0531730651855469], "camera_distance": 4.167540116154227, "bounding_box_ranges": {"x": [-5.988277534607579, 0.3686792552471161], "y": [-7.431142866344047, -4.307779312133789], "z": [-0.02531992147322104, 3.6348076942920593]}, "obliqueness_angle": 0.8231179714202881, "resolution": 512, "point_uuid": "779", "point_normal": [0.9996983408927917, 0.02318267896771431, -0.008108853362500668], "camera_rotation_final": [1.464271903038025, 0.007758088875561953, -3.8734335899353027], "vanishing_points_image": {"x": [564.5445202975543, 290.1428401852334], "y": [418.43979706746404, 239.2328666259878], "z": [253.61704346034782, -49.4104659974498]}, "camera_uuid": "5fb98853d32c905b4569c0e295d9d2d9", "field_of_view_rads": 0.8292088904746916, "room": "8de55a2e5745f73de25402626a4c3d61"}