{"vanishing_points_gaussian_sphere": {"x": [-0.3096745439079832, 0.13942048354725511, 0.9405655775238813], "y": [0.950824944882631, 0.05143665239032841, 0.3054278883465267], "z": [-0.0057966407793145795, 0.9888964554281333, -0.148493095453457]}, "nonfixated_points_in_view": [1313, 293, 261, 773, 204, 590, 435, 888, 440, 762, 639], "point_pitch": 0.14770038525131746, "camera_rotation_from_original_to_final": [0.07007535547018051, -0.1255643218755722, -1.7118805646896362], "camera_location": [-1.9384469985961914, -2.428041458129883, 1.5036466121673584], "camera_rotation_original": [1.5763559341430664, -0.0021221297793090343, -1.119526982307434], "view_id": 0, "point_location": [-0.8676537275314331, -5.725547790527344, 2.024244785308838], "camera_distance": 3.505876244634563, "bounding_box_ranges": {"x": [-6.441890708161642, -2.428041458129883], "y": [-2.6938425586005343, 0.9906313062609344], "z": [0.07828384835724123, 4.489418766795415]}, "obliqueness_angle": 1.5510083436965942, "resolution": 512, "point_uuid": "1019", "point_normal": [0.42239466309547424, 0.01511938776820898, -0.9062859416007996], "camera_rotation_final": [1.7198431491851807, 0.005796673242002726, -2.8267364501953125], "vanishing_points_image": {"x": [122.37848474300267, 195.8414347064217], "y": [512.498882591746, 242.12421357539387], "z": [254.76664701074162, 45.592205933881615]}, "camera_uuid": "a7a591d05adb833dd3d4b184074676ca", "field_of_view_rads": 1.0209903334312176, "room": "8de55a2e5745f73de25402626a4c3d61"}