{"vanishing_points_gaussian_sphere": {"x": [-0.3395298494603382, 0.2723700929357977, 0.9002966254516259], "y": [0.9405952772535117, 0.09824129511536288, 0.3250064189249894], "z": [7.572205497171212e-05, 0.9571641345183182, -0.2895458752218194]}, "nonfixated_points_in_view": [509, 1026, 517, 268, 270, 910, 16, 153, 284, 1057, 936, 1321, 427, 940, 1199, 434, 180, 308, 1077, 697, 58, 444, 1212, 1345, 835, 710, 455, 72, 329, 713, 715, 1096, 1357, 974, 80, 336, 723, 87, 348, 988, 354, 998, 1255, 621, 240, 880, 243, 500, 246, 759, 1020, 253, 1406], "point_pitch": 0.29601021210220857, "camera_rotation_from_original_to_final": [0.08827545493841171, -0.2803364396095276, 1.615140676498413], "camera_location": [-2.806222438812256, -9.90909194946289, 4.287649154663086], "camera_rotation_original": [1.5709993839263916, -0.0022501780185848475, -1.2808427810668945], "view_id": 2, "point_location": [-3.8323404788970947, -7.066653728485107, 5.201809883117676], "camera_distance": 3.1572240044217375, "bounding_box_ranges": {"x": [-9.90909194946289, -5.957719459117955], "y": [-7.284170234399658, -1.9765416801931255], "z": [3.0779566076385985, 5.212396320461033]}, "obliqueness_angle": 1.267458200454712, "resolution": 512, "point_uuid": "1355", "point_normal": [0.013037798926234245, -0.0055020893923938274, -0.9998999238014221], "camera_rotation_final": [1.864548683166504, -7.572205504402518e-05, 0.34641700983047485], "vanishing_points_image": {"x": [137.11044394878667, 160.62706156105617], "y": [472.2374687499877, 233.41488874524615], "z": [256.01273545142834, 95.01761054091416]}, "camera_uuid": "48bee344cd0412ed9774218b24d4c13a", "field_of_view_rads": 1.1734346117679826, "room": "ef914082afe6874a9bab2b30c864407b"}