{"vanishing_points_gaussian_sphere": {"x": [-0.10461662654821682, 0.020478966572009788, 0.9943017516719025], "y": [0.9945096092336679, 0.004616448997064877, 0.1045434146206954], "z": [-0.0024492022309446234, 0.9997796258810239, -0.020849486363743633]}, "nonfixated_points_in_view": [515, 1156, 1163, 652, 525, 1419, 271, 273, 913, 1041, 405, 663, 1047, 1175, 411, 157, 1437, 674, 1444, 1322, 1452, 1335, 441, 698, 961, 1473, 583, 1098, 1104, 593, 1495, 473, 732, 477, 220, 479, 989, 485, 1388, 496, 1392, 503, 891], "point_pitch": 0.028692559399877027, "camera_rotation_from_original_to_final": [0.004417601507157087, -0.015274261124432087, -1.98521888256073], "camera_location": [3.5659539699554443, -4.741698265075684, 4.287182807922363], "camera_rotation_original": [1.576193928718567, 0.006192484870553017, -1.0516655445098877], "view_id": 0, "point_location": [4.071458339691162, -9.549476623535156, 4.387997627258301], "camera_distance": 4.835331534504337, "bounding_box_ranges": {"x": [-11.57868931574048, -4.741698265075684], "y": [2.0816817261349003, 5.479951727844076], "z": [2.7656251752766443, 5.206558709442291]}, "obliqueness_angle": 1.461229681968689, "resolution": 512, "point_uuid": "1449", "point_normal": [-0.999987006187439, 0.004864571616053581, 0.001527288113720715], "camera_rotation_final": [1.5916473865509033, 0.0024492046795785427, -3.0367839336395264], "vanishing_points_image": {"x": [220.86136870109866, 249.12152494780818], "y": [433.2339698288562, 255.1772914261807], "z": [255.59060503124536, 88.88242043564024]}, "camera_uuid": "cb2f6552a3a803bf140924ce8faafd94", "field_of_view_rads": 1.297023249575747, "room": "77c77478b552f1977cad320741ba92a5"}