{"vanishing_points_gaussian_sphere": {"x": [0.059094265228536585, -0.05197290794691065, 0.9968985327788588], "y": [0.9982097760231405, 0.012305718137735198, -0.05853043954171404], "z": [-0.009225555209904687, 0.9985726744412029, 0.05260706217241592]}, "nonfixated_points_in_view": [1027, 10, 522, 14, 528, 1043, 31, 40, 1069, 1071, 54, 63, 70, 585, 1100, 87, 611, 106, 109, 1135, 1143, 1150, 128, 1159, 147, 148, 156, 670, 1186, 675, 173, 1198, 1211, 190, 191, 1216, 709, 729, 1241, 1248, 1250, 739, 1263, 762, 764, 765, 255, 264, 1289, 780, 1295, 786, 787, 1298, 1300, 1305, 1313, 292, 293, 1317, 809, 300, 825, 828, 1341, 1342, 852, 1369, 859, 352, 865, 356, 358, 1384, 877, 1401, 1405, 394, 906, 1420, 406, 919, 1436, 925, 941, 433, 1468, 957, 1469, 447, 962, 1474, 458, 460, 1485, 979, 1491, 469, 981, 475, 991, 1005, 1006, 502, 508], "point_pitch": -0.05350451072188811, "camera_rotation_from_original_to_final": [-0.01615198701620102, 0.05962730199098587, -2.1383910179138184], "camera_location": [-4.307779312133789, 0.3686792552471161, 1.49626624584198], "camera_rotation_original": [1.5781090259552002, -0.005691109225153923, -1.0627084970474243], "view_id": 4, "point_location": [-4.679093837738037, -5.955625057220459, 1.1625272035598755], "camera_distance": 6.343979712141937, "bounding_box_ranges": {"x": [-6.441823149240057, 0.3686792552471161], "y": [-7.249361342324352, -0.919529669453429], "z": [-0.017312018613336422, 4.960701461622766]}, "obliqueness_angle": 1.0592913627624512, "resolution": 512, "point_uuid": "624", "point_normal": [-0.8409910202026367, 0.5409463047981262, -0.010549651458859444], "camera_rotation_final": [1.518162727355957, 0.009225686080753803, -3.200723886489868], "vanishing_points_image": {"x": [280.9167721284422, 277.9140909724066], "y": [461.0953597288106, 253.47162795957067], "z": [253.99631138484602, 39.121053025231774]}, "camera_uuid": "5fb98853d32c905b4569c0e295d9d2d9", "field_of_view_rads": 1.0885699802923718, "room": "8de55a2e5745f73de25402626a4c3d61"}