{"vanishing_points_gaussian_sphere": {"x": [0.043280898567925434, -0.15114427217217213, 0.987563756325989], "y": [0.9989557127900598, 0.021029392453228563, -0.04056166339232014], "z": [-0.014637202712838943, 0.9882880013652865, 0.15189660514360023]}, "nonfixated_points_in_view": [0, 1418, 267, 657, 672, 293, 1061, 167, 171, 50, 818, 52, 568, 184, 570, 827, 701, 831, 708, 197, 71, 328, 1232, 119, 88, 740, 613, 1136, 115, 627, 631, 507, 254], "point_pitch": -0.14997200568648772, "camera_rotation_from_original_to_final": [0.021135352551937103, -0.1667318046092987, -1.8354374170303345], "camera_location": [-2.125469923019409, -10.290050506591797, 1.5054166316986084], "camera_rotation_original": [1.585587501525879, -0.0013757790438830853, 1.7914842367172241], "view_id": 5, "point_location": [-1.9661567211151123, -6.411216735839844, 0.9088150262832642], "camera_distance": 3.9276793673820998, "bounding_box_ranges": {"x": [-10.290050506591797, -5.944768716519043], "y": [-3.134214325367016, 1.2030855159750535], "z": [-0.0872905401438332, 2.4277158674289483]}, "obliqueness_angle": 0.8131443858146667, "resolution": 512, "point_uuid": "242", "point_normal": [0.00931849330663681, -0.5698720812797546, 0.8216806650161743], "camera_rotation_final": [1.4182929992675781, 0.014637725427746773, -0.04329906404018402], "vanishing_points_image": {"x": [270.9559453088414, 308.2287092723825], "y": [427.2701961689312, 252.39452667954777], "z": [253.22912390341665, 68.91346077203474]}, "camera_uuid": "2b230e47a809ba0986cefc4de1b011af", "field_of_view_rads": 1.2634192006468192, "room": "856e4980d5eb3351797f528948f684e5"}