{"vanishing_points_gaussian_sphere": {"x": [0.2601544368297618, -0.011324854634704288, 0.9655006041765548], "y": [0.9655367021505247, -0.004872657755416353, -0.2602213173563759], "z": [0.0076515225987122725, 0.9999239995489165, 0.009666919262101949]}, "nonfixated_points_in_view": [769, 386, 1026, 1296, 914, 1427, 277, 789, 546, 547, 931, 295, 47, 305, 435, 1076, 1203, 1204, 1332, 1219, 196, 1220, 710, 839, 1096, 1477, 1480, 719, 336, 347, 1244, 1255, 489, 1001, 364, 371, 374, 630, 252], "point_pitch": -0.020488544306482837, "camera_rotation_from_original_to_final": [-0.017933154478669167, 0.018092652782797813, 1.1006542444229126], "camera_location": [-1.854644775390625, -5.243408679962158, 1.4990227222442627], "camera_rotation_original": [1.582518458366394, 0.006183302495628595, -1.3640222549438477], "view_id": 0, "point_location": [-0.9531834125518799, -1.8987118005752563, 1.465533971786499], "camera_distance": 3.4642102165532638, "bounding_box_ranges": {"x": [-5.243408679962158, 1.553807936473052], "y": [-3.4571628621468844, 1.3841071793277642], "z": [-0.02636347579811861, 3.8950530341614167]}, "obliqueness_angle": 1.0321154594421387, "resolution": 512, "point_uuid": "647", "point_normal": [-0.9621648788452148, -0.27214527130126953, -0.01325524877756834], "camera_rotation_final": [1.5611289739608765, -0.007651597261428833, -0.26319003105163574], "vanishing_points_image": {"x": [375.3581180767564, 261.1958112003128], "y": [458.7536995095759, 257.02321266934155], "z": [257.82462268881017, 17.552816040843798]}, "camera_uuid": "614fa69f38f6a61f05c875e475650ac3", "field_of_view_rads": 0.9892949903673626, "room": "8de55a2e5745f73de25402626a4c3d61"}