{"vanishing_points_gaussian_sphere": {"x": [0.5959564389508801, 0.13868665556939677, 0.790950020190885], "y": [0.8030021060651792, -0.09697275297789314, -0.588033930003002], "z": [-0.004851858187614783, 0.9855771389124568, -0.16915721304533024]}, "nonfixated_points_in_view": [771, 775, 654, 144, 17, 529, 28, 926, 422, 1062, 43, 687, 821, 1465, 1091, 456, 712, 334, 463, 848, 721, 599, 1113, 474, 604, 222, 994, 1258, 1133, 367, 1391, 245, 1141, 1399, 1402], "point_pitch": 0.16322215000656648, "camera_rotation_from_original_to_final": [-0.11658723652362823, 0.13232138752937317, 1.7724982500076294], "camera_location": [2.0380539894104004, -3.850883722305298, 1.5039372444152832], "camera_rotation_original": [1.5646412372589111, 0.005592518951743841, 2.2927701473236084], "view_id": 4, "point_location": [6.301759719848633, -7.020749092102051, 2.4157989025115967], "camera_distance": 5.390614407293997, "bounding_box_ranges": {"x": [-11.530292122126445, -3.850883722305298], "y": [2.0380539894104004, 6.509242141514424], "z": [0.009995953494891241, 2.4277343706375287]}, "obliqueness_angle": 1.1968437433242798, "resolution": 512, "point_uuid": "1483", "point_normal": [-0.25112468004226685, 0.0049934349954128265, -0.9679418802261353], "camera_rotation_final": [1.7407728433609009, 0.004851877223700285, 4.0739240646362305], "vanishing_points_image": {"x": [479.3912743094687, 204.01400456062618], "y": [396.61856502452804, 272.9814864335144], "z": [254.98629167640746, 50.08141981387521]}, "camera_uuid": "46dec00679fa99b86c497ab5e0e1ad5c", "field_of_view_rads": 1.0283671353685855, "room": "856e4980d5eb3351797f528948f684e5"}