{"vanishing_points_gaussian_sphere": {"x": [0.37661345007641994, -0.0793028970123296, 0.9229698585257201], "y": [0.9263550407436214, 0.02648328243505343, -0.3757192758434795], "z": [0.005352355595384561, 0.996498713635355, 0.08343659876015753]}, "nonfixated_points_in_view": [897, 519, 1479, 1161, 652, 525, 696, 1452, 817, 1457, 691, 1047, 150, 952, 504, 381], "point_pitch": -0.054510756334986255, "camera_rotation_from_original_to_final": [0.04425142705440521, -0.0959446057677269, 2.1754817962646484], "camera_location": [0.3440798223018646, -5.207657814025879, 4.2956719398498535], "camera_rotation_original": [1.591770052909851, -0.020765699446201324, 2.1472725868225098], "view_id": 3, "point_location": [5.148977756500244, -7.163618564605713, 3.8613076210021973], "camera_distance": 5.205909791388708, "bounding_box_ranges": {"x": [-5.9780369906954745, -5.207657814025879], "y": [0.3440798223018646, 1.4912100037819662], "z": [3.6014322369243748, 4.730566135708925]}, "obliqueness_angle": 0.4724932610988617, "resolution": 512, "point_uuid": "473", "point_normal": [-0.6552423238754272, 0.7550450563430786, 0.023760629817843437], "camera_rotation_final": [1.487261414527893, -0.0053523811511695385, 4.326245307922363], "vanishing_points_image": {"x": [468.57275759231305, 300.76110850408946], "y": [493.04018945624614, 249.22333013831386], "z": [257.6977017892948, -60.07721479258949]}, "camera_uuid": "65572d2c193d1b3ea0911dbf66b34fb7", "field_of_view_rads": 0.7971502097395305, "room": "8de55a2e5745f73de25402626a4c3d61"}