{"vanishing_points_gaussian_sphere": {"x": [-0.08019208863822268, -0.19223586832824455, 0.9780667665593824], "y": [0.9967716610890467, -0.01933912944847854, 0.07792466696725589], "z": [0.003935043789107026, 0.9811581773599305, 0.193166110977358]}, "nonfixated_points_in_view": [387, 1159, 264, 779, 1147, 1038, 18, 1042, 23, 1051, 669, 925, 168, 297, 809, 939, 1324, 46, 815, 563, 1334, 1208, 1209, 442, 443, 826, 318, 1215, 704, 1219, 452, 1353, 842, 76, 719, 464, 337, 978, 1361, 1238, 606, 1374, 1376, 227, 1251, 1379, 231, 871, 1259, 493, 494, 1137, 1138, 634, 635, 766, 1151], "point_pitch": -0.1919928034159799, "camera_rotation_from_original_to_final": [-0.18848742544651031, 0.04302286356687546, 0.2988683581352234], "camera_location": [-5.588504314422607, -6.667678356170654, 1.5075440406799316], "camera_rotation_original": [1.5696860551834106, -0.004471865016967058, -0.2234717458486557], "view_id": 5, "point_location": [-6.206203460693359, 1.085337519645691, -0.023662012070417404], "camera_distance": 7.926878379890836, "bounding_box_ranges": {"x": [-4.922276228797468, 1.5576134433762325], "y": [-7.3841052619886325, -2.576967131783868], "z": [-0.042948514998848886, 3.2834931819827986]}, "obliqueness_angle": 1.383286952972412, "resolution": 512, "point_uuid": "1446", "point_normal": [-0.006978712510317564, 0.006340507883578539, 0.9999555945396423], "camera_rotation_final": [1.3764067888259888, -0.0039350539445877075, 0.0802789106965065], "vanishing_points_image": {"x": [212.34117290426695, 360.6586100881353], "y": [544.5282480945676, 261.5979572426318], "z": [257.21169803541454, -46.123051140870544]}, "camera_uuid": "a16f93f6e5a1a0a39d5df06bb9e95552", "field_of_view_rads": 0.8624856868392916, "room": "8de55a2e5745f73de25402626a4c3d61"}