{"vanishing_points_gaussian_sphere": {"x": [0.04086949798999017, 0.09488745065603325, 0.994648709767446], "y": [0.9991556772748467, 0.00030053892335465976, -0.041083357284890806], "z": [-0.00419722568950387, 0.9954879614462219, -0.09479505215018853]}, "nonfixated_points_in_view": [130, 135, 892, 393, 1289, 780, 1165, 14, 1169, 274, 787, 1298, 534, 1174, 792, 667, 1054, 161, 1316, 550, 1318, 1448, 42, 556, 825, 1468, 702, 1216, 1475, 1476, 453, 70, 1223, 584, 585, 851, 84, 979, 1492, 856, 865, 868, 358, 744, 1384, 877, 879, 1401, 251, 508, 765, 382, 1023], "point_pitch": 0.09303446213272615, "camera_rotation_from_original_to_final": [0.09558554738759995, -0.012820085510611534, -2.959602117538452], "camera_location": [-5.588504314422607, -6.667678356170654, 1.5075440406799316], "camera_rotation_original": [1.5696860551834106, -0.004471865016967058, -0.2234717458486557], "view_id": 2, "point_location": [-5.789518356323242, -11.534259796142578, 1.9713526964187622], "camera_distance": 4.892764028950002, "bounding_box_ranges": {"x": [-11.623034926838272, -6.667678356170654], "y": [-7.282473298333535, -3.5031219144840913], "z": [-0.0176206917439658, 2.428924363207707]}, "obliqueness_angle": 0.4285399317741394, "resolution": 512, "point_uuid": "460", "point_normal": [-0.008470210246741772, 0.8673987984657288, -0.4975416362285614], "camera_rotation_final": [1.6657347679138184, 0.004197238013148308, -3.18247389793396], "vanishing_points_image": {"x": [270.09109725320667, 223.28444534282048], "y": [425.68199731576993, 255.94896086170974], "z": [255.30548099941504, 91.2756427163456]}, "camera_uuid": "a16f93f6e5a1a0a39d5df06bb9e95552", "field_of_view_rads": 1.2722582583870161, "room": "ade82d56fe033105b37cc8ef1783cd93"}