{"vanishing_points_gaussian_sphere": {"x": [-0.13651463088586044, -0.1739233650202969, 0.9752509516294326], "y": [0.9906271922543015, -0.028577435941547744, 0.13357056607413928], "z": [0.0046391292778433756, 0.9843444484808269, 0.17619445287670146]}, "nonfixated_points_in_view": [512, 1, 1024, 902, 9, 265, 1168, 1425, 918, 666, 541, 801, 306, 59, 955, 1470, 449, 451, 1350, 82, 1110, 983, 478, 353, 482, 355, 609, 101, 873, 1385, 491, 369, 499, 886, 1398, 1016, 123, 1279], "point_pitch": -0.1781354387614389, "camera_rotation_from_original_to_final": [0.17797285318374634, 0.012879123911261559, 0.06547925621271133], "camera_location": [6.898015022277832, -5.4319539070129395, 1.5056571960449219], "camera_rotation_original": [1.5721105337142944, -0.004563433583825827, -3.0698022842407227], "view_id": 2, "point_location": [7.7351603507995605, -11.544265747070312, 0.40137070417404175], "camera_distance": 6.267425007434242, "bounding_box_ranges": {"x": [-11.65175962191525, -6.046712682468598], "y": [6.465784966118646, 9.8623569069942], "z": [-0.028311279158493297, 2.4367886783501107]}, "obliqueness_angle": 0.4598853588104248, "resolution": 512, "point_uuid": "1181", "point_normal": [0.246535524725914, 0.8787912130355835, 0.40859055519104004], "camera_rotation_final": [1.3936753273010254, -0.004639145918190479, -3.0046489238739014], "vanishing_points_image": {"x": [187.2037858689882, 343.6482541444705], "y": [530.0952657543178, 263.9070511694219], "z": [257.31359294388676, -22.72211452569346]}, "camera_uuid": "7aee671bd52588b571fedb6abd1f939e", "field_of_view_rads": 0.92043671083451, "room": "8868fae7afbf71557a2e4faceeb9d9d6"}