{"vanishing_points_gaussian_sphere": {"x": [-0.003381801517478984, -0.20012377907734463, 0.9797647862963328], "y": [0.9995772089583624, 0.027617943292459722, 0.009091344196799472], "z": [-0.02887848246543743, 0.9793812956433755, 0.199945770133796]}, "nonfixated_points_in_view": [133, 263, 1166, 1294, 1296, 1427, 23, 1179, 288, 547, 557, 178, 1076, 1332, 1462, 1208, 569, 1081, 443, 1466, 64, 580, 839, 1096, 1227, 589, 336, 337, 720, 467, 1114, 735, 867, 1255, 618, 114, 370], "point_pitch": -0.2074586590144296, "camera_rotation_from_original_to_final": [0.0808955579996109, -0.21319937705993652, -2.151643991470337], "camera_location": [0.3440798223018646, -5.207657814025879, 4.2956719398498535], "camera_rotation_original": [1.591770052909851, -0.020765699446201324, 2.1472725868225098], "view_id": 0, "point_location": [0.2876158058643341, 0.8774110674858093, 3.0538599491119385], "camera_distance": 6.210744405521163, "bounding_box_ranges": {"x": [-5.207657814025879, 1.557602942027672], "y": [-4.811950033986575, 1.4769614893584562], "z": [-0.028973197939674566, 4.801334070341477]}, "obliqueness_angle": 1.5103455781936646, "resolution": 512, "point_uuid": "1239", "point_normal": [0.644666850566864, -0.20592144131660461, -0.7362072467803955], "camera_rotation_final": [1.3694086074829102, 0.028882497921586037, 0.0033832190092653036], "vanishing_points_image": {"x": [254.7559659902082, 329.6177998778197], "y": [444.42974420113615, 250.79375685707893], "z": [249.97893623520036, 51.802385455038205]}, "camera_uuid": "65572d2c193d1b3ea0911dbf66b34fb7", "field_of_view_rads": 1.1972385131165046, "room": "8de55a2e5745f73de25402626a4c3d61"}