{"vanishing_points_gaussian_sphere": {"x": [0.4380433960327376, -0.22588572602774576, 0.8701112698781832], "y": [0.8988483124734559, 0.12488649696972914, -0.42008936434793304], "z": [-0.013772957406701853, 0.9661154183903433, 0.257742708903133]}, "nonfixated_points_in_view": [1038, 527, 1042, 23, 1051, 1068, 46, 54, 580, 76, 1105, 1106, 600, 1120, 1137, 1138, 1139, 1145, 121, 634, 636, 133, 140, 152, 1180, 164, 168, 1200, 692, 1204, 1208, 1209, 186, 1215, 1219, 1220, 710, 1229, 1238, 227, 1251, 231, 1255, 1259, 239, 1265, 252, 766, 257, 258, 779, 277, 279, 295, 297, 1324, 823, 826, 318, 839, 1353, 335, 337, 1361, 1363, 347, 1379, 1380, 871, 364, 368, 884, 893, 399, 914, 1426, 421, 1446, 939, 953, 442, 443, 452, 978, 493, 494], "point_pitch": -0.2754511078211923, "camera_rotation_from_original_to_final": [0.14184553921222687, -0.24306344985961914, -1.0576297044754028], "camera_location": [0.27477186918258667, -2.2696449756622314, 2.261363983154297], "camera_rotation_original": [1.5901278257369995, -0.005768735893070698, 2.1587343215942383], "view_id": 3, "point_location": [-7.179401397705078, 1.329228401184082, 0.05330304801464081], "camera_distance": 8.566920121101173, "bounding_box_ranges": {"x": [-3.875402822327516, 1.5574750102377406], "y": [-7.431148739322814, 0.27477186918258667], "z": [-0.03675737753280606, 4.542475320716942]}, "obliqueness_angle": 0.7572040557861328, "resolution": 512, "point_uuid": "640", "point_normal": [0.354649156332016, -0.9286378622055054, 0.10888457298278809], "camera_rotation_final": [1.3100857734680176, 0.013773392885923386, 1.1173291206359863], "vanishing_points_image": {"x": [386.64305155051557, 323.3686689885925], "y": [381.1583589135714, 238.61042625959473], "z": [253.3360886426548, 69.137748156831]}, "camera_uuid": "72c78639c6d82fd06b6c6cb47f559896", "field_of_view_rads": 1.2993449542132463, "room": "8de55a2e5745f73de25402626a4c3d61"}