{"vanishing_points_gaussian_sphere": {"x": [0.4663988585030041, -0.01597915782512968, 0.8844301958336195], "y": [0.884568387125866, 0.012152212310912913, -0.4662521766528221], "z": [-0.0032974663969067464, 0.9997984748193758, 0.019802435815100553]}, "nonfixated_points_in_view": [1025, 1410, 1155, 901, 10, 396, 400, 403, 790, 407, 1046, 282, 923, 30, 1184, 680, 808, 937, 555, 1195, 1451, 303, 1074, 565, 183, 312, 1207, 1467, 700, 956, 1088, 705, 834, 1348, 1482, 587, 83, 985, 986, 1499, 1372, 734, 95, 990, 1119, 612, 619, 1005, 366, 878, 754, 889, 1275], "point_pitch": -0.02112536033126311, "camera_rotation_from_original_to_final": [-0.01753505878150463, 0.015783347189426422, -1.5117199420928955], "camera_location": [-6.867229461669922, -9.096433639526367, 4.286715030670166], "camera_rotation_original": [1.574166178703308, -0.001123880734667182, -0.544407844543457], "view_id": 3, "point_location": [-2.5714175701141357, -11.361089706420898, 4.190530776977539], "camera_distance": 4.857151104762268, "bounding_box_ranges": {"x": [-11.665916295197073, -8.771982965197848], "y": [-6.867229461669922, -1.7660279686810476], "z": [2.7651486822720863, 5.211857780373528]}, "obliqueness_angle": 0.9359170794487, "resolution": 512, "point_uuid": "438", "point_normal": [-0.1490408033132553, 0.9887435436248779, 0.013152259401977062], "camera_rotation_final": [1.550992488861084, 0.0032974723726511, -2.0560145378112793], "vanishing_points_image": {"x": [430.0870798134628, 261.9643476242285], "y": [405.3481147592876, 253.94825360570883], "z": [255.30660984908562, 45.76270509100336]}, "camera_uuid": "7f2779005da07c7c8e1ad24c5414740e", "field_of_view_rads": 1.1024622802143451, "room": "ef914082afe6874a9bab2b30c864407b"}