{"vanishing_points_gaussian_sphere": {"x": [0.18383257050505145, 0.05335741121398491, 0.981508315140553], "y": [0.9829462466133008, -0.005185758387531227, -0.18381997763782465], "z": [-0.0047182931584951555, 0.9985620133864936, -0.05340077837618691]}, "nonfixated_points_in_view": [3, 771, 518, 775, 1287, 649, 1291, 12, 654, 1039, 144, 17, 529, 1424, 1428, 665, 538, 28, 285, 415, 1439, 1443, 165, 422, 934, 1062, 43, 1067, 429, 174, 1070, 1460, 1333, 566, 695, 1080, 1464, 1338, 1465, 317, 65, 195, 1347, 456, 1483, 1228, 1484, 975, 848, 977, 216, 89, 1113, 1370, 604, 1117, 1378, 99, 1253, 617, 746, 1391, 1264, 241, 116, 1141, 1271, 1404, 1399], "point_pitch": 0.04911537567642732, "camera_rotation_from_original_to_final": [0.04736333712935448, -0.010845004580914974, -1.3658676147460938], "camera_location": [-1.2640292644500732, -10.590165138244629, 1.4937529563903809], "camera_rotation_original": [1.576294183731079, -0.003259384771808982, -0.3901067078113556], "view_id": 2, "point_location": [3.96079683303833, -11.568686485290527, 1.778018832206726], "camera_distance": 5.323261815904265, "bounding_box_ranges": {"x": [-11.672117138370849, -6.734866670586291], "y": [-1.2640292644500732, 6.509631761718518], "z": [-0.03214153869562625, 2.4213972337195484]}, "obliqueness_angle": 1.346843957901001, "resolution": 512, "point_uuid": "724", "point_normal": [-0.3921780288219452, -0.9145700335502625, -0.09878423810005188], "camera_rotation_final": [1.6242231130599976, 0.0047183106653392315, -1.7556824684143066], "vanishing_points_image": {"x": [316.6745975006316, 238.38919555881822], "y": [407.3055525376721, 256.7982471481586], "z": [255.22758067531115, 92.5280472979488]}, "camera_uuid": "bf987798a26d9c5da496954cb31ac414", "field_of_view_rads": 1.3017035788051774, "room": "856e4980d5eb3351797f528948f684e5"}