{"vanishing_points_gaussian_sphere": {"x": [0.09719832390828859, 0.11582689031891884, 0.9885022090559377], "y": [0.9952649300686865, -0.010860122226276877, -0.096590769334356], "z": [-0.00045255363421825936, 0.9932100428531115, -0.11633402757116545]}, "nonfixated_points_in_view": [384, 225, 608, 294, 487, 105, 1433, 11, 1323, 142, 495, 112, 887, 1073, 1012, 1429, 982, 247, 1272, 857, 954], "point_pitch": 0.13259203831223054, "camera_rotation_from_original_to_final": [-0.09534497559070587, -0.03709837421774864, 2.743802070617676], "camera_location": [4.8224005699157715, -9.461613655090332, 4.288321018218994], "camera_rotation_original": [1.5853524208068848, -0.00664387596771121, -2.8390679359436035], "view_id": 1, "point_location": [5.190828323364258, -5.691153049468994, 4.732055187225342], "camera_distance": 3.8143167759462675, "bounding_box_ranges": {"x": [-9.461613655090332, -7.250003408722678], "y": [4.185304697988647, 6.256682128509189], "z": [3.4388907131329924, 5.201171836061612]}, "obliqueness_angle": 1.2205793857574463, "resolution": 512, "point_uuid": "519", "point_normal": [-0.9674921631813049, -0.25288546085357666, 0.0028111322317272425], "camera_rotation_final": [1.687394380569458, 0.0004525536496657878, -0.097352035343647], "vanishing_points_image": {"x": [304.2714975701442, 198.47701781501328], "y": [494.463529122658, 258.60206402791937], "z": [255.89258058641482, 20.248848527157893]}, "camera_uuid": "1955ab56dcf3a4b1d94fa400e9c09bfa", "field_of_view_rads": 0.9426215197559317, "room": "b80a98836bb3f1f478d8093ef8f4a998"}