{"vanishing_points_gaussian_sphere": {"x": [-0.15223019472294202, -0.09730952963267514, 0.9835429951238953], "y": [0.9881700933160339, 0.003739022312892766, 0.15331629524588922], "z": [-0.01859662577985945, 0.9952471427513929, 0.09558917488289487]}, "nonfixated_points_in_view": [130, 1027, 1159, 264, 394, 522, 906, 14, 1295, 528, 1169, 274, 147, 786, 1043, 406, 1045, 792, 1300, 1305, 667, 1307, 31, 1441, 292, 293, 1317, 1318, 40, 809, 300, 173, 556, 941, 176, 1069, 1071, 1198, 828, 957, 190, 191, 63, 447, 575, 962, 1216, 1342, 70, 1474, 1475, 585, 458, 460, 1100, 1485, 335, 594, 851, 852, 469, 470, 981, 1491, 1241, 859, 1373, 352, 739, 356, 744, 490, 1135, 624, 255], "point_pitch": -0.10245244105788665, "camera_rotation_from_original_to_final": [-0.05632302537560463, 0.09629792720079422, -2.273904800415039], "camera_location": [-6.215150356292725, 0.12702560424804688, 1.4902317523956299], "camera_rotation_original": [1.5806941986083984, -0.017110392451286316, -0.7174729108810425], "view_id": 0, "point_location": [-4.989352226257324, -7.736610412597656, 0.7259761691093445], "camera_distance": 7.995213600398367, "bounding_box_ranges": {"x": [-6.441855788772026, 0.12702560424804688], "y": [-7.243251182297124, -1.8348634270870647], "z": [-0.01683262556799142, 4.0308449121663825]}, "obliqueness_angle": 0.2847299575805664, "resolution": 512, "point_uuid": "433", "point_normal": [-0.023690367117524147, 0.987343966960907, -0.15681444108486176], "camera_rotation_final": [1.4750443696975708, 0.018597697839140892, -2.988741636276245], "vanishing_points_image": {"x": [173.91342558932064, 308.4718894277088], "y": [549.2915370385347, 254.8902481378588], "z": [250.64778127674407, -30.438005192856192]}, "camera_uuid": "7d18db1fca787c6dcd4baad30e113130", "field_of_view_rads": 0.8739124754596639, "room": "8de55a2e5745f73de25402626a4c3d61"}