{"vanishing_points_gaussian_sphere": {"x": [-0.47479629827143277, -0.28244688964633957, 0.8335419783531319], "y": [0.8800917701430709, -0.1495372246719653, 0.4506407599894203], "z": [-0.0026365269163676707, 0.9475559999105672, 0.3195789038082843]}, "nonfixated_points_in_view": [130, 1475, 453, 584, 744, 1169, 851, 1367, 667, 1023], "point_pitch": -0.329065008959498, "camera_rotation_from_original_to_final": [-0.3152034878730774, 0.07737234979867935, -2.435988664627075], "camera_location": [-5.588504314422607, -6.667678356170654, 1.5075440406799316], "camera_rotation_original": [1.5696860551834106, -0.004471865016967058, -0.2234717458486557], "view_id": 2, "point_location": [-3.531482696533203, -10.472514152526855, 0.04877471551299095], "camera_distance": 4.564660018260495, "bounding_box_ranges": {"x": [-11.619936482820616, -6.667678356170654], "y": [-5.687060710763083, -3.5077907266789707], "z": [-0.01387047708663336, 2.193360174445624]}, "obliqueness_angle": 1.192025065422058, "resolution": 512, "point_uuid": "135", "point_normal": [-0.9760055541992188, -0.0005542734288610518, -0.21774494647979736], "camera_rotation_final": [1.2455101013183594, 0.0026365299709141254, -2.6468582153320312], "vanishing_points_image": {"x": [43.4184090892279, 382.4605671261839], "y": [552.6629260635956, 306.4062782218755], "z": [255.18058949582553, -38.49247599185341]}, "camera_uuid": "a16f93f6e5a1a0a39d5df06bb9e95552", "field_of_view_rads": 0.9115160068895531, "room": "ade82d56fe033105b37cc8ef1783cd93"}