{"vanishing_points_gaussian_sphere": {"x": [0.13740212985964856, 0.13622164788188637, 0.981103622130902], "y": [0.9905050789927883, -0.014385908825578907, -0.13672137403036982], "z": [-0.004510343614672346, 0.9905739287279903, -0.13690488860837693]}, "nonfixated_points_in_view": [3, 771, 518, 775, 1287, 649, 1291, 12, 1039, 144, 529, 1424, 1428, 665, 538, 28, 285, 415, 1439, 1443, 422, 934, 1062, 43, 429, 174, 1070, 566, 695, 1080, 1464, 1338, 317, 65, 195, 1347, 1228, 1484, 975, 848, 724, 216, 89, 1113, 1370, 604, 1117, 1378, 99, 617, 746, 1264, 241, 1141, 1271, 1404, 1399], "point_pitch": 0.13280899921921296, "camera_rotation_from_original_to_final": [0.12496356666088104, -0.042844679206609726, -1.321292757987976], "camera_location": [-1.2640292644500732, -10.590165138244629, 1.4937529563903809], "camera_rotation_original": [1.576294183731079, -0.003259384771808982, -0.3901067078113556], "view_id": 1, "point_location": [4.981456756591797, -11.460502624511719, 2.365257978439331], "camera_distance": 6.36577631284106, "bounding_box_ranges": {"x": [-11.66984658868644, -7.675359733459539], "y": [-1.2640292644500732, 6.509929692183166], "z": [-0.03300931136006657, 2.421575744655064]}, "obliqueness_angle": 1.522689938545227, "resolution": 512, "point_uuid": "1460", "point_normal": [0.02651825360953808, -0.3827112317085266, -0.9234873652458191], "camera_rotation_final": [1.7081339359283447, 0.0045103589072823524, -1.708635926246643], "vanishing_points_image": {"x": [319.1317979873565, 193.41059498591054], "y": [473.0168843829122, 259.15191227037263], "z": [255.01188123142856, 38.98666925296196]}, "camera_uuid": "bf987798a26d9c5da496954cb31ac414", "field_of_view_rads": 1.0008180070975157, "room": "856e4980d5eb3351797f528948f684e5"}