{"vanishing_points_gaussian_sphere": {"x": [-0.024705344553342327, 0.23262482254982403, 0.9722527129734139], "y": [0.9996473564328342, 0.0152211426256403, 0.021759586255630577], "z": [-0.009736977320860402, 0.9724474323843079, -0.23291883247565076]}, "nonfixated_points_in_view": [1280, 642, 764, 1288, 511, 1420, 15, 276, 149, 404, 788, 1044, 1305, 27, 412, 156, 31, 160, 164, 292, 932, 679, 1190, 1191, 1068, 1069, 46, 1071, 1072, 1197, 690, 819, 692, 437, 947, 1199, 1206, 1082, 828, 1212, 1469, 321, 455, 73, 715, 76, 1356, 718, 1233, 1234, 725, 344, 603, 988, 991, 993, 1122, 356, 1380, 870, 359, 616, 1006, 239, 1263, 1265, 1393, 756, 120, 636, 893, 255], "point_pitch": 0.21720905701187654, "camera_rotation_from_original_to_final": [-0.18525415658950806, 0.1139381006360054, -0.9189170598983765], "camera_location": [1.7699029445648193, -5.448235511779785, 4.298521995544434], "camera_rotation_original": [1.5894720554351807, -0.008107524365186691, 2.503649950027466], "view_id": 0, "point_location": [-1.8687931299209595, -5.5296711921691895, 5.170230388641357], "camera_distance": 3.742541610119393, "bounding_box_ranges": {"x": [-6.051639399781301, -2.764577099928951], "y": [-3.249533124519946, 1.0854119306820968], "z": [2.765290760380413, 5.457440630906233]}, "obliqueness_angle": 0.8685826659202576, "resolution": 512, "point_uuid": "309", "point_normal": [0.45708879828453064, -0.1405220627784729, -0.8782501220703125], "camera_rotation_final": [1.805885672569275, 0.00973713118582964, 1.5955053567886353], "vanishing_points_image": {"x": [245.92842320487006, 161.1663189839196], "y": [467.7193950385031, 252.77625205753057], "z": [254.17297658065164, 73.53226134716684]}, "camera_uuid": "3d44530aec2e5604a8aef567eab9ad28", "field_of_view_rads": 1.0969490109968867, "room": "7177ff6aafad58b0656fca6e31b41601"}