{"vanishing_points_gaussian_sphere": {"x": [-0.4144994776739788, 0.15449950992306816, 0.8968389400787248], "y": [0.9100490474223448, 0.0714051641778855, 0.4083038498647938], "z": [-0.0009561870536295251, 0.9854091556111405, -0.17019953508766553]}, "nonfixated_points_in_view": [1027, 526, 527, 528, 1042, 1043, 1044, 1045, 31, 1068, 1069, 46, 1071, 1072, 563, 54, 63, 76, 1100, 1102, 87, 600, 603, 611, 106, 1135, 1137, 121, 634, 122, 635, 636, 642, 1159, 140, 148, 152, 668, 1186, 168, 683, 173, 1198, 1200, 689, 692, 1206, 186, 190, 191, 702, 709, 199, 1229, 1233, 1234, 725, 729, 1241, 736, 1248, 1251, 748, 239, 1263, 1265, 756, 249, 766, 255, 1280, 257, 1288, 779, 272, 786, 279, 281, 793, 1305, 292, 1316, 1317, 297, 809, 811, 1324, 814, 823, 826, 828, 318, 1342, 1353, 335, 852, 1374, 1379, 1380, 359, 368, 884, 893, 1405, 1417, 394, 1420, 399, 1426, 925, 417, 421, 1446, 939, 941, 430, 953, 442, 1469, 1474, 452, 458, 1485, 475, 993, 493, 1006, 502], "point_pitch": 0.1718018809941153, "camera_rotation_from_original_to_final": [0.043336860835552216, -0.16454963386058807, -2.9626917839050293], "camera_location": [0.1851605325937271, -0.11082234233617783, 1.8844544887542725], "camera_rotation_original": [1.5717267990112305, -0.0008006416610442102, -1.3258916139602661], "view_id": 7, "point_location": [-7.101630687713623, -3.428283452987671, 3.2673211097717285], "camera_distance": 8.124973590514472, "bounding_box_ranges": {"x": [-6.115685028732823, 1.3958358233364552], "y": [-7.431150856022683, 0.1851605325937271], "z": [-0.03552185876553615, 5.476679627135795]}, "obliqueness_angle": 0.9656661152839661, "resolution": 512, "point_uuid": "164", "point_normal": [0.854889452457428, -0.5139738917350769, -0.0706755518913269], "camera_rotation_final": [1.7418285608291626, 0.0009561871993355453, -4.284996032714844], "vanishing_points_image": {"x": [129.756725461383, 208.9443941479685], "y": [448.1002014387891, 240.92724489828987], "z": [255.85196432788473, 103.44019895926337]}, "camera_uuid": "a5d931f6e602ca2a792cef637b435332", "field_of_view_rads": 1.3021891643280137, "room": "8de55a2e5745f73de25402626a4c3d61"}