{"vanishing_points_gaussian_sphere": {"x": [-0.25902658330725303, 0.21427177755505172, 0.9418029700970204], "y": [0.9658670762827569, 0.05994010163337087, 0.252007887117011], "z": [-0.0024535878157712202, 0.9749332231284251, -0.22248413504618855]}, "nonfixated_points_in_view": [516, 7, 521, 13, 1037, 542, 552, 1065, 45, 557, 47, 64, 578, 67, 1091, 1096, 75, 589, 590, 591, 1114, 1121, 618, 1131, 623, 114, 118, 632, 1152, 647, 138, 1162, 653, 148, 661, 1172, 664, 1185, 675, 681, 170, 178, 1202, 1203, 193, 1218, 709, 712, 201, 1227, 204, 720, 210, 213, 214, 729, 1242, 1244, 735, 228, 1254, 234, 1258, 750, 240, 245, 759, 762, 1276, 263, 781, 1294, 1296, 1300, 1306, 1313, 290, 802, 806, 807, 304, 305, 315, 1342, 1344, 1346, 1354, 843, 844, 332, 849, 338, 340, 341, 1366, 1373, 1375, 352, 867, 1382, 1386, 374, 888, 1400, 383, 1407, 386, 391, 401, 1427, 408, 1438, 931, 420, 1447, 424, 435, 1462, 951, 440, 1466, 1472, 1478, 461, 463, 467, 468, 981, 994, 999, 488, 489, 490], "point_pitch": 0.212722853818212, "camera_rotation_from_original_to_final": [0.1171366274356842, -0.17776186764240265, -0.3087082505226135], "camera_location": [-6.116707801818848, -5.171044826507568, 1.5127230882644653], "camera_rotation_original": [1.5826430320739746, -0.00107341050170362, -1.010670781135559], "view_id": 1, "point_location": [-0.9442061185836792, -3.7869856357574463, 2.734633684158325], "camera_distance": 5.49212686605613, "bounding_box_ranges": {"x": [-6.44160608842084, 1.421874175040208], "y": [-6.116707801818848, 1.490203191466927], "z": [-0.10428547199124572, 5.468353396430567]}, "obliqueness_angle": 0.8804695010185242, "resolution": 512, "point_uuid": "1095", "point_normal": [-0.722869336605072, -0.35088422894477844, 0.5952647924423218], "camera_rotation_final": [1.7951587438583374, 0.002453590277582407, -1.3087812662124634], "vanishing_points_image": {"x": [173.24756775118288, 187.54559455418826], "y": [442.80171636935415, 244.40739669110604], "z": [255.62677914331127, 107.70067669417433]}, "camera_uuid": "676a1ae5fa5b4d774f8408cdbebb47fb", "field_of_view_rads": 1.2962449043077007, "room": "8de55a2e5745f73de25402626a4c3d61"}