{"vanishing_points_gaussian_sphere": {"x": [-0.651143570499485, 0.17278203034784187, 0.7390253179601222], "y": [0.7589493391134069, 0.14461916725746862, 0.6348867592894653], "z": [0.002819797245416532, 0.9742852079604996, -0.22530064867385752]}, "nonfixated_points_in_view": [1026, 516, 13, 1037, 18, 23, 540, 547, 552, 1065, 45, 557, 47, 1076, 64, 578, 67, 580, 1095, 1096, 589, 590, 1105, 1114, 1120, 1121, 618, 1131, 114, 118, 630, 632, 647, 1162, 653, 148, 661, 1172, 664, 675, 681, 178, 1202, 1203, 1204, 1208, 1209, 1219, 196, 709, 710, 1227, 719, 720, 213, 214, 1238, 729, 1244, 735, 227, 231, 1255, 234, 750, 240, 759, 1276, 263, 781, 1294, 1296, 1306, 796, 290, 807, 809, 304, 305, 1332, 839, 1354, 843, 844, 332, 336, 849, 340, 341, 347, 1375, 867, 364, 374, 888, 1400, 1407, 385, 386, 391, 408, 931, 424, 435, 1462, 951, 1466, 443, 1477, 1480, 461, 464, 467, 468, 999, 489, 1001], "point_pitch": 0.21569629112747712, "camera_rotation_from_original_to_final": [0.11421152204275131, -0.18304207921028137, 0.1388956904411316], "camera_location": [-6.116707801818848, -5.171044826507568, 1.5127230882644653], "camera_rotation_original": [1.5826430320739746, -0.00107341050170362, -1.010670781135559], "view_id": 10, "point_location": [0.09289368242025375, 0.16354140639305115, 3.4057939052581787], "camera_distance": 8.402420916129815, "bounding_box_ranges": {"x": [-5.171044826507568, 1.5576171134498518], "y": [-6.116707801818848, 1.480138884222229], "z": [-0.02940142463300166, 5.147941067380904]}, "obliqueness_angle": 1.0234103202819824, "resolution": 512, "point_uuid": "1427", "point_normal": [-0.18926675617694855, -0.2638097405433655, -0.9458238482475281], "camera_rotation_final": [1.7980488538742065, -0.0028198009822517633, -0.8617026805877686], "vanishing_points_image": {"x": [59.191386128134745, 203.77650669476708], "y": [467.89359091020845, 215.6232935647236], "z": [256.48295081163684, 89.1327428895415]}, "camera_uuid": "676a1ae5fa5b4d774f8408cdbebb47fb", "field_of_view_rads": 1.1829388689941354, "room": "8de55a2e5745f73de25402626a4c3d61"}