{"vanishing_points_gaussian_sphere": {"x": [-0.6428670876864887, 0.23558717166154966, 0.7288488129358545], "y": [0.76597012535657, 0.19347629740437633, 0.613071520627026], "z": [0.0034168158763624723, 0.9523999196194869, -0.3048322792587133]}, "nonfixated_points_in_view": [67, 516, 931, 647, 552, 681, 618, 1065, 720, 305, 178, 114, 467, 214, 471, 1462, 1239, 1276], "point_pitch": 0.3048920194294791, "camera_rotation_from_original_to_final": [0.1347799003124237, -0.2735538184642792, 0.22924180328845978], "camera_location": [-1.9384469985961914, -2.428041458129883, 1.5036466121673584], "camera_rotation_original": [1.5763559341430664, -0.0021221297793090343, -1.119526982307434], "view_id": 2, "point_location": [1.4716302156448364, 0.44034647941589355, 2.929870367050171], "camera_distance": 4.678716670291377, "bounding_box_ranges": {"x": [-2.428041458129883, 1.4273913253664405], "y": [-1.9384469985961914, 1.475780119703332], "z": [0.6092874709898879, 4.15912515734148]}, "obliqueness_angle": 0.8668256998062134, "resolution": 512, "point_uuid": "664", "point_normal": [-0.925848662853241, 0.20332568883895874, -0.3185327649116516], "camera_rotation_final": [1.8805605173110962, -0.003416822524741292, -0.8725559711456299], "vanishing_points_image": {"x": [10.455846522326425, 166.01708791157586], "y": [524.1410949049033, 188.270274640273], "z": [256.71976025582126, 55.374729398862485]}, "camera_uuid": "a7a591d05adb833dd3d4b184074676ca", "field_of_view_rads": 0.9704521684712997, "room": "8de55a2e5745f73de25402626a4c3d61"}