{"vanishing_points_gaussian_sphere": {"x": [0.43033836655572105, -0.3238614642483191, 0.8425690726848979], "y": [0.9026497116684402, 0.14850989367820455, -0.4039409727974745], "z": [0.005691071519102916, 0.9343760289383622, 0.3562429623871064]}, "nonfixated_points_in_view": [1345, 329, 139, 1196, 434, 723, 53, 1077, 348], "point_pitch": -0.3640717705104013, "camera_rotation_from_original_to_final": [0.03596904128789902, 0.36468973755836487, 2.827024221420288], "camera_location": [-0.41287627816200256, -7.842004776000977, 4.30043888092041], "camera_rotation_original": [1.572762131690979, 0.0053438530303537846, -1.6945343017578125], "view_id": 3, "point_location": [-1.7028590440750122, -7.22356653213501, 3.7550268173217773], "camera_distance": 1.5310113584662692, "bounding_box_ranges": {"x": [-7.961830266658528, -6.086021783607311], "y": [-1.9326138982211136, -0.41287627816200256], "z": [2.776533089567992, 4.430413578599462]}, "obliqueness_angle": 1.0779002904891968, "resolution": 512, "point_uuid": "1453", "point_normal": [-0.02041611075401306, -0.9560563564300537, 0.2924712002277374], "camera_rotation_final": [1.2065461874008179, -0.005691102240234613, 1.1259210109710693], "vanishing_points_image": {"x": [465.53066674185953, 413.68733120187346], "y": [467.6060394851563, 221.18517646505413], "z": [257.95114267954796, -64.34405870470559]}, "camera_uuid": "58e0ccf199c02b51751470380455ffc0", "field_of_view_rads": 0.8527867408650274, "room": "9be1cd563f04d329bc30a6918cfb1205"}