{"vanishing_points_gaussian_sphere": {"x": [0.053285809114147493, 0.01897974325525285, 0.998398914208652], "y": [0.9979215954518188, 0.03526976242532324, -0.05393081854893199], "z": [-0.0362368855994442, 0.9991975846670297, -0.017060917842450715]}, "nonfixated_points_in_view": [898, 6, 395, 1035, 1171, 791, 162, 674, 1445, 1449, 950, 954, 1090, 68, 964, 838, 1226, 206, 597, 730, 92, 477, 992, 610, 232, 105, 1011, 887, 504], "point_pitch": 0.02661939064529939, "camera_rotation_from_original_to_final": [-0.022642910480499268, -0.0630141869187355, -2.7802224159240723], "camera_location": [3.7044036388397217, -10.948698043823242, 4.2955145835876465], "camera_rotation_original": [1.5925167798995972, -0.030547533184289932, 2.7276031970977783], "view_id": 0, "point_location": [3.8982391357421875, -7.360300540924072, 4.3568339347839355], "camera_distance": 3.5941520161233655, "bounding_box_ranges": {"x": [-10.948698043823242, -4.671975997337566], "y": [1.9022337232640343, 4.176125159411014], "z": [2.765625402611003, 5.205522894488055]}, "obliqueness_angle": 1.405311107635498, "resolution": 512, "point_uuid": "236", "point_normal": [-0.9646885991096497, -0.11691851168870926, 0.23602142930030823], "camera_rotation_final": [1.5878692865371704, 0.036244820803403854, -0.05334612727165222], "vanishing_points_image": {"x": [276.2006997985483, 248.80476167807515], "y": [440.48465410799173, 249.47971829534282], "z": [249.17847481464833, 67.90294430122808]}, "camera_uuid": "7932379097c760f1e8c634ee2e00522a", "field_of_view_rads": 1.1864031150148446, "room": "77c77478b552f1977cad320741ba92a5"}