{"vanishing_points_gaussian_sphere": {"x": [-0.6906463533862799, -0.09065269523571573, 0.7174884691761494], "y": [0.7231713630147383, -0.07895769017661988, 0.686140556210882], "z": [-0.0055492584765418785, 0.9927475872589534, 0.12008927396685845]}, "nonfixated_points_in_view": [263, 648, 1294, 915, 1173, 22, 284, 924, 32, 1057, 930, 38, 554, 427, 1453, 431, 1075, 951, 185, 58, 188, 1212, 324, 454, 715, 332, 589, 974, 1356, 592, 1111, 1240, 1114, 738, 483, 108, 1393, 761, 1014, 1015, 253, 509, 1022, 511], "point_pitch": -0.11542026599379973, "camera_rotation_from_original_to_final": [-0.12087922543287277, -0.014761824160814285, -0.9144554138183594], "camera_location": [-5.364199638366699, -8.788909912109375, 4.275810241699219], "camera_rotation_original": [1.5721772909164429, 0.007314607501029968, 0.10773365199565887], "view_id": 1, "point_location": [-1.134864330291748, -4.744358539581299, 3.5679268836975098], "camera_distance": 5.894639344737883, "bounding_box_ranges": {"x": [-8.788909912109375, -5.957546382282866], "y": [-5.364199638366699, -1.7642964321406134], "z": [2.7651381749877895, 5.211824310488229]}, "obliqueness_angle": 1.0766801834106445, "resolution": 512, "point_uuid": "548", "point_normal": [-0.9533638954162598, 0.300110399723053, -0.03210916742682457], "camera_rotation_final": [1.4504146575927734, 0.005549286957830191, -0.8083992004394531], "vanishing_points_image": {"x": [-1.8861610377816624, 289.8495605564883], "y": [519.5881643464737, 284.7792267214937], "z": [254.5863844270791, 3.107932481198279]}, "camera_uuid": "c71ad462c76696bcaee0b134a2de9f61", "field_of_view_rads": 0.9818426967432192, "room": "ef914082afe6874a9bab2b30c864407b"}