{"vanishing_points_gaussian_sphere": {"x": [0.5312268955004297, -0.007647296451053996, 0.84719508045902], "y": [0.8469627929282587, -0.02029976123514777, -0.5312644794158174], "z": [0.021260594820917543, 0.9997646915903691, -0.0043068035798124625]}, "nonfixated_points_in_view": [1280, 257, 642, 788, 152, 409, 164, 421, 168, 1068, 1324, 1072, 692, 953, 318, 199, 711, 76, 1234, 121, 993, 611, 1122, 1251, 870, 871, 1006, 239, 1262, 1265, 756, 633, 636, 893], "point_pitch": -0.006989522776331469, "camera_rotation_from_original_to_final": [-0.021289557218551636, -0.01979655586183071, 1.0845520496368408], "camera_location": [-2.484394073486328, -5.331701278686523, 4.301449775695801], "camera_rotation_original": [1.594873070716858, 5.2980572945671156e-05, -0.07394442707300186], "view_id": 5, "point_location": [-6.19744873046875, -3.0032951831817627, 4.320324897766113], "camera_distance": 4.3827623525776955, "bounding_box_ranges": {"x": [-5.331701278686523, 1.3945113075573108], "y": [-7.245015735423371, -2.484394073486328], "z": [0.2734096672388353, 5.203622736933944]}, "obliqueness_angle": 1.2028772830963135, "resolution": 512, "point_uuid": "1380", "point_normal": [0.1781078726053238, -0.3856528401374817, -0.9052897691726685], "camera_rotation_final": [1.5751041173934937, -0.021262196823954582, 1.0106065273284912], "vanishing_points_image": {"x": [466.8004777127621, 259.03458608505633], "y": [409.0643897731925, 259.6686033813325], "z": [260.8524220467362, 27.818226541408965]}, "camera_uuid": "c5be5141daf3c047a2d6d480abd9ff63", "field_of_view_rads": 1.0203967727988559, "room": "8de55a2e5745f73de25402626a4c3d61"}