{"vanishing_points_gaussian_sphere": {"x": [-0.39412000470128, -0.14681509187586436, 0.9072567170827366], "y": [0.919058507602555, -0.06195022416475464, 0.38922182535066163], "z": [-0.0009388810506940775, 0.9872221120514969, 0.1593474818720223]}, "nonfixated_points_in_view": [1027, 526, 527, 528, 1042, 1043, 1044, 1045, 31, 1068, 1069, 46, 1071, 1072, 563, 54, 63, 76, 1100, 1102, 603, 611, 106, 1135, 1137, 121, 634, 122, 635, 636, 642, 1159, 140, 148, 152, 668, 1186, 164, 168, 683, 173, 1198, 1200, 689, 692, 1206, 186, 190, 191, 702, 199, 1229, 1233, 1234, 725, 729, 1241, 736, 1248, 1251, 748, 239, 1263, 1265, 756, 249, 766, 255, 1280, 257, 779, 272, 786, 279, 281, 793, 1305, 292, 1316, 1317, 297, 809, 811, 1324, 814, 823, 826, 828, 1353, 852, 1374, 1379, 1380, 359, 368, 884, 893, 1417, 394, 1420, 399, 925, 417, 421, 1446, 939, 941, 430, 953, 442, 1469, 1474, 452, 458, 993, 493, 1006], "point_pitch": -0.1592389782282968, "camera_rotation_from_original_to_final": [-0.037650298327207565, 0.15654155611991882, -2.9843292236328125], "camera_location": [0.1851605325937271, -0.11082234233617783, 1.8844544887542725], "camera_rotation_original": [1.5717267990112305, -0.0008006416610442102, -1.3258916139602661], "view_id": 2, "point_location": [-7.068042278289795, -3.222517967224121, 0.6105260252952576], "camera_distance": 7.994654076269316, "bounding_box_ranges": {"x": [-6.116420432191893, 1.2856477798000647], "y": [-7.431136248281931, 0.1851605325937271], "z": [-0.0311150633245576, 5.476170362963014]}, "obliqueness_angle": 0.4503110349178314, "resolution": 512, "point_uuid": "335", "point_normal": [0.9986147880554199, -0.03178214654326439, 0.04193529859185219], "camera_rotation_final": [1.4107666015625, 0.0009388811886310577, -4.307278633117676], "vanishing_points_image": {"x": [113.90268264757002, 308.93319408697124], "y": [480.79309581345797, 271.1524441165993], "z": [255.79903783084671, 44.69070056609537]}, "camera_uuid": "a5d931f6e602ca2a792cef637b435332", "field_of_view_rads": 1.1524370563969275, "room": "8de55a2e5745f73de25402626a4c3d61"}