{"vanishing_points_gaussian_sphere": {"x": [0.4350099686127116, 0.04864516584380935, 0.8991106578434026], "y": [0.9003041987280465, -0.007099024907137417, -0.4352033474113201], "z": [-0.014787730056301612, 0.9987908948750965, -0.0468835936590384]}, "nonfixated_points_in_view": [67, 999, 552, 618, 1227, 720, 178, 114, 467, 214, 1239, 664, 1276, 1471], "point_pitch": 0.06062813202408357, "camera_rotation_from_original_to_final": [-0.03240043297410011, 0.011539282277226448, -2.609147787094116], "camera_location": [0.27477186918258667, -2.2696449756622314, 2.261363983154297], "camera_rotation_original": [1.5901278257369995, -0.005768735893070698, 2.1587343215942383], "view_id": 13, "point_location": [1.4133477210998535, 0.08260206878185272, 2.3840203285217285], "camera_distance": 2.6161928952297324, "bounding_box_ranges": {"x": [-2.2696449756622314, 1.4258578546641116], "y": [0.26681382189749414, 1.4753135867478893], "z": [0.6533939656330829, 3.5471323292074084]}, "obliqueness_angle": 1.316946268081665, "resolution": 512, "point_uuid": "1462", "point_normal": [-0.6463117003440857, -0.006261625327169895, 0.7630479335784912], "camera_rotation_final": [1.6177022457122803, 0.014788269065320492, -0.45010218024253845], "vanishing_points_image": {"x": [465.0241685512839, 232.62578773316773], "y": [451.5667443816208, 257.54207121474536], "z": [252.17836389168713, -2.1204372798401456]}, "camera_uuid": "72c78639c6d82fd06b6c6cb47f559896", "field_of_view_rads": 0.9014480325415214, "room": "8de55a2e5745f73de25402626a4c3d61"}