{"vanishing_points_gaussian_sphere": {"x": [-0.019996193389066382, 0.21838957986866026, 0.975656775538784], "y": [0.999741287914019, -0.0062129482496106544, 0.021880505343031462], "z": [0.010840179424983078, 0.9758418881554726, -0.21820884453018044]}, "nonfixated_points_in_view": [3, 771, 775, 136, 137, 1160, 12, 1422, 529, 146, 1428, 917, 537, 1178, 285, 926, 287, 1439, 35, 1188, 1443, 934, 1062, 296, 1063, 682, 43, 1066, 174, 1070, 1330, 181, 821, 1078, 1080, 66, 1347, 1221, 1094, 973, 847, 848, 1236, 472, 1113, 1370, 862, 607, 99, 486, 617, 362, 363, 1130, 241, 1395, 116, 117, 1013, 1269, 1271, 894, 1399], "point_pitch": 0.21457071701553865, "camera_rotation_from_original_to_final": [-0.19646279513835907, -0.09914948791265488, -0.4344651401042938], "camera_location": [3.8354318141937256, -5.580057144165039, 1.5235874652862549], "camera_rotation_original": [1.571001648902893, -0.012118679471313953, -2.674816608428955], "view_id": 3, "point_location": [3.9043920040130615, -8.654532432556152, 2.2112038135528564], "camera_distance": 3.1511854970354323, "bounding_box_ranges": {"x": [-11.704007987188245, -5.580057144165039], "y": [0.6412428054908768, 6.389261644561236], "z": [-0.030344686663397846, 2.425123280600282]}, "obliqueness_angle": 0.6893192529678345, "resolution": 512, "point_uuid": "317", "point_normal": [-0.6369099617004395, 0.7704381346702576, -0.027762115001678467], "camera_rotation_final": [1.790788173675537, -0.010840391740202904, -3.121593952178955], "vanishing_points_image": {"x": [247.09243209629142, 158.71548317760545], "y": [486.61758385866636, 257.433185896477], "z": [258.2299306178948, 55.25980748925277]}, "camera_uuid": "c83171f93afe09cc67e6fc1972ae2a82", "field_of_view_rads": 1.0225374200820796, "room": "856e4980d5eb3351797f528948f684e5"}