{"vanishing_points_gaussian_sphere": {"x": [-0.10124069948997234, 0.37693976147316594, 0.9206881866231009], "y": [0.9948543808842317, 0.0347459182159773, 0.09517080436132085], "z": [0.0038835038603429093, 0.9255858346949144, -0.37851787409564325]}, "nonfixated_points_in_view": [896, 385, 1159, 779, 272, 18, 23, 793, 1051, 1180, 168, 297, 1068, 1324, 46, 692, 1208, 1209, 443, 318, 704, 1219, 452, 839, 842, 76, 1229, 719, 464, 337, 1361, 606, 1120, 1251, 484, 231, 871, 1259, 1137, 1138, 1143, 121, 634, 1147, 636, 893], "point_pitch": 0.39067705074814363, "camera_rotation_from_original_to_final": [0.380594402551651, -0.08396463841199875, 0.31035110354423523], "camera_location": [-5.588504314422607, -6.667678356170654, 1.5075440406799316], "camera_rotation_original": [1.5696860551834106, -0.004471865016967058, -0.2234717458486557], "view_id": 4, "point_location": [-6.156025409698486, -1.1774449348449707, 3.7647151947021484], "camera_distance": 5.963184183281031, "bounding_box_ranges": {"x": [-6.106200236994579, 1.5574480968883462], "y": [-7.237862958842321, -2.110026026944076], "z": [0.5083623409485525, 4.319651917582648]}, "obliqueness_angle": 1.2797067165374756, "resolution": 512, "point_uuid": "788", "point_normal": [0.055828362703323364, -0.6257972717285156, 0.7779853343963623], "camera_rotation_final": [1.958993911743164, -0.0038835136219859123, 0.10141521692276001], "vanishing_points_image": {"x": [213.1201584500676, 96.34960912691463], "y": [494.7527832719963, 247.66140810071875], "z": [256.7463839417619, 78.10848023270455]}, "camera_uuid": "a16f93f6e5a1a0a39d5df06bb9e95552", "field_of_view_rads": 1.0209903334312176, "room": "8de55a2e5745f73de25402626a4c3d61"}