{"vanishing_points_gaussian_sphere": {"x": [0.5908284478655091, -0.06333739651995819, 0.8043072294806923], "y": [0.8067793027555464, 0.03973892471631596, -0.5895150333177818], "z": [0.005376042978602825, 0.9972006779302071, 0.07457818781270871]}, "nonfixated_points_in_view": [1026, 516, 13, 1038, 18, 23, 1051, 540, 547, 552, 1065, 45, 557, 47, 1076, 64, 67, 580, 1096, 589, 590, 1105, 1106, 1114, 606, 1120, 1121, 618, 114, 1138, 630, 634, 1147, 647, 1162, 653, 148, 661, 664, 675, 681, 178, 1202, 1203, 1204, 1208, 1209, 704, 1219, 196, 710, 1227, 719, 720, 214, 1238, 729, 1244, 735, 227, 1254, 231, 1255, 234, 1259, 750, 240, 759, 1276, 766, 263, 781, 1294, 1296, 1306, 796, 290, 807, 297, 809, 304, 305, 1332, 826, 1344, 839, 1354, 844, 332, 336, 849, 337, 1361, 340, 341, 347, 1375, 867, 364, 374, 1400, 1407, 385, 386, 1427, 931, 1446, 435, 1462, 1466, 443, 1480, 461, 464, 978, 467, 468, 999, 1001, 489, 493, 494], "point_pitch": -0.08525983890029387, "camera_rotation_from_original_to_final": [-0.04969033971428871, 0.07095684111118317, 0.37653180956840515], "camera_location": [-6.116707801818848, -5.171044826507568, 1.5127230882644653], "camera_rotation_original": [1.5826430320739746, -0.00107341050170362, -1.010670781135559], "view_id": 7, "point_location": [-1.3190723657608032, 1.3746283054351807, 0.9057846069335938], "camera_distance": 8.138275127659432, "bounding_box_ranges": {"x": [-5.171044826507568, 1.5575585832605015], "y": [-6.274073034919096, 1.4797572840707023], "z": [-0.02933772731804385, 4.5645511191648875]}, "obliqueness_angle": 0.6264287233352661, "resolution": 512, "point_uuid": "1477", "point_normal": [-0.008452748879790306, -0.9998871088027954, 0.012429634109139442], "camera_rotation_final": [1.4961477518081665, -0.005376068875193596, -0.6320958733558655], "vanishing_points_image": {"x": [423.0348933772014, 273.90630649678695], "y": [361.31778609149256, 250.81244057887415], "z": [256.9438484221399, 80.92582552495047]}, "camera_uuid": "676a1ae5fa5b4d774f8408cdbebb47fb", "field_of_view_rads": 1.296328149114605, "room": "8de55a2e5745f73de25402626a4c3d61"}