{"vanishing_points_gaussian_sphere": {"x": [0.2470504851568273, 0.02108912600394961, 0.9687730934270242], "y": [0.9689932406281387, -0.00977311022540092, -0.24689387585256187], "z": [0.00426115016800676, 0.9997298310448237, -0.022849672171258734]}, "nonfixated_points_in_view": [1025, 1410, 10, 1275, 400, 403, 790, 1046, 1303, 923, 413, 670, 30, 1440, 169, 555, 812, 1201, 565, 438, 1207, 312, 700, 189, 956, 1341, 1088, 705, 835, 77, 850, 726, 217, 985, 986, 349, 990, 1119, 1125, 619, 1260, 1005, 366, 878, 1267, 761, 379], "point_pitch": 0.0465485612538199, "camera_rotation_from_original_to_final": [-0.0015402499120682478, -0.004211863968521357, 2.965900182723999], "camera_location": [-2.484394073486328, -5.331701278686523, 4.301449775695801], "camera_rotation_original": [1.594873070716858, 5.2980572945671156e-05, -0.07394442707300186], "view_id": 5, "point_location": [-4.076937198638916, -11.580573081970215, 4.448836326599121], "camera_distance": 6.4502956109691905, "bounding_box_ranges": {"x": [-11.994653496996506, -5.957519992857316], "y": [-6.371253313024752, -1.7643266832000113], "z": [2.765157326122892, 5.2124021758305785]}, "obliqueness_angle": 0.36461928486824036, "resolution": 512, "point_uuid": "1184", "point_normal": [-0.11489070951938629, 0.9930979609489441, -0.023595208302140236], "camera_rotation_final": [1.5936481952667236, -0.00426116306334734, 2.8919551372528076], "vanishing_points_image": {"x": [359.4486586591736, 247.16924706293136], "y": [442.22225265944184, 257.8782077370152], "z": [256.90961291689973, 42.59114748970721]}, "camera_uuid": "c5be5141daf3c047a2d6d480abd9ff63", "field_of_view_rads": 1.0702946597235812, "room": "ef914082afe6874a9bab2b30c864407b"}