{"vanishing_points_gaussian_sphere": {"x": [-0.20778064301069477, -0.019240287819454405, 0.97798620425581], "y": [0.9781211553866939, -0.01462044095559484, 0.2075216810149316], "z": [0.010305812683204093, 0.9997079843788828, 0.021857177174790667]}, "nonfixated_points_in_view": [3, 12, 529, 530, 544, 35, 1062, 1066, 43, 1067, 1070, 1078, 1080, 1084, 62, 65, 66, 89, 1113, 1117, 99, 617, 1130, 116, 117, 1146, 643, 1160, 137, 1164, 660, 665, 1188, 165, 682, 181, 195, 1221, 1236, 215, 751, 241, 1271, 771, 774, 775, 1286, 1291, 278, 285, 797, 287, 1319, 296, 298, 1328, 1330, 821, 317, 1347, 1351, 847, 1360, 351, 1378, 357, 362, 363, 1395, 1399, 378, 1403, 894, 900, 1422, 1428, 926, 1439, 929, 1442, 1443, 934, 949, 958, 1484, 973, 980, 996, 1013], "point_pitch": -0.03716032107802825, "camera_rotation_from_original_to_final": [0.04120481014251709, -0.008755937218666077, 0.726542055606842], "camera_location": [1.9597357511520386, -5.512042045593262, 1.5149836540222168], "camera_rotation_original": [1.5890778303146362, 0.002467385260388255, 2.6240296363830566], "view_id": 1, "point_location": [3.265641927719116, -11.66639232635498, 1.3774381875991821], "camera_distance": 6.292879773066793, "bounding_box_ranges": {"x": [-11.702681142450215, -5.512042045593262], "y": [0.034752686684293765, 6.5102140101429855], "z": [-0.03412772432707328, 2.4237514040713015]}, "obliqueness_angle": 0.2327955812215805, "resolution": 512, "point_uuid": "607", "point_normal": [0.01950300671160221, 0.9975712895393372, 0.06686665862798691], "camera_rotation_final": [1.5489362478256226, -0.010305995121598244, 3.350909471511841], "vanishing_points_image": {"x": [187.12081631559357, 262.3781462009858], "y": [440.87509262478363, 258.7634157189987], "z": [257.76507947004666, 84.77972911882426]}, "camera_uuid": "5090c6fc5c0dcfff7ec7ff2b1a5d94fb", "field_of_view_rads": 1.2941694719269057, "room": "856e4980d5eb3351797f528948f684e5"}