{"vanishing_points_gaussian_sphere": {"x": [0.2407500762146433, -0.02963962005943012, 0.970134471980754], "y": [0.9705767450414179, 0.011978414211461001, -0.2404938659878568], "z": [-0.004492525731698897, 0.9994888746332854, 0.0316513300958858]}, "nonfixated_points_in_view": [892, 393, 1289, 780, 1165, 14, 1298, 787, 1174, 1316, 1448, 42, 825, 1468, 702, 1216, 1476, 453, 70, 1223, 585, 460, 979, 84, 856, 865, 868, 358, 877, 879, 1401, 251, 508, 765, 382], "point_pitch": -0.03267912467452483, "camera_rotation_from_original_to_final": [-0.027802910655736923, 0.015508485957980156, 3.1217079162597656], "camera_location": [-5.588504314422607, -6.667678356170654, 1.5075440406799316], "camera_rotation_original": [1.5696860551834106, -0.004471865016967058, -0.2234717458486557], "view_id": 3, "point_location": [-6.672316074371338, -11.039691925048828, 1.3649033308029175], "camera_distance": 4.5066058460737635, "bounding_box_ranges": {"x": [-11.625898426511093, -6.667678356170654], "y": [-7.280743834914681, -4.741196159248999], "z": [-0.010992921662395544, 2.4295075260774834]}, "obliqueness_angle": 0.8124421238899231, "resolution": 512, "point_uuid": "1384", "point_normal": [-0.238294780254364, 0.7865585088729858, -0.5696853995323181], "camera_rotation_final": [1.5391393899917603, 0.004492540843784809, 2.898451566696167], "vanishing_points_image": {"x": [391.71033555709323, 272.7077944368491], "y": [507.4856071093443, 252.8962796753925], "z": [254.67500098691255, -38.783347179665284]}, "camera_uuid": "a16f93f6e5a1a0a39d5df06bb9e95552", "field_of_view_rads": 0.8306451472945882, "room": "ade82d56fe033105b37cc8ef1783cd93"}