{"vanishing_points_gaussian_sphere": {"x": [0.41270706980733, 0.0484155632451796, 0.9095761693045282], "y": [0.9107430669982061, -0.005675241662819075, -0.4129344470333878], "z": [-0.014830389264913816, 0.9988111557585451, -0.04643635091747102]}, "nonfixated_points_in_view": [0, 641, 1409, 644, 772, 134, 646, 774, 1032, 1284, 267, 1286, 1418, 1422, 912, 657, 530, 658, 1048, 1176, 26, 410, 1434, 1278, 802, 805, 933, 1061, 296, 1320, 1066, 171, 1194, 685, 814, 943, 688, 944, 50, 818, 1329, 55, 184, 313, 568, 570, 827, 701, 829, 958, 192, 1084, 66, 706, 708, 197, 1336, 71, 327, 328, 458, 1346, 1100, 1484, 1232, 465, 1236, 1365, 88, 984, 858, 1243, 1368, 223, 99, 100, 617, 753, 115, 627, 1013, 758, 119, 1021, 254], "point_pitch": 0.026098565259252027, "camera_rotation_from_original_to_final": [-0.04271726310253143, -0.015063862316310406, -1.4888598918914795], "camera_location": [5.132575988769531, -10.393342971801758, 1.5002893209457397], "camera_rotation_original": [1.587233543395996, -0.019086314365267754, 2.634567975997925], "view_id": 0, "point_location": [-3.500338077545166, -6.474123954772949, 1.9410223960876465], "camera_distance": 9.491139160161161, "bounding_box_ranges": {"x": [-11.210550837263806, -4.860761899769546], "y": [-3.547973224160904, 5.132575988769531], "z": [-0.032690753069364975, 2.4266036659528134]}, "obliqueness_angle": 1.2126871347427368, "resolution": 512, "point_uuid": "1273", "point_normal": [-0.06779678910970688, -0.9976909160614014, -0.004076906014233828], "camera_rotation_final": [1.6172544956207275, 0.014830932952463627, 1.1453224420547485], "vanishing_points_image": {"x": [424.6351212549459, 236.21704745138254], "y": [424.17127055469757, 257.04794934567764], "z": [252.77109131031216, 38.53638777938854]}, "camera_uuid": "3d449594a2cb2c364ffe85b6c45b4104", "field_of_view_rads": 1.043013302209784, "room": "856e4980d5eb3351797f528948f684e5"}