{"vanishing_points_gaussian_sphere": {"x": [0.012176757012053755, -0.33875070100847293, 0.9407973688074056], "y": [0.9999242193238536, 0.0024205039157715845, -0.012070491720558203], "z": [0.001811683816710131, 0.9408730539913778, 0.3387545041393345]}, "nonfixated_points_in_view": [1297, 269], "point_pitch": -0.36149124701949553, "camera_rotation_from_original_to_final": [0.346332848072052, 0.10096058249473572, -0.29856666922569275], "camera_location": [4.8224005699157715, -9.461613655090332, 4.288321018218994], "camera_rotation_original": [1.5853524208068848, -0.00664387596771121, -2.8390679359436035], "view_id": 3, "point_location": [4.795832633972168, -11.532391548156738, 3.542692184448242], "camera_distance": 2.20108824502719, "bounding_box_ranges": {"x": [-11.60474469660995, -9.461613655090332], "y": [4.183107321051644, 5.819333980459042], "z": [2.766601705999746, 4.463974671376007]}, "obliqueness_angle": 0.3371201157569885, "resolution": 512, "point_uuid": "573", "point_normal": [0.004261791240423918, 0.9999541640281677, 0.00857717078179121], "camera_rotation_final": [1.2252029180526733, -0.0018116848077625036, -3.1537697315216064], "vanishing_points_image": {"x": [262.4458877638015, 435.32106195830323], "y": [534.6467911685035, 255.325483235523], "z": [256.6114750467625, -61.561149125731504]}, "camera_uuid": "1955ab56dcf3a4b1d94fa400e9c09bfa", "field_of_view_rads": 0.8566124298631637, "room": "b80a98836bb3f1f478d8093ef8f4a998"}