{"vanishing_points_gaussian_sphere": {"x": [0.3899715552172834, -0.08933624230694938, 0.9164830723651624], "y": [0.9207118612561573, 0.022097176261533416, -0.3896169700404352], "z": [0.01455522805166709, 0.9957563711128044, 0.09087020812468304]}, "nonfixated_points_in_view": [912, 786, 1183, 1055, 804, 423, 553, 685, 694, 313, 699, 1217, 706, 458, 1100, 209, 852, 343, 743, 628, 757, 1273], "point_pitch": -0.09631018241378264, "camera_rotation_from_original_to_final": [-0.10408677905797958, -0.02454952523112297, 1.0504631996154785], "camera_location": [-2.1478989124298096, -7.17814826965332, 1.5089408159255981], "camera_rotation_original": [1.586061954498291, -0.002639547921717167, 0.12005194276571274], "view_id": 3, "point_location": [-7.12300443649292, -5.063121795654297, 1.0156538486480713], "camera_distance": 5.428475103249703, "bounding_box_ranges": {"x": [-7.3848256683884115, -6.130224467887062], "y": [-3.551227350705539, -2.1478989124298096], "z": [0.37294174947107417, 2.28177625183584]}, "obliqueness_angle": 0.2982468605041504, "resolution": 512, "point_uuid": "814", "point_normal": [0.9757429957389832, -0.11460407823324203, 0.186525359749794], "camera_rotation_final": [1.4797909259796143, -0.014555742032825947, 1.1701507568359375], "vanishing_points_image": {"x": [408.51250913132253, 290.9381750753723], "y": [419.26898039023257, 252.08152822881897], "z": [259.2306640265553, 34.98290044318811]}, "camera_uuid": "3dfb7fb5350fdc03281337b3a75a5e86", "field_of_view_rads": 1.08690416880921, "room": "856e4980d5eb3351797f528948f684e5"}