{"vanishing_points_gaussian_sphere": {"x": [-0.4811709294098916, 0.15365549578616425, 0.8630553431301664], "y": [0.8764042038072534, 0.10650331319125998, 0.46965169629019615], "z": [-0.019753689270499364, 0.9823680740404752, -0.18591062063855335]}, "nonfixated_points_in_view": [258, 133, 140, 1296, 914, 1426, 1276, 277, 23, 1051, 547, 1446, 295, 168, 1065, 1203, 1076, 1204, 1208, 1209, 443, 318, 1219, 580, 1220, 710, 839, 1477, 1227, 336, 337, 978, 1105, 1106, 1361, 1238, 1239, 600, 347, 1120, 227, 867, 231, 1255, 1259, 364, 1138, 1139, 884, 252], "point_pitch": 0.1829461614277701, "camera_rotation_from_original_to_final": [-0.11487925052642822, 0.12507954239845276, -1.665014624595642], "camera_location": [0.27477186918258667, -2.2696449756622314, 2.261363983154297], "camera_rotation_original": [1.5901278257369995, -0.005768735893070698, 2.1587343215942383], "view_id": 1, "point_location": [-1.681174874305725, 1.3247005939483643, 3.03562068939209], "camera_distance": 4.16467538299023, "bounding_box_ranges": {"x": [-2.2696449756622314, 1.5575466109767464], "y": [-7.24270939415872, 0.8953083645566459], "z": [-0.034368949081070355, 3.988405929982158]}, "obliqueness_angle": 1.0707170963287354, "resolution": 512, "point_uuid": "1332", "point_normal": [0.00875871442258358, -0.34895196557044983, -0.9370997548103333], "camera_rotation_final": [1.7578318119049072, 0.01975497417151928, 0.5020970702171326], "vanishing_points_image": {"x": [113.67505936679157, 210.5504352423115], "y": [448.5906154214238, 232.5958007243465], "z": [252.9609575030743, 104.86578482883075]}, "camera_uuid": "72c78639c6d82fd06b6c6cb47f559896", "field_of_view_rads": 1.3013062182197903, "room": "8de55a2e5745f73de25402626a4c3d61"}