{"vanishing_points_gaussian_sphere": {"x": [-0.5124344098326797, -0.06958596050605241, 0.8559023131875994], "y": [0.8585955636206982, -0.024122133339573946, 0.512085716276097], "z": [-0.014987786704140976, 0.9972842707992531, 0.07210720814255148]}, "nonfixated_points_in_view": [513, 1154, 1155, 1410, 10, 524, 397, 16, 19, 915, 661, 22, 407, 1173, 282, 923, 1050, 30, 159, 670, 930, 166, 808, 937, 554, 427, 810, 557, 942, 1326, 1453, 690, 1459, 182, 1359, 312, 58, 1466, 188, 1341, 574, 830, 1088, 833, 578, 834, 324, 454, 455, 968, 1095, 74, 586, 588, 77, 205, 715, 976, 1227, 1356, 83, 212, 467, 598, 726, 1237, 217, 1362, 1369, 1116, 349, 889, 1119, 1372, 869, 103, 1005, 878, 1008, 761, 250], "point_pitch": -0.06800834735366301, "camera_rotation_from_original_to_final": [-0.03398344665765762, -0.08122421056032181, -2.486774206161499], "camera_location": [-5.609722137451172, -10.968703269958496, 4.285808086395264], "camera_rotation_original": [1.5832164287567139, -0.00936906412243843, 1.4556810855865479], "view_id": 6, "point_location": [-2.5400311946868896, -9.132109642028809, 4.027195453643799], "camera_distance": 3.5864967500171216, "bounding_box_ranges": {"x": [-11.130865168966945, -5.957579374524445], "y": [-5.609722137451172, -1.7642628696570668], "z": [2.7651368342146765, 5.212402142379463]}, "obliqueness_angle": 0.5538446307182312, "resolution": 512, "point_uuid": "555", "point_normal": [-0.9962953925132751, 0.016232453286647797, 0.08445210009813309], "camera_rotation_final": [1.4986183643341064, 0.014988347887992859, -1.0327119827270508], "vanishing_points_image": {"x": [78.50614519447679, 280.1027537057807], "y": [484.67509670480155, 262.42459780585364], "z": [252.91920522866755, 51.00454418919859]}, "camera_uuid": "84fae33197a8eefa4becf372ea5729e2", "field_of_view_rads": 1.1471147936984416, "room": "ef914082afe6874a9bab2b30c864407b"}