{"vanishing_points_gaussian_sphere": {"x": [-0.06011929144009704, 0.1845759192659492, 0.9809777779459994], "y": [0.9981497438613124, 0.020072773824600657, 0.057394882878032585], "z": [-0.009097231795295022, 0.9826132574813533, -0.18544116747784578]}, "nonfixated_points_in_view": [1280, 642, 764, 1288, 511, 779, 1420, 15, 276, 149, 404, 788, 1044, 1305, 27, 412, 156, 31, 160, 164, 292, 932, 679, 1190, 1191, 1321, 1068, 1069, 46, 1071, 1072, 1197, 690, 819, 692, 309, 437, 947, 1199, 1206, 1082, 1083, 828, 1212, 1469, 455, 73, 715, 76, 1356, 718, 1233, 1234, 1107, 725, 344, 603, 988, 991, 993, 1122, 356, 1380, 870, 359, 616, 1006, 239, 368, 1263, 1265, 1393, 756, 120, 636, 893, 255], "point_pitch": 0.1683144132283072, "camera_rotation_from_original_to_final": [-0.14542603492736816, 0.08586753159761429, -0.8790374398231506], "camera_location": [1.7699029445648193, -5.448235511779785, 4.298521995544434], "camera_rotation_original": [1.5894720554351807, -0.008107524365186691, 2.503649950027466], "view_id": 0, "point_location": [-3.9880707263946533, -5.785122394561768, 5.38699197769165], "camera_distance": 5.869627092356569, "bounding_box_ranges": {"x": [-6.055393374851379, -2.8193571333793273], "y": [-3.2490050364840304, 1.14053646632371], "z": [2.7638572650605298, 5.457207853002539]}, "obliqueness_angle": 1.5273330211639404, "resolution": 512, "point_uuid": "321", "point_normal": [-0.14451448619365692, 0.03161075711250305, -0.9889976382255554], "camera_rotation_final": [1.7573249340057373, 0.009097357280552387, 1.630954384803772], "vanishing_points_image": {"x": [232.43741270891525, 183.6590574280207], "y": [461.21256520803803, 251.87317891657005], "z": [254.33749515810052, 76.42896838989446]}, "camera_uuid": "3d44530aec2e5604a8aef567eab9ad28", "field_of_view_rads": 1.1400218959398778, "room": "7177ff6aafad58b0656fca6e31b41601"}