{"vanishing_points_gaussian_sphere": {"x": [0.1375143581899883, -0.04194507662684075, 0.9896112427809035], "y": [0.9904301893041827, -0.006019598539386475, -0.13788330046929392], "z": [0.0117405879953506, 0.9991017840941898, 0.040715888954195215]}, "nonfixated_points_in_view": [900, 1146, 1286, 136, 520, 1422, 530, 660, 278, 285, 1188, 296, 682, 1066, 1067, 174, 1328, 1330, 181, 949, 695, 1078, 65, 1484, 973, 847, 1360, 980, 1236, 86, 215, 607, 99, 357, 486, 617, 362, 1130, 237, 117, 1269, 1271, 378], "point_pitch": -0.046077295145716235, "camera_rotation_from_original_to_final": [0.023355212062597275, -0.04991556331515312, 1.2306106090545654], "camera_location": [2.5174548625946045, -7.046302795410156, 1.517836332321167], "camera_rotation_original": [1.5836472511291504, 0.0011349497362971306, 1.7721537351608276], "view_id": 7, "point_location": [1.8925508260726929, -11.531298637390137, 1.3333089351654053], "camera_distance": 4.532079434940124, "bounding_box_ranges": {"x": [-12.03399807515266, -7.046302795410156], "y": [-0.8717653517959469, 4.005825179016593], "z": [-0.02189223005126878, 2.424401001581955]}, "obliqueness_angle": 0.1500566005706787, "resolution": 512, "point_uuid": "1221", "point_normal": [-0.007480100262910128, 0.9999567270278931, 0.00554769579321146], "camera_rotation_final": [1.5300663709640503, -0.011740857735276222, 3.003631591796875], "vanishing_points_image": {"x": [326.75267236063223, 277.5812101571263], "y": [496.8369849333739, 257.4637497709492], "z": [259.1151268653277, -9.091391509623143]}, "camera_uuid": "3d5b30db610d18db270d0baeb235eacb", "field_of_view_rads": 0.9151687659701003, "room": "856e4980d5eb3351797f528948f684e5"}