{"vanishing_points_gaussian_sphere": {"x": [0.17399143030223085, -0.13277658144698226, 0.9757547650924575], "y": [0.9845817863333011, 0.04161488804363716, -0.1699026401026232], "z": [-0.018046833575724827, 0.9902719730015429, 0.13797003763687846]}, "nonfixated_points_in_view": [899, 773, 1159, 521, 522, 141, 639, 272, 528, 402, 786, 408, 793, 29, 925, 1186, 292, 37, 1317, 299, 941, 430, 814, 1198, 689, 436, 57, 828, 1469, 190, 63, 1087, 322, 1474, 966, 967, 1478, 1100, 1234, 852, 981, 1371, 1374, 224, 352, 1248, 611, 1252, 997, 106, 1143, 1019, 127], "point_pitch": -0.14225272735091643, "camera_rotation_from_original_to_final": [0.12877388298511505, -0.09089837968349457, -1.2323975563049316], "camera_location": [1.9597357511520386, -5.512042045593262, 1.5149836540222168], "camera_rotation_original": [1.5890778303146362, 0.002467385260388255, 2.6240296363830566], "view_id": 2, "point_location": [-4.097126483917236, -4.457395076751709, 0.6585537791252136], "camera_distance": 6.207361240149631, "bounding_box_ranges": {"x": [-6.144592291398566, -4.353815287951868], "y": [-3.551258197760286, 1.9597357511520386], "z": [-0.07247709620703868, 2.4277334432840334]}, "obliqueness_angle": 1.4932427406311035, "resolution": 512, "point_uuid": "1254", "point_normal": [-0.0950883999466896, -0.9954350590705872, 0.008203625679016113], "camera_rotation_final": [1.4323620796203613, 0.018047813326120377, 1.3958860635757446], "vanishing_points_image": {"x": [316.55089210272854, 302.207680705883], "y": [417.73655533300825, 249.16395170398957], "z": [252.54529484302375, 66.43224687685428]}, "camera_uuid": "5090c6fc5c0dcfff7ec7ff2b1a5d94fb", "field_of_view_rads": 1.2456686364738316, "room": "856e4980d5eb3351797f528948f684e5"}