{"vanishing_points_gaussian_sphere": {"x": [-0.20080022638678116, -0.176798045597394, 0.9635464286457396], "y": [0.9796298830307982, -0.03409477445258449, 0.19789602984418928], "z": [-0.002135733148666421, 0.9836564427827275, 0.18004288715733394]}, "nonfixated_points_in_view": [1028, 527, 1042, 1044, 1068, 46, 1072, 76, 603, 1122, 611, 106, 633, 1148, 636, 125, 642, 1159, 1172, 149, 152, 669, 1186, 164, 1190, 1191, 683, 173, 689, 692, 1206, 186, 1211, 191, 1215, 709, 199, 1233, 1234, 725, 1241, 1251, 748, 239, 1265, 756, 249, 1280, 779, 788, 279, 793, 1312, 1317, 1324, 823, 1343, 322, 1353, 1357, 335, 1371, 1379, 1380, 870, 359, 871, 368, 893, 1405, 394, 1420, 399, 1431, 409, 930, 421, 430, 436, 1461, 953, 1469, 452, 455, 993, 1006, 505], "point_pitch": -0.18531148036452727, "camera_rotation_from_original_to_final": [0.10232901573181152, -0.15536406636238098, -0.39307036995887756], "camera_location": [0.21503694355487823, -3.282130241394043, 2.989867687225342], "camera_rotation_original": [1.575566053390503, 0.00037009804509580135, 2.1583032608032227], "view_id": 9, "point_location": [-6.8527045249938965, -4.7337236404418945, 1.6692278385162354], "camera_distance": 7.335133371369272, "bounding_box_ranges": {"x": [-6.4413453523077155, -0.06152623047303951], "y": [-7.431141169742148, 0.21503694355487823], "z": [-0.047076412032795556, 5.478408624203102]}, "obliqueness_angle": 1.1652090549468994, "resolution": 512, "point_uuid": "272", "point_normal": [0.5782973170280457, -0.8157982230186462, -0.0067465887404978275], "camera_rotation_final": [1.3897658586502075, 0.002135734772309661, 1.772971510887146], "vanishing_points_image": {"x": [182.03793865459943, 321.12118103409773], "y": [463.52806748860286, 263.2227509349898], "z": [255.5519974404747, 49.663078022938336]}, "camera_uuid": "41fbfac86809ed0f1940b75ebedda277", "field_of_view_rads": 1.1814026134296183, "room": "8de55a2e5745f73de25402626a4c3d61"}