{"vanishing_points_gaussian_sphere": {"x": [0.04677652454161417, 0.07723286426015491, 0.9959151778289054], "y": [0.9988241711538675, 0.009096465437683582, -0.04761858287822922], "z": [-0.01273702754168035, 0.9969715838451534, -0.07671655059170063]}, "nonfixated_points_in_view": [384, 519, 142, 1429, 536, 1433, 1435, 799, 800, 418, 294, 1323, 1073, 567, 1090, 836, 838, 970, 595, 982, 857, 1497, 608, 225, 1249, 487, 105, 361, 495, 112, 1012, 887, 1272, 380], "point_pitch": 0.08544738689926668, "camera_rotation_from_original_to_final": [-0.06281724572181702, -0.04542689025402069, 2.832209587097168], "camera_location": [4.866747856140137, -7.32299280166626, 4.294677257537842], "camera_rotation_original": [1.5751346349716187, -0.014772405847907066, -2.8775057792663574], "view_id": 0, "point_location": [5.210240364074707, -0.139044851064682, 4.848065376281738], "camera_distance": 7.213413442179001, "bounding_box_ranges": {"x": [-7.32299280166626, -4.671934301367155], "y": [3.160732585262844, 5.474882546304941], "z": [2.7759906328692656, 5.212937915382763]}, "obliqueness_angle": 0.41438549757003784, "resolution": 512, "point_uuid": "247", "point_normal": [-0.0459570474922657, -0.9424350261688232, 0.33121636509895325], "camera_rotation_final": [1.6475945711135864, 0.01273737195879221, -0.04679739847779274], "vanishing_points_image": {"x": [272.06049490069057, 229.48246722536138], "y": [424.16722450592056, 254.468471839541], "z": [253.88557522408288, 90.49659578192161]}, "camera_uuid": "85ddc613ad5dac20833685dcf49001a9", "field_of_view_rads": 1.2774604748165972, "room": "77c77478b552f1977cad320741ba92a5"}