{"vanishing_points_gaussian_sphere": {"x": [-0.1358872503121965, 0.22692603292826447, 0.9643854160977502], "y": [0.9904549186822785, 0.053815108660005606, 0.126897549771431], "z": [-0.023102148399477315, 0.9724240379892674, -0.23207279263191652]}, "nonfixated_points_in_view": [772, 1029, 646, 1030, 8, 1414, 1290, 654, 1167, 144, 17, 275, 1299, 1403, 662, 1304, 1432, 28, 416, 672, 673, 293, 422, 677, 1061, 1062, 298, 171, 172, 687, 52, 693, 1463, 1465, 314, 827, 60, 317, 701, 831, 1085, 708, 1351, 328, 456, 1099, 1483, 334, 848, 977, 466, 85, 91, 604, 94, 98, 740, 613, 1383, 1128, 1133, 367, 751, 242, 115, 627, 1141, 119, 248, 507, 254, 1399], "point_pitch": 0.2446447173741202, "camera_rotation_from_original_to_final": [0.20835113525390625, 0.03761287033557892, -1.5541001558303833], "camera_location": [-4.210936069488525, -6.891334056854248, 1.5098429918289185], "camera_rotation_original": [1.593726634979248, 0.010752296075224876, 0.11999154835939407], "view_id": 5, "point_location": [-1.7297000885009766, -6.56484317779541, 2.1069352626800537], "camera_distance": 2.572867523655836, "bounding_box_ranges": {"x": [-10.795919216178355, -6.126633454273512], "y": [-3.5512695258006914, 6.496660684944333], "z": [-0.015580982783381714, 2.4272934100179104]}, "obliqueness_angle": 1.501147985458374, "resolution": 512, "point_uuid": "1232", "point_normal": [0.059480104595422745, -0.9982287287712097, -0.0012105352943763137], "camera_rotation_final": [1.8050681352615356, 0.02310420386493206, -1.4344507455825806], "vanishing_points_image": {"x": [207.9552583097882, 175.76728788186827], "y": [449.6147727704022, 245.48018749941323], "z": [252.2102607891395, 96.4809179377201]}, "camera_uuid": "41b233ae6d911bdc4a03358505e283ee", "field_of_view_rads": 1.2203198188961377, "room": "856e4980d5eb3351797f528948f684e5"}