{"vanishing_points_gaussian_sphere": {"x": [0.26199338887001417, -0.002309477602692269, 0.9650669046763588], "y": [0.965029314001986, -0.008517841680930043, -0.26200356770463057], "z": [0.00882537847697774, 0.999961055584817, -2.904621216048816e-06]}, "nonfixated_points_in_view": [1026, 13, 1038, 18, 1042, 23, 1051, 540, 547, 1065, 46, 563, 1076, 580, 1096, 76, 1105, 1106, 606, 1120, 1137, 114, 1138, 630, 121, 634, 1147, 635, 1162, 669, 168, 178, 1202, 1203, 1204, 1208, 1209, 704, 1219, 196, 710, 1227, 719, 720, 1238, 735, 227, 1251, 231, 1255, 234, 1259, 750, 240, 759, 1276, 766, 1296, 796, 290, 807, 297, 809, 1324, 815, 304, 305, 1332, 1334, 826, 318, 839, 1354, 336, 849, 1361, 347, 867, 871, 364, 385, 1427, 1446, 442, 443, 452, 1477, 1480, 464, 978, 1001, 493, 494], "point_pitch": -0.007972760996546313, "camera_rotation_from_original_to_final": [-0.012860183604061604, 0.0059147183783352375, 0.7454764246940613], "camera_location": [-6.116707801818848, -5.171044826507568, 1.5127230882644653], "camera_rotation_original": [1.5826430320739746, -0.00107341050170362, -1.010670781135559], "view_id": 13, "point_location": [-4.31368350982666, 1.470236897468567, 1.512742042541504], "camera_distance": 6.881679844428211, "bounding_box_ranges": {"x": [-5.171044826507568, 1.5574308128202068], "y": [-7.359158709344782, 1.4824840962690375], "z": [-0.03623036747598399, 4.224508774666627]}, "obliqueness_angle": 0.3000951111316681, "resolution": 512, "point_uuid": "337", "point_normal": [0.01691446639597416, -0.994480550289154, 0.10354860126972198], "camera_rotation_final": [1.5707992315292358, -0.008825493045151234, -0.2650977373123169], "vanishing_points_image": {"x": [345.18126459814357, 256.78613484888876], "y": [406.2943966332868, 257.32657511795605], "z": [257.5545270440537, 79.86404073636446]}, "camera_uuid": "676a1ae5fa5b4d774f8408cdbebb47fb", "field_of_view_rads": 1.2568196062491592, "room": "8de55a2e5745f73de25402626a4c3d61"}