{"vanishing_points_gaussian_sphere": {"x": [0.4806246349918961, -0.2795664225638079, 0.8311694024768844], "y": [0.8769153996015017, 0.1579759815898947, -0.4539415944617194], "z": [-0.004397974607198299, 0.9470407618553616, 0.3210832496468335]}, "nonfixated_points_in_view": [640, 257, 258, 133, 779, 140, 399, 527, 914, 1042, 788, 277, 1426, 23, 152, 279, 1051, 669, 164, 421, 1446, 168, 1068, 1324, 46, 692, 823, 1208, 953, 186, 443, 826, 1209, 318, 191, 1215, 1219, 452, 710, 839, 1353, 76, 1229, 335, 337, 978, 1105, 1106, 1234, 1361, 600, 1120, 1251, 1379, 1380, 871, 1255, 1259, 239, 368, 1137, 1138, 371, 756, 884, 1139, 1265, 121, 634, 636, 893, 766], "point_pitch": -0.3287592371318002, "camera_rotation_from_original_to_final": [0.1851678341627121, -0.27676594257354736, -1.1139425039291382], "camera_location": [0.21503694355487823, -3.282130241394043, 2.989867687225342], "camera_rotation_original": [1.575566053390503, 0.00037009804509580135, 2.1583032608032227], "view_id": 5, "point_location": [-5.5749640464782715, -0.11993177980184555, 0.7531712651252747], "camera_distance": 6.966090665699826, "bounding_box_ranges": {"x": [-4.026078969915986, 1.557546884137285], "y": [-7.431017657731057, 0.21503694355487823], "z": [-0.04233642490230638, 4.595832080051261]}, "obliqueness_angle": 0.6199144124984741, "resolution": 512, "point_uuid": "297", "point_normal": [0.3584006726741791, -0.6993952393531799, 0.618381142616272], "camera_rotation_final": [1.2439199686050415, 0.00439798878505826, 1.0694241523742676], "vanishing_points_image": {"x": [417.8179737384174, 350.12516282136966], "y": [396.6260500075538, 230.666269634279], "z": [254.96914908950038, 34.02103949372514]}, "camera_uuid": "41fbfac86809ed0f1940b75ebedda277", "field_of_view_rads": 1.15349612771939, "room": "8de55a2e5745f73de25402626a4c3d61"}