{"vanishing_points_gaussian_sphere": {"x": [0.08081987828155272, 0.08824264492455818, 0.9928148784598635], "y": [0.9966459598226993, -0.019990504125895512, -0.07935496527554564], "z": [0.012844377900291734, 0.9958983961034936, -0.08956230565837169]}, "nonfixated_points_in_view": [0, 134, 520, 1033, 267, 398, 528, 784, 658, 660, 1176, 410, 26, 34, 933, 1319, 296, 1320, 1066, 1067, 428, 301, 814, 48, 688, 50, 818, 944, 1329, 55, 695, 1336, 829, 192, 1474, 197, 965, 327, 458, 1100, 1231, 465, 980, 1365, 215, 984, 1368, 858, 1243, 863, 1248, 99, 100, 357, 996, 617, 758], "point_pitch": 0.05937858025101228, "camera_rotation_from_original_to_final": [0.010896433144807816, 0.057576339691877365, 0.07025346904993057], "camera_location": [3.307429552078247, -10.623159408569336, 1.5089129209518433], "camera_rotation_original": [1.6019235849380493, -0.010716056451201439, 1.4206318855285645], "view_id": 4, "point_location": [-3.1001853942871094, -10.111002922058105, 2.0869457721710205], "camera_distance": 6.4539872856487746, "bounding_box_ranges": {"x": [-12.039009877612967, -6.722332420833268], "y": [-3.5477288978518535, 3.307429552078247], "z": [-0.016750670467018502, 2.4218240354106486]}, "obliqueness_angle": 0.1434987187385559, "resolution": 512, "point_uuid": "223", "point_normal": [0.9996688365936279, 0.023812728002667427, 0.00976587738841772], "camera_rotation_final": [1.6604862213134766, -0.012844731099903584, 1.4898815155029297], "vanishing_points_image": {"x": [299.81575160417776, 208.1600639209003], "y": [517.7180357890836, 261.24948244930795], "z": [259.3564418294574, -4.244214279573615]}, "camera_uuid": "6fc923253b31e08cd2b4b232614b75a1", "field_of_view_rads": 0.8768099493067966, "room": "856e4980d5eb3351797f528948f684e5"}