{"vanishing_points_gaussian_sphere": {"x": [0.1349965357575972, 0.21244551085808455, 0.967803099938048], "y": [0.9906846968139149, -0.04656717341080644, -0.12796612778094632], "z": [0.01788202539337705, 0.9760627045824338, -0.2167529236044009]}, "nonfixated_points_in_view": [7, 654, 144, 17, 1170, 542, 1438, 806, 1447, 1064, 170, 687, 1465, 193, 456, 201, 712, 1483, 334, 591, 208, 210, 338, 1366, 474, 1242, 604, 228, 1382, 1386, 1133, 367, 623, 1010, 372, 1141, 1018, 383], "point_pitch": 0.22305019299057527, "camera_rotation_from_original_to_final": [-0.16463305056095123, 0.11629851162433624, 1.9448704719543457], "camera_location": [1.9597357511520386, -5.512042045593262, 1.5149836540222168], "camera_rotation_original": [1.5890778303146362, 0.002467385260388255, 2.6240296363830566], "view_id": 4, "point_location": [6.005781650543213, -6.047022819519043, 2.4211509227752686], "camera_distance": 4.180649559318409, "bounding_box_ranges": {"x": [-8.952892603065726, -4.563135213918914], "y": [1.9597357511520386, 6.507078990951342], "z": [0.13096639403442734, 2.4277339109429104]}, "obliqueness_angle": 1.3531193733215332, "resolution": 512, "point_uuid": "463", "point_normal": [-0.0010865529766306281, -0.014224606566131115, -0.9998982548713684], "camera_rotation_final": [1.7893189191818237, -0.017882978543639183, 4.5769572257995605], "vanishing_points_image": {"x": [314.60195923513584, 163.77746186503563], "y": [464.60408380326356, 265.8054432211479], "z": [259.6145270556096, 58.706629921725096]}, "camera_uuid": "5090c6fc5c0dcfff7ec7ff2b1a5d94fb", "field_of_view_rads": 1.0381453398920506, "room": "856e4980d5eb3351797f528948f684e5"}