{"vanishing_points_gaussian_sphere": {"x": [-0.09125092240899028, 0.0622932571757672, 0.9938776681614001], "y": [0.9957807635220906, 0.015421679715266635, 0.09045906695363426], "z": [-0.009692273152918486, 0.9979387365490897, -0.06343766969187752]}, "nonfixated_points_in_view": [513, 1154, 901, 524, 397, 1293, 19, 407, 159, 1443, 166, 808, 810, 1451, 942, 1326, 1074, 1459, 182, 183, 1467, 574, 830, 833, 968, 74, 586, 588, 1359, 976, 212, 1236, 598, 1237, 1116, 734, 612, 869, 103, 1008, 244, 250], "point_pitch": 0.06356723705795808, "camera_rotation_from_original_to_final": [0.006325761321932077, -0.06317130476236343, -0.008800692856311798], "camera_location": [-3.072143316268921, -10.485207557678223, 4.283509254455566], "camera_rotation_original": [1.5707898139953613, 0.009692680090665817, -1.4714287519454956], "view_id": 2, "point_location": [0.4512743055820465, -10.164518356323242, 4.508403301239014], "camera_distance": 3.545122208727539, "bounding_box_ranges": {"x": [-11.1022167210793, -9.588919752446849], "y": [-3.072143316268921, -1.7642858190592134], "z": [3.5455102099430857, 5.158135237021402]}, "obliqueness_angle": 0.6551451086997986, "resolution": 512, "point_uuid": "205", "point_normal": [-0.8520052433013916, 0.5089153051376343, 0.12285063415765762], "camera_rotation_final": [1.6342796087265015, 0.009692424908280373, -1.4794139862060547], "vanishing_points_image": {"x": [221.24196905257605, 232.27211973785114], "y": [455.8496771405483, 252.90492342796438], "z": [254.1998736813479, 70.6548538488594]}, "camera_uuid": "2c5b1635a824be2ef248c2dd24c5c6fe", "field_of_view_rads": 1.1778391892585183, "room": "ef914082afe6874a9bab2b30c864407b"}