{"vanishing_points_gaussian_sphere": {"x": [-0.19246154197483795, 0.05414003377759205, 0.9798098854386135], "y": [0.981222356052431, 0.02353785624741577, 0.19143839036669824], "z": [-0.012698143312470104, 0.9982558920766945, -0.05765354360816678]}, "nonfixated_points_in_view": [928, 225, 610, 1090, 232, 361, 1035, 595, 1497, 954, 380, 799], "point_pitch": 0.06737418571976228, "camera_rotation_from_original_to_final": [-0.04705461859703064, -0.013506175950169563, -2.780395030975342], "camera_location": [3.9411685466766357, -6.047142028808594, 4.286668300628662], "camera_rotation_original": [1.584341049194336, -0.008459939621388912, 2.9743051528930664], "view_id": 0, "point_location": [2.7901206016540527, -0.15590953826904297, 4.633317470550537], "camera_distance": 6.012628066390254, "bounding_box_ranges": {"x": [-6.047142028808594, -4.671926096018733], "y": [3.1030019111939335, 4.227631926198258], "z": [3.7646880477291185, 4.97353159542004]}, "obliqueness_angle": 0.18406307697296143, "resolution": 512, "point_uuid": "1266", "point_normal": [0.05434826761484146, -0.9964921474456787, 0.0636381283402443], "camera_rotation_final": [1.6284865140914917, 0.01269848458468914, 0.19368578493595123], "vanishing_points_image": {"x": [146.0410705390252, 225.06820919088685], "y": [572.2290619130642, 248.4142023929109], "z": [252.40303986323676, -26.772572472283954]}, "camera_uuid": "6d257e4888f9878e655953370ee5e983", "field_of_view_rads": 0.8276897943576418, "room": "77c77478b552f1977cad320741ba92a5"}