{"vanishing_points_gaussian_sphere": {"x": [0.4935028796971975, -0.1422341291106233, 0.8580351742479535], "y": [0.8696583549867744, 0.06683985110680057, -0.48910814745383074], "z": [0.012216928102875026, 0.9875737374090926, 0.1566807577450591]}, "nonfixated_points_in_view": [1409, 899, 264, 1296, 18, 23, 1434, 1051, 540, 796, 1307, 547, 675, 293, 804, 809, 1065, 685, 176, 304, 1203, 1076, 1204, 694, 1332, 1208, 443, 575, 1087, 577, 706, 1219, 580, 1477, 839, 1224, 458, 1354, 719, 336, 337, 464, 722, 849, 1361, 1238, 347, 861, 606, 1376, 227, 997, 231, 1255, 1256, 234, 364, 1004, 750, 624, 628, 885, 630, 1273, 1278, 127], "point_pitch": -0.15138439734908538, "camera_rotation_from_original_to_final": [0.048542145639657974, 0.161058247089386, 1.3712677955627441], "camera_location": [-6.732573986053467, -9.080721855163574, 1.502792477607727], "camera_rotation_original": [1.58157217502594, -0.008283889852464199, -1.885231852531433], "view_id": 6, "point_location": [-4.097126483917236, -4.457395076751709, 0.6585537791252136], "camera_distance": 5.388271802241563, "bounding_box_ranges": {"x": [-9.080721855163574, -5.932629650161125], "y": [-6.732573986053467, -2.449062456058054], "z": [-0.0177012040623743, 2.4292000380633807]}, "obliqueness_angle": 0.4466199576854706, "resolution": 512, "point_uuid": "1254", "point_normal": [-0.0950883999466896, -0.9954350590705872, 0.008203625679016113], "camera_rotation_final": [1.4134554862976074, -0.012217232026159763, -0.5161550045013428], "vanishing_points_image": {"x": [476.3073633085089, 319.49552808297705], "y": [434.11354850132017, 242.31062072402767], "z": [259.37873017232846, -17.12472954621147]}, "camera_uuid": "6fe7ddd5d030b288cf1811fb32bc13b1", "field_of_view_rads": 0.9307589445220894, "room": "ade82d56fe033105b37cc8ef1783cd93"}