{"vanishing_points_gaussian_sphere": {"x": [0.4047349363375318, 0.051400654769577565, 0.9129882825081124], "y": [0.9144149708986994, -0.029199304513275404, -0.40372349648276823], "z": [0.005906970812929157, 0.9982511574274281, -0.05881950688857809]}, "nonfixated_points_in_view": [769, 386, 1026, 647, 1296, 914, 1427, 277, 789, 546, 547, 931, 47, 305, 1203, 1076, 1204, 1332, 196, 1477, 710, 839, 1096, 1480, 719, 336, 347, 1244, 1255, 489, 1001, 364, 374, 630, 252], "point_pitch": 0.046990589299474195, "camera_rotation_from_original_to_final": [-0.00215560058131814, -0.048610344529151917, 0.9473715424537659], "camera_location": [-1.854644775390625, -5.243408679962158, 1.4990227222442627], "camera_rotation_original": [1.582518458366394, 0.006183302495628595, -1.3640222549438477], "view_id": 0, "point_location": [-1.024503231048584, -3.366109848022461, 1.6199679374694824], "camera_distance": 2.056213433710888, "bounding_box_ranges": {"x": [-5.243408679962158, 1.5023111907982836], "y": [-3.0378741749512868, 1.3832431297988246], "z": [-0.027067889023190017, 4.246415847498506]}, "obliqueness_angle": 1.15413236618042, "resolution": 512, "point_uuid": "435", "point_normal": [-0.9444088935852051, -0.046632423996925354, 0.3254496157169342], "camera_rotation_final": [1.6296508312225342, -0.005907005164772272, -0.4166966676712036], "vanishing_points_image": {"x": [399.443013259254, 237.78297907671103], "y": [402.55537480058035, 260.6798391901366], "z": [257.1053236995507, 69.20533021877226]}, "camera_uuid": "614fa69f38f6a61f05c875e475650ac3", "field_of_view_rads": 1.1730065550990523, "room": "8de55a2e5745f73de25402626a4c3d61"}