{"vanishing_points_gaussian_sphere": {"x": [0.08359766022855412, -0.07480436585518976, 0.9936879480265997], "y": [0.9964990769582174, 0.005264385796018103, -0.08343785629803496], "z": [0.0010103592094253505, 0.9971843325540136, 0.07498257186222893]}, "nonfixated_points_in_view": [1026, 517, 648, 910, 16, 153, 284, 1057, 930, 936, 1321, 427, 555, 940, 1199, 180, 1077, 58, 1083, 1212, 1341, 710, 455, 1096, 1481, 715, 1355, 1357, 974, 336, 83, 87, 988, 354, 1255, 240, 500, 253, 1020, 509], "point_pitch": -0.07303230365249114, "camera_rotation_from_original_to_final": [-0.020368879660964012, 0.07246265560388565, 1.1962863206863403], "camera_location": [-2.806222438812256, -9.90909194946289, 4.287649154663086], "camera_rotation_original": [1.5709993839263916, -0.0022501780185848475, -1.2808427810668945], "view_id": 1, "point_location": [-2.021827459335327, -0.5674810409545898, 3.5827407836914062], "camera_distance": 9.400950217220496, "bounding_box_ranges": {"x": [-9.90909194946289, -5.957591422370636], "y": [-4.731367943470161, -1.7641774499761784], "z": [2.7651406333313946, 5.2124019638468715]}, "obliqueness_angle": 1.4632548093795776, "resolution": 512, "point_uuid": "759", "point_normal": [-0.9961650371551514, -0.030556851997971535, -0.08198545128107071], "camera_rotation_final": [1.4957432746887207, -0.001010359381325543, -0.08369538187980652], "vanishing_points_image": {"x": [290.5687427762225, 286.9325987679168], "y": [455.0299740444308, 254.94854838045646], "z": [256.2184053514228, 40.44260956591259]}, "camera_uuid": "48bee344cd0412ed9774218b24d4c13a", "field_of_view_rads": 1.1030452184658521, "room": "ef914082afe6874a9bab2b30c864407b"}