{"vanishing_points_gaussian_sphere": {"x": [0.4685115877699093, -0.28592208300704736, 0.8359099560205213], "y": [0.8834563756151066, 0.15303533401009656, -0.44281488110658385], "z": [-0.0013132061294531968, 0.945953883121862, 0.32429851448369623]}, "nonfixated_points_in_view": [177, 803, 125], "point_pitch": -0.3269703825328012, "camera_rotation_from_original_to_final": [-0.2870379686355591, 0.1724938601255417, -3.1097469329833984], "camera_location": [-6.867229461669922, -9.096433639526367, 4.286715030670166], "camera_rotation_original": [1.574166178703308, -0.001123880734667182, -0.544407844543457], "view_id": 0, "point_location": [-7.27381706237793, -9.863956451416016, 3.988947868347168], "camera_distance": 0.9181884381000779, "bounding_box_ranges": {"x": [-11.59651445044126, -9.096433639526367], "y": [-7.28313831068932, -6.680047576026998], "z": [2.7729678490706036, 4.746628342535244]}, "obliqueness_angle": 1.0942986011505127, "resolution": 512, "point_uuid": "131", "point_normal": [0.9998416304588318, 0.016121601685881615, 0.007551377173513174], "camera_rotation_final": [1.2405259609222412, 0.0013132065068930387, 2.653986930847168], "vanishing_points_image": {"x": [435.20881757655576, 365.3671101255304], "y": [417.03495813593275, 228.10497395700386], "z": [255.65105107968475, 4.638405822210268]}, "camera_uuid": "7f2779005da07c7c8e1ad24c5414740e", "field_of_view_rads": 1.04356211307351, "room": "ef914082afe6874a9bab2b30c864407b"}