{"vanishing_points_gaussian_sphere": {"x": [-0.38790111766165686, -0.260289753743252, 0.884184351260027], "y": [0.9216008702920832, -0.12367133294509737, 0.36790927860609596], "z": [0.013585241761285536, 0.9575774879892803, 0.28785551185000313]}, "nonfixated_points_in_view": [999, 552, 1065, 234, 849, 1203, 214, 1276], "point_pitch": -0.2940820892665048, "camera_rotation_from_original_to_final": [0.2048110067844391, 0.22817197442054749, 1.1722172498703003], "camera_location": [-2.0300116539001465, -0.3511151969432831, 1.4951437711715698], "camera_rotation_original": [1.5840462446212769, -0.0036451206542551517, -2.3237228393554688], "view_id": 3, "point_location": [1.4198729991912842, 1.0843820571899414, 0.37199753522872925], "camera_distance": 3.901770609788693, "bounding_box_ranges": {"x": [-0.6999828609915095, 1.4244168452967052], "y": [-2.0300116539001465, 1.4709572245492077], "z": [0.17046531029415168, 2.1856837034944485]}, "obliqueness_angle": 1.2381702661514282, "resolution": 512, "point_uuid": "807", "point_normal": [-0.048271432518959045, 0.009948885068297386, 0.9987847208976746], "camera_rotation_final": [1.278781771659851, -0.013585659675300121, -1.172404170036316], "vanishing_points_image": {"x": [80.31375115689467, 373.8891433030997], "y": [541.3696400629119, 294.2942821630126], "z": [260.0099240455465, -26.64590811366471]}, "camera_uuid": "6f269c44fb405f239d56a612bcda89ad", "field_of_view_rads": 0.937763439627809, "room": "8de55a2e5745f73de25402626a4c3d61"}