{"vanishing_points_gaussian_sphere": {"x": [-0.3116673039587387, 0.23327606389518732, 0.921111160314899], "y": [0.9501181731612134, 0.06448389254414898, 0.3051512487786233], "z": [0.011787649124815992, 0.9702701199232733, -0.24173734860833376]}, "nonfixated_points_in_view": [3, 771, 775, 136, 137, 1160, 12, 529, 1428, 917, 285, 926, 287, 1442, 35, 1188, 422, 934, 682, 43, 174, 687, 1070, 1330, 181, 821, 1078, 1080, 317, 65, 66, 1091, 973, 847, 848, 89, 1113, 1370, 222, 607, 862, 362, 363, 1130, 241, 1395, 116, 117, 1013, 1271, 894], "point_pitch": 0.24045522610214753, "camera_rotation_from_original_to_final": [0.06169011443853378, -0.24847884476184845, -1.5280356407165527], "camera_location": [3.2709619998931885, -3.7192935943603516, 1.5157769918441772], "camera_rotation_original": [1.5592020750045776, -0.004284437280148268, -1.3022267818450928], "view_id": 4, "point_location": [3.4717376232147217, -4.325342655181885, 1.6748292446136475], "camera_distance": 0.6579543642578978, "bounding_box_ranges": {"x": [-11.705940719615214, -3.7192935943603516], "y": [2.1236616128404533, 6.385798560110869], "z": [-0.03718248373305966, 2.4277342265287056]}, "obliqueness_angle": 0.9118083119392395, "resolution": 512, "point_uuid": "721", "point_normal": [-0.5223552584648132, 0.280360609292984, -0.8053217530250549], "camera_rotation_final": [1.814969539642334, -0.011787922121584415, -2.824622631072998], "vanishing_points_image": {"x": [108.40658402110265, 145.52960192141177], "y": [542.417215442165, 236.56105286154428], "z": [258.68654991141, 34.863531046585855]}, "camera_uuid": "2d006a1a730dfc7454d6b6a574948a71", "field_of_view_rads": 0.928986423352281, "room": "856e4980d5eb3351797f528948f684e5"}