{"vanishing_points_gaussian_sphere": {"x": [0.06829066864285127, 0.02213602380268073, 0.9974198619570995], "y": [0.9976160131753217, -0.011469459977315098, -0.06804955359152039], "z": [0.009933520649232414, 0.9996891756631339, -0.022866508904407647]}, "nonfixated_points_in_view": [1412, 837, 1157, 840, 783, 49, 881, 1364, 342, 123, 126], "point_pitch": 0.013461546101842359, "camera_rotation_from_original_to_final": [-0.004050803370773792, -0.01394212432205677, 0.9048478603363037], "camera_location": [7.219512939453125, -9.547077178955078, 1.4965308904647827], "camera_rotation_original": [1.5844197273254395, 0.001260085846297443, -0.9731268286705017], "view_id": 2, "point_location": [7.455366611480713, -6.090108871459961, 1.5757837295532227], "camera_distance": 3.4659108695321095, "bounding_box_ranges": {"x": [-7.475825729232744, -3.1640580051766714], "y": [6.380288783076085, 6.510253875246405], "z": [-0.016927224983171743, 2.415816578842851]}, "obliqueness_angle": 0.8210787177085876, "resolution": 512, "point_uuid": "558", "point_normal": [-0.77630215883255, -0.6303423643112183, 0.0048480285331606865], "camera_rotation_final": [1.5936659574508667, -0.009933684021234512, -0.06834723800420761], "vanishing_points_image": {"x": [297.61373882060775, 242.51114813549364], "y": [550.711402650593, 259.38825820046793], "z": [259.00006347436766, -45.920244345534634]}, "camera_uuid": "7526e205b6c8b20a721e7467dec89a0d", "field_of_view_rads": 0.793606936359427, "room": "856e4980d5eb3351797f528948f684e5"}