{"vanishing_points_gaussian_sphere": {"x": [0.02268274707026281, -0.21193836372806524, 0.9770197659032375], "y": [0.9996868002566157, 0.015143939771069403, -0.01992391730808875], "z": [-0.010573286056653348, 0.9771656927402234, 0.21221549084240673]}, "nonfixated_points_in_view": [1280, 642, 764, 1288, 511, 779, 1420, 15, 527, 276, 149, 404, 1044, 1277, 1305, 27, 412, 156, 31, 164, 292, 1190, 679, 1321, 1068, 1069, 46, 1071, 1072, 1197, 690, 1199, 692, 437, 1206, 823, 1082, 1083, 828, 1212, 1469, 321, 455, 73, 715, 76, 1356, 718, 1233, 1234, 1107, 725, 344, 603, 988, 991, 993, 1122, 356, 1380, 870, 359, 616, 1006, 239, 368, 1263, 1265, 1393, 756, 120, 636, 893, 255], "point_pitch": -0.23125235637160735, "camera_rotation_from_original_to_final": [0.17708484828472137, -0.15265214443206787, -0.9688293933868408], "camera_location": [1.7699029445648193, -5.448235511779785, 4.298521995544434], "camera_rotation_original": [1.5894720554351807, -0.008107524365186691, 2.503649950027466], "view_id": 0, "point_location": [-3.1756234169006348, -5.347383499145508, 3.2243199348449707], "camera_distance": 5.061848499731471, "bounding_box_ranges": {"x": [-6.055263777229763, -3.1075272258490316], "y": [-3.2496296994248213, 0.810118650420967], "z": [2.707107056490751, 5.3855031239167905]}, "obliqueness_angle": 0.6528142690658569, "resolution": 512, "point_uuid": "947", "point_normal": [0.7165327668190002, -0.5782617926597595, 0.39012083411216736], "camera_rotation_final": [1.3569426536560059, 0.01057348307222128, 1.5481103658676147], "vanishing_points_image": {"x": [268.03775944415145, 368.4759285831932], "y": [524.6867182621264, 251.92974972000886], "z": [252.7892087936478, -40.73603802907455]}, "camera_uuid": "3d44530aec2e5604a8aef567eab9ad28", "field_of_view_rads": 0.8812504219242556, "room": "7177ff6aafad58b0656fca6e31b41601"}