{"vanishing_points_gaussian_sphere": {"x": [0.16792759290905, -0.2631493418783389, 0.9500277613884605], "y": [0.985772387362442, 0.051950692572794006, -0.1598559534548487], "z": [-0.007288611220533799, 0.9633553598803529, 0.2681293097299729]}, "nonfixated_points_in_view": [387, 899, 1042, 1045, 939, 1324, 685, 815, 563, 1331, 1334, 953, 442, 318, 452, 1353, 871, 1004, 1007, 1137, 1273, 635], "point_pitch": -0.2618444403025766, "camera_rotation_from_original_to_final": [0.2783913314342499, 0.019012348726391792, 2.8454041481018066], "camera_location": [-3.8659191131591797, -9.080220222473145, 1.4999077320098877], "camera_rotation_original": [1.5778414011001587, -0.009793577715754509, -3.0118231773376465], "view_id": 5, "point_location": [-3.4275829792022705, -6.475177764892578, 0.7646779417991638], "camera_distance": 2.742069972744826, "bounding_box_ranges": {"x": [-8.801570233786133, -6.087271470051636], "y": [-3.551261086270634, -3.3875505011666895], "z": [-0.019780104581635483, 2.306869333672502]}, "obliqueness_angle": 0.5877333283424377, "resolution": 512, "point_uuid": "577", "point_normal": [0.35271498560905457, -0.9357297420501709, -0.0014393010642379522], "camera_rotation_final": [1.2993382215499878, 0.007288675755262375, -0.16873155534267426], "vanishing_points_image": {"x": [317.61510285881553, 352.5533625902981], "y": [431.8307353826629, 246.73363324453265], "z": [254.3786668802708, 41.70403828889406]}, "camera_uuid": "0ea84965dc118f5aeb7a085f7794bb81", "field_of_view_rads": 1.1730065550990523, "room": "856e4980d5eb3351797f528948f684e5"}