{"vanishing_points_gaussian_sphere": {"x": [-0.4093502970657808, 0.31462561912975384, 0.8564128992952967], "y": [0.9123760707016165, 0.13962106353455986, 0.3848062684371933], "z": [0.0014966306277369747, 0.9388911962547617, -0.34421080995818054]}, "nonfixated_points_in_view": [407, 1025, 1088, 808, 1005, 990, 438, 30, 312, 986, 1372, 1341, 670], "point_pitch": 0.34986122051743074, "camera_rotation_from_original_to_final": [-0.2264033704996109, -0.27016401290893555, -0.4351900517940521], "camera_location": [-2.9783132076263428, -7.1683149337768555, 4.279703140258789], "camera_rotation_original": [1.5714958906173706, -0.0020283132325857878, -2.2531356811523438], "view_id": 2, "point_location": [-2.0101478099823, -9.32303237915039, 5.145730495452881], "camera_distance": 2.5159799550475457, "bounding_box_ranges": {"x": [-11.668429914084122, -7.1683149337768555], "y": [-3.1128348050287475, -1.7872676626259834], "z": [3.8890477314470067, 5.211528414259665]}, "obliqueness_angle": 1.0478308200836182, "resolution": 512, "point_uuid": "10", "point_normal": [-0.8813910484313965, -0.0026992077473551035, -0.4723798632621765], "camera_rotation_final": [1.9221948385238647, -0.0014966311864554882, -2.7198503017425537], "vanishing_points_image": {"x": [62.77670569258215, 107.48905708014473], "y": [560.9178761987857, 209.33836612699065], "z": [256.3446288133307, 39.80172581315506]}, "camera_uuid": "e17726a518b6f85be09164e3bce92661", "field_of_view_rads": 0.8856706784418169, "room": "ef914082afe6874a9bab2b30c864407b"}