{"vanishing_points_gaussian_sphere": {"x": [-0.04633510579703236, -0.09460160290006316, 0.994436320082647], "y": [0.9988941070554775, 0.0035610087286753484, 0.04688157534335322], "z": [-0.00797626858988739, 0.9955088427259564, 0.09433198393868814]}, "nonfixated_points_in_view": [7, 521, 141, 535, 542, 1438, 1185, 420, 806, 1447, 1192, 170, 440, 1465, 193, 323, 1091, 967, 712, 201, 75, 334, 463, 208, 591, 210, 338, 1366, 1242, 222, 994, 228, 1258, 1386, 1133, 367, 623, 245, 1018, 383], "point_pitch": -0.10505954822036223, "camera_rotation_from_original_to_final": [-0.02008265070617199, 0.10430113971233368, -0.16071665287017822], "camera_location": [-1.854644775390625, -5.243408679962158, 1.4990227222442627], "camera_rotation_original": [1.582518458366394, 0.006183302495628595, -1.3640222549438477], "view_id": 5, "point_location": [5.989661693572998, -4.873597621917725, 0.7549126148223877], "camera_distance": 7.888193846553939, "bounding_box_ranges": {"x": [-5.9849119161683575, -4.4784841267195725], "y": [-1.854644775390625, 1.4910548256987308], "z": [-0.01869507699738715, 2.7872784947234255]}, "obliqueness_angle": 1.5223388671875, "resolution": 512, "point_uuid": "1382", "point_normal": [-0.0012628246331587434, -0.9999940991401672, 0.0031953139696270227], "camera_rotation_final": [1.4763208627700806, 0.007976353168487549, -1.5244431495666504], "vanishing_points_image": {"x": [237.5920354543683, 293.5832302999905], "y": [460.3130292553967, 255.27163402464626], "z": [254.32791745356724, 47.309314376404835]}, "camera_uuid": "614fa69f38f6a61f05c875e475650ac3", "field_of_view_rads": 1.1397867195356945, "room": "8de55a2e5745f73de25402626a4c3d61"}