{"vanishing_points_gaussian_sphere": {"x": [-0.03692561086766974, -0.16784171590681765, 0.985122153676134], "y": [0.9993104080573495, -0.010048760100022822, 0.03574536010037884], "z": [0.003899693616554604, 0.9857627406338237, 0.16809703021704367]}, "nonfixated_points_in_view": [864, 129, 481, 1092, 389, 741, 903, 1000, 778, 203, 459, 1034, 1325, 1389, 752, 1487, 531, 311, 1017], "point_pitch": -0.16793028911086516, "camera_rotation_from_original_to_final": [-0.16921542584896088, 0.009768331423401833, -3.0010437965393066], "camera_location": [-0.6147893667221069, -6.438354969024658, 4.301362991333008], "camera_rotation_original": [1.5712069272994995, 0.003997528925538063, -0.10443466156721115], "view_id": 2, "point_location": [-0.510283350944519, -9.318574905395508, 3.8098948001861572], "camera_distance": 2.923718383343868, "bounding_box_ranges": {"x": [-9.362298198902515, -6.438354969024658], "y": [-1.885528988428658, 0.7227177405689739], "z": [2.782667179184416, 5.151002874493827]}, "obliqueness_angle": 0.38504087924957275, "resolution": 512, "point_uuid": "1302", "point_normal": [0.008334547281265259, 0.8516659736633301, 0.5240187644958496], "camera_rotation_final": [1.4018961191177368, -0.003899703500792384, -3.104658365249634], "vanishing_points_image": {"x": [236.9101325306647, 342.7711064813368], "y": [522.926455867189, 258.68413087438273], "z": [257.1169070132839, -26.331235914006857]}, "camera_uuid": "8d07c7bc523c238018bdf2a86a5c7334", "field_of_view_rads": 0.9078782432235194, "room": "9be1cd563f04d329bc30a6918cfb1205"}