{"vanishing_points_gaussian_sphere": {"x": [-0.48988953970903626, -0.21621102989323354, 0.8445478254285994], "y": [0.8717810846648681, -0.1242141482490398, 0.4738866803311859], "z": [0.002445261584100984, 0.968412947005188, 0.24933989806790346]}, "nonfixated_points_in_view": [448, 230, 498, 882, 1429, 536, 477, 1246], "point_pitch": -0.242552443346705, "camera_rotation_from_original_to_final": [-0.23283681273460388, 0.11954736709594727, 2.545727014541626], "camera_location": [4.716692924499512, -4.644749641418457, 4.289913177490234], "camera_rotation_original": [1.5800347328186035, -0.0031423436012119055, -0.47769707441329956], "view_id": 2, "point_location": [1.6742514371871948, -6.351902484893799, 3.391678810119629], "camera_distance": 3.602449924258618, "bounding_box_ranges": {"x": [-4.789549992448065, -4.61347129242142], "y": [4.316453294793865, 4.716692924499512], "z": [3.8980319325372603, 4.397131925314396]}, "obliqueness_angle": 0.6179138422012329, "resolution": 512, "point_uuid": "638", "point_normal": [0.9985911250114441, -0.04421652853488922, -0.02933950163424015], "camera_rotation_final": [1.318796992301941, -0.002445264020934701, 2.08276104927063], "vanishing_points_image": {"x": [62.79280154065314, 341.2713192988211], "y": [516.3141465086135, 293.0903894963187], "z": [256.63650321547505, 3.921466282279045]}, "camera_uuid": "3e56251b11c1ca97c045b046c52cd27c", "field_of_view_rads": 1.0236779723424378, "room": "5cd6a063c51df65aa0d61bbfd9882874"}