{"vanishing_points_gaussian_sphere": {"x": [-0.1764112324226184, -0.2021182076822138, 0.9633417395703678], "y": [0.9839353335394657, -0.008974292279963507, 0.17829952745493813], "z": [-0.02739227058338479, 0.9793200152153552, 0.20045441205142714]}, "nonfixated_points_in_view": [133, 263, 1166, 1426, 1427, 23, 1179, 288, 547, 557, 178, 1076, 1332, 1462, 1208, 569, 1081, 443, 1466, 64, 580, 839, 1096, 1227, 336, 337, 720, 467, 1239, 600, 1114, 735, 1120, 867, 1255, 618, 114, 884], "point_pitch": -0.21287803252669768, "camera_rotation_from_original_to_final": [0.08245251327753067, -0.21280500292778015, -1.9779353141784668], "camera_location": [0.3440798223018646, -5.207657814025879, 4.2956719398498535], "camera_rotation_original": [1.591770052909851, -0.020765699446201324, 2.1472725868225098], "view_id": 6, "point_location": [-0.8074266314506531, 1.013863444328308, 3.0010831356048584], "camera_distance": 6.458270360783209, "bounding_box_ranges": {"x": [-5.207657814025879, 1.557237440816447], "y": [-6.13328037894724, 1.478737820572652], "z": [-0.02886311251495588, 4.79362905203698]}, "obliqueness_angle": 1.4546622037887573, "resolution": 512, "point_uuid": "1296", "point_normal": [0.028386438265442848, -0.31259503960609436, -0.9494622349739075], "camera_rotation_final": [1.368897795677185, 0.027395697310566902, 0.17740657925605774], "vanishing_points_image": {"x": [184.92474508464534, 337.43247420681854], "y": [481.58872527584447, 258.0575530593125], "z": [249.64240315442498, 28.705157077479516]}, "camera_uuid": "65572d2c193d1b3ea0911dbf66b34fb7", "field_of_view_rads": 1.099747921523167, "room": "8de55a2e5745f73de25402626a4c3d61"}