{"vanishing_points_gaussian_sphere": {"x": [-0.09927843118016734, 0.1834455019632842, 0.978003855264305], "y": [0.9950596932185838, 0.01830837364479942, 0.09757566492840489], "z": [-5.8431760407664925e-06, 0.9828593751213452, -0.18435685151883074]}, "nonfixated_points_in_view": [1026, 517, 648, 270, 910, 16, 22, 284, 930, 936, 1321, 427, 555, 940, 1199, 561, 434, 690, 180, 697, 58, 1083, 1212, 835, 710, 455, 1096, 329, 713, 715, 1355, 1357, 974, 1481, 80, 726, 87, 217, 1369, 348, 988, 354, 1255, 240, 880, 500, 761, 759, 253, 1020, 509, 1406], "point_pitch": 0.17572505871323152, "camera_rotation_from_original_to_final": [0.008969961665570736, -0.18545961380004883, 1.569135069847107], "camera_location": [-3.072143316268921, -10.485207557678223, 4.283509254455566], "camera_rotation_original": [1.5707898139953613, 0.009692680090665817, -1.4714287519454956], "view_id": 0, "point_location": [-3.510662317276001, -6.089918613433838, 5.112035751342773], "camera_distance": 4.494142902876017, "bounding_box_ranges": {"x": [-10.485207557678223, -5.957611369098127], "y": [-6.101749935139089, -1.7641628142839203], "z": [2.861669649103797, 5.212370739323393]}, "obliqueness_angle": 0.15562109649181366, "resolution": 512, "point_uuid": "1057", "point_normal": [0.010119562037289143, -0.998297929763794, -0.05743711441755295], "camera_rotation_final": [1.7562137842178345, 5.843176040798426e-06, 0.0994422435760498], "vanishing_points_image": {"x": [210.27259180041233, 171.50544009473518], "y": [502.2139640622195, 251.4698423809755], "z": [255.9987407953467, 44.19376823836061]}, "camera_uuid": "2c5b1635a824be2ef248c2dd24c5c6fe", "field_of_view_rads": 0.9961989938800233, "room": "ef914082afe6874a9bab2b30c864407b"}