{"vanishing_points_gaussian_sphere": {"x": [-0.2821328114917313, -0.024880676030424792, 0.9590526725055513], "y": [0.9592748124798646, -0.021788637387519474, 0.2816328983313488], "z": [0.013889234013863074, 0.9994529539908641, 0.030014695358172725]}, "nonfixated_points_in_view": [256, 1280, 642, 259, 1288, 1420, 15, 272, 276, 149, 1044, 1305, 27, 412, 156, 31, 164, 292, 1069, 1197, 1071, 1072, 1199, 690, 947, 309, 437, 1206, 1082, 828, 321, 455, 711, 73, 715, 718, 1233, 1234, 725, 344, 603, 1371, 991, 1122, 356, 359, 616, 106, 748, 1006, 1263, 756, 120, 764, 511], "point_pitch": -0.05606369574996428, "camera_rotation_from_original_to_final": [0.022065244615077972, -0.04648159071803093, -0.29182809591293335], "camera_location": [0.3440798223018646, -5.207657814025879, 4.2956719398498535], "camera_rotation_original": [1.591770052909851, -0.020765699446201324, 2.1472725868225098], "view_id": 3, "point_location": [-3.7813854217529297, -6.419130802154541, 4.166560173034668], "camera_distance": 4.30160447820549, "bounding_box_ranges": {"x": [-6.43954939737028, -2.788386277691174], "y": [-7.247087609313084, 0.3440798223018646], "z": [1.0838348755854261, 5.459936099654554]}, "obliqueness_angle": 1.4265835285186768, "resolution": 512, "point_uuid": "180", "point_normal": [0.25230520963668823, -0.2492496371269226, -0.9349955916404724], "camera_rotation_final": [1.5407742261886597, -0.013889680616557598, 1.8568412065505981], "vanishing_points_image": {"x": [152.52879591128706, 265.1248993472164], "y": [469.11879539936467, 260.84070684751686], "z": [258.6915965907186, 62.31587308124124]}, "camera_uuid": "65572d2c193d1b3ea0911dbf66b34fb7", "field_of_view_rads": 1.1814026134296183, "room": "8de55a2e5745f73de25402626a4c3d61"}