{"vanishing_points_gaussian_sphere": {"x": [0.36111653141310224, 0.29762610691819236, 0.8837497107331299], "y": [0.932513414440262, -0.11899958889933561, -0.3409660243055798], "z": [0.0036854618617057832, 0.9472369282932914, -0.32051305597175916]}, "nonfixated_points_in_view": [0, 1284, 1273, 134, 774, 1418, 267, 398, 528, 784, 530, 658, 912, 1176, 26, 410, 34, 802, 293, 805, 167, 296, 933, 1061, 171, 428, 301, 685, 814, 48, 688, 50, 818, 944, 693, 1329, 55, 184, 313, 568, 695, 827, 701, 829, 1336, 192, 1474, 708, 197, 965, 71, 327, 328, 458, 1100, 1231, 1232, 465, 722, 980, 1365, 88, 984, 1194, 1243, 1368, 223, 863, 1248, 99, 100, 613, 740, 242, 115, 627, 885, 758, 119, 1066, 1067, 1320, 254], "point_pitch": 0.29356046120194, "camera_rotation_from_original_to_final": [0.03867702931165695, 0.29275041818618774, -0.21145948767662048], "camera_location": [3.307429552078247, -10.623159408569336, 1.5089129209518433], "camera_rotation_original": [1.6019235849380493, -0.010716056451201439, 1.4206318855285645], "view_id": 2, "point_location": [1.6423176527023315, -9.980730056762695, 2.1128053665161133], "camera_distance": 1.8841441261349767, "bounding_box_ranges": {"x": [-11.8479059816312, -5.941694924410665], "y": [-3.5502289550829547, 3.307429552078247], "z": [-0.09687909876566758, 2.425422040988686]}, "obliqueness_angle": 1.2285517454147339, "resolution": 512, "point_uuid": "617", "point_normal": [0.08119756728410721, 0.1521204262971878, -0.9850209951400757], "camera_rotation_final": [1.8970696926116943, -0.0036854702048003674, 1.2013287544250488], "vanishing_points_image": {"x": [370.7665807622424, 161.411334942449], "y": [397.3154463012972, 274.0334993090416], "z": [256.56342687958676, 111.18809669879528]}, "camera_uuid": "6fc923253b31e08cd2b4b232614b75a1", "field_of_view_rads": 1.2501821097122838, "room": "856e4980d5eb3351797f528948f684e5"}