{"vanishing_points_gaussian_sphere": {"x": [0.35257627188332347, 0.2018778085355458, 0.9137479537190453], "y": [0.9356396178481242, -0.05895270427353717, -0.34799868415247376], "z": [-0.016385298833806374, 0.9776348649059743, -0.2096702003204186]}, "nonfixated_points_in_view": [773, 1159, 522, 779, 399, 272, 527, 528, 639, 786, 1045, 279, 408, 793, 1305, 669, 925, 1186, 164, 292, 421, 423, 1317, 1068, 941, 46, 430, 814, 689, 1198, 436, 692, 828, 1469, 190, 63, 1087, 1215, 322, 1342, 1474, 711, 76, 1100, 335, 1234, 852, 981, 854, 1371, 1374, 224, 352, 736, 611, 1248, 997, 1254, 1379, 1380, 106, 1006, 239, 368, 1265, 756, 1143, 632, 1144, 893, 127], "point_pitch": 0.2027138034489493, "camera_rotation_from_original_to_final": [-0.18253445625305176, 0.0697803720831871, -1.4536434412002563], "camera_location": [0.13430264592170715, -5.5853047370910645, 1.5091227293014526], "camera_rotation_original": [1.588117241859436, -0.006452574394643307, 2.6567111015319824], "view_id": 14, "point_location": [-7.102736473083496, -2.8290956020355225, 3.1697468757629395], "camera_distance": 7.920170090780341, "bounding_box_ranges": {"x": [-6.23824127671988, -3.768576000497929], "y": [-3.551156258805293, 0.13430264592170715], "z": [0.10243999848979801, 2.4277334703850855]}, "obliqueness_angle": 0.38420942425727844, "resolution": 512, "point_uuid": "636", "point_normal": [0.9993122220039368, -0.03661469370126724, -0.005884408485144377], "camera_rotation_final": [1.7820627689361572, 0.016386032104492188, 1.2104229927062988], "vanishing_points_image": {"x": [385.8883211213297, 181.62866048168814], "y": [415.4624320075321, 266.04739583227547], "z": [253.03261062535728, 78.94962454899999]}, "camera_uuid": "caab66acefae8cc00595de890566047d", "field_of_view_rads": 1.1382340878676014, "room": "856e4980d5eb3351797f528948f684e5"}