{"vanishing_points_gaussian_sphere": {"x": [0.0795166365794804, 0.19421112838307672, 0.9777316309290903], "y": [0.9967609327347285, -0.027328984706589888, -0.0756357691089406], "z": [0.01203110472404109, 0.9805789943737726, -0.19575517441957976]}, "nonfixated_points_in_view": [3, 900, 1146, 1286, 136, 137, 520, 1160, 12, 1422, 784, 530, 894, 660, 1428, 278, 665, 285, 1439, 544, 1443, 1188, 296, 1066, 1067, 174, 1070, 1328, 1330, 181, 949, 695, 1078, 1080, 65, 1347, 1221, 1484, 973, 847, 1360, 980, 1236, 86, 215, 607, 1378, 99, 357, 486, 617, 362, 363, 1130, 237, 241, 117, 1269, 1271, 378, 890], "point_pitch": 0.19238813320663972, "camera_rotation_from_original_to_final": [-0.024152347818017006, 0.18308842182159424, 1.2886215448379517], "camera_location": [2.5174548625946045, -7.046302795410156, 1.517836332321167], "camera_rotation_original": [1.5836472511291504, 0.0011349497362971306, 1.7721537351608276], "view_id": 5, "point_location": [2.172774076461792, -11.501947402954102, 2.409916400909424], "camera_distance": 4.557124050509332, "bounding_box_ranges": {"x": [-12.045105526909698, -7.046302795410156], "y": [-1.7960415195901702, 5.375200575716594], "z": [-0.0296015437150009, 2.42235417501401]}, "obliqueness_angle": 1.065985918045044, "resolution": 512, "point_uuid": "682", "point_normal": [-0.009405186399817467, 0.3047005534172058, -0.9524017572402954], "camera_rotation_final": [1.7678382396697998, -0.012031394988298416, 3.061986207962036], "vanishing_points_image": {"x": [282.8011934260345, 190.54086790906268], "y": [421.46300827251196, 260.5366304738483], "z": [257.8879159107659, 102.12795518753573]}, "camera_uuid": "3d5b30db610d18db270d0baeb235eacb", "field_of_view_rads": 1.2779902394529126, "room": "856e4980d5eb3351797f528948f684e5"}