{"vanishing_points_gaussian_sphere": {"x": [-0.3706566864632292, 0.13616723579859974, 0.9187339683907785], "y": [0.928714371299937, 0.043517225294267915, 0.36823344177797157], "z": [0.0101605768075527, 0.9897296272203113, -0.14259041931799404]}, "nonfixated_points_in_view": [258, 452, 1324, 1137, 823, 318], "point_pitch": 0.14324899117020173, "camera_rotation_from_original_to_final": [0.08329826593399048, -0.10472827404737473, 1.2276006937026978], "camera_location": [-6.425679683685303, -2.262380838394165, 1.4977667331695557], "camera_rotation_original": [1.5803217887878418, -0.003540406469255686, -0.8513162136077881], "view_id": 11, "point_location": [-7.183542728424072, -0.37152957916259766, 1.7912324666976929], "camera_distance": 2.0581052189619786, "bounding_box_ranges": {"x": [-2.262380838394165, 1.3940917065891547], "y": [-7.232380374529933, -6.078264016750298], "z": [0.37135880785733905, 3.36135691204495]}, "obliqueness_angle": 0.1519174873828888, "resolution": 512, "point_uuid": "871", "point_normal": [0.28253015875816345, -0.9589589834213257, -0.023966964334249496], "camera_rotation_final": [1.7138818502426147, -0.010160751640796661, 0.3797365725040436], "vanishing_points_image": {"x": [77.54412011163892, 190.44110206597955], "y": [552.2891310852025, 242.1166347069335], "z": [258.468714041518, 15.525519633003737]}, "camera_uuid": "928222235a04d0c536e00fac4a58b265", "field_of_view_rads": 0.9140590274622452, "room": "8de55a2e5745f73de25402626a4c3d61"}