{"vanishing_points_gaussian_sphere": {"x": [0.08421134066855873, 0.1500891316221845, 0.9850795412918201], "y": [0.9964270826278896, -0.019076723528767457, -0.0822748298392654], "z": [0.006443532298130776, 0.98848840720987, -0.15115935202036757]}, "nonfixated_points_in_view": [384, 1282, 5, 1158, 280, 921, 1049, 1433, 1435, 800, 289, 418, 294, 1073, 1205, 1214, 1093, 202, 970, 1235, 346, 218, 737, 995, 614, 487, 742, 107, 876, 112, 1394, 755, 1012, 1396, 1142, 247, 1272, 1274, 637], "point_pitch": 0.14441581169632478, "camera_rotation_from_original_to_final": [0.12520833313465118, -0.0683051124215126, 0.3897848129272461], "camera_location": [4.716692924499512, -4.644749641418457, 4.289913177490234], "camera_rotation_original": [1.5800347328186035, -0.0031423436012119055, -0.47769707441329956], "view_id": 2, "point_location": [5.0914435386657715, -0.15784549713134766, 4.97842264175415], "camera_distance": 4.554864680408422, "bounding_box_ranges": {"x": [-4.644749641418457, -0.08360605389063558], "y": [4.177737346948062, 7.462211460382326], "z": [2.8240200803871405, 5.206054565253935]}, "obliqueness_angle": 0.21032853424549103, "resolution": 512, "point_uuid": "1323", "point_normal": [-0.021529318764805794, -0.9985495805740356, 0.04934978112578392], "camera_rotation_final": [1.7225404977798462, -0.006443576887249947, -0.08431294560432434], "vanishing_points_image": {"x": [298.8490737622646, 179.63047279931996], "y": [503.1213897470453, 260.7311705115603], "z": [257.5468716886503, 18.69774699266394]}, "camera_uuid": "3e56251b11c1ca97c045b046c52cd27c", "field_of_view_rads": 0.92043671083451, "room": "5cd6a063c51df65aa0d61bbfd9882874"}