{"vanishing_points_gaussian_sphere": {"x": [-0.6222175905023273, 0.0855032143331803, 0.7781609540501069], "y": [0.7824666083279118, 0.09880207682207026, 0.6148041610687585], "z": [-0.024316186405200998, 0.9914269261798068, -0.12837980029727247]}, "nonfixated_points_in_view": [17, 28, 1052, 542, 551, 1064, 560, 51, 1085, 1086, 66, 1091, 79, 591, 599, 605, 94, 104, 623, 116, 1140, 1141, 646, 1164, 654, 1167, 144, 1170, 671, 165, 1194, 686, 687, 703, 712, 208, 727, 1242, 222, 228, 1257, 1258, 747, 1264, 768, 1287, 1290, 1308, 824, 317, 832, 331, 333, 334, 848, 338, 1366, 860, 351, 1382, 1386, 367, 1391, 372, 1399, 1402, 1403, 1428, 416, 929, 1442, 422, 1447, 938, 429, 1456, 946, 1465, 958, 456, 969, 1483, 972, 1484, 977, 994, 1002, 1009, 1013, 1018], "point_pitch": 0.1415175954487662, "camera_rotation_from_original_to_final": [-0.036788493394851685, 0.10339178144931793, -2.4819493293762207], "camera_location": [0.5467849373817444, -10.360032081604004, 1.5205349922180176], "camera_rotation_original": [1.5957993268966675, -0.011342709884047508, 1.5803825855255127], "view_id": 13, "point_location": [6.005781650543213, -6.047022819519043, 2.4211509227752686], "camera_distance": 7.015255075060205, "bounding_box_ranges": {"x": [-10.360032081604004, -3.156385449900391], "y": [0.5467849373817444, 6.495622060298364], "z": [-0.025359800606459815, 2.4277337512278567]}, "obliqueness_angle": 1.432397484779358, "resolution": 512, "point_uuid": "463", "point_normal": [-0.0010865529766306281, -0.014224606566131115, -0.9998982548713684], "camera_rotation_final": [1.6995697021484375, 0.02431858330965042, -0.8989889621734619], "vanishing_points_image": {"x": [62.62648126339068, 229.42720991614954], "y": [470.49805067825235, 228.9153261548311], "z": [251.66174525650086, 79.11936198957787]}, "camera_uuid": "08b7810ec5503ef8e7e738fee540560e", "field_of_view_rads": 1.1863623918125419, "room": "856e4980d5eb3351797f528948f684e5"}