{"vanishing_points_gaussian_sphere": {"x": [0.12574746305933404, -0.03954507164142482, 0.9912738082099295], "y": [0.9920213537574316, -0.004064227140068838, -0.12600442748977805], "z": [0.009011616026786178, 0.9992095222557823, 0.03871848925200031]}, "nonfixated_points_in_view": [260, 1156, 1416, 1419, 532, 405, 791, 663, 411, 1437, 674, 163, 1314, 935, 425, 961, 68, 1097, 1104, 593, 1108, 1495, 220, 989, 350, 1387, 1392], "point_pitch": -0.05191473563643889, "camera_rotation_from_original_to_final": [0.05163761228322983, -0.008144417777657509, 0.040534019470214844], "camera_location": [3.9411685466766357, -6.047142028808594, 4.286668300628662], "camera_rotation_original": [1.584341049194336, -0.008459939621388912, 2.9743051528930664], "view_id": 0, "point_location": [3.244920253753662, -11.52456283569336, 4.072722434997559], "camera_distance": 5.525637760009008, "bounding_box_ranges": {"x": [-11.59499739465225, -6.047142028808594], "y": [1.5745189567176716, 5.479719336800308], "z": [2.765910447979783, 5.202679415979567]}, "obliqueness_angle": 1.1279284954071045, "resolution": 512, "point_uuid": "1163", "point_normal": [0.9499695897102356, 0.3100889027118683, 0.037453263998031616], "camera_rotation_final": [1.5320665836334229, -0.009011738002300262, 3.0155062675476074], "vanishing_points_image": {"x": [317.3619942402884, 275.2971245642382], "y": [485.68381186093626, 256.94099504840693], "z": [258.2617066534646, 5.221580460850711]}, "camera_uuid": "6d257e4888f9878e655953370ee5e983", "field_of_view_rads": 0.9591575138842849, "room": "77c77478b552f1977cad320741ba92a5"}