{"vanishing_points_gaussian_sphere": {"x": [0.26786328252311586, 0.22947232105091275, 0.9357305786108779], "y": [0.9633591615226705, -0.04995606701960944, -0.26352137916736423], "z": [-0.0137254430266898, 0.9720323272604873, -0.23444565889408572]}, "nonfixated_points_in_view": [509, 268, 396, 270, 16, 915, 661, 22, 1173, 1050, 284, 924, 1057, 930, 419, 554, 427, 557, 1453, 434, 690, 180, 308, 697, 58, 1466, 188, 444, 1212, 578, 324, 454, 455, 1095, 329, 715, 1227, 77, 974, 1355, 80, 1356, 1362, 467, 723, 853, 217, 1369, 1498, 348, 349, 738, 998, 621, 880, 883, 246, 761, 253], "point_pitch": 0.2293471852925162, "camera_rotation_from_original_to_final": [0.0029064712580293417, 0.22541309893131256, -1.7270435094833374], "camera_location": [-5.609722137451172, -10.968703269958496, 4.285808086395264], "camera_rotation_original": [1.5832164287567139, -0.00936906412243843, 1.4556810855865479], "view_id": 9, "point_location": [-4.585505962371826, -7.331842422485352, 5.197017192840576], "camera_distance": 3.8866538114250617, "bounding_box_ranges": {"x": [-10.968703269958496, -5.9578881136219], "y": [-7.284150269397888, -1.7642820529260375], "z": [2.7651381290194044, 5.2121246311277964]}, "obliqueness_angle": 1.3297289609909058, "resolution": 512, "point_uuid": "1406", "point_normal": [-0.0031246552243828773, -0.003711502533406019, -0.999988317489624], "camera_rotation_final": [1.8074673414230347, 0.01372587401419878, -0.2712007761001587], "vanishing_points_image": {"x": [349.2035056523975, 176.15469768503328], "y": [413.6065550552545, 264.1728642250368], "z": [253.72528380548732, 94.90518709598733]}, "camera_uuid": "84fae33197a8eefa4becf372ea5729e2", "field_of_view_rads": 1.2097322366686991, "room": "ef914082afe6874a9bab2b30c864407b"}