{"vanishing_points_gaussian_sphere": {"x": [0.17901550830460472, -0.3228522664459292, 0.929365300534279], "y": [0.9837381294195315, 0.044733890024025225, -0.17394876202341725], "z": [0.014585626918478228, 0.9453916083475912, 0.32561014473346767]}, "nonfixated_points_in_view": [7, 1170, 542, 1438, 420, 806, 1447, 1192, 170, 1465, 193, 201, 75, 591, 208, 210, 1366, 222, 1382, 1386, 1133, 623, 1010, 372, 245, 1018, 383], "point_pitch": -0.3203403194758554, "camera_rotation_from_original_to_final": [0.31528589129447937, -0.1524268388748169, 1.847687840461731], "camera_location": [0.13430264592170715, -5.5853047370910645, 1.5091227293014526], "camera_rotation_original": [1.588117241859436, -0.006452574394643307, 2.6567111015319824], "view_id": 0, "point_location": [4.344785213470459, -6.373379230499268, 0.03394767642021179], "camera_distance": 4.530492844297987, "bounding_box_ranges": {"x": [-7.09226930515857, -4.53690784754769], "y": [0.13430264592170715, 6.509939992150765], "z": [-0.011948046135302537, 2.297766661668356]}, "obliqueness_angle": 1.2821961641311646, "resolution": 512, "point_uuid": "323", "point_normal": [0.004396658390760422, 0.9181917309761047, 0.3961121439933777], "camera_rotation_final": [1.2391027212142944, -0.014586144126951694, 4.532383918762207], "vanishing_points_image": {"x": [343.80192655302443, 414.3496941378334], "y": [493.62104695872773, 245.19456970899597], "z": [260.5742850107762, -40.48987236190421]}, "camera_uuid": "caab66acefae8cc00595de890566047d", "field_of_view_rads": 0.9072146946092259, "room": "856e4980d5eb3351797f528948f684e5"}