{"vanishing_points_gaussian_sphere": {"x": [-0.18140531436363178, 0.29726045136683144, 0.9374051077169463], "y": [0.9833644375481112, 0.045817192431802635, 0.17577021318572214], "z": [0.009300262701609953, 0.9536964972835199, -0.3006268387599921]}, "nonfixated_points_in_view": [1216, 161, 130, 1475, 70, 550, 584, 585, 744, 1318, 460, 556, 14, 1169, 274, 851, 792, 667, 1054, 1023], "point_pitch": 0.3289199630406241, "camera_rotation_from_original_to_final": [0.2828082740306854, 0.013875387609004974, -3.077392101287842], "camera_location": [-4.210936069488525, -6.891334056854248, 1.5098429918289185], "camera_rotation_original": [1.593726634979248, 0.010752296075224876, 0.11999154835939407], "view_id": 2, "point_location": [-3.67517352104187, -9.748618125915527, 2.4261772632598877], "camera_distance": 3.048078421596047, "bounding_box_ranges": {"x": [-11.515432216494403, -7.489914341561341], "y": [-3.5512694789982207, -3.5197075038644914], "z": [0.44091463156518085, 2.3889560610525633]}, "obliqueness_angle": 1.2563819885253906, "resolution": 512, "point_uuid": "534", "point_normal": [-0.018092429265379906, 0.005874713882803917, -0.9998190402984619], "camera_rotation_final": [1.8761597871780396, -0.009300396777689457, -2.959169387817383], "vanishing_points_image": {"x": [181.59141516508518, 134.0701128233963], "y": [490.95014567339814, 245.05313673632673], "z": [257.761934653326, 75.3222104329794]}, "camera_uuid": "41b233ae6d911bdc4a03358505e283ee", "field_of_view_rads": 1.0621366844659983, "room": "856e4980d5eb3351797f528948f684e5"}