{"vanishing_points_gaussian_sphere": {"x": [0.5282881550041219, -0.04736785366991182, 0.8477428334825643], "y": [0.8489569479248161, 0.045407738933532574, -0.5265075857147029], "z": [-0.01355455098931686, 0.9978448895913884, 0.0642016391054624]}, "nonfixated_points_in_view": [3, 1029, 8, 520, 12, 1039, 17, 529, 538, 28, 544, 1062, 43, 1067, 1070, 566, 1080, 60, 1085, 65, 1099, 91, 604, 94, 607, 613, 1128, 617, 1130, 116, 1141, 1146, 643, 646, 137, 654, 1167, 144, 662, 665, 673, 1188, 165, 677, 172, 174, 687, 693, 695, 1221, 1228, 1231, 740, 746, 237, 751, 241, 1269, 758, 1271, 775, 1287, 1290, 784, 275, 1299, 285, 298, 1328, 821, 1338, 317, 1351, 334, 848, 863, 1378, 362, 1391, 1399, 378, 1403, 1404, 894, 388, 1414, 1424, 1428, 1432, 415, 416, 1443, 422, 429, 944, 1456, 1463, 1464, 1465, 456, 1483, 1484, 975, 977, 466], "point_pitch": -0.05675022204848723, "camera_rotation_from_original_to_final": [-0.0808829516172409, 0.006556624546647072, -2.2473196983337402], "camera_location": [-2.1478989124298096, -7.17814826965332, 1.5089408159255981], "camera_rotation_original": [1.586061954498291, -0.002639547921717167, 0.12005194276571274], "view_id": 9, "point_location": [5.050057411193848, -11.648579597473145, 0.9638214707374573], "camera_distance": 8.490729365586654, "bounding_box_ranges": {"x": [-11.70847384421917, -6.351987724980388], "y": [-2.1478989124298096, 6.499217762062049], "z": [-0.023768254506445263, 2.4276811897033155]}, "obliqueness_angle": 0.9638611078262329, "resolution": 512, "point_uuid": "363", "point_normal": [-0.07000874727964401, 0.9876470565795898, -0.14018560945987701], "camera_rotation_final": [1.506544589996338, 0.013554966077208519, -2.127436637878418], "vanishing_points_image": {"x": [410.5481306974031, 269.85723524271685], "y": [369.268033769254, 249.94168889308116], "z": [253.63969938795674, 82.24183527119034]}, "camera_uuid": "3dfb7fb5350fdc03281337b3a75a5e86", "field_of_view_rads": 1.2990400758213767, "room": "856e4980d5eb3351797f528948f684e5"}