{"vanishing_points_gaussian_sphere": {"x": [0.10085904833129435, -0.23199805896481074, 0.9674731794764473], "y": [0.994866216166476, 0.03161747020188216, -0.09613296785511179], "z": [-0.008286392478304282, 0.9722022609594123, 0.2339959390354931]}, "nonfixated_points_in_view": [643, 644, 1029, 1286, 1414, 1160, 1422, 530, 662, 797, 285, 673, 1188, 165, 296, 298, 682, 1066, 1328, 1330, 181, 1078, 1080, 65, 1221, 1351, 973, 847, 1236, 607, 99, 617, 362, 1130, 751, 117, 1269, 1271, 248, 1403, 1021], "point_pitch": -0.23548416694137053, "camera_rotation_from_original_to_final": [0.15140220522880554, -0.17387275397777557, 0.7361708879470825], "camera_location": [2.0380539894104004, -3.850883722305298, 1.5039372444152832], "camera_rotation_original": [1.5646412372589111, 0.005592518951743841, 2.2927701473236084], "view_id": 7, "point_location": [1.6228320598602295, -8.029607772827148, 0.49325793981552124], "camera_distance": 4.319215033277432, "bounding_box_ranges": {"x": [-11.704380639418666, -3.850883722305298], "y": [0.9041595157222666, 4.473086036524542], "z": [-0.02056143122918619, 2.427014088383023]}, "obliqueness_angle": 1.3505836725234985, "resolution": 512, "point_uuid": "416", "point_normal": [-0.0915137454867363, -0.005969411227852106, 0.9957860112190247], "camera_rotation_final": [1.3346023559570312, 0.008286487311124802, 3.040558338165283], "vanishing_points_image": {"x": [315.41732398880356, 392.6729516325272], "y": [544.6990924048554, 246.82496238881882], "z": [253.14587253052704, -78.8609405302753]}, "camera_uuid": "46dec00679fa99b86c497ab5e0e1ad5c", "field_of_view_rads": 0.7967221505578096, "room": "856e4980d5eb3351797f528948f684e5"}