{"vanishing_points_gaussian_sphere": {"x": [-0.5798966088647411, -0.030908640089861664, 0.8141035431657135], "y": [0.8146023627531888, -0.007335113097269036, 0.5799734362130499], "z": [-0.011954648639581547, 0.9994952986801118, 0.029431858457434915]}, "nonfixated_points_in_view": [896, 387, 1159, 522, 779, 272, 1042, 1045, 669, 925, 1055, 804, 553, 939, 1324, 941, 46, 815, 1198, 563, 1331, 694, 1334, 953, 442, 699, 318, 63, 1215, 1217, 322, 706, 452, 1224, 1353, 458, 842, 209, 1363, 852, 343, 859, 1374, 224, 1379, 484, 743, 871, 1137, 628, 757, 1144, 635], "point_pitch": -0.02781776984664397, "camera_rotation_from_original_to_final": [0.03899464011192322, -0.016838522627949715, -2.652998447418213], "camera_location": [-3.8659191131591797, -9.080220222473145, 1.4999077320098877], "camera_rotation_original": [1.5778414011001587, -0.009793577715754509, -3.0118231773376465], "view_id": 2, "point_location": [-6.848554611206055, -4.893523216247559, 1.3485479354858398], "camera_distance": 5.142708923952509, "bounding_box_ranges": {"x": [-9.080220222473145, -5.932735912645558], "y": [-7.296406909571308, -3.8659191131591797], "z": [-0.010009440773482314, 2.4289088567764328]}, "obliqueness_angle": 0.9693886041641235, "resolution": 512, "point_uuid": "1474", "point_normal": [0.9848426580429077, 0.012860675342381, 0.1729726493358612], "camera_rotation_final": [1.5413581132888794, 0.011954933404922485, -5.664532661437988], "vanishing_points_image": {"x": [-16.061356662733086, 270.50094107622084], "y": [575.1627942383293, 258.87391161531394], "z": [252.62473076550043, -26.196979047310375]}, "camera_uuid": "0ea84965dc118f5aeb7a085f7794bb81", "field_of_view_rads": 0.8624856868392916, "room": "ade82d56fe033105b37cc8ef1783cd93"}