{"vanishing_points_gaussian_sphere": {"x": [-0.4470567397649901, 0.033618648506526176, 0.8938736252420096], "y": [0.894405347842678, 0.03176087359952141, 0.4461281437643376], "z": [-0.013391981971175198, 0.9989299441806667, -0.04426761161497024]}, "nonfixated_points_in_view": [908, 141, 401, 916, 795, 1182, 1058, 1447, 552, 1192, 946, 820, 315, 1339, 1471, 1346, 967, 200, 712, 972, 462, 79, 210, 599, 471, 602, 1242, 860, 605, 994, 228, 999, 489, 1002, 1257, 1258, 1386, 1009, 1140, 373, 1018], "point_pitch": 0.019785718121800855, "camera_rotation_from_original_to_final": [0.013025992549955845, 0.01315329596400261, -0.13753999769687653], "camera_location": [5.059991836547852, -7.579131126403809, 1.5203824043273926], "camera_rotation_original": [1.596900224685669, 0.009909546934068203, 0.6009308099746704], "view_id": 12, "point_location": [1.4366159439086914, -0.31924375891685486, 1.8799171447753906], "camera_distance": 8.121827455251571, "bounding_box_ranges": {"x": [-7.579131126403809, -3.1230432838038515], "y": [-0.5312553832341473, 5.599817247651424], "z": [-0.01736917755817255, 2.4277341537442396]}, "obliqueness_angle": 1.1122909784317017, "resolution": 512, "point_uuid": "214", "point_normal": [-0.9994869828224182, -0.002098975470289588, -0.03195897489786148], "camera_rotation_final": [1.6150823831558228, 0.013392382301390171, 0.46351706981658936], "vanishing_points_image": {"x": [117.77669285887254, 245.60561296843446], "y": [452.85324010422516, 249.0096226596956], "z": [253.75957459311996, 88.88298689075826]}, "camera_uuid": "e2c81e729be96548bbabfecfc7939d49", "field_of_view_rads": 1.2851355794203485, "room": "856e4980d5eb3351797f528948f684e5"}