{"vanishing_points_gaussian_sphere": {"x": [0.6988113634829232, -0.05193401227172403, 0.7134182059889546], "y": [0.7152465454138998, 0.06359150571750177, -0.6959730595892798], "z": [-0.009222664507617485, 0.996623789987948, 0.08158408968321322]}, "nonfixated_points_in_view": [1028, 521, 522, 1037, 1043, 534, 1053, 1054, 32, 38, 550, 40, 578, 1095, 590, 594, 1121, 1131, 109, 624, 118, 1150, 128, 130, 135, 653, 147, 1172, 148, 667, 161, 173, 176, 184, 1218, 709, 204, 213, 729, 739, 744, 762, 261, 1295, 274, 1300, 792, 1305, 1307, 1309, 1310, 1313, 1318, 813, 302, 1342, 831, 1344, 843, 851, 1373, 352, 356, 1390, 888, 381, 906, 402, 406, 919, 1431, 1436, 1441, 424, 1452, 433, 435, 437, 1461, 951, 440, 957, 1475, 966, 458, 461, 1491, 1492, 981, 475, 483, 490, 502, 507, 1022, 1023], "point_pitch": -0.08594588836165862, "camera_rotation_from_original_to_final": [-0.05059976875782013, 0.07697776705026627, -1.4949456453323364], "camera_location": [-6.425679683685303, -2.262380838394165, 1.4977667331695557], "camera_rotation_original": [1.5803217887878418, -0.003540406469255686, -0.8513162136077881], "view_id": 11, "point_location": [-2.435725688934326, -6.154768466949463, 1.041488766670227], "camera_distance": 5.592727788835793, "bounding_box_ranges": {"x": [-6.441877959289872, -2.262380838394165], "y": [-6.425679683685303, 1.4909550621261864], "z": [-0.08013033121397345, 5.465040456840335]}, "obliqueness_angle": 0.830790102481842, "resolution": 512, "point_uuid": "293", "point_normal": [-0.004719390533864498, -0.9901169538497925, 0.14016516506671906], "camera_rotation_final": [1.489117980003357, 0.009222795255482197, -2.3445723056793213], "vanishing_points_image": {"x": [464.99209243609846, 271.5317993673909], "y": [358.0816116567074, 246.9240758547631], "z": [254.15021633378936, 56.107831467360974]}, "camera_uuid": "928222235a04d0c536e00fac4a58b265", "field_of_view_rads": 1.1741438697584443, "room": "8de55a2e5745f73de25402626a4c3d61"}