{"vanishing_points_gaussian_sphere": {"x": [0.23029182463295106, 0.10392656544378351, 0.9675561712387996], "y": [0.9730506857119738, -0.03659715247493955, -0.22766864401182613], "z": [0.011748980495502567, 0.9939114233299591, -0.10955384078858801]}, "nonfixated_points_in_view": [260, 1416, 1163, 1419, 532, 663, 1437, 33, 674, 163, 1314, 935, 425, 961, 1097, 1104, 593, 220, 350, 479, 1387, 496, 503], "point_pitch": 0.1037394563343863, "camera_rotation_from_original_to_final": [-0.048897843807935715, 0.08455943316221237, 0.7402594685554504], "camera_location": [3.5518953800201416, -7.357985973358154, 4.276762962341309], "camera_rotation_original": [1.5831875801086426, -0.0045831575989723206, 2.16766619682312], "view_id": 5, "point_location": [2.5699832439422607, -11.530960083007812, 4.749257564544678], "camera_distance": 4.312901117149508, "bounding_box_ranges": {"x": [-11.59905214355199, -7.357985973358154], "y": [0.9297027817544481, 4.073957550434606], "z": [2.8345839773259582, 5.202587088831856]}, "obliqueness_angle": 0.4435268044471741, "resolution": 512, "point_uuid": "989", "point_normal": [0.07129853218793869, 0.8594328165054321, -0.5062527060508728], "camera_rotation_final": [1.6805781126022339, -0.011749250814318657, 2.909198760986328], "vanishing_points_image": {"x": [377.0958725266079, 201.3516070699982], "y": [493.1385302384827, 264.91895466110356], "z": [259.0236172992458, 0.2154428080944604]}, "camera_uuid": "4f0e7099dffb9eae50102f6058915b65", "field_of_view_rads": 0.8812504219242556, "room": "77c77478b552f1977cad320741ba92a5"}