{"vanishing_points_gaussian_sphere": {"x": [0.6234995757352233, 0.0076335269696629765, 0.7817864211688511], "y": [0.7818096293701398, -9.092939305432303e-05, -0.6235171971613697], "z": [-0.0046885479758049875, 0.9999708600743569, -0.00602465932893041]}, "nonfixated_points_in_view": [640, 258, 526, 23, 1051, 1446, 168, 1209, 443, 318, 704, 1219, 1102, 719, 464, 1105, 978, 1106, 1361, 1259, 1137, 1138, 371], "point_pitch": 0.018942312398229078, "camera_rotation_from_original_to_final": [0.011021397076547146, -0.00042622629553079605, -3.0618844032287598], "camera_location": [-2.0300116539001465, -0.3511151969432831, 1.4951437711715698], "camera_rotation_original": [1.5840462446212769, -0.0036451206542551517, -2.3237228393554688], "view_id": 14, "point_location": [-4.31368350982666, 1.470236897468567, 1.512742042541504], "camera_distance": 2.921094003527365, "bounding_box_ranges": {"x": [-0.3511151969432831, 1.5575995787089656], "y": [-7.2367490277347795, -2.0300116539001465], "z": [-0.03126973182853496, 3.4016416286657423]}, "obliqueness_angle": 0.8857933878898621, "resolution": 512, "point_uuid": "337", "point_normal": [0.01691446639597416, -0.994480550289154, 0.10354860126972198], "camera_rotation_final": [1.5768210887908936, 0.004688565153628588, -5.385608673095703], "vanishing_points_image": {"x": [483.41882786469114, 253.21570338862352], "y": [388.4130503833247, 256.01540047327575], "z": [254.96147779314904, 34.50457119130408]}, "camera_uuid": "6f269c44fb405f239d56a612bcda89ad", "field_of_view_rads": 1.0453777029569526, "room": "8de55a2e5745f73de25402626a4c3d61"}