{"vanishing_points_gaussian_sphere": {"x": [-0.5924372687985758, 0.0449772561680136, 0.8043600741994105], "y": [0.8056157102225882, 0.03454713889290837, 0.5914303193419062], "z": [-0.0011874262247061095, 0.99839047552644, -0.05670139678217726]}, "nonfixated_points_in_view": [2, 131, 514, 1283, 1411, 266, 400, 656, 1430, 1303, 1177, 413, 1056, 1440, 419, 676, 803, 1060, 41, 169, 812, 1454, 559, 432, 177, 1201, 1207, 189, 1352, 1225, 717, 1101, 1230, 1488, 850, 1494, 601, 1125, 102, 1127, 1381, 745, 875, 1260, 1261, 110, 111, 366, 622, 1134, 883, 629, 125], "point_pitch": 0.054944829144750074, "camera_rotation_from_original_to_final": [-0.03286270424723625, -0.04550543427467346, -1.824400544166565], "camera_location": [-2.9783132076263428, -7.1683149337768555, 4.279703140258789], "camera_rotation_original": [1.5714958906173706, -0.0020283132325857878, -2.2531356811523438], "view_id": 2, "point_location": [-7.270834922790527, -10.32452392578125, 4.58229398727417], "camera_distance": 5.3365680013493, "bounding_box_ranges": {"x": [-11.99463109972217, -7.1683149337768555], "y": [-7.284179409507615, -2.9783132076263428], "z": [2.765137569873622, 5.212401197658579]}, "obliqueness_angle": 0.6263290643692017, "resolution": 512, "point_uuid": "480", "point_normal": [0.9998868703842163, 0.01098830159753561, 0.010280879214406013], "camera_rotation_final": [1.627528190612793, 0.0011874265037477016, -4.078307628631592], "vanishing_points_image": {"x": [46.42799360400677, 240.08949889929707], "y": [497.9028025085055, 245.6265060241488], "z": [255.75581065930712, 50.685087039230034]}, "camera_uuid": "e17726a518b6f85be09164e3bce92661", "field_of_view_rads": 1.0885699802923718, "room": "ef914082afe6874a9bab2b30c864407b"}