{"vanishing_points_gaussian_sphere": {"x": [0.34625500958242145, 0.16022491626084878, 0.9243567734096404], "y": [0.9381166512674278, -0.052119938352306716, -0.3423750292310161], "z": [-0.006679592342697591, 0.9857035498745836, -0.16835645164584467]}, "nonfixated_points_in_view": [128, 1028, 261, 1400, 263, 647, 521, 1415, 653, 781, 1294, 1295, 20, 148, 1172, 1431, 1436, 1053, 1309, 1310, 32, 1313, 675, 931, 38, 424, 681, 1452, 45, 173, 47, 302, 557, 813, 179, 435, 437, 1461, 951, 440, 957, 1342, 831, 450, 578, 1218, 325, 709, 1095, 843, 204, 461, 589, 590, 340, 213, 1496, 729, 1114, 475, 1244, 1373, 1121, 483, 739, 615, 489, 1131, 1390, 370, 626, 118, 502, 888, 762, 507, 381, 1022], "point_pitch": 0.16150744358566804, "camera_rotation_from_original_to_final": [0.11337188631296158, -0.11309705674648285, -1.0797404050827026], "camera_location": [-6.425679683685303, -2.262380838394165, 1.4977667331695557], "camera_rotation_original": [1.5803217887878418, -0.003540406469255686, -0.8513162136077881], "view_id": 0, "point_location": [-0.931201159954071, -4.2974958419799805, 2.4984962940216064], "camera_distance": 5.944110483174732, "bounding_box_ranges": {"x": [-6.441885556334024, -1.574401674542043], "y": [-6.425679683685303, 1.491032333153739], "z": [-0.010441658647960872, 5.460616375330827]}, "obliqueness_angle": 1.1107780933380127, "resolution": 512, "point_uuid": "1037", "point_normal": [-0.6721057295799255, -0.6713981032371521, -0.3122476637363434], "camera_rotation_final": [1.7399622201919556, 0.006679642014205456, -1.9243807792663574], "vanishing_points_image": {"x": [437.55607364169225, 171.98733335014987], "y": [481.88291226592474, 268.54961570742165], "z": [254.26259028721495, -0.3885389429567824]}, "camera_uuid": "928222235a04d0c536e00fac4a58b265", "field_of_view_rads": 0.8521793501465003, "room": "8de55a2e5745f73de25402626a4c3d61"}