{"vanishing_points_gaussian_sphere": {"x": [-0.024988785934703633, -0.3316824435881794, 0.9430600814332477], "y": [0.9996844797811094, -0.010697017392854377, 0.02272695984221403], "z": [0.002549796517802144, 0.9433304460443707, 0.3318450965487461]}, "nonfixated_points_in_view": [1412, 837, 881, 1110, 123, 733, 1279], "point_pitch": -0.3612111051890512, "camera_rotation_from_original_to_final": [0.3363841772079468, -0.022970229387283325, -1.5425918102264404], "camera_location": [9.521198272705078, -7.487616062164307, 1.5325249433517456], "camera_rotation_original": [-1.572507381439209, -3.1185641288757324, -0.011458786204457283], "view_id": 0, "point_location": [6.501553058624268, -7.560386657714844, 0.4699678421020508], "camera_distance": 3.201965129011195, "bounding_box_ranges": {"x": [-9.76550599358162, -6.361888435793018], "y": [6.465073423798589, 9.521198272705078], "z": [-0.021261557469488546, 2.2773972234901554]}, "obliqueness_angle": 0.3307376801967621, "resolution": 512, "point_uuid": "1311", "point_normal": [0.999944269657135, -0.0058136205188930035, 0.008822746574878693], "camera_rotation_final": [-1.909056305885315, -3.139042854309082, -1.5458048582077026], "vanishing_points_image": {"x": [246.68662514873233, 379.61876790625234], "y": [455.162941507339, 258.1311218613522], "z": [256.602117672732, 33.23872127683501]}, "camera_uuid": "0cc55cb7b667b337a397194e0a67a643", "field_of_view_rads": 1.152570281969043, "room": "8868fae7afbf71557a2e4faceeb9d9d6"}