{"vanishing_points_gaussian_sphere": {"x": [0.09218191052535822, -0.1383319058120741, 0.9860865982287228], "y": [0.9956589641810198, 0.025608159478007663, -0.08948435178358055], "z": [-0.012873321943986424, 0.9900547994947292, 0.14009201111975692]}, "nonfixated_points_in_view": [1280, 642, 1020, 1277, 794, 155, 27, 412, 1312, 164, 932, 1190, 679, 1321, 1068, 1197, 46, 175, 1072, 561, 690, 691, 819, 309, 947, 1199, 1083, 455, 73, 457, 1481, 76, 1356, 1486, 592, 344, 988, 1246, 993, 1122, 1124, 1380, 230, 872, 377, 1006, 239, 1265, 498, 882, 1393, 120, 505, 636, 893, 638, 511], "point_pitch": -0.1500158747050424, "camera_rotation_from_original_to_final": [0.1485161930322647, -0.0465092733502388, -1.498949408531189], "camera_location": [3.9411685466766357, -6.047142028808594, 4.286668300628662], "camera_rotation_original": [1.584341049194336, -0.008459939621388912, 2.9743051528930664], "view_id": 2, "point_location": [-3.188502073287964, -5.400146007537842, 3.273765802383423], "camera_distance": 7.230268194301352, "bounding_box_ranges": {"x": [-7.183787426414018, -4.759253134696156], "y": [0.9297424779260317, 3.9411685466766357], "z": [2.768211033966829, 5.211953875609406]}, "obliqueness_angle": 1.3459718227386475, "resolution": 512, "point_uuid": "1082", "point_normal": [0.3062179386615753, -0.4391796290874481, -0.844601571559906], "camera_rotation_final": [1.4302302598953247, 0.012873677536845207, 1.4784756898880005], "vanishing_points_image": {"x": [292.0002348689522, 310.0234094815653], "y": [444.6826546684812, 251.14711795372753], "z": [253.25931158869346, 45.22055027131859]}, "camera_uuid": "6d257e4888f9878e655953370ee5e983", "field_of_view_rads": 1.1478446320185505, "room": "77c77478b552f1977cad320741ba92a5"}