{"vanishing_points_gaussian_sphere": {"x": [-0.2391304864937411, 0.3699997670114022, 0.8977286799700536], "y": [0.9709785036719246, 0.09508786832579053, 0.2194516864922379], "z": [-0.0041660336408909015, 0.9241528389334555, -0.3820002283440911]}, "nonfixated_points_in_view": [128, 261, 1421, 1300, 1436, 1053, 414, 1313, 424, 681, 435, 951, 440, 1342, 578, 709, 1479, 204, 461, 475, 1244, 1250, 483, 502, 888, 762, 1019, 1148], "point_pitch": 0.37886746326950593, "camera_rotation_from_original_to_final": [-0.2601332664489746, -0.2785348892211914, -0.539830207824707], "camera_location": [-2.0300116539001465, -0.3511151969432831, 1.4951437711715698], "camera_rotation_original": [1.5840462446212769, -0.0036451206542551517, -2.3237228393554688], "view_id": 1, "point_location": [-0.9779316782951355, -4.654932498931885, 3.3264968395233154], "camera_distance": 4.794118144932889, "bounding_box_ranges": {"x": [-6.168242210693414, -0.3511151969432831], "y": [-3.4201575328616105, 1.491183074519551], "z": [1.4158412730374552, 5.464533436956936]}, "obliqueness_angle": 0.6023734211921692, "resolution": 512, "point_uuid": "1390", "point_normal": [-0.5866297483444214, 0.8063749670982361, 0.07499989867210388], "camera_rotation_final": [1.9627596139907837, 0.004166045691817999, -2.900120258331299], "vanishing_points_image": {"x": [126.42172328300481, 55.507235994846354], "y": [581.7178902202695, 224.1024659768533], "z": [254.95535980108252, 24.267064380414197]}, "camera_uuid": "6f269c44fb405f239d56a612bcda89ad", "field_of_view_rads": 0.809835246968655, "room": "8de55a2e5745f73de25402626a4c3d61"}