{"vanishing_points_gaussian_sphere": {"x": [-0.7005645103362046, -0.27886203344288596, 0.6568449841183934], "y": [0.7135682375706207, -0.26672996815667965, 0.6478236599704389], "z": [-0.005453181433995443, 0.9225459828058629, 0.38584863926287544]}, "nonfixated_points_in_view": [1153, 938, 331], "point_pitch": -0.3865346153590341, "camera_rotation_from_original_to_final": [0.3982926905155182, 0.013210199773311615, 2.274690628051758], "camera_location": [8.056329727172852, -4.2689995765686035, 1.4923113584518433], "camera_rotation_original": [1.572834849357605, -0.010850214399397373, -3.067706823348999], "view_id": 2, "point_location": [9.035728454589844, -3.3030521869659424, 0.9169854521751404], "camera_distance": 1.4910654372983314, "bounding_box_ranges": {"x": [-4.318594255420041, -3.1262204507789324], "y": [7.970650300061661, 9.969672923647362], "z": [-0.022948866404423285, 2.009511256294619]}, "obliqueness_angle": 1.3876018524169922, "resolution": 512, "point_uuid": "1086", "point_normal": [0.34649038314819336, -0.07562758028507233, 0.9350000023841858], "camera_rotation_final": [1.1746625900268555, 0.005453208461403847, -0.7945934534072876], "vanishing_points_image": {"x": [77.61894206005408, 327.005173415014], "y": [436.4799320176093, 323.4629334453979], "z": [254.8445998178677, 60.534323777603895]}, "camera_uuid": "bd5b2b073675437662294c1b37a7fa10", "field_of_view_rads": 1.2851281566476045, "room": "66bc78dc545e1a7b7ac07302c82067c1"}