{"vanishing_points_gaussian_sphere": {"x": [0.5094321029494998, 0.2625376147762362, 0.8194833331508671], "y": [0.8604436941026178, -0.16731103779153075, -0.4812937418169507], "z": [0.01075089593898239, 0.9503057494621011, -0.3111324489277575]}, "nonfixated_points_in_view": [1184, 705, 77, 366, 1303, 400, 403, 565, 790, 1046, 761, 700, 1207], "point_pitch": 0.33794696728256746, "camera_rotation_from_original_to_final": [0.2908077538013458, -0.03206632658839226, 2.677856922149658], "camera_location": [-2.484394073486328, -5.331701278686523, 4.301449775695801], "camera_rotation_original": [1.594873070716858, 5.2980572945671156e-05, -0.07394442707300186], "view_id": 2, "point_location": [-3.880467653274536, -7.708751201629639, 5.20394229888916], "camera_distance": 2.900668979221776, "bounding_box_ranges": {"x": [-11.668397430029902, -5.9575196281350005], "y": [-6.138934395902813, -2.47917074707604], "z": [3.378993844207562, 5.212362245299648]}, "obliqueness_angle": 1.249767541885376, "resolution": 512, "point_uuid": "835", "point_normal": [0.013142261654138565, -0.0023029427975416183, -0.9999110698699951], "camera_rotation_final": [1.8871996402740479, -0.010751103051006794, 2.6070337295532227], "vanishing_points_image": {"x": [488.1849590761605, 136.34266982814017], "y": [442.5796062218055, 292.27991902510524], "z": [258.5028782206522, 34.762665289604804]}, "camera_uuid": "c5be5141daf3c047a2d6d480abd9ff63", "field_of_view_rads": 0.8881939192273043, "room": "ef914082afe6874a9bab2b30c864407b"}