{"vanishing_points_gaussian_sphere": {"x": [-0.3727642433251404, -0.025683123641648303, 0.9275705881808907], "y": [0.9278484318908403, -0.02324838171257669, 0.37223218585374274], "z": [0.01200442984670593, 0.9993997648127371, 0.03249621141458463]}, "nonfixated_points_in_view": [3, 771, 775, 136, 137, 1160, 12, 1428, 917, 285, 797, 287, 926, 1442, 35, 1188, 422, 934, 682, 43, 172, 174, 687, 1070, 1330, 181, 821, 1078, 1080, 317, 65, 66, 1091, 973, 847, 848, 721, 89, 1113, 1370, 222, 607, 862, 362, 363, 1002, 1130, 1133, 241, 1395, 116, 117, 1013, 1271, 894], "point_pitch": -0.03544847568007903, "camera_rotation_from_original_to_final": [-0.012994568794965744, 0.018109671771526337, -1.4576387405395508], "camera_location": [3.2709619998931885, -3.7192935943603516, 1.5157769918441772], "camera_rotation_original": [1.5592020750045776, -0.004284437280148268, -1.3022267818450928], "view_id": 8, "point_location": [6.375298023223877, -11.455026626586914, 1.244765281677246], "camera_distance": 8.339778976724915, "bounding_box_ranges": {"x": [-11.705147286637903, -3.7192935943603516], "y": [2.0541019208693694, 6.38447313695322], "z": [-0.032258904403499405, 2.4277176519729284]}, "obliqueness_angle": 1.1557327508926392, "resolution": 512, "point_uuid": "529", "point_normal": [-0.9994314908981323, 0.03354790061712265, 0.003362996270880103], "camera_rotation_final": [1.5382920503616333, -0.01200471818447113, -2.759577512741089], "vanishing_points_image": {"x": [105.59594020683996, 266.36270547146944], "y": [502.6485744161395, 262.180082877549], "z": [258.64009764155026, 36.2050579876536]}, "camera_uuid": "2d006a1a730dfc7454d6b6a574948a71", "field_of_view_rads": 1.0684761344387421, "room": "856e4980d5eb3351797f528948f684e5"}