{"vanishing_points_gaussian_sphere": {"x": [-0.5754752698616045, 0.21226905558240736, 0.789791150760672], "y": [0.8178153303337174, 0.14640302542120948, 0.556546709287432], "z": [0.0025098304456788478, 0.9661821785717586, -0.2578482083735786]}, "nonfixated_points_in_view": [1026, 516, 1285, 647, 1162, 907, 13, 1296, 18, 1427, 661, 23, 664, 1051, 796, 290, 546, 295, 552, 807, 1065, 557, 304, 305, 178, 1202, 1076, 1203, 1204, 1462, 1208, 1209, 1466, 443, 445, 1471, 64, 67, 580, 1219, 710, 839, 1096, 1220, 1354, 1227, 844, 1480, 719, 336, 337, 464, 467, 468, 720, 214, 849, 1105, 1238, 1361, 347, 606, 735, 227, 231, 999, 234, 618, 364, 750, 114, 371, 630, 1407], "point_pitch": 0.2509480277684073, "camera_rotation_from_original_to_final": [0.16826751828193665, -0.1874999850988388, -0.12138710916042328], "camera_location": [-6.425679683685303, -2.262380838394165, 1.4977667331695557], "camera_rotation_original": [1.5803217887878418, -0.003540406469255686, -0.8513162136077881], "view_id": 4, "point_location": [-1.543962836265564, 1.1776472330093384, 3.0915324687957764], "camera_distance": 6.181022605917608, "bounding_box_ranges": {"x": [-2.429177889905366, 1.5576062216655653], "y": [-6.425679683685303, 1.4782136962988526], "z": [-0.027390889664436147, 4.252151960307367]}, "obliqueness_angle": 1.1266114711761475, "resolution": 512, "point_uuid": "547", "point_normal": [0.005686734337359667, -0.34541603922843933, -0.9384323954582214], "camera_rotation_final": [1.8315916061401367, -0.0025098330806940794, -0.9576089382171631], "vanishing_points_image": {"x": [63.3361605022122, 184.93426807912854], "y": [485.5548020924703, 214.90573790957092], "z": [256.4503845784273, 82.62033846580621]}, "camera_uuid": "928222235a04d0c536e00fac4a58b265", "field_of_view_rads": 1.1270035836480075, "room": "8de55a2e5745f73de25402626a4c3d61"}