{"vanishing_points_gaussian_sphere": {"x": [0.013223264604271296, -0.150565959458477, 0.9885115260458797], "y": [0.9999118123311773, 0.0007750909016741505, -0.013257706991577614], "z": [0.0012299730833680506, 0.9885996616863889, 0.15056293062959347]}, "nonfixated_points_in_view": [1159, 272, 528, 793, 281, 925, 1317, 1069, 689, 190, 63, 322, 1474, 711, 842, 1100, 1371, 1374, 736, 1248, 1379, 1143, 1144], "point_pitch": -0.14961056312056975, "camera_rotation_from_original_to_final": [0.14149139821529388, 0.05153532326221466, -1.9105596542358398], "camera_location": [-3.8966617584228516, -5.1063923835754395, 1.5070674419403076], "camera_rotation_original": [1.5701526403427124, 0.0018522855825722218, -2.8113532066345215], "view_id": 13, "point_location": [-7.12300443649292, -5.063121795654297, 1.0156538486480713], "camera_distance": 3.2638393221422044, "bounding_box_ranges": {"x": [-6.4417250600115565, -3.2826644631623147], "y": [-7.230001330370034, -3.8966617584228516], "z": [-0.017053779539933034, 2.669603863691701]}, "obliqueness_angle": 0.1083463504910469, "resolution": 512, "point_uuid": "814", "point_normal": [0.9757429957389832, -0.11460407823324203, 0.186525359749794], "camera_rotation_final": [1.4196585416793823, -0.0012299733934924006, -4.725612640380859], "vanishing_points_image": {"x": [262.34972748475116, 328.3008152413895], "y": [497.23463717136525, 255.81300473688347], "z": [256.32302295512517, -3.6320102219029655]}, "camera_uuid": "62e24ad43a6e699e9b1ae0325438e489", "field_of_view_rads": 0.9701259373952015, "room": "8de55a2e5745f73de25402626a4c3d61"}