{"vanishing_points_gaussian_sphere": {"x": [0.41488081630867024, -0.2743665170102223, 0.86752344210559], "y": [0.9092819678422344, 0.09058204035364377, -0.40620339353866186], "z": [0.0328665668423948, 0.9573494180857114, 0.2870572773418994]}, "nonfixated_points_in_view": [1130, 917, 1078, 607], "point_pitch": -0.2895536859843393, "camera_rotation_from_original_to_final": [-0.026283927261829376, -0.3220858871936798, 1.2900837659835815], "camera_location": [3.307429552078247, -10.623159408569336, 1.5089129209518433], "camera_rotation_original": [1.6019235849380493, -0.010716056451201439, 1.4206318855285645], "view_id": 2, "point_location": [2.930306911468506, -11.42857551574707, 1.2424064874649048], "camera_distance": 0.9284084601661188, "bounding_box_ranges": {"x": [-11.703867002701934, -10.623159408569336], "y": [1.7638861129779673, 3.455349470089635], "z": [0.07500058671608817, 1.8056281951047986]}, "obliqueness_angle": 1.056067705154419, "resolution": 512, "point_uuid": "136", "point_normal": [0.9951053857803345, 0.09834928065538406, 0.009626124985516071], "camera_rotation_final": [1.2794809341430664, -0.03287248685956001, 2.713534355163574], "vanishing_points_image": {"x": [426.2674766635359, 368.60027626232136], "y": [431.63206619539363, 238.50365511453177], "z": [264.91762214901075, -3.7557699288329163]}, "camera_uuid": "6fc923253b31e08cd2b4b232614b75a1", "field_of_view_rads": 1.0069308912527304, "room": "856e4980d5eb3351797f528948f684e5"}