{"vanishing_points_gaussian_sphere": {"x": [0.26214875327560416, -0.29364076825198127, 0.9192677142032308], "y": [0.96487399521526, 0.09674317083318726, -0.244251780453047], "z": [-0.017210593057449722, 0.9510078118067837, 0.30868744284321625]}, "nonfixated_points_in_view": [772, 1029, 646, 1030, 8, 1414, 654, 1167, 144, 17, 275, 1299, 662, 28, 416, 673, 677, 422, 1062, 298, 171, 172, 687, 1463, 1465, 314, 317, 701, 1085, 708, 1351, 328, 456, 1099, 1483, 334, 848, 977, 466, 85, 91, 604, 94, 98, 1383, 1128, 874, 1133, 367, 751, 760, 627, 1141, 1399, 248, 1403], "point_pitch": -0.2952816923472543, "camera_rotation_from_original_to_final": [-0.3353028893470764, -0.03254495933651924, -1.9458140134811401], "camera_location": [-4.210936069488525, -6.891334056854248, 1.5098429918289185], "camera_rotation_original": [1.593726634979248, 0.010752296075224876, 0.11999154835939407], "view_id": 1, "point_location": [-0.44503819942474365, -7.891942977905273, 0.24526478350162506], "camera_distance": 4.096628138294006, "bounding_box_ranges": {"x": [-10.774781777401493, -6.144162257492713], "y": [-3.551269259395191, 6.497368608862524], "z": [-0.016210126294111227, 2.4276993921347034]}, "obliqueness_angle": 1.155181646347046, "resolution": 512, "point_uuid": "1304", "point_normal": [-0.08650784939527512, 0.9505776166915894, 0.29819217324256897], "camera_rotation_final": [1.256935477256775, 0.017211442813277245, -1.8360847234725952], "vanishing_points_image": {"x": [393.9185673584333, 410.48676970348123], "y": [500.45115278021586, 231.4900849737276], "z": [250.2141785271193, -63.70783342920669]}, "camera_uuid": "41b233ae6d911bdc4a03358505e283ee", "field_of_view_rads": 0.8461118518877887, "room": "856e4980d5eb3351797f528948f684e5"}