{"vanishing_points_gaussian_sphere": {"x": [-0.2762898548165236, 0.21650303793748468, 0.9363708403668412], "y": [0.9610684063602414, 0.05881195145945421, 0.2699790226327164], "z": [0.003381482167673025, 0.9745088962802602, -0.22432337517293835]}, "nonfixated_points_in_view": [896, 385, 1159, 779, 1147, 1038, 272, 788, 23, 793, 1051, 1180, 669, 1446, 168, 297, 1068, 1324, 46, 815, 563, 692, 1334, 1208, 442, 443, 826, 318, 1215, 704, 322, 1474, 452, 842, 1229, 337, 978, 1361, 606, 1251, 484, 1379, 231, 871, 1259, 493, 494, 1137, 1138, 1143, 1144, 121, 634, 635, 636, 893, 766], "point_pitch": 0.229379610219274, "camera_rotation_from_original_to_final": [0.2221025675535202, -0.04902207478880882, 0.4988340139389038], "camera_location": [-5.588504314422607, -6.667678356170654, 1.5075440406799316], "camera_rotation_original": [1.5696860551834106, -0.004471865016967058, -0.2234717458486557], "view_id": 15, "point_location": [-7.095946788787842, -1.4393996000289917, 2.7600650787353516], "camera_distance": 5.583555287129524, "bounding_box_ranges": {"x": [-6.105730467737392, 1.5489851733923645], "y": [-7.378854866038567, -3.7945454055599552], "z": [-0.04647966872164799, 4.32137871376562]}, "obliqueness_angle": 1.2035651206970215, "resolution": 512, "point_uuid": "76", "point_normal": [0.9949422478675842, -0.09962992370128632, 0.012800492346286774], "camera_rotation_final": [1.7970463037490845, -0.003381488611921668, 0.2799331843852997], "vanishing_points_image": {"x": [131.76927710134123, 158.65176790298514], "y": [521.6790078835039, 239.74194717874875], "z": [256.72704867109735, 46.47194014904985]}, "camera_uuid": "a16f93f6e5a1a0a39d5df06bb9e95552", "field_of_view_rads": 0.9829522328520357, "room": "8de55a2e5745f73de25402626a4c3d61"}