{"vanishing_points_gaussian_sphere": {"x": [-0.6368365408400791, -0.0528409587151752, 0.7691859679771229], "y": [0.7709486760806228, -0.05502418733844642, 0.6345159396400367], "z": [0.008795402229437678, 0.9970858397800085, 0.07577908029144785]}, "nonfixated_points_in_view": [1170, 1052, 542, 927, 551, 1064, 1447, 946, 51, 69, 712, 201, 75, 208, 721, 210, 599, 1242, 860, 605, 222, 228, 1382, 104, 1386, 1009, 1010, 372, 245, 1018, 383], "point_pitch": -0.059639139971460864, "camera_rotation_from_original_to_final": [0.08742021024227142, -0.03673483803868294, 2.776874542236328], "camera_location": [1.9597357511520386, -5.512042045593262, 1.5149836540222168], "camera_rotation_original": [1.5890778303146362, 0.002467385260388255, 2.6240296363830566], "view_id": 5, "point_location": [4.068076133728027, -3.7728335857391357, 1.3072727918624878], "camera_distance": 2.7410014146858046, "bounding_box_ranges": {"x": [-5.512042045593262, -3.160847937517404], "y": [1.9597357511520386, 6.509438001352053], "z": [-0.015607383686048693, 2.4277342062657863]}, "obliqueness_angle": 0.7257481813430786, "resolution": 512, "point_uuid": "198", "point_normal": [-0.997498631477356, 0.02234305441379547, -0.06706272810697556], "camera_rotation_final": [1.4949415922164917, -0.00879551563411951, 5.402809143066406], "vanishing_points_image": {"x": [67.39758548791352, 271.6491214930428], "y": [461.8024518947753, 270.6885428551997], "z": [257.6661438172866, 67.11854081065306]}, "camera_uuid": "5090c6fc5c0dcfff7ec7ff2b1a5d94fb", "field_of_view_rads": 1.2245479378459245, "room": "856e4980d5eb3351797f528948f684e5"}