{"vanishing_points_gaussian_sphere": {"x": [0.4210447766539465, 0.24717353042556678, 0.8727121758686479], "y": [0.9069608980332002, -0.12742198989773879, -0.4014792222884165], "z": [0.011967685291629684, 0.9605565482299635, -0.2778270904021034]}, "nonfixated_points_in_view": [1145, 258, 1159, 779, 526, 399, 272, 527, 528, 788, 279, 793, 1180, 669, 925, 1186, 164, 1317, 168, 297, 1068, 1324, 46, 430, 814, 563, 692, 1331, 1334, 823, 953, 442, 186, 826, 1469, 318, 190, 63, 1215, 322, 1474, 452, 711, 1353, 76, 1100, 1229, 335, 1234, 1363, 854, 1371, 1374, 224, 736, 1248, 611, 1251, 1379, 871, 106, 493, 1006, 368, 1137, 1265, 756, 1143, 1144, 121, 634, 635, 893, 766], "point_pitch": 0.2872448722508292, "camera_rotation_from_original_to_final": [0.03856182470917702, -0.2677382528781891, 2.4957797527313232], "camera_location": [-1.854644775390625, -5.243408679962158, 1.4990227222442627], "camera_rotation_original": [1.582518458366394, 0.006183302495628595, -1.3640222549438477], "view_id": 10, "point_location": [-7.102736473083496, -2.8290956020355225, 3.1697468757629395], "camera_distance": 6.013542528238856, "bounding_box_ranges": {"x": [-6.110678428475025, 1.396611295728011], "y": [-7.431121537907322, -1.854644775390625], "z": [-0.04092252290867826, 5.293352993411016]}, "obliqueness_angle": 0.47684645652770996, "resolution": 512, "point_uuid": "636", "point_normal": [0.9993122220039368, -0.03661469370126724, -0.005884408485144377], "camera_rotation_final": [1.8523484468460083, -0.011967970989644527, 1.1361662149429321], "vanishing_points_image": {"x": [408.511650601053, 166.4683273601669], "y": [410.2123956123494, 277.6658186239729], "z": [258.14535397866655, 83.8084890884736]}, "camera_uuid": "614fa69f38f6a61f05c875e475650ac3", "field_of_view_rads": 1.1199954965404644, "room": "8de55a2e5745f73de25402626a4c3d61"}