{"vanishing_points_gaussian_sphere": {"x": [0.16951104585940113, -0.20361550809300136, 0.9642648651670769], "y": [0.98536336180636, 0.05291524302780202, -0.16204635838233802], "z": [-0.018029158086846273, 0.9776199168998848, 0.20960497975797704]}, "nonfixated_points_in_view": [899, 773, 1159, 521, 522, 141, 272, 528, 402, 786, 408, 793, 29, 925, 1186, 292, 37, 1317, 299, 941, 430, 814, 1198, 689, 436, 57, 828, 1469, 190, 63, 1087, 322, 1474, 966, 967, 1478, 1100, 1234, 852, 981, 1371, 1374, 224, 352, 1248, 611, 1252, 997, 1254, 106, 1143, 1019, 639], "point_pitch": -0.21510641177627043, "camera_rotation_from_original_to_final": [0.19263890385627747, -0.12644654512405396, -1.2334656715393066], "camera_location": [1.9597357511520386, -5.512042045593262, 1.5149836540222168], "camera_rotation_original": [1.5890778303146362, 0.002467385260388255, 2.6240296363830566], "view_id": 1, "point_location": [-4.372747898101807, -4.447856426239014, 0.1384730041027069], "camera_distance": 6.567162392473204, "bounding_box_ranges": {"x": [-6.143411709992796, -4.3517882857471415], "y": [-3.551076923627436, 1.9597357511520386], "z": [-0.0718819531891095, 2.4277342251148593]}, "obliqueness_angle": 1.501570224761963, "resolution": 512, "point_uuid": "127", "point_normal": [0.0, -0.9233875870704651, -0.3838689625263214], "camera_rotation_final": [1.3595905303955078, 0.018030134961009026, 1.4004348516464233], "vanishing_points_image": {"x": [314.6346339842633, 326.43152102580694], "y": [419.28125594406197, 247.23159265397703], "z": [252.39229091937332, 60.37421233915438]}, "camera_uuid": "5090c6fc5c0dcfff7ec7ff2b1a5d94fb", "field_of_view_rads": 1.2408541950762046, "room": "856e4980d5eb3351797f528948f684e5"}