{"vanishing_points_gaussian_sphere": {"x": [0.24315292969790445, 0.0773305368500774, 0.966900533069356], "y": [0.9699599370090422, -0.026962152245104218, -0.2417659259360736], "z": [0.007373830533795778, 0.9966408733424446, -0.08156344896133452]}, "nonfixated_points_in_view": [260, 1156, 1416, 1163, 1419, 532, 405, 791, 663, 411, 1437, 674, 163, 1314, 935, 425, 961, 68, 1097, 1104, 593, 1108, 1495, 220, 350, 1387, 1392], "point_pitch": 0.06749101082352205, "camera_rotation_from_original_to_final": [-0.06733908504247665, 0.010280723683536053, -0.07814120501279831], "camera_location": [3.9411685466766357, -6.047142028808594, 4.286668300628662], "camera_rotation_original": [1.584341049194336, -0.008459939621388912, 2.9743051528930664], "view_id": 3, "point_location": [2.5699832439422607, -11.530960083007812, 4.749257564544678], "camera_distance": 5.67154281079547, "bounding_box_ranges": {"x": [-11.596693485094438, -6.047142028808594], "y": [1.5754478230841453, 5.47955353085499], "z": [2.7657939507412714, 5.2020116558900025]}, "obliqueness_angle": 0.4745132625102997, "resolution": 512, "point_uuid": "989", "point_normal": [0.07129853218793869, 0.8594328165054321, -0.5062527060508728], "camera_rotation_final": [1.6524527072906494, -0.007373897358775139, 2.8959708213806152], "vanishing_points_image": {"x": [342.07158386426346, 228.62643803622112], "y": [414.228954499839, 260.3983189387837], "z": [257.2954657178218, 80.90591850766243]}, "camera_uuid": "6d257e4888f9878e655953370ee5e983", "field_of_view_rads": 1.221494116761504, "room": "77c77478b552f1977cad320741ba92a5"}