{"vanishing_points_gaussian_sphere": {"x": [-0.3318528867365779, -0.17387445064643517, 0.9271684512411973], "y": [0.9433309414630454, -0.060510962852652964, 0.32628999104031564], "z": [-0.0006296372323572574, 0.9829069634441733, 0.18410188692653423]}, "nonfixated_points_in_view": [7, 17, 1170, 542, 1438, 806, 1064, 1465, 1085, 703, 456, 75, 1483, 334, 463, 208, 591, 210, 1366, 91, 1382, 1386, 1133, 623, 1391, 372, 245, 383], "point_pitch": -0.17227236827346282, "camera_rotation_from_original_to_final": [0.04058801382780075, -0.19385844469070435, -3.0084547996520996], "camera_location": [2.5174548625946045, -7.046302795410156, 1.517836332321167], "camera_rotation_original": [1.5836472511291504, 0.0011349497362971306, 1.7721537351608276], "view_id": 6, "point_location": [7.5818400382995605, -5.264039516448975, 0.5122344493865967], "camera_distance": 5.462206178789596, "bounding_box_ranges": {"x": [-7.493001162801674, -4.6701260745522815], "y": [2.5174548625946045, 6.510095840427801], "z": [-0.01447461796011107, 2.4275452939538114]}, "obliqueness_angle": 0.36602193117141724, "resolution": 512, "point_uuid": "170", "point_normal": [-0.9998353719711304, -0.01452743262052536, 0.01087740994989872], "camera_rotation_final": [1.3856382369995117, 0.0006296372739598155, -1.2325291633605957], "vanishing_points_image": {"x": [83.9418577862145, 346.1499313471865], "y": [569.5054046129289, 276.11013638884447], "z": [255.80713203874967, -45.08013375971577]}, "camera_uuid": "3d5b30db610d18db270d0baeb235eacb", "field_of_view_rads": 0.8626638886172695, "room": "856e4980d5eb3351797f528948f684e5"}