{"vanishing_points_gaussian_sphere": {"x": [-0.10451862850103534, -0.29780314240684524, 0.9488883731339903], "y": [0.9943560415262538, -0.04877053779016356, 0.09422047189383723], "z": [0.018218643651537553, 0.9533806810588656, 0.3012197835588356]}, "nonfixated_points_in_view": [0, 134, 520, 1033, 267, 398, 784, 658, 278, 1176, 410, 26, 34, 933, 1319, 1320, 1067, 428, 301, 48, 688, 818, 944, 1329, 695, 55, 1336, 192, 965, 1221, 327, 1360, 980, 215, 984, 1368, 858, 1243, 223, 863, 100, 357, 758], "point_pitch": -0.33344380458327727, "camera_rotation_from_original_to_final": [-0.043910376727581024, -0.3344354033470154, 0.25738027691841125], "camera_location": [3.307429552078247, -10.623159408569336, 1.5089129209518433], "camera_rotation_original": [1.6019235849380493, -0.010716056451201439, 1.4206318855285645], "view_id": 6, "point_location": [0.4422057271003723, -10.907663345336914, 0.5993612408638], "camera_distance": 3.0195586942286683, "bounding_box_ranges": {"x": [-12.057711551426012, -7.713337089124774], "y": [-3.5506490512626825, 3.307429552078247], "z": [-0.013140249513154734, 2.4194778227063365]}, "obliqueness_angle": 0.7239531874656677, "resolution": 512, "point_uuid": "996", "point_normal": [0.7636637091636658, 0.6349135637283325, -0.11705775558948517], "camera_rotation_final": [1.2647722959518433, -0.01821965165436268, 1.6755236387252808], "vanishing_points_image": {"x": [213.30996748180783, 377.6359802620458], "y": [480.00147741218046, 266.98668088989007], "z": [260.6042666796919, 15.058962521020549]}, "camera_uuid": "6fc923253b31e08cd2b4b232614b75a1", "field_of_view_rads": 1.0753758396722433, "room": "856e4980d5eb3351797f528948f684e5"}