{"vanishing_points_gaussian_sphere": {"x": [-0.6776528154259297, -0.1148050734799933, 0.726365236536389], "y": [0.7353589232839045, -0.11361150418868814, 0.6680865812622795], "z": [0.005823718060457945, 0.9868699109909255, 0.16141209090001676]}, "nonfixated_points_in_view": [256, 396, 270, 284, 419, 1187, 1315, 434, 308, 697, 444, 1212, 1345, 835, 72, 329, 713, 1352, 1355, 717, 974, 1230, 80, 1488, 1362, 723, 853, 1115, 348, 476, 96, 1381, 998, 875, 1003, 621, 880, 243, 883, 629, 246, 253, 1406], "point_pitch": -0.1698722084376474, "camera_rotation_from_original_to_final": [-0.031734298914670944, 0.15976159274578094, 2.2137842178344727], "camera_location": [-3.072143316268921, -10.485207557678223, 4.283509254455566], "camera_rotation_original": [1.5707898139953613, 0.009692680090665817, -1.4714287519454956], "view_id": 1, "point_location": [-6.6386847496032715, -6.607548713684082, 3.4218196868896484], "camera_distance": 5.338442123849652, "bounding_box_ranges": {"x": [-10.485207557678223, -5.966006893493917], "y": [-7.284179663046189, -3.072143316268921], "z": [2.7651368913662075, 5.212398098231888]}, "obliqueness_angle": 0.7636793255805969, "resolution": 512, "point_uuid": "268", "point_normal": [-0.020153163000941277, -0.9973268508911133, 0.0702354833483696], "camera_rotation_final": [1.4086722135543823, -0.005823750980198383, 0.7445817589759827], "vanishing_points_image": {"x": [45.37812965624347, 291.68266633129866], "y": [474.55688634981396, 289.7666081457368], "z": [257.25388314443387, 43.52069823874888]}, "camera_uuid": "2c5b1635a824be2ef248c2dd24c5c6fe", "field_of_view_rads": 1.1480952861228106, "room": "ef914082afe6874a9bab2b30c864407b"}