{"vanishing_points_gaussian_sphere": {"x": [0.4686069492312092, -0.16780441421882544, 0.8673230111676363], "y": [0.8834065655430638, 0.08833920208844918, -0.46020541644985535], "z": [0.0006058775681985012, 0.9818542987343148, 0.1896358852362057]}, "nonfixated_points_in_view": [517, 13, 653, 910, 16, 1427, 661, 22, 1050, 1057, 936, 1321, 427, 557, 1453, 431, 305, 561, 690, 180, 58, 1466, 454, 455, 715, 844, 1227, 341, 1111, 1369, 735, 1375, 867, 114, 253, 124, 509, 1407], "point_pitch": -0.1934346397730966, "camera_rotation_from_original_to_final": [-0.022998997941613197, 0.1914270669221878, 0.9755395650863647], "camera_location": [-3.781970262527466, -8.79295825958252, 4.280111312866211], "camera_rotation_original": [1.5727763175964355, 0.0018530383240431547, -1.4653403759002686], "view_id": 4, "point_location": [-1.6371840238571167, -4.750801086425781, 3.396312952041626], "camera_distance": 4.660498172466213, "bounding_box_ranges": {"x": [-8.79295825958252, -5.957812342108911], "y": [-4.170249574646912, -1.764161427548481], "z": [2.7651389417928023, 5.2074370228726155]}, "obliqueness_angle": 0.6639342308044434, "resolution": 512, "point_uuid": "1356", "point_normal": [0.06771571934223175, -0.9822405576705933, -0.1749805510044098], "camera_rotation_final": [1.3800050020217896, -0.0006058776052668691, -0.4877133071422577], "vanishing_points_image": {"x": [413.72490951028146, 312.4800331952212], "y": [392.8947812505658, 242.31074726242989], "z": [256.1275899834288, 49.23417752950457]}, "camera_uuid": "719f11efd7d094b502660bf8fb326352", "field_of_view_rads": 1.1826747264337611, "room": "ef914082afe6874a9bab2b30c864407b"}