{"vanishing_points_gaussian_sphere": {"x": [-0.5655063188382502, -0.0059888473180027615, 0.8247222181206306], "y": [0.8247431326900877, -0.00552474226492574, 0.565480541047565], "z": [0.0011698010736388915, 0.999966804914397, 0.00806353735902048]}, "nonfixated_points_in_view": [0, 644, 774, 392, 777, 398, 911, 530, 658, 920, 1048, 410, 26, 1176, 797, 1304, 1308, 1442, 36, 677, 678, 805, 301, 48, 688, 50, 818, 948, 1329, 1336, 572, 829, 958, 319, 192, 1084, 66, 579, 1091, 197, 965, 841, 330, 971, 591, 1490, 85, 1109, 1365, 728, 1368, 221, 223, 97, 1383, 1133, 367, 760, 625, 115, 1013, 631, 248, 1021], "point_pitch": -0.012666388354029223, "camera_rotation_from_original_to_final": [0.00959712639451027, -0.00271203787997365, -1.041579008102417], "camera_location": [6.898015022277832, -5.4319539070129395, 1.5056571960449219], "camera_rotation_original": [1.5721105337142944, -0.004563433583825827, -3.0698022842407227], "view_id": 8, "point_location": [-1.7646540403366089, -11.37161922454834, 1.420958399772644], "camera_distance": 10.503744019378576, "bounding_box_ranges": {"x": [-6.106869705672121, -5.4319539070129395], "y": [4.193049531559021, 6.898015022277832], "z": [1.1569313246401995, 2.4235922440396447]}, "obliqueness_angle": 1.2354339361190796, "resolution": 512, "point_uuid": "34", "point_normal": [-0.009611721150577068, 0.607348620891571, -0.7943772673606873], "camera_rotation_final": [1.5627326965332031, -0.0011698013404384255, -4.11134147644043], "vanishing_points_image": {"x": [17.045246359310077, 258.53058805497517], "y": [541.5163631012808, 257.91260073110095], "z": [256.2916454952937, 6.696233172944458]}, "camera_uuid": "7aee671bd52588b571fedb6abd1f939e", "field_of_view_rads": 0.9519271982100822, "room": "8efc299ca974ee46c0bc622cd51b4dc7"}