{"vanishing_points_gaussian_sphere": {"x": [0.3283473568281465, 0.05510527211402735, 0.9429482606427613], "y": [0.9444921601610032, -0.007453261388107991, -0.32844939989149396], "z": [-0.011071253694677478, 0.9984527319207052, -0.05449375617177212]}, "nonfixated_points_in_view": [1408, 770, 898, 4, 645, 390, 519, 1158, 1282, 1274, 395, 1035, 143, 1429, 280, 1049, 928, 289, 162, 817, 307, 950, 952, 954, 187, 1214, 1090, 1093, 326, 838, 202, 1226, 1235, 982, 857, 218, 346, 90, 730, 608, 225, 226, 610, 737, 995, 614, 742, 232, 105, 1129, 107, 876, 365, 238, 497, 1266, 755, 1011, 1396, 1142, 887, 506, 637], "point_pitch": 0.06173296371964021, "camera_rotation_from_original_to_final": [-0.036637235432863235, 0.02604239620268345, -2.502854824066162], "camera_location": [3.5518953800201416, -7.357985973358154, 4.276762962341309], "camera_rotation_original": [1.5831875801086426, -0.0045831575989723206, 2.16766619682312], "view_id": 2, "point_location": [6.076788902282715, -0.10924655944108963, 4.695671558380127], "camera_distance": 7.687313682345224, "bounding_box_ranges": {"x": [-7.357985973358154, -4.671891448483823], "y": [3.0266200800082412, 5.475849707618291], "z": [2.7786811354335827, 5.213144060965683]}, "obliqueness_angle": 1.3134443759918213, "resolution": 512, "point_uuid": "1394", "point_normal": [0.012288336642086506, -0.21780157089233398, -0.975915789604187], "camera_rotation_final": [1.6253204345703125, 0.011071479879319668, -0.33457469940185547], "vanishing_points_image": {"x": [389.85044803615654, 233.53639489329794], "y": [430.78900196425553, 257.3793106754682], "z": [253.6779341754668, 46.58623077895014]}, "camera_uuid": "4f0e7099dffb9eae50102f6058915b65", "field_of_view_rads": 1.0721356203641834, "room": "77c77478b552f1977cad320741ba92a5"}