{"vanishing_points_gaussian_sphere": {"x": [0.26895842257279917, -0.15884629684937684, 0.9499627471140073], "y": [0.9631221769553049, 0.036622189272958273, -0.26656047627082674], "z": [0.007552429014958437, 0.98662387424494, 0.16283823748087772]}, "nonfixated_points_in_view": [769, 386, 1026, 647, 1296, 914, 1427, 277, 789, 546, 547, 931, 295, 305, 435, 1076, 1203, 1204, 1332, 1209, 443, 1219, 196, 1220, 710, 839, 1096, 1477, 1480, 719, 336, 464, 1105, 1238, 347, 1244, 1255, 489, 1001, 364, 371, 374, 630, 252], "point_pitch": -0.17446200450393157, "camera_rotation_from_original_to_final": [-0.049881719052791595, 0.1686755120754242, 1.087364673614502], "camera_location": [-1.854644775390625, -5.243408679962158, 1.4990227222442627], "camera_rotation_original": [1.582518458366394, 0.006183302495628595, -1.3640222549438477], "view_id": 3, "point_location": [-0.9470783472061157, -2.0090415477752686, 0.9446015357971191], "camera_distance": 3.4047306460709925, "bounding_box_ranges": {"x": [-5.243408679962158, 1.557513946539963], "y": [-4.125639570996178, 1.4015365851810915], "z": [-0.024399881325354533, 3.7158032210439873]}, "obliqueness_angle": 0.3806917071342468, "resolution": 512, "point_uuid": "47", "point_normal": [-0.0016236345982179046, -0.994615912437439, -0.10361777991056442], "camera_rotation_final": [1.4072250127792358, -0.007552500814199448, -0.27231940627098083], "vanishing_points_image": {"x": [353.2599642876225, 313.4415369149103], "y": [417.34954148755025, 249.86477272681853], "z": [257.5609641114934, 52.080909044150694]}, "camera_uuid": "614fa69f38f6a61f05c875e475650ac3", "field_of_view_rads": 1.1863945186883988, "room": "8de55a2e5745f73de25402626a4c3d61"}