{"vanishing_points_gaussian_sphere": {"x": [0.45895606266666567, 0.15485389572807964, 0.8748597622015478], "y": [0.8884470183674907, -0.08509909201141393, -0.45102110825630837], "z": [0.004607395731587927, 0.9842654192425283, -0.17663622614826952]}, "nonfixated_points_in_view": [1026, 13, 1038, 18, 23, 1051, 540, 1065, 557, 47, 1076, 1081, 64, 580, 1096, 606, 1120, 618, 624, 114, 1138, 630, 632, 634, 1147, 1151, 647, 1162, 148, 661, 664, 675, 168, 681, 178, 1202, 1203, 1204, 1208, 1209, 704, 1219, 196, 710, 1227, 1229, 719, 720, 214, 1238, 1244, 735, 227, 1254, 231, 1255, 234, 1259, 750, 240, 759, 1276, 766, 264, 1296, 788, 1306, 1307, 796, 290, 297, 809, 304, 305, 1332, 826, 1344, 839, 1354, 844, 336, 337, 849, 1361, 341, 347, 1375, 1376, 867, 364, 1407, 385, 1427, 408, 931, 1446, 1462, 1466, 443, 1471, 1477, 464, 978, 467, 999, 489, 493, 494], "point_pitch": 0.1775236884739737, "camera_rotation_from_original_to_final": [0.17428050935268402, -0.03959958627820015, -0.25600019097328186], "camera_location": [-5.588504314422607, -6.667678356170654, 1.5075440406799316], "camera_rotation_original": [1.5696860551834106, -0.004471865016967058, -0.2234717458486557], "view_id": 2, "point_location": [-1.543962836265564, 1.1776472330093384, 3.0915324687957764], "camera_distance": 8.967522912699405, "bounding_box_ranges": {"x": [-6.1956681072358775, 1.557589409234863], "y": [-6.735531789288661, 1.4802230290074325], "z": [-0.030724515302334554, 4.315242736302297]}, "obliqueness_angle": 1.0867247581481934, "resolution": 512, "point_uuid": "547", "point_normal": [0.005686734337359667, -0.34541603922843933, -0.9384323954582214], "camera_rotation_final": [1.748366117477417, -0.0046074120327830315, -0.4768253266811371], "vanishing_points_image": {"x": [406.58270123208064, 205.19270097542866], "y": [389.8120153068699, 268.81706254555957], "z": [256.7814123870841, 89.06899698203027]}, "camera_uuid": "a16f93f6e5a1a0a39d5df06bb9e95552", "field_of_view_rads": 1.2126634893509944, "room": "8de55a2e5745f73de25402626a4c3d61"}