{"vanishing_points_gaussian_sphere": {"x": [0.17314513350490596, -0.3285456575673135, 0.9284818326909956], "y": [0.9848503984710193, 0.04865222912590751, -0.16644114044476796], "z": [0.009510803070355024, 0.9432341763818474, 0.3319922184784082]}, "nonfixated_points_in_view": [899, 264, 1296, 18, 23, 1051, 540, 796, 1307, 1055, 547, 675, 809, 1065, 176, 304, 1203, 1076, 1204, 694, 1332, 1208, 443, 575, 1087, 1217, 706, 1219, 580, 1477, 839, 1224, 458, 1354, 719, 336, 209, 337, 464, 849, 1361, 1238, 343, 347, 606, 1376, 227, 997, 1254, 231, 743, 1255, 234, 1256, 364, 750, 624, 628, 757, 630, 127], "point_pitch": -0.3287207325312753, "camera_rotation_from_original_to_final": [0.11041360348463058, 0.33195972442626953, 1.726577639579773], "camera_location": [-6.732573986053467, -9.080721855163574, 1.502792477607727], "camera_rotation_original": [1.58157217502594, -0.008283889852464199, -1.885231852531433], "view_id": 3, "point_location": [-6.1962432861328125, -6.088833332061768, 0.43299880623817444], "camera_distance": 3.2223448123143075, "bounding_box_ranges": {"x": [-9.080721855163574, -5.932764591691662], "y": [-7.29572633495161, -3.5298522112822197], "z": [-0.017363102033540967, 2.423052244924204]}, "obliqueness_angle": 0.34902143478393555, "resolution": 512, "point_uuid": "804", "point_normal": [-0.06300391256809235, -0.9979822635650635, 0.007870761677622795], "camera_rotation_final": [1.232365608215332, -0.009510946460068226, -0.1740300953388214], "vanishing_points_image": {"x": [311.87582504154915, 362.02527087411204], "y": [413.19421841848606, 248.23450673966582], "z": [257.971661312897, 60.460430857710364]}, "camera_uuid": "6fe7ddd5d030b288cf1811fb32bc13b1", "field_of_view_rads": 1.2745701828026623, "room": "ade82d56fe033105b37cc8ef1783cd93"}