{"vanishing_points_gaussian_sphere": {"x": [0.6085556561617357, 0.09320728519428635, 0.7880180298319769], "y": [0.7934051904725624, -0.055240777871985294, -0.6061820355234021], "z": [-0.012969852919615043, 0.9941131014360535, -0.1075682316877739]}, "nonfixated_points_in_view": [514, 1283, 400, 403, 790, 1046, 1303, 413, 1184, 1440, 803, 676, 1060, 1454, 559, 432, 565, 1207, 700, 189, 705, 1225, 1101, 1125, 102, 1127, 1260, 366], "point_pitch": 0.11421533028152986, "camera_rotation_from_original_to_final": [0.08804228156805038, -0.05305041745305061, -3.0097832679748535], "camera_location": [-1.9361746311187744, -7.597706317901611, 4.284103870391846], "camera_rotation_original": [1.5789034366607666, -0.011993302032351494, -0.7884991765022278], "view_id": 1, "point_location": [-4.92313814163208, -11.480667114257812, 4.814146041870117], "camera_distance": 4.92750250610644, "bounding_box_ranges": {"x": [-11.992136546309561, -7.597706317901611], "y": [-7.28417936273982, -1.9361746311187744], "z": [2.7692125574812865, 5.212401710776522]}, "obliqueness_angle": 0.8525524139404297, "resolution": 512, "point_uuid": "601", "point_normal": [0.9977494478225708, 0.0658271387219429, -0.012760383076965809], "camera_rotation_final": [1.6785821914672852, 0.012970216572284698, -3.795896291732788], "vanishing_points_image": {"x": [562.3927216474693, 209.07243717333978], "y": [441.7652989324118, 268.9338952377363], "z": [252.24484638423544, -31.824960735738944]}, "camera_uuid": "c967c3a72b851ec8965ae56c4998c340", "field_of_view_rads": 0.7944611430103885, "room": "ef914082afe6874a9bab2b30c864407b"}