{"vanishing_points_gaussian_sphere": {"x": [0.5584980752660386, 0.2520827022252677, 0.7902747694080441], "y": [0.8294116590225927, -0.15535131238466174, -0.5366025247962907], "z": [-0.012497991899524623, 0.9551545848600479, -0.29584374122044427]}, "nonfixated_points_in_view": [1027, 528, 1045, 31, 40, 1069, 54, 63, 1100, 611, 106, 1135, 624, 1143, 122, 1148, 636, 639, 128, 1159, 148, 156, 1186, 164, 173, 1198, 689, 190, 191, 702, 709, 1223, 722, 1234, 729, 1241, 736, 1248, 1250, 1252, 1263, 1265, 756, 762, 251, 764, 255, 773, 1288, 779, 1295, 786, 1300, 281, 793, 1305, 292, 293, 1316, 1317, 809, 299, 300, 811, 828, 1342, 1349, 335, 852, 1374, 352, 1379, 382, 394, 1420, 1436, 925, 417, 1448, 941, 430, 437, 1469, 1474, 1476, 1478, 458, 469, 981, 475, 1006, 502], "point_pitch": 0.2946496764805655, "camera_rotation_from_original_to_final": [-0.1875116229057312, -0.2193109095096588, -1.3910717964172363], "camera_location": [-2.0300116539001465, -0.3511151969432831, 1.4951437711715698], "camera_rotation_original": [1.5840462446212769, -0.0036451206542551517, -2.3237228393554688], "view_id": 8, "point_location": [-5.847051620483398, -5.972611904144287, 3.5995802879333496], "camera_distance": 7.113344597573674, "bounding_box_ranges": {"x": [-6.441891219426038, -0.3511151969432831], "y": [-7.424124494625451, -1.1365530863559916], "z": [-0.020977347063129592, 5.476249855755025]}, "obliqueness_angle": 0.6782039403915405, "resolution": 512, "point_uuid": "1071", "point_normal": [-0.025035332888364792, 0.9996607899665833, -0.007193791680037975], "camera_rotation_final": [1.8711591958999634, 0.012498317286372185, -3.7342193126678467], "vanishing_points_image": {"x": [410.2807263899979, 186.36412454753403], "y": [365.26836591389343, 276.46629543025074], "z": [254.18082430221267, 116.9701444538755]}, "camera_uuid": "6f269c44fb405f239d56a612bcda89ad", "field_of_view_rads": 1.3074020465729717, "room": "8de55a2e5745f73de25402626a4c3d61"}