{"vanishing_points_gaussian_sphere": {"x": [-0.23180638179876661, 0.3482938081036454, 0.9082715588380083], "y": [0.9724909807732705, 0.10501099215395357, 0.20792783325347503], "z": [-0.022958520684204623, 0.9314848977645871, -0.36305480518027805]}, "nonfixated_points_in_view": [263, 519, 1161, 1294, 915, 1309, 160, 162, 302, 817, 1457, 952, 838, 1479, 332, 589, 982, 1240, 1114, 608, 118, 887, 1014], "point_pitch": 0.3644007007267813, "camera_rotation_from_original_to_final": [0.3482862412929535, -0.002310840878635645, -1.2673016786575317], "camera_location": [-2.484394073486328, -5.331701278686523, 4.301449775695801], "camera_rotation_original": [1.594873070716858, 5.2980572945671156e-05, -0.07394442707300186], "view_id": 2, "point_location": [-0.8372793793678284, -4.95463228225708, 4.959835052490234], "camera_distance": 1.8134605435766507, "bounding_box_ranges": {"x": [-5.984327685121351, -2.621110517614227], "y": [-2.484394073486328, 1.4853512719281206], "z": [3.570220375922994, 5.456135754377458]}, "obliqueness_angle": 1.1757911443710327, "resolution": 512, "point_uuid": "819", "point_normal": [0.02816760167479515, -0.320559561252594, -0.9468095302581787], "camera_rotation_final": [1.9424433708190918, 0.022960538044571877, -1.3367992639541626], "vanishing_points_image": {"x": [165.81505113121375, 120.49527820847408], "y": [486.4906895256684, 231.11127972611774], "z": [251.873390186191, 88.5730662962625]}, "camera_uuid": "c5be5141daf3c047a2d6d480abd9ff63", "field_of_view_rads": 1.0848363648989268, "room": "7177ff6aafad58b0656fca6e31b41601"}