{"vanishing_points_gaussian_sphere": {"x": [0.3112345998825578, 0.06509743171936459, 0.9481009166852898], "y": [0.9502293486625142, -0.006574791360508358, -0.3114818727614498], "z": [-0.014043104227995788, 0.9978572525677751, -0.06390379270069342]}, "nonfixated_points_in_view": [396, 270, 16, 915, 661, 22, 1050, 924, 1057, 930, 419, 554, 427, 557, 434, 690, 180, 697, 58, 1466, 1212, 578, 324, 455, 1095, 329, 715, 1227, 77, 974, 1355, 80, 1356, 1362, 467, 1369, 348, 738, 880, 883, 253, 509, 1406], "point_pitch": 0.05725939671066804, "camera_rotation_from_original_to_final": [-0.017353244125843048, 0.05387839674949646, -1.7727932929992676], "camera_location": [-5.609722137451172, -10.968703269958496, 4.285808086395264], "camera_rotation_original": [1.5832164287567139, -0.00936906412243843, 1.4556810855865479], "view_id": 7, "point_location": [-4.005845069885254, -6.086758136749268, 4.614861011505127], "camera_distance": 5.14918292123851, "bounding_box_ranges": {"x": [-10.968703269958496, -5.957641918230736], "y": [-6.106669353254166, -1.875483403538797], "z": [2.767511927658436, 5.212401970185852]}, "obliqueness_angle": 0.32785511016845703, "resolution": 512, "point_uuid": "284", "point_normal": [0.0021981114987283945, -0.9999486804008484, 0.009894995018839836], "camera_rotation_final": [1.6347500085830688, 0.014043565839529037, -0.3165241777896881], "vanishing_points_image": {"x": [427.09234759083483, 220.2145429229177], "y": [493.7139882674198, 257.6447817345702], "z": [252.06549174651605, -23.573343064694754]}, "camera_uuid": "84fae33197a8eefa4becf372ea5729e2", "field_of_view_rads": 0.8335566448390639, "room": "ef914082afe6874a9bab2b30c864407b"}