{"vanishing_points_gaussian_sphere": {"x": [-0.67002887127317, -0.1965107749563014, 0.7158525176225029], "y": [0.7419117000066845, -0.1447059795933925, 0.6546962722233175], "z": [-0.025066732008645256, 0.9697647626079176, 0.24275082729089967]}, "nonfixated_points_in_view": [17, 28, 1052, 542, 551, 1064, 560, 51, 1085, 1086, 66, 1091, 79, 591, 85, 599, 605, 94, 104, 623, 116, 1140, 1141, 646, 1164, 654, 1167, 144, 1170, 671, 165, 1194, 686, 687, 703, 712, 208, 727, 1242, 222, 228, 1257, 1258, 747, 1264, 768, 1287, 1290, 1308, 820, 824, 317, 832, 331, 333, 334, 338, 1366, 860, 351, 1382, 1386, 367, 1391, 372, 1399, 1402, 1403, 1428, 416, 929, 1442, 422, 1447, 938, 429, 946, 1465, 958, 456, 969, 1483, 972, 1484, 463, 977, 994, 1002, 1009, 1013, 1018], "point_pitch": -0.23408417304488616, "camera_rotation_from_original_to_final": [-0.034700896590948105, -0.27054038643836975, -2.410057544708252], "camera_location": [0.5467849373817444, -10.360032081604004, 1.5205349922180176], "camera_rotation_original": [1.5957993268966675, -0.011342709884047508, 1.5803825855255127], "view_id": 0, "point_location": [3.914747953414917, -7.27979850769043, 0.3784334361553192], "camera_distance": 4.704828327748224, "bounding_box_ranges": {"x": [-10.360032081604004, -3.161185603292397], "y": [0.5467849373817444, 6.496302117182614], "z": [-0.05454727407406451, 2.427728206783966]}, "obliqueness_angle": 0.7513554692268372, "resolution": 512, "point_uuid": "1456", "point_normal": [-0.06660672277212143, -0.9855024218559265, 0.15604034066200256], "camera_rotation_final": [1.325517177581787, 0.025069357827305794, -0.8362649083137512], "vanishing_points_image": {"x": [73.10751053514058, 309.6399943037289], "y": [449.30769118942925, 293.7036496610733], "z": [250.99986615491977, 62.55820592769429]}, "camera_uuid": "08b7810ec5503ef8e7e738fee540560e", "field_of_view_rads": 1.2615938232303936, "room": "856e4980d5eb3351797f528948f684e5"}