{"vanishing_points_gaussian_sphere": {"x": [-0.12343260485436248, -0.10381342986683624, 0.9869078801175671], "y": [0.9923528508219103, -0.012451785692179982, 0.12280379676013052], "z": [-0.000459917921191421, 0.9945188408533845, 0.10455650942502945]}, "nonfixated_points_in_view": [1024, 902, 1160, 9, 265, 1168, 1425, 918, 666, 541, 1181, 1311, 1438, 801, 806, 59, 1470, 703, 193, 451, 1350, 591, 82, 1110, 983, 1366, 733, 478, 353, 482, 101, 873, 491, 623, 369, 1398, 1279], "point_pitch": -0.11156420310470061, "camera_rotation_from_original_to_final": [0.07784439623355865, 0.07825449854135513, -0.7039451003074646], "camera_location": [7.02915096282959, -4.004668712615967, 1.4965605735778809], "camera_rotation_original": [1.5762782096862793, -0.00407657353207469, -2.3110499382019043], "view_id": 0, "point_location": [7.86279296875, -10.704184532165527, 0.786788821220398], "camera_distance": 6.788390496185231, "bounding_box_ranges": {"x": [-6.1069254436411855, -4.004668712615967], "y": [6.325789062286677, 7.603618610782065], "z": [0.08314383952685608, 2.3325295108111543]}, "obliqueness_angle": 1.4257951974868774, "resolution": 512, "point_uuid": "355", "point_normal": [-0.008578184992074966, 0.03948577120900154, 0.9991833567619324], "camera_rotation_final": [1.4660483598709106, 0.00045991793740540743, -3.0178444385528564], "vanishing_points_image": {"x": [198.97108308370224, 303.9643727332589], "y": [503.4404069382239, 259.10481792462093], "z": [255.88642476132054, 10.406798437997205]}, "camera_uuid": "c1644f81920efcf3b70623e2c3537e98", "field_of_view_rads": 1.0009547700170114, "room": "8efc299ca974ee46c0bc622cd51b4dc7"}