{"vanishing_points_gaussian_sphere": {"x": [0.4016635992227194, -0.30555087282243454, 0.8633104987065194], "y": [0.9157859143816635, 0.13564570497805706, -0.37806930811842737], "z": [-0.0015849541290444543, 0.9424642735077307, 0.3343031275383981]}, "nonfixated_points_in_view": [131, 1411, 268, 656, 1056, 419, 1187, 1315, 308, 444, 1345, 72, 1230, 723, 1115, 476, 348, 96, 998, 875, 1261, 1134, 243, 629, 246, 125], "point_pitch": -0.3392560919139047, "camera_rotation_from_original_to_final": [-0.09740370512008667, 0.3274094760417938, 2.4220895767211914], "camera_location": [-2.806222438812256, -9.90909194946289, 4.287649154663086], "camera_rotation_original": [1.5709993839263916, -0.0022501780185848475, -1.2808427810668945], "view_id": 2, "point_location": [-6.26215934753418, -8.395633697509766, 2.949392557144165], "camera_distance": 4.003122064975017, "bounding_box_ranges": {"x": [-10.342580072607383, -6.087699964195917], "y": [-7.284179665718131, -2.806222438812256], "z": [2.765984464634499, 5.10161130049405]}, "obliqueness_angle": 0.8073815107345581, "resolution": 512, "point_uuid": "1003", "point_normal": [0.2869642972946167, -0.9106704592704773, 0.29720523953437805], "camera_rotation_final": [1.2299301624298096, 0.0015849547926336527, 1.1574630737304688], "vanishing_points_image": {"x": [427.63188149007453, 386.5626681007011], "y": [443.04529495005863, 228.29495398664176], "z": [255.53783392424975, -18.818688339253434]}, "camera_uuid": "48bee344cd0412ed9774218b24d4c13a", "field_of_view_rads": 0.9701259373952015, "room": "ef914082afe6874a9bab2b30c864407b"}