{"vanishing_points_gaussian_sphere": {"x": [-0.4852853417149051, 0.2684701094215472, 0.832118944300531], "y": [0.8743549042587881, 0.15039949840840247, 0.4613929911443243], "z": [-0.0012800450200775092, 0.9514745352481502, -0.3077248287984951]}, "nonfixated_points_in_view": [1216, 1475, 1318, 585, 460, 780, 556, 274, 851, 1298, 792, 667, 1468, 1054], "point_pitch": 0.2992695132878165, "camera_rotation_from_original_to_final": [-0.08698946237564087, -0.2897496223449707, -0.735905647277832], "camera_location": [-6.732573986053467, -9.080721855163574, 1.502792477607727], "camera_rotation_original": [1.58157217502594, -0.008283889852464199, -1.885231852531433], "view_id": 5, "point_location": [-5.384893417358398, -11.511252403259277, 2.401623249053955], "camera_distance": 2.920893437959352, "bounding_box_ranges": {"x": [-11.625221178053794, -9.080721855163574], "y": [-6.7761889505199875, -3.5162596509620303], "z": [0.9893465535258743, 2.425724886660227]}, "obliqueness_angle": 0.698741614818573, "resolution": 512, "point_uuid": "70", "point_normal": [-0.003569843713194132, 0.6313665509223938, -0.7754764556884766], "camera_rotation_final": [1.883597493171692, 0.0012800453696399927, -2.6349027156829834], "vanishing_points_image": {"x": [37.00400805981712, 134.84678793038566], "y": [555.5005682198694, 204.48232106448194], "z": [255.70766633693535, 38.704489421011836]}, "camera_uuid": "6fe7ddd5d030b288cf1811fb32bc13b1", "field_of_view_rads": 0.9043466029123819, "room": "ade82d56fe033105b37cc8ef1783cd93"}