{"vanishing_points_gaussian_sphere": {"x": [-0.6429902311255816, 0.14124578029835289, 0.7527371335499403], "y": [0.7656793864488768, 0.1407297431321979, 0.6276386034695582], "z": [-0.017281199158123817, 0.979920797282033, -0.19863683246015126]}, "nonfixated_points_in_view": [517, 263, 13, 1294, 1427, 661, 664, 1050, 1309, 162, 552, 936, 557, 302, 305, 178, 819, 1462, 1466, 64, 67, 838, 332, 589, 844, 720, 467, 341, 214, 982, 1240, 1114, 735, 1375, 867, 618, 1393, 114, 370, 118, 887, 1014, 1407], "point_pitch": 0.18323285976913972, "camera_rotation_from_original_to_final": [0.1767025887966156, 0.004254359286278486, -0.7994822263717651], "camera_location": [-2.484394073486328, -5.331701278686523, 4.301449775695801], "camera_rotation_original": [1.594873070716858, 5.2980572945671156e-05, -0.07394442707300186], "view_id": 1, "point_location": [-0.9899976849555969, -4.085660934448242, 4.695800304412842], "camera_distance": 1.9852832908168931, "bounding_box_ranges": {"x": [-5.386723131553692, -2.6211151328929985], "y": [-2.484394073486328, 1.485265100235345], "z": [2.70703179545416, 5.261742206705126]}, "obliqueness_angle": 0.5421229600906372, "resolution": 512, "point_uuid": "915", "point_normal": [-0.7876405715942383, -0.24069026112556458, -0.5671777129173279], "camera_rotation_final": [1.7707934379577637, 0.01728205941617489, -0.8722746968269348], "vanishing_points_image": {"x": [80.2128190416925, 217.3847981835753], "y": [446.2476414888556, 221.0330122606471], "z": [253.31983707298235, 104.02285025143905]}, "camera_uuid": "c5be5141daf3c047a2d6d480abd9ff63", "field_of_view_rads": 1.287970285207832, "room": "7177ff6aafad58b0656fca6e31b41601"}