{"vanishing_points_gaussian_sphere": {"x": [-0.3669593833927326, -0.07754753995769467, 0.9269990237246937], "y": [0.9302052010396329, -0.022354801719182398, 0.3663584949184506], "z": [-0.007687320654288235, 0.9967380006233363, 0.08033842925121432]}, "nonfixated_points_in_view": [3, 771, 1414, 775, 1160, 137, 12, 1164, 1422, 144, 529, 1403, 1428, 28, 285, 797, 287, 926, 1442, 1443, 1188, 165, 422, 934, 296, 1062, 298, 43, 172, 682, 1066, 1070, 1328, 1330, 181, 821, 1078, 1080, 317, 65, 66, 1091, 1221, 1351, 973, 847, 848, 1236, 1113, 474, 604, 351, 607, 1378, 362, 363, 1130, 241, 1395, 116, 117, 1013, 1141, 248, 1271, 894, 1399], "point_pitch": -0.08359949191543059, "camera_rotation_from_original_to_final": [0.04754926636815071, -0.05711441859602928, 1.2237071990966797], "camera_location": [2.0380539894104004, -3.850883722305298, 1.5039372444152832], "camera_rotation_original": [1.5646412372589111, 0.005592518951743841, 2.2927701473236084], "view_id": 4, "point_location": [5.106510162353516, -11.615007400512695, 0.8310569524765015], "camera_distance": 8.37554841772496, "bounding_box_ranges": {"x": [-11.703801594149722, -3.850883722305298], "y": [1.5480359445672376, 6.510177075561697], "z": [-0.0223907090680725, 2.427722783607172]}, "obliqueness_angle": 1.4395811557769775, "resolution": 512, "point_uuid": "665", "point_normal": [-0.9522178769111633, -0.21651425957679749, -0.21541288495063782], "camera_rotation_final": [1.4903688430786133, 0.007687396369874477, 3.5173425674438477], "vanishing_points_image": {"x": [68.55311710531988, 295.61213501839666], "y": [568.0917922384249, 263.5002269669926], "z": [253.8051205699751, -28.588068207083417]}, "camera_uuid": "46dec00679fa99b86c497ab5e0e1ad5c", "field_of_view_rads": 0.8739124754596639, "room": "856e4980d5eb3351797f528948f684e5"}