{"vanishing_points_gaussian_sphere": {"x": [-0.32631512481650554, -0.3223831721472678, 0.8885873787266245], "y": [0.9450762673844869, -0.09268256070786417, 0.31343387144218954], "z": [-0.01868925206085974, 0.9420610560133023, 0.33492040636621034]}, "nonfixated_points_in_view": [768, 771, 518, 775, 649, 1291, 1164, 654, 144, 17, 1170, 28, 542, 671, 929, 165, 422, 1062, 1064, 938, 429, 686, 687, 560, 1456, 824, 1465, 1085, 1086, 703, 195, 456, 969, 331, 1483, 333, 334, 463, 208, 591, 338, 977, 1484, 1366, 727, 216, 1113, 1370, 1117, 94, 351, 1382, 367, 623, 1264, 1391, 372, 1141, 1399], "point_pitch": -0.32147078116866545, "camera_rotation_from_original_to_final": [-0.027683144435286522, -0.36680173873901367, -2.81221866607666], "camera_location": [0.5467849373817444, -10.360032081604004, 1.5205349922180176], "camera_rotation_original": [1.5957993268966675, -0.011342709884047508, 1.5803825855255127], "view_id": 4, "point_location": [2.289475202560425, -9.745327949523926, 0.8636918663978577], "camera_distance": 1.9611919131651636, "bounding_box_ranges": {"x": [-11.418407857244283, -4.66575917030591], "y": [0.5467849373817444, 6.509233382561969], "z": [-0.028515456218868085, 2.4277336562255014]}, "obliqueness_angle": 1.1320817470550537, "resolution": 512, "point_uuid": "1287", "point_normal": [-0.0730229914188385, -0.08653255552053452, 0.9935692548751831], "camera_rotation_final": [1.2292134761810303, 0.018690340220928192, -1.2383333444595337], "vanishing_points_image": {"x": [125.195589664181, 385.2282751485297], "y": [505.64564310534985, 280.4824658824621], "z": [250.99945395312542, 3.939635346483871]}, "camera_uuid": "08b7810ec5503ef8e7e738fee540560e", "field_of_view_rads": 1.0430947587974642, "room": "856e4980d5eb3351797f528948f684e5"}