{"vanishing_points_gaussian_sphere": {"x": [-0.12916761863737877, -0.3626108178987987, 0.9229458928010423], "y": [0.9915674069789963, -0.037395228109705345, 0.1240793066210997], "z": [-0.01047872666398216, 0.9311900942650686, 0.36438332100977694]}, "nonfixated_points_in_view": [1280, 642, 1020, 1277, 27, 412, 1312, 164, 1190, 679, 1321, 1197, 46, 1199, 1072, 561, 690, 691, 819, 309, 947, 1082, 1083, 455, 73, 1481, 76, 1356, 592, 344, 988, 1246, 993, 1122, 1124, 1380, 230, 377, 1006, 239, 1265, 882, 1393, 120, 505, 636, 893, 511], "point_pitch": -0.3850429495188852, "camera_rotation_from_original_to_final": [0.3788589537143707, -0.08091354370117188, -1.2890986204147339], "camera_location": [3.9411685466766357, -6.047142028808594, 4.286668300628662], "camera_rotation_original": [1.584341049194336, -0.008459939621388912, 2.9743051528930664], "view_id": 3, "point_location": [1.6742514371871948, -6.351902484893799, 3.391678810119629], "camera_distance": 2.4561756384855387, "bounding_box_ranges": {"x": [-7.18273664935802, -4.753529139901127], "y": [0.9296941926590137, 3.9411685466766357], "z": [2.765625765757852, 4.72827941045252]}, "obliqueness_angle": 0.43831437826156616, "resolution": 512, "point_uuid": "638", "point_normal": [0.9985911250114441, -0.04421652853488922, -0.02933950163424015], "camera_rotation_final": [1.19780433177948, 0.010478918440639973, 1.7003329992294312], "vanishing_points_image": {"x": [205.9255332914259, 396.57349295892146], "y": [476.702864491545, 264.3234219923301], "z": [253.3249790817566, 18.284764084732345]}, "camera_uuid": "6d257e4888f9878e655953370ee5e983", "field_of_view_rads": 1.1000097582239403, "room": "77c77478b552f1977cad320741ba92a5"}