{"vanishing_points_gaussian_sphere": {"x": [-0.16643655077393274, -0.32857604336308827, 0.9296970787812201], "y": [0.9859361249284989, -0.040989700080819216, 0.1620179065667126], "z": [-0.015127198268404965, 0.9435876367434785, 0.33077717523645117]}, "nonfixated_points_in_view": [768, 3, 771, 518, 775, 1287, 649, 1291, 12, 1164, 654, 144, 17, 665, 28, 415, 1439, 929, 1188, 165, 422, 934, 1062, 43, 429, 1070, 687, 560, 566, 824, 1464, 1465, 317, 1085, 195, 1347, 456, 1483, 1484, 333, 334, 591, 977, 1366, 216, 89, 1113, 1370, 1117, 351, 1378, 363, 623, 1391, 241, 1141, 1271, 894, 1399], "point_pitch": -0.31425504287215666, "camera_rotation_from_original_to_final": [-0.02388794906437397, -0.36237311363220215, -2.9788753986358643], "camera_location": [0.5467849373817444, -10.360032081604004, 1.5205349922180176], "camera_rotation_original": [1.5957993268966675, -0.011342709884047508, 1.5803825855255127], "view_id": 2, "point_location": [3.0458755493164062, -9.924516677856445, 0.6313825845718384], "camera_distance": 2.6880699373985975, "bounding_box_ranges": {"x": [-11.692745962172403, -5.817489942716101], "y": [0.5467849373817444, 6.5096171582657805], "z": [-0.028364902421090354, 2.427726564459565]}, "obliqueness_angle": 1.1542608737945557, "resolution": 512, "point_uuid": "1264", "point_normal": [-0.044677235186100006, -0.5795007348060608, 0.8137462139129639], "camera_rotation_final": [1.2336292266845703, 0.015127775259315968, -1.403562307357788], "vanishing_points_image": {"x": [187.76248595478816, 390.7132722328711], "y": [491.3903768371685, 265.78621302588573], "z": [252.02327659708672, 7.944347449006794]}, "camera_uuid": "08b7810ec5503ef8e7e738fee540560e", "field_of_view_rads": 1.0562330218532248, "room": "856e4980d5eb3351797f528948f684e5"}