{"vanishing_points_gaussian_sphere": {"x": [-0.0040448083771462764, -0.05782161544901711, 0.998318736833111], "y": [0.9999664090683441, 0.006883090682713697, 0.004450145797036948], "z": [-0.007128833014842824, 0.9983032023636506, 0.05779183238423022]}, "nonfixated_points_in_view": [128, 261, 773, 391, 647, 1019, 1288, 1415, 1421, 1295, 1148, 148, 1300, 1305, 1306, 156, 1053, 414, 31, 1436, 417, 1313, 292, 293, 1316, 40, 424, 681, 299, 300, 45, 173, 811, 1069, 1071, 435, 437, 951, 440, 702, 1342, 578, 1476, 709, 1349, 1223, 1478, 1479, 458, 204, 461, 722, 340, 981, 1493, 729, 475, 1244, 1245, 352, 1250, 483, 762, 1252, 615, 489, 1390, 1263, 624, 502, 1448, 888, 122, 251, 764, 382, 255], "point_pitch": -0.06957416137191252, "camera_rotation_from_original_to_final": [0.05649833753705025, 0.04447219893336296, -0.8124442100524902], "camera_location": [-2.0300116539001465, -0.3511151969432831, 1.4951437711715698], "camera_rotation_original": [1.5840462446212769, -0.0036451206542551517, -2.3237228393554688], "view_id": 0, "point_location": [-2.0054781436920166, -5.854868412017822, 1.1765354871749878], "camera_distance": 5.513022125211184, "bounding_box_ranges": {"x": [-6.4417035378785386, -0.3511151969432831], "y": [-6.355536104247125, 1.4911989361654396], "z": [-0.01650338754201014, 5.262911199849732]}, "obliqueness_angle": 1.1485357284545898, "resolution": 512, "point_uuid": "639", "point_normal": [0.9101835489273071, 0.4122348427772522, 0.040355220437049866], "camera_rotation_final": [1.5129708051681519, 0.00712889339774847, -3.137547731399536], "vanishing_points_image": {"x": [254.6249711198841, 275.65640488349885], "y": [426.6342656096119, 254.82546942265444], "z": [254.75012643098287, 80.97096174064396]}, "camera_uuid": "6f269c44fb405f239d56a612bcda89ad", "field_of_view_rads": 1.2892914548860903, "room": "8de55a2e5745f73de25402626a4c3d61"}