{"vanishing_points_gaussian_sphere": {"x": [0.04727706127234558, -0.23615989559148415, 0.9705634359441274], "y": [0.9988629551736046, 0.017147993094613526, -0.044483065482055356], "z": [-0.006138098997622926, 0.9715628904229754, 0.23670207792423156]}, "nonfixated_points_in_view": [0, 1152, 644, 773, 1159, 521, 522, 141, 639, 272, 401, 402, 528, 786, 535, 920, 793, 410, 795, 1048, 29, 1182, 1304, 36, 37, 677, 678, 805, 1317, 941, 814, 1198, 689, 818, 436, 693, 57, 315, 827, 63, 1087, 1472, 322, 707, 1218, 1474, 966, 967, 200, 1478, 1100, 1490, 339, 852, 981, 1143, 1368, 1371, 224, 1248, 740, 229, 613, 997, 488, 1252, 106, 1254, 119, 1019, 1021, 127], "point_pitch": -0.24942628940078215, "camera_rotation_from_original_to_final": [0.22235369682312012, 0.09073762595653534, -2.0754499435424805], "camera_location": [3.8354318141937256, -5.580057144165039, 1.5235874652862549], "camera_rotation_original": [1.571001648902893, -0.012118679471313953, -2.674816608428955], "view_id": 1, "point_location": [-2.458468198776245, -5.291593074798584, -0.011377789080142975], "camera_distance": 6.484790529587365, "bounding_box_ranges": {"x": [-9.886972029923026, -3.9002999420009257], "y": [-3.5501543844421466, 3.8354318141937256], "z": [-0.05659288130676199, 2.4277333251238447]}, "obliqueness_angle": 1.3319140672683716, "resolution": 512, "point_uuid": "299", "point_normal": [-0.0002710025873966515, -0.004033157601952553, 0.9999918937683105], "camera_rotation_final": [1.3318216800689697, 0.00613813754171133, -4.7596845626831055], "vanishing_points_image": {"x": [273.54945755329834, 343.6636142758392], "y": [442.69608152393266, 252.7948925323721], "z": [254.66978755502018, 45.44864714275492]}, "camera_uuid": "c83171f93afe09cc67e6fc1972ae2a82", "field_of_view_rads": 1.180512021910271, "room": "856e4980d5eb3351797f528948f684e5"}