{"vanishing_points_gaussian_sphere": {"x": [0.09898827322603103, 0.08910049794471381, 0.9910915311058475], "y": [0.995083818659434, -0.005775882920579299, -0.09886775520181847], "z": [-0.003084737571913042, 0.9960058937789936, -0.08923420841594672]}, "nonfixated_points_in_view": [897, 132, 1161, 11, 652, 525, 150, 1047, 162, 549, 1452, 817, 1457, 307, 691, 696, 952, 316, 838, 1479, 982, 473, 608, 887, 381], "point_pitch": 0.11870546738174959, "camera_rotation_from_original_to_final": [-0.0572836697101593, 0.04432583227753639, 2.4653000831604004], "camera_location": [0.3440798223018646, -5.207657814025879, 4.2956719398498535], "camera_rotation_original": [1.591770052909851, -0.020765699446201324, 2.1472725868225098], "view_id": 6, "point_location": [5.190828323364258, -5.691153049468994, 4.732055187225342], "camera_distance": 4.890313557528354, "bounding_box_ranges": {"x": [-5.946109447449981, -4.762536486992394], "y": [0.3440798223018646, 1.4912106937368501], "z": [3.830497234276049, 5.02536526026097]}, "obliqueness_angle": 0.36640825867652893, "resolution": 512, "point_uuid": "519", "point_normal": [-0.9674921631813049, -0.25288546085357666, 0.0028111322317272425], "camera_rotation_final": [1.6601498126983643, 0.0030847424641251564, 4.6132378578186035], "vanishing_points_image": {"x": [307.1861072973372, 209.92678850321678], "y": [503.34020161192984, 257.43566604066336], "z": [255.2297153971737, 7.2890524990649315]}, "camera_uuid": "65572d2c193d1b3ea0911dbf66b34fb7", "field_of_view_rads": 0.9123668295087071, "room": "8de55a2e5745f73de25402626a4c3d61"}