{"vanishing_points_gaussian_sphere": {"x": [0.04424505713130436, -0.3427818481770359, 0.9383725163706486], "y": [0.9989372202022876, 0.027323136376664812, -0.03711975637135118], "z": [-0.012915301544056304, 0.9390175987588719, 0.34362646028376276]}, "nonfixated_points_in_view": [773, 1159, 522, 779, 272, 528, 786, 1045, 279, 408, 669, 925, 423, 941, 814, 1198, 689, 436, 190, 63, 1087, 1215, 322, 1474, 1100, 335, 852, 981, 1371, 1374, 224, 736, 1248, 1379, 997, 1254, 1144, 632, 127, 639], "point_pitch": -0.36402921279403166, "camera_rotation_from_original_to_final": [0.32039326429367065, -0.18553690612316132, -1.1590380668640137], "camera_location": [0.13430264592170715, -5.5853047370910645, 1.5091227293014526], "camera_rotation_original": [1.588117241859436, -0.006452574394643307, 2.6567111015319824], "view_id": 4, "point_location": [-4.004055976867676, -5.421600818634033, -0.006320565473288298], "camera_distance": 4.410144925208541, "bounding_box_ranges": {"x": [-6.240107197141098, -3.8715338409469324], "y": [-3.5511969525963485, 0.13430264592170715], "z": [-0.08413600080408168, 1.836708605756824]}, "obliqueness_angle": 1.2163854837417603, "resolution": 512, "point_uuid": "966", "point_normal": [0.0034405954647809267, -0.005097333341836929, 0.9999811053276062], "camera_rotation_final": [1.2199900150299072, 0.012915660627186298, 1.5265331268310547], "vanishing_points_image": {"x": [277.9484770890527, 426.042486755741], "y": [514.2458904411692, 248.93640527098546], "z": [251.89363025914614, -42.556982236873175]}, "camera_uuid": "caab66acefae8cc00595de890566047d", "field_of_view_rads": 0.9049364389694879, "room": "856e4980d5eb3351797f528948f684e5"}