{"vanishing_points_gaussian_sphere": {"x": [-0.6351643089660939, 0.15412595944025206, 0.7568431074154314], "y": [0.7723389047856724, 0.11700130388649493, 0.6243423027821584], "z": [0.007675726030324545, 0.9810993239807486, -0.19335252704432276]}, "nonfixated_points_in_view": [128, 642, 905, 1420, 528, 1044, 1172, 1431, 27, 286, 1312, 1186, 1317, 173, 430, 814, 1069, 689, 1071, 1206, 1211, 1469, 843, 1233, 725, 603, 352, 611, 249, 359, 743, 106, 748, 1263, 505, 1148, 1405, 255], "point_pitch": 0.17592699924973054, "camera_rotation_from_original_to_final": [-0.09622351825237274, 0.14670789241790771, 0.09441205859184265], "camera_location": [0.27477186918258667, -2.2696449756622314, 2.261363983154297], "camera_rotation_original": [1.5901278257369995, -0.005768735893070698, 2.1587343215942383], "view_id": 1, "point_location": [-2.729792594909668, -4.748198986053467, 3.0289463996887207], "camera_distance": 3.969864028108337, "bounding_box_ranges": {"x": [-6.1363494603310835, -2.2696449756622314], "y": [-7.248359698346788, 0.27477186918258667], "z": [0.5907049564729112, 5.478447763243694]}, "obliqueness_angle": 1.3549144268035889, "resolution": 512, "point_uuid": "1357", "point_normal": [0.6658848524093628, -0.6010006070137024, -0.4420357942581177], "camera_rotation_final": [1.7653801441192627, -0.007675801403820515, 2.2590417861938477], "vanishing_points_image": {"x": [-53.91219112681855, 180.7981772190517], "y": [596.5462057939337, 204.4107949701875], "z": [258.12270450787184, -15.320777924628796]}, "camera_uuid": "72c78639c6d82fd06b6c6cb47f559896", "field_of_view_rads": 0.7987345882855377, "room": "8de55a2e5745f73de25402626a4c3d61"}