{"vanishing_points_gaussian_sphere": {"x": [-0.0049809449834305524, -0.1641001790487012, 0.9864311032318762], "y": [0.9999748566328831, -0.0057964137094784094, 0.004085056933965376], "z": [0.005047404195941302, 0.9864266484763542, 0.16412492463544354]}, "nonfixated_points_in_view": [256, 139, 270, 1196, 1453, 434, 308, 53, 1077, 1079, 697, 444, 1345, 835, 329, 1355, 1230, 1488, 723, 348, 349, 1381, 875, 621, 880, 1267, 629, 246, 1406], "point_pitch": -0.16223756869765715, "camera_rotation_from_original_to_final": [0.010402613319456577, 0.1668403297662735, -3.011979103088379], "camera_location": [-0.41287627816200256, -7.842004776000977, 4.30043888092041], "camera_rotation_original": [1.572762131690979, 0.0053438530303537846, -1.6945343017578125], "view_id": 3, "point_location": [-5.609577655792236, -7.863527297973633, 3.435798168182373], "camera_distance": 5.2681850329799165, "bounding_box_ranges": {"x": [-8.727990094859404, -7.169401839528162], "y": [-1.9325794464898294, -0.41287627816200256], "z": [3.1298575090488643, 4.8076039095410845]}, "obliqueness_angle": 1.408666729927063, "resolution": 512, "point_uuid": "419", "point_normal": [-0.0027918601408600807, 0.021393969655036926, 0.9997673034667969], "camera_rotation_final": [1.4059233665466309, -0.005047425627708435, -4.7074079513549805], "vanishing_points_image": {"x": [253.666202816929, 332.8883287969058], "y": [493.93136275515013, 257.37918329030066], "z": [257.30565849929116, 0.831939842255811]}, "camera_uuid": "58e0ccf199c02b51751470380455ffc0", "field_of_view_rads": 0.9888069660926013, "room": "9be1cd563f04d329bc30a6918cfb1205"}