{"vanishing_points_gaussian_sphere": {"x": [-0.3687114538034743, -0.26681222652659903, 0.8904286044428533], "y": [0.9295439009573034, -0.10583870263557177, 0.35319442976567184], "z": [5.216081262904901e-06, 0.9579193101719674, 0.28703761978607384]}, "nonfixated_points_in_view": [1026, 648, 153, 284, 930, 1321, 940, 1199, 434, 180, 697, 1083, 1212, 1345, 710, 72, 329, 1481, 715, 1357, 80, 87, 988, 348, 1255, 243, 500, 253, 1020, 509], "point_pitch": -0.2888734777781625, "camera_rotation_from_original_to_final": [-0.0833900049328804, 0.2794811725616455, 1.6463981866836548], "camera_location": [-2.806222438812256, -9.90909194946289, 4.287649154663086], "camera_rotation_original": [1.5709993839263916, -0.0022501780185848475, -1.2808427810668945], "view_id": 2, "point_location": [-4.139144420623779, -6.548699378967285, 3.2043964862823486], "camera_distance": 3.7739045543174865, "bounding_box_ranges": {"x": [-9.90909194946289, -5.957663767404204], "y": [-6.983004168079874, -2.367983477392123], "z": [2.7652656658441046, 5.11794039698763]}, "obliqueness_angle": 1.5633742809295654, "resolution": 512, "point_uuid": "1077", "point_normal": [0.9309647083282471, 0.2890213429927826, -0.22309496998786926], "camera_rotation_final": [1.2796634435653687, -5.216081262915395e-06, 0.37762242555618286], "vanishing_points_image": {"x": [82.72071294210298, 381.3908223190205], "y": [550.3356411550803, 289.5133202070182], "z": [256.0015878585041, -35.605948264306925]}, "camera_uuid": "48bee344cd0412ed9774218b24d4c13a", "field_of_view_rads": 0.9127399572419714, "room": "ef914082afe6874a9bab2b30c864407b"}