{"vanishing_points_gaussian_sphere": {"x": [0.6667640163977304, -0.11830856454462427, 0.7358184762511455], "y": [0.7450254990073578, 0.08057975760442898, -0.6621509710732508], "z": [0.019046056442327732, 0.9897019683823014, 0.14187058015738752]}, "nonfixated_points_in_view": [257, 140, 788, 152, 409, 164, 421, 168, 1068, 1324, 1072, 953, 318, 199, 711, 76, 1229, 1234, 993, 121, 1251, 1380, 870, 871, 1262, 239, 1265, 1138, 756, 633, 636, 893], "point_pitch": -0.15710513194533782, "camera_rotation_from_original_to_final": [-0.16739879548549652, -0.006807983852922916, 0.9137067794799805], "camera_location": [-2.484394073486328, -5.331701278686523, 4.301449775695801], "camera_rotation_original": [1.594873070716858, 5.2980572945671156e-05, -0.07394442707300186], "view_id": 2, "point_location": [-7.105880260467529, -1.1729005575180054, 3.410396099090576], "camera_distance": 6.280743089784844, "bounding_box_ranges": {"x": [-5.331701278686523, 1.546134242271993], "y": [-7.431055506075046, -2.484394073486328], "z": [-0.03469383335230214, 5.047667813429578]}, "obliqueness_angle": 0.8742157816886902, "resolution": 512, "point_uuid": "692", "point_normal": [0.9909650087356567, 0.13390061259269714, 0.007688654586672783], "camera_rotation_final": [1.4284194707870483, -0.01904720813035965, 0.840775728225708], "vanishing_points_image": {"x": [498.9547092023359, 299.10913934794456], "y": [384.9142904126326, 242.05701108614767], "z": [260.7216274130313, 10.647164950133376]}, "camera_uuid": "c5be5141daf3c047a2d6d480abd9ff63", "field_of_view_rads": 1.0144900238227859, "room": "8de55a2e5745f73de25402626a4c3d61"}