{"vanishing_points_gaussian_sphere": {"x": [-0.1785237901413616, -0.37180642679232306, 0.9109825669844007], "y": [0.9839301867910657, -0.0643897095724789, 0.16653934316692368], "z": [-0.0032624951895174926, 0.9260744820461779, 0.37732666196286957]}, "nonfixated_points_in_view": [800, 737, 995, 1093, 742, 497, 1073, 1205, 921, 1214], "point_pitch": -0.379618569216456, "camera_rotation_from_original_to_final": [0.029351867735385895, 0.38444170355796814, 1.7995322942733765], "camera_location": [7.131393909454346, -2.9630346298217773, 4.278573989868164], "camera_rotation_original": [1.5692344903945923, -0.007833980023860931, -1.6152243614196777], "view_id": 3, "point_location": [6.626028060913086, -0.19864585995674133, 3.133571147918701], "camera_distance": 3.034513358783341, "bounding_box_ranges": {"x": [-2.9630346298217773, -0.08648490666824804], "y": [4.853319121886042, 7.503738899362386], "z": [2.7631856672525394, 4.684053652353609]}, "obliqueness_angle": 0.16535192728042603, "resolution": 512, "point_uuid": "1274", "point_normal": [0.09570125490427017, -0.9663469195365906, 0.23877806961536407], "camera_rotation_final": [1.1838862895965576, 0.0032625009771436453, 0.17948690056800842], "vanishing_points_image": {"x": [181.68058280528396, 410.7829391621976], "y": [499.29529956733523, 271.9215703408605], "z": [255.08849341938298, -2.7353959137683344]}, "camera_uuid": "04fc9afa35a5796af985c221dbfe1e92", "field_of_view_rads": 1.028081041805849, "room": "5cd6a063c51df65aa0d61bbfd9882874"}