{"vanishing_points_gaussian_sphere": {"x": [0.438655718912429, -0.21786073018924054, 0.8718473848712464], "y": [0.8986248575907955, 0.09836782995034202, -0.42754781644955603], "z": [0.007384144184850496, 0.9710100268649503, 0.23892467880565577]}, "nonfixated_points_in_view": [516, 647, 907, 20, 1301, 668, 1310, 1059, 1189, 44, 179, 445, 1213, 1471, 450, 67, 325, 846, 340, 214, 471, 1112, 1496, 602, 1126, 615, 113, 626], "point_pitch": -0.2528547485682626, "camera_rotation_from_original_to_final": [0.1732240915298462, 0.18744641542434692, 0.31372296810150146], "camera_location": [-2.0300116539001465, -0.3511151969432831, 1.4951437711715698], "camera_rotation_original": [1.5840462446212769, -0.0036451206542551517, -2.3237228393554688], "view_id": 1, "point_location": [0.9460039734840393, -1.8105318546295166, 0.6795837879180908], "camera_distance": 3.4134591571163084, "bounding_box_ranges": {"x": [-4.983522788087598, -0.0007492538154922901], "y": [-2.0300116539001465, 1.4861640565703214], "z": [-0.015265434075519446, 3.0557796806041004]}, "obliqueness_angle": 1.5254929065704346, "resolution": 512, "point_uuid": "39", "point_normal": [0.0, 0.5664508938789368, -0.8240955471992493], "camera_rotation_final": [1.3295313119888306, -0.007384211290627718, -2.024911880493164], "vanishing_points_image": {"x": [425.42782827767655, 340.1472453031456], "y": [417.3018830547056, 238.34311451662455], "z": [257.8270525546317, 15.743809743536683]}, "camera_uuid": "6f269c44fb405f239d56a612bcda89ad", "field_of_view_rads": 1.062361858914096, "room": "8de55a2e5745f73de25402626a4c3d61"}