{"vanishing_points_gaussian_sphere": {"x": [0.213602979080961, 0.37325188546258536, 0.902804960845012], "y": [0.9769047319731698, -0.07635050385024743, -0.19956889840414194], "z": [-0.005559853970017565, 0.9245829495293749, -0.38094022820305246]}, "nonfixated_points_in_view": [128, 516, 261, 1028, 263, 647, 521, 1400, 13, 653, 781, 1037, 1294, 1295, 1172, 661, 1431, 1436, 1053, 1309, 1310, 32, 931, 38, 424, 681, 1452, 45, 173, 557, 813, 179, 435, 1461, 951, 440, 64, 450, 67, 578, 325, 709, 1095, 843, 204, 461, 589, 590, 844, 213, 1496, 1114, 475, 1244, 1121, 483, 1131, 1390, 370, 626, 118, 502, 888, 762, 381, 1022], "point_pitch": 0.3823128501561026, "camera_rotation_from_original_to_final": [0.2649933695793152, -0.27760910987854004, -0.9723690748214722], "camera_location": [-6.425679683685303, -2.262380838394165, 1.4977667331695557], "camera_rotation_original": [1.5803217887878418, -0.003540406469255686, -0.8513162136077881], "view_id": 1, "point_location": [1.4278799295425415, -3.998444080352783, 4.81158971786499], "camera_distance": 8.699065242623972, "bounding_box_ranges": {"x": [-6.000597621307774, -0.4253211865141222], "y": [-6.425679683685303, 1.4908491855922756], "z": [1.1387859932120743, 5.465730120519035]}, "obliqueness_angle": 1.2309080362319946, "resolution": 512, "point_uuid": "302", "point_normal": [-0.03795740753412247, -0.31278860569000244, -0.9490640163421631], "camera_rotation_final": [1.9616156816482544, 0.005559882614761591, -1.7860612869262695], "vanishing_points_image": {"x": [363.86943977572633, 67.50791082917361], "y": [502.0875237332691, 275.23310002843846], "z": [254.70613237786108, 40.83464694775331]}, "camera_uuid": "928222235a04d0c536e00fac4a58b265", "field_of_view_rads": 0.8656167850307992, "room": "8de55a2e5745f73de25402626a4c3d61"}