{"vanishing_points_gaussian_sphere": {"x": [-0.0611996053357025, 0.07656843192741217, 0.9951843465101989], "y": [0.99807855667586, 0.01436932766161552, 0.06027202606836259], "z": [-0.009685195433573131, 0.9969607803994751, -0.07730070720687562]}, "nonfixated_points_in_view": [513, 1154, 901, 524, 397, 1293, 19, 407, 159, 1443, 166, 808, 810, 1451, 942, 1326, 1074, 1459, 182, 183, 1467, 574, 830, 833, 968, 74, 586, 588, 205, 1359, 976, 212, 1236, 598, 1237, 1116, 734, 612, 869, 103, 1008, 244], "point_pitch": 0.07775731483963533, "camera_rotation_from_original_to_final": [0.007713692728430033, -0.07699977606534958, -0.03917413949966431], "camera_location": [-3.072143316268921, -10.485207557678223, 4.283509254455566], "camera_rotation_original": [1.5707898139953613, 0.009692680090665817, -1.4714287519454956], "view_id": 2, "point_location": [0.4608452022075653, -10.271236419677734, 4.557932376861572], "camera_distance": 3.55008446012013, "bounding_box_ranges": {"x": [-11.123605631791188, -9.66706853052886], "y": [-3.072143316268921, -1.7641907420653238], "z": [3.5944775869560304, 5.1500426457635005]}, "obliqueness_angle": 0.5336349010467529, "resolution": 512, "point_uuid": "250", "point_normal": [-0.8111556768417358, -0.4980577230453491, -0.3065374195575714], "camera_rotation_final": [1.6481778621673584, 0.009685346856713295, -1.5095555782318115], "vanishing_points_image": {"x": [231.68408654013734, 225.57772269459085], "y": [461.42450808346786, 253.04250527512718], "z": [254.13860998756275, 64.3949000146706]}, "camera_uuid": "2c5b1635a824be2ef248c2dd24c5c6fe", "field_of_view_rads": 1.1403659234431238, "room": "ef914082afe6874a9bab2b30c864407b"}