{"vanishing_points_gaussian_sphere": {"x": [0.14848216759587488, 0.10827864119416772, 0.9829693696993693], "y": [0.9889067411889838, -0.02034076804428877, -0.1471384055450946], "z": [0.004062405323796361, 0.9939124654699292, -0.11009771953347657]}, "nonfixated_points_in_view": [3, 771, 518, 775, 520, 649, 1146, 1287, 12, 1291, 654, 1039, 144, 1424, 1428, 665, 538, 28, 285, 415, 1439, 1443, 165, 422, 934, 1062, 43, 1067, 429, 174, 1070, 1460, 1333, 566, 695, 1080, 1464, 1338, 317, 65, 195, 1347, 1228, 1484, 975, 848, 724, 980, 216, 89, 1113, 1370, 604, 1117, 1378, 1253, 746, 237, 1264, 116, 1141, 758, 375, 378, 1271, 1404, 1399], "point_pitch": 0.12461085716751619, "camera_rotation_from_original_to_final": [-0.01833389885723591, 0.0937986895442009, 2.7712697982788086], "camera_location": [-2.125469923019409, -10.290050506591797, 1.5054166316986084], "camera_rotation_original": [1.585587501525879, -0.0013757790438830853, 1.7914842367172241], "view_id": 1, "point_location": [5.161487102508545, -11.380816459655762, 2.3215925693511963], "camera_distance": 7.413207982686466, "bounding_box_ranges": {"x": [-11.671372309056407, -7.209912769856478], "y": [-2.125469923019409, 6.510102156839657], "z": [-0.03317851189818444, 2.420761381758766]}, "obliqueness_angle": 1.0752812623977661, "resolution": 512, "point_uuid": "241", "point_normal": [-0.4588334560394287, 0.6329059600830078, 0.6236200332641602], "camera_rotation_final": [1.6811186075210571, -0.00406241649761796, 4.5633544921875], "vanishing_points_image": {"x": [325.3406726054939, 205.43423893401513], "y": [474.74749142158635, 260.4994050479693], "z": [256.9143836851476, 32.28590195888544]}, "camera_uuid": "2b230e47a809ba0986cefc4de1b011af", "field_of_view_rads": 0.9887239830961574, "room": "856e4980d5eb3351797f528948f684e5"}