{"vanishing_points_gaussian_sphere": {"x": [0.13001643881159844, 0.105530107814823, 0.9858798719840779], "y": [0.9915017331310416, -0.009348814462867944, -0.12975713030997418], "z": [-0.004476475945498469, 0.994372161724538, -0.10584878435947516]}, "nonfixated_points_in_view": [3, 771, 518, 775, 1287, 649, 1291, 12, 654, 1039, 144, 17, 529, 1424, 1428, 665, 538, 28, 285, 1439, 1443, 165, 422, 934, 1062, 43, 1067, 429, 174, 687, 1070, 1460, 1333, 566, 695, 1080, 1464, 1338, 1465, 317, 65, 195, 1347, 456, 1483, 1228, 1484, 975, 848, 977, 724, 216, 89, 1113, 1370, 604, 1117, 1378, 99, 1253, 617, 746, 1391, 1264, 241, 116, 1141, 1271, 1404, 1399], "point_pitch": 0.10148640076187654, "camera_rotation_from_original_to_final": [0.09596753120422363, -0.03103894554078579, -1.3126283884048462], "camera_location": [-1.2640292644500732, -10.590165138244629, 1.4937529563903809], "camera_rotation_original": [1.576294183731079, -0.003259384771808982, -0.3901067078113556], "view_id": 0, "point_location": [5.2167840003967285, -11.443140029907227, 2.1895627975463867], "camera_distance": 6.573633388903826, "bounding_box_ranges": {"x": [-11.667740038278046, -6.545268343452703], "y": [-1.2640292644500732, 6.510223751035823], "z": [-0.03289152410633722, 2.4220685966752558]}, "obliqueness_angle": 1.138635516166687, "resolution": 512, "point_uuid": "415", "point_normal": [-0.47312137484550476, -0.7473887801170349, -0.46643999218940735], "camera_rotation_final": [1.676844835281372, 0.004476490896195173, -1.7011831998825073], "vanishing_points_image": {"x": [302.44810719711114, 218.29958453631843], "y": [424.6640613516151, 257.5903240140092], "z": [255.22986257293513, 84.92721249947178]}, "camera_uuid": "bf987798a26d9c5da496954cb31ac414", "field_of_view_rads": 1.2302991207240406, "room": "856e4980d5eb3351797f528948f684e5"}