{"vanishing_points_gaussian_sphere": {"x": [-0.3163804860720556, 0.22033975012930376, 0.9226883452963769], "y": [0.9486236053229696, 0.0693023856262223, 0.30872388111476773], "z": [0.004079639305226306, 0.9729581562736758, -0.2309454106139996]}, "nonfixated_points_in_view": [770, 4, 1035, 1266, 1011, 950, 730, 954, 799], "point_pitch": 0.22592122952011628, "camera_rotation_from_original_to_final": [0.10553596913814545, -0.20235088467597961, 1.3626142740249634], "camera_location": [3.5659539699554443, -4.741698265075684, 4.287182807922363], "camera_rotation_original": [1.576193928718567, 0.006192484870553017, -1.0516655445098877], "view_id": 0, "point_location": [2.3590500354766846, -1.1346033811569214, 5.190025329589844], "camera_distance": 3.909331654918977, "bounding_box_ranges": {"x": [-4.741698265075684, -0.04671733082292295], "y": [1.6430155257397094, 4.085933547909326], "z": [3.087359977299485, 5.211811177889314]}, "obliqueness_angle": 1.326421856880188, "resolution": 512, "point_uuid": "361", "point_normal": [0.0027688026893883944, -0.011015648022294044, -0.9999355673789978], "camera_rotation_final": [1.8038475513458252, -0.004079650621861219, 0.32191431522369385], "vanishing_points_image": {"x": [115.42410509974299, 158.09744620762902], "y": [524.4861806532664, 236.38554731029555], "z": [256.87533712831913, 47.23978009619215]}, "camera_uuid": "cb2f6552a3a803bf140924ce8faafd94", "field_of_view_rads": 0.9822085669606044, "room": "b882b325a4c32027bb7a3589209866b9"}