{"vanishing_points_gaussian_sphere": {"x": [0.6858300598659498, 0.23328931236111952, 0.6893571104459167], "y": [0.7275970727841092, -0.19964992066440365, -0.656309689746154], "z": [-0.015479943806850062, 0.9516911294725686, -0.3066665378272683]}, "nonfixated_points_in_view": [257, 133, 517, 523, 140, 1426, 788, 153, 1179, 679, 168, 1191, 1068, 692, 569, 1343, 1229, 600, 988, 1120, 1380, 870, 239, 1265, 884, 893], "point_pitch": 0.28659923473862214, "camera_rotation_from_original_to_final": [-0.1917790025472641, 0.2228788435459137, -1.3530848026275635], "camera_location": [0.3440798223018646, -5.207657814025879, 4.2956719398498535], "camera_rotation_original": [1.591770052909851, -0.020765699446201324, 2.1472725868225098], "view_id": 3, "point_location": [-0.7814855575561523, -4.136051177978516, 4.796389579772949], "camera_distance": 1.6327756758922567, "bounding_box_ranges": {"x": [-5.207657814025879, 1.39005504573419], "y": [-7.240855273227961, 0.3440798223018646], "z": [2.7638757300841976, 5.1265087335803585]}, "obliqueness_angle": 0.7319977283477783, "resolution": 512, "point_uuid": "932", "point_normal": [0.9917789101600647, -0.03400827944278717, -0.1233619675040245], "camera_rotation_final": [1.882523775100708, 0.01548056211322546, 0.8149397373199463], "vanishing_points_image": {"x": [523.678586365436, 164.94748276388657], "y": [396.11793433945417, 294.44783812486924], "z": [252.5670612578684, 44.94643354818697]}, "camera_uuid": "65572d2c193d1b3ea0911dbf66b34fb7", "field_of_view_rads": 0.9280110008582756, "room": "8de55a2e5745f73de25402626a4c3d61"}