{"vanishing_points_gaussian_sphere": {"x": [-0.15333038708584848, -0.1288132626402623, 0.9797433009539156], "y": [0.9881603957863554, -0.025373785451756482, 0.15131160963786522], "z": [0.0053688542033971595, 0.9913441957160082, 0.13117873693828447]}, "nonfixated_points_in_view": [512, 1, 1024, 902, 9, 265, 651, 1168, 918, 666, 541, 158, 1181, 306, 59, 955, 1470, 449, 451, 1350, 82, 983, 478, 353, 482, 355, 609, 101, 873, 1385, 369, 499, 886, 1398, 1016, 1279], "point_pitch": -0.1408155401560922, "camera_rotation_from_original_to_final": [0.12798993289470673, 0.05460072681307793, -0.2637205719947815], "camera_location": [7.106297016143799, -6.809415817260742, 1.504452109336853], "camera_rotation_original": [1.5783125162124634, -0.007616623304784298, -2.721336841583252], "view_id": 2, "point_location": [7.8412184715271, -11.568039894104004, 0.8673155307769775], "camera_distance": 4.857010934807782, "bounding_box_ranges": {"x": [-11.651364636063033, -6.809415817260742], "y": [6.465412194699894, 9.946631284656403], "z": [-0.02831776373720818, 2.437845999845508]}, "obliqueness_angle": 0.3498360216617584, "resolution": 512, "point_uuid": "491", "point_normal": [0.011992665939033031, 0.9032809138298035, 0.42888227105140686], "camera_rotation_final": [1.4392365217208862, -0.005368879996240139, -2.9876527786254883], "vanishing_points_image": {"x": [180.67704908214677, 319.27900975028916], "y": [523.8997319111095, 262.87907585558133], "z": [257.4398670473896, -9.867499089332545]}, "camera_uuid": "b7487260ea08da3259345602cccf923b", "field_of_view_rads": 0.9444641388156987, "room": "8868fae7afbf71557a2e4faceeb9d9d6"}