{"vanishing_points_gaussian_sphere": {"x": [-0.08615855351617345, -0.3313247042840793, 0.939574714425132], "y": [0.9962197744068871, -0.03914377751320373, 0.07754950523818928], "z": [0.011084436688069587, 0.9427044632402376, 0.3334447934070105]}, "nonfixated_points_in_view": [7, 1170, 542, 1438, 806, 1447, 1192, 170, 946, 820, 1465, 193, 323, 69, 198, 201, 75, 591, 208, 721, 210, 1366, 599, 860, 222, 1382, 1257, 1386, 1133, 623, 1010, 372, 245, 1018, 1149, 383], "point_pitch": -0.3251855810496469, "camera_rotation_from_original_to_final": [0.32124996185302734, -0.1592201292514801, 2.112931728363037], "camera_location": [0.13430264592170715, -5.5853047370910645, 1.5091227293014526], "camera_rotation_original": [1.588117241859436, -0.006452574394643307, 2.6567111015319824], "view_id": 4, "point_location": [4.3699445724487305, -5.235708713531494, 0.00593959167599678], "camera_distance": 4.508041609887012, "bounding_box_ranges": {"x": [-7.095637686264843, -3.746995532990066], "y": [0.13430264592170715, 6.509591016748983], "z": [-0.011642131282179946, 2.33075312826951]}, "obliqueness_angle": 1.2316070795059204, "resolution": 512, "point_uuid": "420", "point_normal": [0.0007266851025633514, 0.0005060031544417143, 0.9999996423721313], "camera_rotation_final": [1.2308194637298584, -0.011084663681685925, 4.798659801483154], "vanishing_points_image": {"x": [215.09411725608834, 413.3045153440465], "y": [516.8960102689533, 266.2512072560802], "z": [259.34858530616077, -28.789060778892775]}, "camera_uuid": "caab66acefae8cc00595de890566047d", "field_of_view_rads": 0.9408146237702437, "room": "856e4980d5eb3351797f528948f684e5"}