{"vanishing_points_gaussian_sphere": {"x": [0.46910061531388886, -0.3199495433153705, 0.8231505952402736], "y": [0.8831096588856343, 0.1782474618529841, -0.43398752600261176], "z": [-0.007870393575248678, 0.9305160568605224, 0.36616652609122513]}, "nonfixated_points_in_view": [1161, 1457, 1452, 525], "point_pitch": -0.37254564364882903, "camera_rotation_from_original_to_final": [-0.19387370347976685, 0.3292491137981415, -1.037018895149231], "camera_location": [3.5659539699554443, -4.741698265075684, 4.287182807922363], "camera_rotation_original": [1.576193928718567, 0.006192484870553017, -1.0516655445098877], "view_id": 2, "point_location": [5.182878494262695, -5.594184398651123, 3.5679173469543457], "camera_distance": 1.9643116831611043, "bounding_box_ranges": {"x": [-4.782225911235519, -4.703149257470971], "y": [3.5659539699554443, 3.9474462516556375], "z": [3.895577701718701, 4.321450765125381]}, "obliqueness_angle": 0.41251668334007263, "resolution": 512, "point_uuid": "952", "point_normal": [-0.7810072898864746, 0.624492883682251, 0.006024980917572975], "camera_rotation_final": [1.1958980560302734, 0.007870474830269814, -2.059084892272949], "vanishing_points_image": {"x": [457.3593260455904, 393.3369002457371], "y": [439.28331237427517, 219.00596998118323], "z": [253.5665899384123, -31.70189363265355]}, "camera_uuid": "cb2f6552a3a803bf140924ce8faafd94", "field_of_view_rads": 0.9381023705026448, "room": "b882b325a4c32027bb7a3589209866b9"}