{"vanishing_points_gaussian_sphere": {"x": [-0.5290042731426934, -0.10667787252694778, 0.8418873502493639], "y": [0.8486185211845664, -0.06771723119083356, 0.5246532017460362], "z": [0.0010413929567557793, 0.9919849838142569, 0.12635152309227674]}, "nonfixated_points_in_view": [1026, 516, 13, 1037, 540, 547, 552, 1065, 45, 47, 1076, 64, 578, 67, 1095, 1096, 589, 590, 1114, 1121, 618, 1131, 114, 118, 630, 632, 647, 1162, 653, 148, 661, 664, 675, 681, 178, 1202, 1203, 1204, 196, 1227, 720, 213, 214, 729, 1244, 735, 1254, 1255, 234, 750, 1276, 263, 781, 1294, 1296, 1306, 290, 807, 809, 304, 305, 1332, 1344, 1354, 843, 844, 336, 849, 347, 867, 374, 1400, 888, 1407, 386, 391, 1427, 408, 931, 424, 435, 1462, 951, 1466, 1477, 1480, 461, 467, 468, 999, 489], "point_pitch": -0.13853995402785735, "camera_rotation_from_original_to_final": [-0.07392457127571106, 0.11727191507816315, -0.007186692673712969], "camera_location": [-6.116707801818848, -5.171044826507568, 1.5127230882644653], "camera_rotation_original": [1.5826430320739746, -0.00107341050170362, -1.010670781135559], "view_id": 4, "point_location": [-0.9616464376449585, -1.9584773778915405, 0.739044189453125], "camera_distance": 6.123220039121499, "bounding_box_ranges": {"x": [-5.171044826507568, 1.4262026117258797], "y": [-6.116707801818848, 1.4786568459951983], "z": [-0.023922155030996706, 4.189998611808188]}, "obliqueness_angle": 0.9603707194328308, "resolution": 512, "point_uuid": "340", "point_normal": [-0.7871356010437012, 0.3002666234970093, 0.5387555360794067], "camera_rotation_final": [1.444106101989746, -0.0010413931449875236, -1.0133692026138306], "vanishing_points_image": {"x": [12.956829260833159, 305.0115670193545], "y": [562.0507407993451, 280.42193783598515], "z": [256.2957342123181, -25.70336270915799]}, "camera_uuid": "676a1ae5fa5b4d774f8408cdbebb47fb", "field_of_view_rads": 0.896880404183927, "room": "8de55a2e5745f73de25402626a4c3d61"}