{"vanishing_points_gaussian_sphere": {"x": [-0.09707143987610162, 0.05798705422919317, 0.9935867536869647], "y": [0.9952659232548403, 0.000857948395283111, 0.09718542036870219], "z": [0.004783050080306582, 0.9983169664321906, -0.057795821350315954]}, "nonfixated_points_in_view": [256, 139, 270, 419, 1196, 1453, 434, 308, 53, 1077, 697, 444, 1345, 835, 329, 1355, 1230, 1488, 723, 348, 349, 1381, 875, 621, 880, 1267, 629, 246, 1406], "point_pitch": 0.060917452969823316, "camera_rotation_from_original_to_final": [-0.01695782132446766, -0.054183997213840485, -2.920185089111328], "camera_location": [-0.41287627816200256, -7.842004776000977, 4.30043888092041], "camera_rotation_original": [1.572762131690979, 0.0053438530303537846, -1.6945343017578125], "view_id": 1, "point_location": [-1.8569422960281372, -7.983253002166748, 4.384438514709473], "camera_distance": 1.4533869657187541, "bounding_box_ranges": {"x": [-9.102186697587708, -7.018446139277154], "y": [-1.9326056135273486, -0.41287627816200256], "z": [3.367579415309176, 5.212534026882197]}, "obliqueness_angle": 0.7393941283226013, "resolution": 512, "point_uuid": "1079", "point_normal": [0.8015593886375427, -0.5978369116783142, -0.00967699009925127], "camera_rotation_final": [1.6286250352859497, -0.0047830683179199696, -4.615163326263428], "vanishing_points_image": {"x": [219.64126118197746, 234.28057189388818], "y": [453.16796189878255, 255.83003543820823], "z": [256.87618604145877, 73.12267773636538]}, "camera_uuid": "58e0ccf199c02b51751470380455ffc0", "field_of_view_rads": 1.1931488125895502, "room": "9be1cd563f04d329bc30a6918cfb1205"}