{"vanishing_points_gaussian_sphere": {"x": [0.4520785438883721, -0.22980964191457467, 0.8618657196100007], "y": [0.8919390318852529, 0.1074214071233086, -0.4392099779049266], "z": [0.008351859395790218, 0.9672890828365341, 0.2535391028419277]}, "nonfixated_points_in_view": [3, 518, 1291, 12, 1424, 665, 285, 415, 1439, 934, 43, 1067, 174, 1070, 1460, 566, 1080, 1464, 1338, 571, 65, 195, 1347, 975, 724, 980, 89, 1113, 1117, 1378, 1253, 241, 758, 375, 1271, 1404], "point_pitch": -0.24406151374312834, "camera_rotation_from_original_to_final": [0.06786183267831802, -0.26279929280281067, 2.4414939880371094], "camera_location": [-2.125469923019409, -10.290050506591797, 1.5054166316986084], "camera_rotation_original": [1.585587501525879, -0.0013757790438830853, 1.7914842367172241], "view_id": 7, "point_location": [-0.03686050325632095, -11.354413986206055, 0.8910002708435059], "camera_distance": 2.423358518246808, "bounding_box_ranges": {"x": [-12.06333296296609, -10.18381673398465], "y": [-2.125469923019409, 6.38897073698134], "z": [-0.02772530451379529, 2.421682129817133]}, "obliqueness_angle": 1.299564003944397, "resolution": 512, "point_uuid": "520", "point_normal": [-0.0014012061292305589, 0.030255258083343506, 0.9995412230491638], "camera_rotation_final": [1.3144500255584717, -0.008351956494152546, 4.243277072906494], "vanishing_points_image": {"x": [463.06560624931285, 361.25974627260524], "y": [446.62223562807736, 233.0422550778187], "z": [258.4929403395621, -32.725403571412414]}, "camera_uuid": "2b230e47a809ba0986cefc4de1b011af", "field_of_view_rads": 0.9129726148420252, "room": "856e4980d5eb3351797f528948f684e5"}