{"vanishing_points_gaussian_sphere": {"x": [0.051073421924095294, 0.01798199810681581, 0.998533000614927], "y": [0.9985112345152284, 0.01825503514068695, -0.051401052896676735], "z": [-0.019152548651237458, 0.9996716468101408, -0.017022880016707664]}, "nonfixated_points_in_view": [2, 131, 514, 1283, 1411, 266, 400, 656, 1177, 283, 1056, 803, 676, 1060, 41, 169, 812, 1454, 559, 432, 1207, 700, 705, 850, 212, 1494, 1247, 480, 102, 1127, 745, 1261, 110, 111, 1134], "point_pitch": 0.01021464268234773, "camera_rotation_from_original_to_final": [0.028454070910811424, -0.03151364251971245, -2.735736846923828], "camera_location": [-0.3368440568447113, -10.415435791015625, 4.328280448913574], "camera_rotation_original": [1.5721080303192139, -0.020286651328206062, -2.0281968116760254], "view_id": 10, "point_location": [-7.273911476135254, -10.058340072631836, 4.446542263031006], "camera_distance": 6.947259095866943, "bounding_box_ranges": {"x": [-11.224378106029164, -9.843196874471406], "y": [-2.01303467063566, -0.3368440568447113], "z": [3.463889892900502, 5.195190528242215]}, "obliqueness_angle": 0.07189987599849701, "resolution": 512, "point_uuid": "125", "point_normal": [0.9998428225517273, 0.01660209149122238, 0.006240858230739832], "camera_rotation_final": [1.5878231525421143, 0.019153719767928123, -4.76349401473999], "vanishing_points_image": {"x": [279.9194847893703, 247.5783960816703], "y": [484.29473131665196, 251.826257934251], "z": [251.54642001191982, 23.544376366998062]}, "camera_uuid": "b87171fb6c278f89d23d6a3ee7d4a1a2", "field_of_view_rads": 0.9992508841223214, "room": "c6b90c3c2e476767ef8ca0b4e5cf1d4d"}