{"vanishing_points_gaussian_sphere": {"x": [0.31828503061196917, 0.014908311955349316, 0.9478778304839606], "y": [0.9476159667954, 0.023270749336781797, -0.31856310473707383], "z": [-0.026807065537969712, 0.9996180342810681, -0.0067206232818347094]}, "nonfixated_points_in_view": [228, 1382, 1064, 1386, 79, 208, 591, 210, 623, 372, 342, 1366, 1242, 542], "point_pitch": -0.0010751922938485592, "camera_rotation_from_original_to_final": [-0.025538071990013123, 0.0029872737359255552, -0.9246537685394287], "camera_location": [5.059991836547852, -7.579131126403809, 1.5203824043273926], "camera_rotation_original": [1.596900224685669, 0.009909546934068203, 0.6009308099746704], "view_id": 7, "point_location": [5.964371681213379, -4.888167858123779, 1.539461612701416], "camera_distance": 2.838934721962958, "bounding_box_ranges": {"x": [-7.579131126403809, -3.9458028879081892], "y": [4.320831543816435, 6.510160049079863], "z": [-0.01634996207531202, 2.426922846107458]}, "obliqueness_angle": 0.4247452914714813, "resolution": 512, "point_uuid": "1170", "point_normal": [0.1002371683716774, -0.9949577450752258, 0.0033978025894612074], "camera_rotation_final": [1.577519416809082, 0.02681027725338936, -0.32404059171676636], "vanishing_points_image": {"x": [384.7582889138515, 249.9690260196217], "y": [429.95567600204026, 251.72814402268517], "z": [250.31425318214954, 43.98220008716528]}, "camera_uuid": "e2c81e729be96548bbabfecfc7939d49", "field_of_view_rads": 1.0830010717332221, "room": "856e4980d5eb3351797f528948f684e5"}