{"vanishing_points_gaussian_sphere": {"x": [0.3400299107911683, 0.3251651691900606, 0.8824099231723028], "y": [0.9403793599068232, -0.12569253661665364, -0.3160507011542688], "z": [0.008143661865768138, 0.9372667704471714, -0.3485178356798193]}, "nonfixated_points_in_view": [1026, 13, 18, 23, 1051, 547, 1065, 563, 1076, 580, 1096, 76, 1105, 1106, 606, 1120, 618, 1137, 114, 1138, 630, 121, 634, 1147, 635, 1162, 664, 168, 178, 1202, 1203, 1204, 1208, 1209, 704, 1219, 196, 710, 1227, 719, 720, 1238, 735, 227, 1251, 231, 1255, 234, 1259, 750, 240, 759, 1276, 766, 1296, 796, 290, 807, 297, 1324, 815, 304, 305, 1332, 826, 318, 839, 1354, 844, 336, 1361, 337, 849, 341, 347, 1375, 867, 871, 364, 1407, 1427, 1446, 1462, 1466, 443, 452, 1477, 1480, 464, 978, 467, 1001, 493], "point_pitch": 0.34733112255600496, "camera_rotation_from_original_to_final": [0.18196827173233032, -0.2938327491283417, 0.6383109092712402], "camera_location": [-6.116707801818848, -5.171044826507568, 1.5127230882644653], "camera_rotation_original": [1.5826430320739746, -0.00107341050170362, -1.010670781135559], "view_id": 3, "point_location": [-4.316347599029541, -0.1444595456123352, 3.498029947280884], "camera_distance": 5.696428521887048, "bounding_box_ranges": {"x": [-5.171044826507568, 1.5571916855084762], "y": [-7.239925416195442, 1.4856427217762525], "z": [-0.034146185853242805, 4.769087769448763]}, "obliqueness_angle": 0.9165812730789185, "resolution": 512, "point_uuid": "385", "point_normal": [0.019070303067564964, -0.32270580530166626, -0.9463072419166565], "camera_rotation_final": [1.9267979860305786, -0.008143751882016659, -0.3469606935977936], "vanishing_points_image": {"x": [361.87966854341914, 154.7489651848515], "y": [397.2970238989215, 274.88597528554766], "z": [257.20671263130646, 117.1175575011773]}, "camera_uuid": "676a1ae5fa5b4d774f8408cdbebb47fb", "field_of_view_rads": 1.2684869878413418, "room": "8de55a2e5745f73de25402626a4c3d61"}