{"vanishing_points_gaussian_sphere": {"x": [0.4171533479840105, -0.051527708681207804, 0.9073742224153141], "y": [0.908761296138763, 0.010838511503756192, -0.41717554255802014], "z": [0.011661513877994266, 0.9986127487201671, 0.05134770868915012]}, "nonfixated_points_in_view": [899, 264, 1296, 18, 23, 1051, 540, 796, 1307, 547, 675, 804, 809, 1065, 176, 304, 1203, 1076, 1204, 694, 1332, 1208, 443, 575, 1087, 706, 1219, 580, 1477, 839, 1224, 458, 1354, 719, 336, 337, 464, 849, 1361, 1238, 606, 1376, 227, 997, 1254, 231, 1255, 1256, 234, 364, 1004, 750, 624, 628, 630, 127], "point_pitch": -0.04439239104720549, "camera_rotation_from_original_to_final": [0.01601010374724865, 0.06014637649059296, 1.4547514915466309], "camera_location": [-6.732573986053467, -9.080721855163574, 1.502792477607727], "camera_rotation_original": [1.58157217502594, -0.008283889852464199, -1.885231852531433], "view_id": 0, "point_location": [-2.3325600624084473, 0.48949313163757324, 0.9612177610397339], "camera_distance": 10.547153436729467, "bounding_box_ranges": {"x": [-9.080721855163574, -5.932700456522681], "y": [-6.732573986053467, -3.531899489896667], "z": [-0.01897311792437331, 2.4255922128828615]}, "obliqueness_angle": 0.8938883543014526, "resolution": 512, "point_uuid": "347", "point_normal": [0.31342676281929016, -0.8575156331062317, -0.40795910358428955], "camera_rotation_final": [1.5194225311279297, -0.011661778204143047, -0.43034207820892334], "vanishing_points_image": {"x": [481.50723446066394, 283.8551547984683], "y": [478.06382632730583, 253.35151425743695], "z": [259.53473425592546, -46.69060503079432]}, "camera_uuid": "6fe7ddd5d030b288cf1811fb32bc13b1", "field_of_view_rads": 0.8179528963707631, "room": "ade82d56fe033105b37cc8ef1783cd93"}