{"vanishing_points_gaussian_sphere": {"x": [0.45673319157969927, 0.27984621163146556, 0.8444411699727452], "y": [0.8896020961721238, -0.14185835544639067, -0.4341478060248708], "z": [-0.0017035831606128076, 0.9495063479648583, -0.3137431959084569]}, "nonfixated_points_in_view": [1184, 1025, 403, 790, 1046, 601, 1303], "point_pitch": 0.31764943996933503, "camera_rotation_from_original_to_final": [0.09796886146068573, -0.30402594804763794, -2.3500022888183594], "camera_location": [-2.806222438812256, -9.90909194946289, 4.287649154663086], "camera_rotation_original": [1.5709993839263916, -0.0022501780185848475, -1.2808427810668945], "view_id": 7, "point_location": [-3.604857921600342, -11.462480545043945, 4.8647942543029785], "camera_distance": 1.8395464630651401, "bounding_box_ranges": {"x": [-11.667047522226536, -9.90909194946289], "y": [-6.344890821130744, -2.407549559504282], "z": [3.4171752811779905, 5.206752869442338]}, "obliqueness_angle": 0.6239180564880371, "resolution": 512, "point_uuid": "565", "point_normal": [0.28264087438583374, 0.9185158610343933, 0.2764832079410553], "camera_rotation_final": [1.8899295330047607, 0.0017035839846357703, -3.615912914276123], "vanishing_points_image": {"x": [391.91268813446567, 172.72457445991844], "y": [381.67194618992215, 276.03998831495596], "z": [255.74681517446376, 114.88531618933935]}, "camera_uuid": "48bee344cd0412ed9774218b24d4c13a", "field_of_view_rads": 1.2799122318661746, "room": "ef914082afe6874a9bab2b30c864407b"}