{"vanishing_points_gaussian_sphere": {"x": [-0.1058165772057629, 0.047517744708704596, 0.9932496745160581], "y": [0.9942995281929995, 0.01820314724109851, 0.10505757310016985], "z": [-0.01308817113409903, 0.9987045155441711, -0.04917306588008595]}, "nonfixated_points_in_view": [770, 898, 4, 132, 1158, 1282, 1274, 395, 1035, 143, 1429, 1049, 928, 289, 162, 549, 175, 307, 950, 954, 187, 316, 1214, 1090, 1093, 838, 202, 1226, 218, 90, 730, 225, 226, 610, 995, 614, 742, 232, 105, 107, 876, 365, 1394, 755, 1011, 1396, 1142, 887, 506, 637], "point_pitch": 0.050996140637669995, "camera_rotation_from_original_to_final": [-0.035308197140693665, 0.020503820851445198, -2.0621604919433594], "camera_location": [3.5518953800201416, -7.357985973358154, 4.276762962341309], "camera_rotation_original": [1.5831875801086426, -0.0045831575989723206, 2.16766619682312], "view_id": 2, "point_location": [2.7901206016540527, -0.15590953826904297, 4.633317470550537], "camera_distance": 7.251023065180283, "bounding_box_ranges": {"x": [-7.357985973358154, -4.6721268495730985], "y": [1.6680757361417167, 4.764969624581181], "z": [2.881926331016952, 5.212716745116913]}, "obliqueness_angle": 0.12380561232566833, "resolution": 512, "point_uuid": "1266", "point_normal": [0.05434826761484146, -0.9964921474456787, 0.0636381283402443], "camera_rotation_final": [1.6199934482574463, 0.013088544830679893, 0.10602416843175888], "vanishing_points_image": {"x": [210.84479035914765, 235.72270715381634], "y": [481.4224397547715, 251.87307672793418], "z": [253.256049591286, 46.620428512558995]}, "camera_uuid": "4f0e7099dffb9eae50102f6058915b65", "field_of_view_rads": 1.074779742130515, "room": "77c77478b552f1977cad320741ba92a5"}