{"vanishing_points_gaussian_sphere": {"x": [0.32350375273270415, -0.07850713461194717, 0.9429644488435813], "y": [0.9459783300226713, 0.04967391710864737, -0.32040209282493975], "z": [-0.021686887636900277, 0.9956752140000799, 0.0903357466926555]}, "nonfixated_points_in_view": [768, 1170, 28, 542, 1447, 1064, 687, 1085, 75, 1483, 333, 334, 79, 208, 463, 338, 1366, 1242, 228, 1382, 1386, 367, 372, 1141], "point_pitch": -0.07767157157393889, "camera_rotation_from_original_to_final": [0.07387498021125793, -0.08745730668306351, -2.9671730995178223], "camera_location": [5.132575988769531, -10.393342971801758, 1.5002893209457397], "camera_rotation_original": [1.587233543395996, -0.019086314365267754, 2.634567975997925], "view_id": 0, "point_location": [6.354461193084717, -6.797253608703613, 1.1557847261428833], "camera_distance": 3.8136001254295815, "bounding_box_ranges": {"x": [-10.393342971801758, -3.944779750283522], "y": [4.188472947835646, 6.504241166724485], "z": [-0.01344346409321806, 2.4277330910193826]}, "obliqueness_angle": 1.2417609691619873, "resolution": 512, "point_uuid": "1465", "point_normal": [-0.9993853569030762, 0.000256289669778198, 0.035056136548519135], "camera_rotation_final": [1.480315923690796, 0.021688587963581085, -0.3295104503631592], "vanishing_points_image": {"x": [403.11737819153825, 291.7021014930323], "y": [451.97117079127025, 245.70943056027843], "z": [250.54098285294032, 5.368920191184038]}, "camera_uuid": "3d449594a2cb2c364ffe85b6c45b4104", "field_of_view_rads": 0.9787047133297653, "room": "856e4980d5eb3351797f528948f684e5"}