{"vanishing_points_gaussian_sphere": {"x": [-0.13898479803249933, -0.11101369832936267, 0.9840524298527507], "y": [0.9902920836584175, -0.013378553614712695, 0.13835679725495326], "z": [-0.0021943015598048497, 0.9937288227109122, 0.11179540220531936]}, "nonfixated_points_in_view": [514, 131, 1283, 1411, 266, 400, 656, 1303, 1177, 1056, 803, 676, 1060, 41, 1454, 559, 432, 1352, 1225, 717, 1101, 1494, 480, 102, 1127, 745, 1261, 110, 1134, 125], "point_pitch": -0.11149172385665373, "camera_rotation_from_original_to_final": [-0.02794433757662773, 0.10880330950021744, 2.9895505905151367], "camera_location": [-2.806222438812256, -9.90909194946289, 4.287649154663086], "camera_rotation_original": [1.5709993839263916, -0.0022501780185848475, -1.2808427810668945], "view_id": 6, "point_location": [-7.264019012451172, -10.535853385925293, 3.7812113761901855], "camera_distance": 4.530039655241332, "bounding_box_ranges": {"x": [-11.936229790401754, -8.161595984906882], "y": [-7.284178781896368, -2.806222438812256], "z": [2.765139153538823, 5.21239857514261]}, "obliqueness_angle": 0.17187899351119995, "resolution": 512, "point_uuid": "177", "point_normal": [0.9999691247940063, 0.007704641669988632, 0.0015844037989154458], "camera_rotation_final": [1.4587664604187012, 0.002194303320720792, 1.7102328538894653], "vanishing_points_image": {"x": [191.83628344884474, 307.25057973056215], "y": [505.49414921985124, 259.37059227976846], "z": [255.45494444737201, 9.161815792887007]}, "camera_uuid": "48bee344cd0412ed9774218b24d4c13a", "field_of_view_rads": 0.9992508841223214, "room": "ef914082afe6874a9bab2b30c864407b"}