{"vanishing_points_gaussian_sphere": {"x": [-0.019234388755724557, -0.2619079885403507, 0.9649011575430622], "y": [0.9998108572757362, -0.002259686462120735, 0.019316922390755876], "z": [-0.0028788822051682493, 0.9650902027043071, 0.2619019142377702]}, "nonfixated_points_in_view": [523, 527, 1042, 1044, 1068, 46, 1072, 76, 1106, 603, 1122, 611, 106, 1137, 1138, 121, 633, 634, 1148, 636, 640, 642, 1159, 140, 152, 669, 1186, 164, 1190, 1191, 168, 683, 173, 689, 692, 1206, 186, 1211, 191, 1215, 709, 199, 1229, 1233, 1234, 725, 1241, 1251, 1259, 748, 239, 1265, 756, 249, 766, 1280, 257, 258, 779, 272, 788, 279, 793, 1312, 1317, 297, 1324, 823, 826, 318, 1343, 322, 1353, 1357, 335, 1371, 1380, 870, 359, 871, 368, 893, 1405, 394, 1420, 399, 409, 421, 1446, 430, 436, 953, 1469, 452, 455, 993, 1006], "point_pitch": -0.2688144882533212, "camera_rotation_from_original_to_final": [0.14995011687278748, -0.22511085867881775, -0.5848111510276794], "camera_location": [0.21503694355487823, -3.282130241394043, 2.989867687225342], "camera_rotation_original": [1.575566053390503, 0.00037009804509580135, 2.1583032608032227], "view_id": 2, "point_location": [-7.083466053009033, -3.4282431602478027, 1.0088435411453247], "camera_distance": 7.563990487578573, "bounding_box_ranges": {"x": [-6.440026459501489, 1.4893910889445658], "y": [-7.431137890214397, 0.21503694355487823], "z": [-0.04358267199489818, 5.476197034411268]}, "obliqueness_angle": 0.717531144618988, "resolution": 512, "point_uuid": "1379", "point_normal": [0.8158454895019531, -0.5717172622680664, -0.08680745214223862], "camera_rotation_final": [1.305802822113037, 0.002878886181861162, 1.5900319814682007], "vanishing_points_image": {"x": [249.7508993156128, 341.09183271794205], "y": [425.7554838709984, 256.3836667365458], "z": [255.4429802816085, 69.26979201591783]}, "camera_uuid": "41fbfac86809ed0f1940b75ebedda277", "field_of_view_rads": 1.3013062182197903, "room": "8de55a2e5745f73de25402626a4c3d61"}