{"vanishing_points_gaussian_sphere": {"x": [-0.1124737211914238, -0.20408814712266113, 0.9724698916909422], "y": [0.9933919118942705, -0.0005883321636020597, 0.11477004508281469], "z": [-0.02285107053071955, 0.9789523390182508, 0.20280568657287643]}, "nonfixated_points_in_view": [772, 1029, 646, 1030, 8, 1414, 1290, 654, 1167, 144, 17, 275, 1299, 1403, 662, 1304, 1432, 28, 416, 672, 673, 293, 422, 677, 1061, 1062, 298, 171, 172, 687, 693, 1463, 1465, 314, 60, 317, 701, 831, 1085, 708, 1351, 456, 1099, 1483, 334, 848, 977, 466, 1232, 85, 91, 604, 94, 98, 740, 613, 1128, 1133, 367, 751, 242, 627, 1141, 1399, 248, 507], "point_pitch": -0.19336096843215422, "camera_rotation_from_original_to_final": [-0.22702986001968384, -0.014669859781861305, -1.5725395679473877], "camera_location": [-4.210936069488525, -6.891334056854248, 1.5098429918289185], "camera_rotation_original": [1.593726634979248, 0.010752296075224876, 0.11999154835939407], "view_id": 7, "point_location": [-1.4787367582321167, -6.568881988525391, 0.9400508403778076], "camera_distance": 2.8095463780566057, "bounding_box_ranges": {"x": [-10.745833150299307, -6.126668611487598], "y": [-3.55126420919126, 6.495920135900002], "z": [-0.016501404409736575, 2.4277208269317563]}, "obliqueness_angle": 1.5137722492218018, "resolution": 512, "point_uuid": "328", "point_normal": [0.01241527684032917, -0.9771041870117188, -0.2123992145061493], "camera_rotation_final": [1.3665199279785156, 0.022853059694170952, -1.458054542541504], "vanishing_points_image": {"x": [200.58816641986476, 356.54702844579987], "y": [522.748693763695, 256.1579807871002], "z": [249.56338506639014, -19.74809837229857]}, "camera_uuid": "41b233ae6d911bdc4a03358505e283ee", "field_of_view_rads": 0.9363962601308717, "room": "856e4980d5eb3351797f528948f684e5"}