{"vanishing_points_gaussian_sphere": {"x": [-0.15129644158005662, 0.3678535831040648, 0.917492849107127], "y": [0.9884489151356592, 0.06460058195112885, 0.13709670666618493], "z": [-0.008839057209396619, 0.9276370552156035, -0.3733783133211845]}, "nonfixated_points_in_view": [1028, 10, 14, 1041, 1043, 31, 548, 38, 1069, 1071, 578, 70, 585, 590, 1107, 87, 106, 624, 128, 147, 148, 1172, 156, 670, 160, 1186, 173, 1211, 1216, 709, 204, 729, 1250, 739, 233, 1263, 762, 764, 765, 255, 261, 1289, 780, 1295, 1298, 787, 1300, 1305, 1313, 292, 293, 300, 813, 825, 828, 1341, 1342, 324, 1369, 352, 865, 356, 358, 1384, 877, 1390, 888, 1401, 1405, 906, 1420, 1431, 1436, 424, 433, 1461, 951, 440, 1468, 957, 1469, 447, 962, 1479, 458, 460, 461, 1485, 979, 1491, 981, 475, 483, 1005, 502, 508, 1022], "point_pitch": 0.37988026539352937, "camera_rotation_from_original_to_final": [0.20218577980995178, -0.3187717795372009, -1.9602059125900269], "camera_location": [-4.307779312133789, 0.3686792552471161, 1.49626624584198], "camera_rotation_original": [1.5781090259552002, -0.005691109225153923, -1.0627084970474243], "view_id": 2, "point_location": [-3.361143112182617, -5.966423988342285, 4.074370384216309], "camera_distance": 6.90480050458282, "bounding_box_ranges": {"x": [-6.441894492792449, 0.3686792552471161], "y": [-7.253218189738854, 1.4911947503914886], "z": [0.030224653302656446, 5.477678190563044]}, "obliqueness_angle": 0.4109039008617401, "resolution": 512, "point_uuid": "991", "point_normal": [0.010410211980342865, 0.9999438524246216, -0.001998920924961567], "camera_rotation_final": [1.9534600973129272, 0.008839172311127186, -2.9897069931030273], "vanishing_points_image": {"x": [203.37680691888812, 128.05495431945644], "y": [455.7759366604799, 242.9435419772527], "z": [254.59777330084313, 108.83979782733292]}, "camera_uuid": "5fb98853d32c905b4569c0e295d9d2d9", "field_of_view_rads": 1.1942500957589428, "room": "8de55a2e5745f73de25402626a4c3d61"}