{"vanishing_points_gaussian_sphere": {"x": [-0.6173507553994786, -0.05812890518411975, 0.7845374912582501], "y": [0.786597703579822, -0.060722526081731704, 0.6144728045643713], "z": [0.011920466880282973, 0.9964606390662649, 0.08321116067575941]}, "nonfixated_points_in_view": [771, 775, 137, 654, 17, 529, 28, 926, 287, 35, 422, 934, 1062, 43, 821, 456, 1483, 848, 1113, 1370, 474, 604, 1391, 1395, 1141, 1399], "point_pitch": -0.08112303813430266, "camera_rotation_from_original_to_final": [0.07468391209840775, 0.03740757703781128, 0.1990436315536499], "camera_location": [3.8354318141937256, -5.580057144165039, 1.5235874652862549], "camera_rotation_original": [1.571001648902893, -0.012118679471313953, -2.674816608428955], "view_id": 7, "point_location": [6.039306163787842, -8.393887519836426, 1.225142240524292], "camera_distance": 3.5866102458135347, "bounding_box_ranges": {"x": [-11.567473184910783, -5.580057144165039], "y": [3.8354318141937256, 6.500935777651614], "z": [-0.032841408499756086, 2.4227050124884397]}, "obliqueness_angle": 1.131100058555603, "resolution": 512, "point_uuid": "144", "point_normal": [-0.9390825629234314, -0.2208779752254486, 0.2633190453052521], "camera_rotation_final": [1.4874829053878784, -0.011920749209821224, -2.476166248321533], "vanishing_points_image": {"x": [-20.797969225967435, 282.0629192846481], "y": [565.3927286155155, 279.88401078130954], "z": [259.38915535245076, -27.307687720175185]}, "camera_uuid": "c83171f93afe09cc67e6fc1972ae2a82", "field_of_view_rads": 0.8783134301439071, "room": "856e4980d5eb3351797f528948f684e5"}