{"vanishing_points_gaussian_sphere": {"x": [0.06868626750758529, 0.04044416719435681, 0.9968181709799593], "y": [0.9976380029249334, -0.003567902313369305, -0.06859799700452575], "z": [0.0007821609981989287, 0.9991754297484687, -0.040593704082477255]}, "nonfixated_points_in_view": [769, 516, 1285, 263, 1162, 907, 1294, 1296, 20, 664, 668, 1059, 1189, 39, 1065, 44, 1455, 305, 178, 179, 1076, 1203, 1462, 445, 1213, 1471, 64, 450, 67, 196, 1477, 1480, 1227, 589, 336, 720, 849, 467, 468, 214, 471, 1112, 1496, 1114, 1126, 999, 618, 114], "point_pitch": 0.031371549763951734, "camera_rotation_from_original_to_final": [0.020488690584897995, -0.026697678491473198, -0.576994001865387], "camera_location": [-4.307779312133789, 0.3686792552471161, 1.49626624584198], "camera_rotation_original": [1.5781090259552002, -0.005691109225153923, -1.0627084970474243], "view_id": 1, "point_location": [1.4387156963348389, -0.026775920763611794, 1.7302818298339844], "camera_distance": 5.764838007970479, "bounding_box_ranges": {"x": [-3.296289379803391, 1.4217873387384523], "y": [-4.307779312133789, 1.4760730189584823], "z": [0.00155038673483264, 4.575967081237406]}, "obliqueness_angle": 0.22833581268787384, "resolution": 512, "point_uuid": "552", "point_normal": [-0.9847984910011292, -0.008421240374445915, 0.17349696159362793], "camera_rotation_final": [1.6114012002944946, -0.0007821610779501498, -1.639536738395691], "vanishing_points_image": {"x": [288.945949023575, 236.60061320788654], "y": [488.06446646332404, 256.82994367126935], "z": [256.18443841282243, 20.388238715133173]}, "camera_uuid": "5fb98853d32c905b4569c0e295d9d2d9", "field_of_view_rads": 0.9778690211473879, "room": "8de55a2e5745f73de25402626a4c3d61"}