{"vanishing_points_gaussian_sphere": {"x": [0.17186363292645054, 0.008531753304029645, 0.985083803979581], "y": [0.9850771907049456, 0.007915100131283243, -0.1719310313549133], "z": [-0.009263910091031283, 0.9999322778945937, -0.007044117712982196]}, "nonfixated_points_in_view": [1027, 10, 522, 14, 528, 1043, 31, 40, 1069, 1071, 54, 63, 70, 585, 1100, 87, 611, 106, 109, 1135, 624, 1143, 636, 1150, 1159, 147, 148, 156, 670, 1186, 675, 164, 173, 1198, 1211, 190, 191, 1216, 709, 729, 1241, 1248, 1250, 739, 1263, 762, 764, 765, 255, 264, 1289, 779, 780, 1295, 786, 787, 1300, 1305, 1313, 292, 293, 1317, 809, 300, 825, 828, 1341, 1342, 335, 1363, 852, 859, 352, 865, 1379, 356, 358, 1384, 877, 1401, 1405, 394, 906, 1420, 406, 919, 925, 941, 433, 1468, 957, 1469, 447, 962, 1474, 458, 460, 1485, 979, 1491, 469, 981, 475, 991, 1005, 1006, 502, 508], "point_pitch": 0.007225112118993238, "camera_rotation_from_original_to_final": [0.012935715727508068, 0.007509921677410603, -2.251563787460327], "camera_location": [-4.307779312133789, 0.3686792552471161, 1.49626624584198], "camera_rotation_original": [1.5781090259552002, -0.005691109225153923, -1.0627084970474243], "view_id": 2, "point_location": [-6.240339279174805, -10.703947067260742, 1.5754450559616089], "camera_distance": 11.240289473895722, "bounding_box_ranges": {"x": [-6.441843502177728, 0.3686792552471161], "y": [-7.328449235422289, -1.3894415065047512], "z": [-0.018098811871347636, 5.478361113473194]}, "obliqueness_angle": 0.69659823179245, "resolution": 512, "point_uuid": "1298", "point_normal": [0.22950731217861176, 0.7430818676948547, 0.6286142468452454], "camera_rotation_final": [1.577840805053711, 0.009264042600989342, -3.314321279525757], "vanishing_points_image": {"x": [318.85155789400966, 252.87988681727035], "y": [424.3396713579548, 254.6473899026004], "z": [254.2868331798903, 71.08339523888469]}, "camera_uuid": "5fb98853d32c905b4569c0e295d9d2d9", "field_of_view_rads": 1.2075970832338583, "room": "8de55a2e5745f73de25402626a4c3d61"}