{"vanishing_points_gaussian_sphere": {"x": [-0.027594250932409362, 0.11748444387877366, 0.9926912726331256], "y": [0.9995846768140135, 0.011497079902352892, 0.026425196921555063], "z": [-0.008308501315115449, 0.9930081684458665, -0.11775290317305358]}, "nonfixated_points_in_view": [3, 643, 644, 771, 774, 775, 137, 1029, 1160, 12, 1164, 1286, 1414, 1422, 529, 530, 1403, 1428, 662, 665, 285, 797, 287, 416, 673, 926, 1442, 1188, 165, 934, 1062, 296, 1443, 298, 43, 172, 682, 1066, 1070, 1328, 181, 821, 1078, 1080, 1084, 317, 958, 65, 66, 1221, 1351, 973, 847, 848, 1236, 1113, 351, 607, 1378, 99, 617, 362, 363, 1130, 751, 241, 1395, 116, 117, 1013, 1269, 248, 1271, 1021, 894, 1399], "point_pitch": 0.11767204205063386, "camera_rotation_from_original_to_final": [-0.08437835425138474, 0.09126249700784683, 0.871701717376709], "camera_location": [2.0380539894104004, -3.850883722305298, 1.5039372444152832], "camera_rotation_original": [1.5646412372589111, 0.005592518951743841, 2.2927701473236084], "view_id": 4, "point_location": [2.2415947914123535, -11.497159004211426, 2.410937547683716], "camera_distance": 7.702571569974307, "bounding_box_ranges": {"x": [-11.702430302216825, -3.850883722305298], "y": [0.9030918855157257, 6.510105566226409], "z": [-0.025210360930424613, 2.4277342950279426]}, "obliqueness_angle": 1.0462487936019897, "resolution": 512, "point_uuid": "1330", "point_normal": [-0.008261580020189285, 0.3953365683555603, -0.9184991717338562], "camera_rotation_final": [1.6888271570205688, 0.008308596909046173, 3.169191360473633], "vanishing_points_image": {"x": [246.14037184150348, 214.0219468943084], "y": [438.29322239980775, 253.90328944390376], "z": [254.58794396575138, 87.23512615190936]}, "camera_uuid": "46dec00679fa99b86c497ab5e0e1ad5c", "field_of_view_rads": 1.2365015553075855, "room": "856e4980d5eb3351797f528948f684e5"}