{"vanishing_points_gaussian_sphere": {"x": [0.11084729808000694, -0.17237073396527813, 0.9787753606321695], "y": [0.9938368787894987, 0.018169634550317074, -0.1093532017741379], "z": [0.0010653010417199862, 0.9848645563998023, 0.17332244713571088]}, "nonfixated_points_in_view": [1026, 517, 648, 16, 153, 284, 1057, 930, 936, 1321, 427, 555, 940, 1199, 180, 1077, 697, 58, 1083, 1212, 1341, 835, 710, 455, 1096, 329, 1481, 715, 1355, 1357, 974, 80, 336, 83, 87, 988, 354, 1255, 240, 500, 759, 253, 1020, 509], "point_pitch": -0.1722099026057382, "camera_rotation_from_original_to_final": [-0.04921617731451988, 0.1673887073993683, 1.1653478145599365], "camera_location": [-2.806222438812256, -9.90909194946289, 4.287649154663086], "camera_rotation_original": [1.5709993839263916, -0.0022501780185848475, -1.2808427810668945], "view_id": 3, "point_location": [-2.229914665222168, -4.75079870223999, 3.374213457107544], "camera_distance": 5.270150260678728, "bounding_box_ranges": {"x": [-9.90909194946289, -5.958116782360148], "y": [-4.997717455627891, -1.7641791299603142], "z": [2.7651376178644966, 5.212401425686428]}, "obliqueness_angle": 0.49943217635154724, "resolution": 512, "point_uuid": "910", "point_normal": [0.3682866394519806, -0.9279736876487732, 0.0568317286670208], "camera_rotation_final": [1.3965940475463867, -0.0010653012432157993, -0.11107562482357025], "vanishing_points_image": {"x": [293.533323758756, 314.36539705084687], "y": [418.9217250387973, 253.0214144117214], "z": [256.20166180856233, 69.56484237367432]}, "camera_uuid": "48bee344cd0412ed9774218b24d4c13a", "field_of_view_rads": 1.2745701828026623, "room": "ef914082afe6874a9bab2b30c864407b"}