{"vanishing_points_gaussian_sphere": {"x": [0.5012264396828799, -0.03141153939718442, 0.8647458420573779], "y": [0.8652901034983757, 0.025949501069174468, -0.5005993010203185], "z": [-0.006715128486829383, 0.9991696245317709, 0.04018667020848241]}, "nonfixated_points_in_view": [263, 648, 1294, 915, 22, 284, 924, 32, 1057, 930, 548, 38, 554, 427, 434, 951, 697, 58, 1212, 324, 454, 329, 715, 332, 589, 974, 1355, 80, 592, 1356, 1240, 1114, 738, 483, 1393, 1014, 509, 1022, 511], "point_pitch": -0.03698663314315276, "camera_rotation_from_original_to_final": [-0.041273925453424454, -0.005059137474745512, -0.6323660612106323], "camera_location": [-5.364199638366699, -8.788909912109375, 4.275810241699219], "camera_rotation_original": [1.5721772909164429, 0.007314607501029968, 0.10773365199565887], "view_id": 0, "point_location": [-3.9844934940338135, -6.405576229095459, 4.165050983428955], "camera_distance": 2.756108829129237, "bounding_box_ranges": {"x": [-8.788909912109375, -5.9576467397925645], "y": [-5.513121921975151, -1.9747659716236474], "z": [2.767737119719299, 5.212112221279672]}, "obliqueness_angle": 1.3226330280303955, "resolution": 512, "point_uuid": "253", "point_normal": [-0.2433396577835083, -0.18739928305149078, -0.9516655802726746], "camera_rotation_final": [1.5305979251861572, 0.006715178955346346, -0.5250285863876343], "vanishing_points_image": {"x": [429.35664315499014, 266.8641496040629], "y": [391.8680208594232, 251.9254042796702], "z": [254.6546377494255, 55.818410414293524]}, "camera_uuid": "c71ad462c76696bcaee0b134a2de9f61", "field_of_view_rads": 1.1555445508149926, "room": "ef914082afe6874a9bab2b30c864407b"}