{"vanishing_points_gaussian_sphere": {"x": [-0.14915629171189698, 0.034959642420182464, 0.988195438182452], "y": [0.9887796006721643, 0.013564657285285817, 0.14876458371308734], "z": [-0.008203775798430972, 0.9992966643968075, -0.036590635250885684]}, "nonfixated_points_in_view": [3, 643, 644, 771, 774, 775, 137, 1029, 1160, 12, 1164, 1286, 1414, 144, 529, 530, 1403, 1422, 1428, 662, 665, 28, 285, 797, 287, 416, 673, 926, 1442, 1188, 165, 422, 934, 296, 1062, 298, 43, 172, 682, 1066, 1070, 1328, 1330, 181, 821, 1078, 1080, 1084, 317, 958, 65, 66, 1221, 1351, 973, 847, 848, 1236, 1113, 1443, 351, 607, 1378, 99, 617, 1130, 363, 1258, 751, 241, 1395, 116, 117, 1013, 1141, 248, 1269, 1271, 1021, 894, 1399], "point_pitch": 0.03523178497818513, "camera_rotation_from_original_to_final": [-0.030228085815906525, 0.030352512374520302, 0.9977887272834778], "camera_location": [2.0380539894104004, -3.850883722305298, 1.5039372444152832], "camera_rotation_original": [1.5646412372589111, 0.005592518951743841, 2.2927701473236084], "view_id": 4, "point_location": [3.2089221477508545, -11.628643989562988, 1.7919299602508545], "camera_distance": 7.870668904313745, "bounding_box_ranges": {"x": [-11.702763407706385, -3.850883722305298], "y": [0.9024813047816025, 6.509655913462174], "z": [-0.02370202070273353, 2.42773275510523]}, "obliqueness_angle": 0.18470190465450287, "resolution": 512, "point_uuid": "362", "point_normal": [0.02939402125775814, 0.9995201230049133, 0.00977307464927435], "camera_rotation_final": [1.6073963642120361, 0.008203867822885513, 3.2913126945495605], "vanishing_points_image": {"x": [202.68840922996452, 243.50468968636287], "y": [449.1588206264236, 253.3501342446322], "z": [254.5432442604527, 78.55351838735774]}, "camera_uuid": "46dec00679fa99b86c497ab5e0e1ad5c", "field_of_view_rads": 1.2319978740985356, "room": "856e4980d5eb3351797f528948f684e5"}