{"vanishing_points_gaussian_sphere": {"x": [0.2494806395152941, 0.07221641685994643, 0.9656832812278312], "y": [0.9683638726234159, -0.024321534916294445, -0.24835432981346697], "z": [0.005551639831682537, 0.9970923989657258, -0.07599952118239536]}, "nonfixated_points_in_view": [256, 139, 270, 419, 1196, 1453, 434, 53, 1077, 1079, 697, 444, 1345, 835, 329, 1355, 1230, 1488, 723, 348, 349, 1381, 875, 621, 880, 1267, 629, 246, 1406], "point_pitch": 0.07733924786118074, "camera_rotation_from_original_to_final": [-0.019988954067230225, -0.0721929743885994, 3.0139124393463135], "camera_location": [-0.41287627816200256, -7.842004776000977, 4.30043888092041], "camera_rotation_original": [1.572762131690979, 0.0053438530303537846, -1.6945343017578125], "view_id": 11, "point_location": [-7.185664176940918, -6.100180149078369, 4.833458423614502], "camera_distance": 7.013467163735731, "bounding_box_ranges": {"x": [-8.219794484568967, -6.589733550972353], "y": [-1.9326084213637333, -0.41287627816200256], "z": [3.597370176502828, 5.208531808771171]}, "obliqueness_angle": 1.2171475887298584, "resolution": 512, "point_uuid": "308", "point_normal": [0.09621713310480118, -0.990602970123291, -0.09720093756914139], "camera_rotation_final": [1.6468703746795654, -0.0055516683496534824, 1.3186484575271606], "vanishing_points_image": {"x": [373.6124030670479, 221.95508836159894], "y": [466.01177387104366, 261.27467911127235], "z": [257.30395875231636, 21.804807242789384]}, "camera_uuid": "58e0ccf199c02b51751470380455ffc0", "field_of_view_rads": 0.9669145527575753, "room": "9be1cd563f04d329bc30a6918cfb1205"}