{"vanishing_points_gaussian_sphere": {"x": [0.13616703317858098, 0.07901549424638384, 0.9875297923325367], "y": [0.9906608391117594, -0.003770970660549015, -0.13629703456297973], "z": [-0.007045631677006247, 0.9968662555474916, -0.07879103772000345]}, "nonfixated_points_in_view": [1152, 644, 773, 1159, 521, 522, 141, 639, 272, 401, 402, 528, 786, 535, 795, 29, 1182, 37, 1317, 299, 941, 814, 1198, 689, 436, 57, 315, 63, 1087, 1472, 322, 1218, 1474, 966, 967, 200, 1478, 1100, 339, 852, 981, 1371, 224, 1248, 1252, 229, 997, 1254, 488, 106, 1143, 1019, 1021, 127], "point_pitch": 0.06901235977676912, "camera_rotation_from_original_to_final": [-0.06169670820236206, -0.05246839299798012, -2.1723480224609375], "camera_location": [3.8354318141937256, -5.580057144165039, 1.5235874652862549], "camera_rotation_original": [1.571001648902893, -0.012118679471313953, -2.674816608428955], "view_id": 9, "point_location": [-6.859612464904785, -4.103945732116699, 2.3769001960754395], "camera_distance": 10.83009821870142, "bounding_box_ranges": {"x": [-6.446665396538172, -3.908301894901375], "y": [-3.5508063508455145, 3.8354318141937256], "z": [-0.061129538873601175, 2.427734341867908]}, "obliqueness_angle": 0.059255920350551605, "resolution": 512, "point_uuid": "793", "point_normal": [0.9789471626281738, -0.19336271286010742, -0.06537111848592758], "camera_rotation_final": [1.6496710777282715, 0.007045689970254898, -4.8489837646484375], "vanishing_points_image": {"x": [318.69221409409295, 219.62073721949852], "y": [472.16592902535564, 256.8228400114169], "z": [254.42008767941218, 32.462728777365434]}, "camera_uuid": "c83171f93afe09cc67e6fc1972ae2a82", "field_of_view_rads": 1.004429524663338, "room": "856e4980d5eb3351797f528948f684e5"}