{"vanishing_points_gaussian_sphere": {"x": [0.12394132030130568, -0.3393022190894173, 0.9324765698091112], "y": [0.9922837390041724, 0.045595849962224266, -0.11529960873360279], "z": [-0.0033956486668527885, 0.9395717229606367, 0.34233528445503825]}, "nonfixated_points_in_view": [640, 257, 258, 642, 1280, 1159, 394, 523, 140, 779, 1420, 399, 272, 527, 1042, 788, 152, 793, 669, 1405, 1186, 164, 421, 1190, 1191, 168, 297, 1317, 683, 1068, 173, 46, 430, 1072, 689, 1324, 436, 692, 823, 953, 186, 826, 1469, 318, 191, 1215, 322, 452, 709, 199, 1353, 76, 1229, 1357, 335, 978, 1106, 1234, 725, 1241, 1371, 1120, 993, 611, 1251, 1379, 1380, 871, 106, 1259, 1446, 1006, 239, 368, 1137, 1138, 1265, 756, 121, 634, 636, 893, 766], "point_pitch": -0.35277335246535735, "camera_rotation_from_original_to_final": [0.19955863058567047, -0.2945934236049652, -0.7407999038696289], "camera_location": [0.21503694355487823, -3.282130241394043, 2.989867687225342], "camera_rotation_original": [1.575566053390503, 0.00037009804509580135, 2.1583032608032227], "view_id": 4, "point_location": [-7.424553871154785, -2.337503433227539, 0.18518337607383728], "camera_distance": 8.192796879261783, "bounding_box_ranges": {"x": [-6.441362010663635, 1.5484044271930468], "y": [-7.431141758476882, 0.21503694355487823], "z": [-0.03990615063224956, 5.030224443893964]}, "obliqueness_angle": 1.008976936340332, "resolution": 512, "point_uuid": "279", "point_normal": [0.22160649299621582, 0.061384040862321854, 0.9732022881507874], "camera_rotation_final": [1.2213929891586304, 0.0033956551924347878, 1.4465347528457642], "vanishing_points_image": {"x": [297.23807848076245, 368.8935169117997], "y": [422.6186854429484, 248.34380219715788], "z": [255.27241158678717, 54.67719953425473]}, "camera_uuid": "41fbfac86809ed0f1940b75ebedda277", "field_of_view_rads": 1.2490240162642579, "room": "8de55a2e5745f73de25402626a4c3d61"}