{"vanishing_points_gaussian_sphere": {"x": [-0.028687994137199833, 0.14617234008765945, 0.9888430846123573], "y": [0.9995789637040545, -0.00010672462238277882, 0.029015236173145127], "z": [0.004346758874425803, 0.9892591347079656, -0.14610773451167805]}, "nonfixated_points_in_view": [769, 1026, 516, 1285, 263, 647, 1162, 907, 13, 1294, 1296, 1427, 20, 661, 664, 668, 796, 1059, 1189, 39, 552, 1065, 557, 1455, 305, 178, 179, 1076, 1202, 1203, 1462, 1466, 445, 1213, 1471, 64, 450, 67, 196, 580, 1477, 839, 1096, 1480, 1354, 844, 589, 719, 336, 720, 849, 467, 468, 214, 471, 1114, 735, 1126, 615, 999, 364, 114, 630, 1407], "point_pitch": 0.1273508826878409, "camera_rotation_from_original_to_final": [0.11158085614442825, -0.08021049201488495, -0.8276439905166626], "camera_location": [-6.215150356292725, 0.12702560424804688, 1.4902317523956299], "camera_rotation_original": [1.5806941986083984, -0.017110392451286316, -0.7174729108810425], "view_id": 12, "point_location": [1.4603873491287231, 0.3522478938102722, 2.6243386268615723], "camera_distance": 7.762138818490437, "bounding_box_ranges": {"x": [-3.110824508467725, 1.5109956633710238], "y": [-6.215150356292725, 1.4758747711813767], "z": [0.09875822333225548, 4.510390723652219]}, "obliqueness_angle": 0.15941469371318817, "resolution": 512, "point_uuid": "618", "point_normal": [-0.9999194145202637, 0.00994228757917881, 0.007901915349066257], "camera_rotation_final": [1.7174303531646729, -0.004346772562712431, -1.5421041250228882], "vanishing_points_image": {"x": [239.38123841673055, 171.32334891147264], "y": [553.0645789363472, 256.03171745921185], "z": [257.18639978690544, -14.007345821970658]}, "camera_uuid": "7d18db1fca787c6dcd4baad30e113130", "field_of_view_rads": 0.8240515091215445, "room": "8de55a2e5745f73de25402626a4c3d61"}