{"vanishing_points_gaussian_sphere": {"x": [0.469982162281583, -0.3137332944218335, 0.8250382943284215], "y": [0.8825852105342746, 0.1536312184087359, -0.4443431049047767], "z": [0.012653587763861301, 0.9369999299367479, 0.3491002979305974]}, "nonfixated_points_in_view": [896, 259, 1159, 779, 272, 528, 793, 925, 669, 1055, 1317, 814, 63, 1215, 1217, 322, 706, 1474, 711, 842, 335, 209, 1363, 343, 859, 1374, 224, 1248, 1379, 484, 743, 757, 1143, 1144], "point_pitch": -0.37857930263015227, "camera_rotation_from_original_to_final": [-0.37463873624801636, -0.06687525659799576, 0.9738064408302307], "camera_location": [-4.210936069488525, -6.891334056854248, 1.5098429918289185], "camera_rotation_original": [1.593726634979248, 0.010752296075224876, 0.11999154835939407], "view_id": 1, "point_location": [-7.12378454208374, -5.3225531578063965, 0.27732235193252563], "camera_distance": 3.530561751415166, "bounding_box_ranges": {"x": [-7.538967885209607, -5.932621351056403], "y": [-7.296879281542584, -4.210936069488525], "z": [-0.009587633134118256, 2.3821366538783804]}, "obliqueness_angle": 1.1093556880950928, "resolution": 512, "point_uuid": "423", "point_normal": [-0.015375500544905663, -0.9990783929824829, 0.04007530212402344], "camera_rotation_final": [1.214155673980713, -0.012653925456106663, 1.0814831256866455], "vanishing_points_image": {"x": [394.9492194975431, 348.75457642621876], "y": [381.4275468213839, 234.16688223392833], "z": [258.6625111881649, 58.8406770219436]}, "camera_uuid": "41b233ae6d911bdc4a03358505e283ee", "field_of_view_rads": 1.2702010026897281, "room": "ade82d56fe033105b37cc8ef1783cd93"}