{"vanishing_points_gaussian_sphere": {"x": [0.2411371654241411, 0.0838107046417293, 0.9668653645873697], "y": [0.9704471678786244, -0.011350050938797065, -0.24104661520138335], "z": [-0.009228315532506469, 0.9964170523084919, -0.0840707800682792]}, "nonfixated_points_in_view": [1027, 764, 1159, 264, 1289, 394, 522, 780, 906, 14, 1420, 528, 786, 147, 787, 1043, 406, 1298, 1305, 156, 925, 31, 1186, 164, 292, 1317, 941, 1198, 1071, 433, 825, 828, 1468, 190, 191, 447, 63, 962, 1216, 1469, 1474, 70, 585, 458, 460, 1100, 1485, 979, 852, 469, 1491, 1241, 991, 1248, 865, 611, 1379, 358, 1384, 106, 877, 1006, 1135, 624, 1263, 1143, 1401, 508, 765, 255], "point_pitch": 0.0850094119694571, "camera_rotation_from_original_to_final": [0.05048662796616554, -0.05986843630671501, -2.324080228805542], "camera_location": [-4.307779312133789, 0.3686792552471161, 1.49626624584198], "camera_rotation_original": [1.5781090259552002, -0.005691109225153923, -1.0627084970474243], "view_id": 0, "point_location": [-5.881680965423584, -5.9444169998168945, 2.0452020168304443], "camera_distance": 6.5294471082140815, "bounding_box_ranges": {"x": [-6.441734822204766, 0.3686792552471161], "y": [-7.246880963531689, -3.2766540743464105], "z": [-0.01837636662264308, 5.042970709466389]}, "obliqueness_angle": 0.9458155035972595, "resolution": 512, "point_uuid": "1069", "point_normal": [0.002448753220960498, 0.6691389679908752, 0.7431333065032959], "camera_rotation_final": [1.6549700498580933, 0.009228446520864964, -3.3851406574249268], "vanishing_points_image": {"x": [399.4065923995913, 206.15696755770296], "y": [522.0620254335128, 259.1117794368458], "z": [253.27935512581197, -37.75858859264087]}, "camera_uuid": "5fb98853d32c905b4569c0e295d9d2d9", "field_of_view_rads": 0.7895647794367642, "room": "8de55a2e5745f73de25402626a4c3d61"}