{"vanishing_points_gaussian_sphere": {"x": [-0.11151706005828148, -0.2984938992741755, 0.9478741147494514], "y": [0.9937527555287401, -0.02926756312847165, 0.10769805303512714], "z": [-0.004405246303418305, 0.9539626836751107, 0.2998929675073875]}, "nonfixated_points_in_view": [0, 1152, 644, 773, 1030, 1159, 521, 522, 777, 141, 639, 272, 401, 402, 528, 786, 535, 920, 793, 26, 410, 1048, 29, 1176, 1304, 36, 37, 677, 678, 805, 1317, 299, 941, 814, 1198, 688, 689, 818, 1329, 436, 693, 1336, 57, 315, 827, 63, 192, 1087, 322, 707, 1472, 1474, 966, 967, 200, 1478, 1100, 1490, 339, 852, 981, 1143, 984, 1368, 1371, 223, 224, 1248, 740, 229, 613, 997, 488, 1252, 106, 1254, 119, 1019, 1021, 127], "point_pitch": -0.31587521632644133, "camera_rotation_from_original_to_final": [0.28087887167930603, 0.12108165770769119, -1.909868597984314], "camera_location": [3.8354318141937256, -5.580057144165039, 1.5235874652862549], "camera_rotation_original": [1.571001648902893, -0.012118679471313953, -2.674816608428955], "view_id": 0, "point_location": [0.42599669098854065, -5.967440128326416, 0.44489341974258423], "camera_distance": 3.5969284307188514, "bounding_box_ranges": {"x": [-11.577338856806577, -3.9229365306953294], "y": [-3.5499530249387803, 3.8354318141937256], "z": [-0.05495042719266463, 2.4277321868075923]}, "obliqueness_angle": 1.4855912923812866, "resolution": 512, "point_uuid": "1218", "point_normal": [-0.016921158879995346, 0.999620795249939, -0.021728763356804848], "camera_rotation_final": [1.266212821006775, 0.004405260551720858, -4.600638389587402], "vanishing_points_image": {"x": [217.20208401037385, 359.84905431871067], "y": [448.23067993060306, 261.6614922864838], "z": [255.05151880677528, 50.60497729674586]}, "camera_uuid": "c83171f93afe09cc67e6fc1972ae2a82", "field_of_view_rads": 1.2206020914390627, "room": "856e4980d5eb3351797f528948f684e5"}