{"vanishing_points_gaussian_sphere": {"x": [-0.02429500308716328, -0.22026061421994225, 0.9751384592192273], "y": [0.9992900733876785, 0.022744257200836983, 0.030034113824623208], "z": [-0.028794132281473157, 0.9751758613644187, 0.21955167354935165]}, "nonfixated_points_in_view": [768, 1281, 644, 646, 908, 1402, 795, 1182, 671, 1058, 551, 1192, 1447, 686, 1456, 946, 820, 1463, 1339, 832, 1091, 69, 198, 712, 969, 972, 333, 462, 79, 208, 338, 599, 602, 1242, 860, 605, 222, 94, 994, 228, 1382, 104, 1257, 1002, 1258, 1386, 367, 1009, 372, 1140, 1018, 1021, 510], "point_pitch": -0.23739950259658293, "camera_rotation_from_original_to_final": [-0.07848681509494781, -0.24352480471134186, -1.3844190835952759], "camera_location": [3.307429552078247, -10.623159408569336, 1.5089129209518433], "camera_rotation_original": [1.6019235849380493, -0.010716056451201439, 1.4206318855285645], "view_id": 1, "point_location": [3.1220932006835938, -4.605714797973633, 0.15408901870250702], "camera_distance": 6.170862013643988, "bounding_box_ranges": {"x": [-10.623159408569336, -3.158069784889954], "y": [0.8829428492100919, 6.030754814825421], "z": [-0.01278037846856317, 2.4277336615255765]}, "obliqueness_angle": 0.6969054937362671, "resolution": 512, "point_uuid": "1149", "point_normal": [-0.01865345984697342, -0.8896738886833191, -0.45621535181999207], "camera_rotation_final": [1.3493480682373047, 0.028798112645745277, 0.024307474493980408], "vanishing_points_image": {"x": [243.95880830535503, 365.1664927593239], "y": [513.6621198465441, 250.1355031128893], "z": [247.78528823792084, -22.209064962874123]}, "camera_uuid": "6fc923253b31e08cd2b4b232614b75a1", "field_of_view_rads": 0.9336696496065873, "room": "856e4980d5eb3351797f528948f684e5"}