{"vanishing_points_gaussian_sphere": {"x": [0.30468898276668555, -0.1348382265119733, 0.9428590968176042], "y": [0.9524468004295698, 0.04637418320058308, -0.3011553211948184], "z": [-0.003117071073602877, 0.9897818384894645, 0.1425559401229481]}, "nonfixated_points_in_view": [1280, 257, 258, 259, 642, 517, 1324, 1288, 140, 1420, 15, 272, 788, 1044, 153, 1305, 27, 156, 412, 31, 164, 292, 932, 1191, 168, 1068, 1069, 46, 1071, 1072, 1197, 690, 947, 692, 437, 1199, 823, 1206, 953, 186, 1082, 828, 318, 1343, 321, 455, 711, 73, 76, 1229, 718, 1233, 1234, 725, 344, 603, 988, 1371, 993, 1122, 1251, 1380, 870, 359, 616, 871, 106, 1259, 748, 1006, 239, 368, 1263, 1138, 1265, 756, 1393, 120, 893, 511], "point_pitch": -0.17239253123733, "camera_rotation_from_original_to_final": [0.0700601190328598, -0.15032437443733215, -0.8928183317184448], "camera_location": [0.3440798223018646, -5.207657814025879, 4.2956719398498535], "camera_rotation_original": [1.591770052909851, -0.020765699446201324, 2.1472725868225098], "view_id": 11, "point_location": [-7.102736473083496, -2.8290956020355225, 3.1697468757629395], "camera_distance": 7.89812253027821, "bounding_box_ranges": {"x": [-6.075152961204273, 1.5061097576962243], "y": [-7.430633469444356, 0.3440798223018646], "z": [-0.03647839111204543, 5.446510780451175]}, "obliqueness_angle": 0.3097875416278839, "resolution": 512, "point_uuid": "636", "point_normal": [0.9993122220039368, -0.03661469370126724, -0.005884408485144377], "camera_rotation_final": [1.4277523756027222, 0.0031170761212706566, 1.2611829042434692], "vanishing_points_image": {"x": [393.2562097099759, 316.74188743877426], "y": [453.1073966325011, 246.4029342977445], "z": [255.20083015242724, 2.234916587375636]}, "camera_uuid": "65572d2c193d1b3ea0911dbf66b34fb7", "field_of_view_rads": 0.9864938093523357, "room": "8de55a2e5745f73de25402626a4c3d61"}