{"vanishing_points_gaussian_sphere": {"x": [0.017388887899309525, 0.015442646154483751, 0.9997295390541248], "y": [0.999841908015994, 0.0034444393800143074, -0.017444048047802897], "z": [-0.003712890055185612, 0.9998748224238396, -0.015380309825659851]}, "nonfixated_points_in_view": [1166, 1296, 914, 1427, 277, 664, 547, 552, 178, 1203, 1076, 1332, 1462, 1081, 1466, 64, 67, 580, 1096, 1227, 336, 720, 467, 214, 735, 867, 618, 114, 1139, 1276, 1407], "point_pitch": 0.01839788357285066, "camera_rotation_from_original_to_final": [-0.008664187975227833, 0.006978996563702822, -2.1757450103759766], "camera_location": [0.21503694355487823, -3.282130241394043, 2.989867687225342], "camera_rotation_original": [1.575566053390503, 0.00037009804509580135, 2.1583032608032227], "view_id": 4, "point_location": [0.2876158058643341, 0.8774110674858093, 3.0538599491119385], "camera_distance": 4.160666450088637, "bounding_box_ranges": {"x": [-3.282130241394043, 1.4985312679816207], "y": [-2.7564920685285035, 1.4775518085603747], "z": [0.1104900544402421, 4.04654080588546]}, "obliqueness_angle": 1.3633688688278198, "resolution": 512, "point_uuid": "1239", "point_normal": [0.644666850566864, -0.20592144131660461, -0.7362072467803955], "camera_rotation_final": [1.5861773490905762, 0.003712898585945368, -0.01738988421857357], "vanishing_points_image": {"x": [262.8626506070134, 249.9054477997889], "y": [451.6443731851045, 255.32600826383225], "z": [255.2727351419533, 60.14884093350613]}, "camera_uuid": "41fbfac86809ed0f1940b75ebedda277", "field_of_view_rads": 1.1506241814949618, "room": "8de55a2e5745f73de25402626a4c3d61"}