{"vanishing_points_gaussian_sphere": {"x": [0.5878976128370937, 0.13066890738685819, 0.7983119900532444], "y": [0.8084536878139352, -0.12895813056884145, -0.5742581607780927], "z": [0.027911135421097827, 0.9830032742582877, -0.1814539371768792]}, "nonfixated_points_in_view": [388, 136, 520, 1033, 1160, 1422, 784, 1428, 917, 537, 1178, 285, 1443, 1319, 296, 682, 1066, 1067, 174, 1327, 181, 1078, 695, 1080, 1221, 330, 973, 847, 980, 1236, 215, 728, 607, 863, 97, 99, 996, 357, 486, 617, 362, 1130, 1269, 758], "point_pitch": 0.1819332400944571, "camera_rotation_from_original_to_final": [0.15057629346847534, 0.05699430778622627, 1.9176326990127563], "camera_location": [5.059991836547852, -7.579131126403809, 1.5203824043273926], "camera_rotation_original": [1.596900224685669, 0.009909546934068203, 0.6009308099746704], "view_id": 6, "point_location": [2.2415947914123535, -11.497159004211426, 2.410937547683716], "camera_distance": 4.907890871546233, "bounding_box_ranges": {"x": [-12.052778705749034, -7.579131126403809], "y": [-2.212794950194616, 5.059991836547852], "z": [0.11132226847765292, 2.422230945296164]}, "obliqueness_angle": 1.0729632377624512, "resolution": 512, "point_uuid": "1330", "point_normal": [-0.008261580020189285, 0.3953365683555603, -0.9184991717338562], "camera_rotation_final": [1.7533329725265503, -0.027914760634303093, 2.5128519535064697], "vanishing_points_image": {"x": [527.7682499677134, 195.5955018181713], "y": [430.4583646877848, 283.8282168927551], "z": [263.10755462051685, 5.678780224166108]}, "camera_uuid": "e2c81e729be96548bbabfecfc7939d49", "field_of_view_rads": 0.8636654705504486, "room": "856e4980d5eb3351797f528948f684e5"}