{"vanishing_points_gaussian_sphere": {"x": [-0.2171620667882493, -0.0024812556495125535, 0.9761324091119288], "y": [0.9761333809710165, 0.001562249876459452, 0.2171662541220801], "z": [-0.0020638077304670683, 0.9999957013636236, 0.0020827750542005024]}, "nonfixated_points_in_view": [1280, 642, 1028, 1159, 394, 779, 1420, 893, 399, 272, 527, 1042, 1148, 788, 149, 1044, 279, 152, 409, 793, 1172, 1431, 669, 1405, 1312, 930, 1186, 164, 421, 1190, 1191, 1317, 683, 1068, 173, 46, 430, 1072, 689, 436, 692, 1206, 823, 1461, 1211, 1469, 191, 1215, 1343, 322, 709, 199, 455, 1353, 1355, 76, 1357, 335, 1233, 1234, 725, 1241, 603, 1371, 993, 1122, 1251, 1379, 1380, 870, 359, 106, 748, 505, 1006, 239, 368, 633, 1265, 883, 756, 249, 636, 125], "point_pitch": -0.006398840746607348, "camera_rotation_from_original_to_final": [0.002388552762567997, -0.00664231413975358, -0.36859989166259766], "camera_location": [0.21503694355487823, -3.282130241394043, 2.989867687225342], "camera_rotation_original": [1.575566053390503, 0.00037009804509580135, 2.1583032608032227], "view_id": 9, "point_location": [-7.212235927581787, -4.934521675109863, 2.9740192890167236], "camera_distance": 7.608878469863167, "bounding_box_ranges": {"x": [-6.439072960333428, -0.38869481392584504], "y": [-7.430944804895727, 0.21503694355487823], "z": [-0.039161155490529086, 5.477462690930144]}, "obliqueness_angle": 0.26832690834999084, "resolution": 512, "point_uuid": "611", "point_normal": [0.9967609643936157, -0.03964276239275932, -0.06997209787368774], "camera_rotation_final": [1.5687135457992554, 0.002063809195533395, 1.7897030115127563], "vanishing_points_image": {"x": [174.78567834064137, 256.9279405810551], "y": [465.64802231071377, 255.6644694225813], "z": [255.60446565974834, 64.34811588584708]}, "camera_uuid": "41fbfac86809ed0f1940b75ebedda277", "field_of_view_rads": 1.1786396156842311, "room": "8de55a2e5745f73de25402626a4c3d61"}