{"vanishing_points_gaussian_sphere": {"x": [0.46773057857531264, -0.20314234535280948, 0.8602100286500752], "y": [0.8838689738245836, 0.10962972579465717, -0.4547053555132882], "z": [-0.0019346772032695283, 0.9729925543120812, 0.23082839140229477]}, "nonfixated_points_in_view": [0, 1284, 1418, 267, 912, 920, 1176, 410, 26, 293, 167, 1320, 685, 50, 818, 313, 829, 197, 582, 88, 984, 1368, 223, 242, 885, 631, 1273], "point_pitch": -0.2603162964198251, "camera_rotation_from_original_to_final": [-0.010814213193953037, -0.2580477297306061, -0.4961256980895996], "camera_location": [0.5467849373817444, -10.360032081604004, 1.5205349922180176], "camera_rotation_original": [1.5957993268966675, -0.011342709884047508, 1.5803825855255127], "view_id": 2, "point_location": [-2.7961266040802, -8.592975616455078, 0.6234995722770691], "camera_distance": 3.8861572856892646, "bounding_box_ranges": {"x": [-10.621548673591779, -6.123899421155714], "y": [-3.5511538549365844, 0.5467849373817444], "z": [-0.013131163612443375, 2.4275510207289943]}, "obliqueness_angle": 0.6837846040725708, "resolution": 512, "point_uuid": "707", "point_normal": [0.9817172288894653, 0.18150413036346436, 0.05733872205018997], "camera_rotation_final": [1.3378669023513794, 0.001934678410179913, 1.0840739011764526], "vanishing_points_image": {"x": [438.4041382660911, 335.2208295688017], "y": [416.04874542682745, 236.14852812516048], "z": [255.51392609321107, 11.542531151052554]}, "camera_uuid": "08b7810ec5503ef8e7e738fee540560e", "field_of_view_rads": 1.045078800626015, "room": "856e4980d5eb3351797f528948f684e5"}