{"vanishing_points_gaussian_sphere": {"x": [0.2679516581195568, 0.14016076886585277, 0.9531824944793695], "y": [0.9634299840128568, -0.036785240791570695, -0.26542326944880423], "z": [-0.002138881943099211, 0.9894452005699149, -0.14489175357208678]}, "nonfixated_points_in_view": [256, 284, 419, 1315, 1196, 434, 180, 53, 308, 697, 1212, 1345, 329, 1230, 80, 1488, 723, 866, 1381, 875, 621, 629, 246], "point_pitch": 0.1452346603062491, "camera_rotation_from_original_to_final": [-0.08841215074062347, -0.11477956175804138, -2.725445508956909], "camera_location": [-2.9783132076263428, -7.1683149337768555, 4.279703140258789], "camera_rotation_original": [1.5714958906173706, -0.0020283132325857878, -2.2531356811523438], "view_id": 2, "point_location": [-6.833837032318115, -6.0947065353393555, 4.865775108337402], "camera_distance": 4.044895424381052, "bounding_box_ranges": {"x": [-8.792196071839614, -5.9681278836403235], "y": [-7.284179620376098, -2.9783132076263428], "z": [3.1097771106166334, 5.211038248953064]}, "obliqueness_angle": 1.3508925437927246, "resolution": 512, "point_uuid": "444", "point_normal": [-0.06484328955411911, -0.991061270236969, -0.11658870428800583], "camera_rotation_final": [1.7162002325057983, 0.002138883573934436, -4.98365592956543], "vanishing_points_image": {"x": [347.4837081799693, 208.14649176948703], "y": [407.99492551358907, 261.8034003787447], "z": [255.64359833670997, 91.12885488832474]}, "camera_uuid": "e17726a518b6f85be09164e3bce92661", "field_of_view_rads": 1.2431350616452903, "room": "ef914082afe6874a9bab2b30c864407b"}