{"vanishing_points_gaussian_sphere": {"x": [0.35118034517823116, 0.0999536627155475, 0.9309573730683082], "y": [0.9362113350807751, -0.02321079004428995, -0.3506702087314983], "z": [-0.013442515641466606, 0.9947213300896219, -0.10172892527674943]}, "nonfixated_points_in_view": [0, 1032, 530, 1048, 26, 1061, 1066, 1067, 48, 50, 55, 568, 570, 1084, 71, 1100, 88, 99, 100, 617, 115, 627, 119, 641, 134, 646, 657, 658, 1176, 1194, 171, 684, 685, 688, 184, 701, 192, 706, 708, 197, 1232, 1236, 1243, 223, 753, 758, 1273, 1278, 254, 772, 1284, 774, 1286, 267, 802, 805, 296, 1320, 301, 814, 1329, 818, 1336, 313, 827, 829, 327, 328, 1365, 1368, 858, 863, 1409, 1418, 398, 1422, 912, 410, 1434, 933, 943, 944, 958, 458, 1484, 980, 984, 996], "point_pitch": 0.08061285416153474, "camera_rotation_from_original_to_final": [-0.09051606059074402, 0.013081087730824947, -1.4229880571365356], "camera_location": [5.132575988769531, -10.393342971801758, 1.5002893209457397], "camera_rotation_original": [1.587233543395996, -0.019086314365267754, 2.634567975997925], "view_id": 1, "point_location": [-3.224943161010742, -7.245256423950195, 2.4135427474975586], "camera_distance": 8.977338699234496, "bounding_box_ranges": {"x": [-11.47309948910235, -5.835796751246548], "y": [-3.5497391352252032, 5.132575988769531], "z": [-0.034623236841511695, 2.4241598450680986]}, "obliqueness_angle": 1.5565096139907837, "resolution": 512, "point_uuid": "465", "point_normal": [-0.08184830844402313, 0.030954960733652115, -0.9961640238761902], "camera_rotation_final": [1.6727107763290405, 0.01344292052090168, 1.2119309902191162], "vanishing_points_image": {"x": [414.5672482299021, 210.8682679286614], "y": [448.2474121336358, 260.76624684234025], "z": [252.9126763489768, 27.543751893459152]}, "camera_uuid": "3d449594a2cb2c364ffe85b6c45b4104", "field_of_view_rads": 0.9752618195559375, "room": "856e4980d5eb3351797f528948f684e5"}