{"vanishing_points_gaussian_sphere": {"x": [-0.399209292055564, -0.2524028099374684, 0.8814333569091685], "y": [0.9167829303296556, -0.09743863974899739, 0.3873174023201577], "z": [-0.011874333356666818, 0.9627037618185229, 0.27029699811096575]}, "nonfixated_points_in_view": [130, 135, 393, 780, 1165, 14, 782, 1039, 1169, 274, 1298, 534, 1174, 792, 667, 1054, 161, 1188, 550, 1318, 42, 556, 1328, 562, 1210, 829, 576, 1216, 1475, 70, 584, 585, 714, 460, 1358, 851, 1492, 470, 1367, 1383, 744, 874, 1007, 624, 1268, 760, 1023], "point_pitch": -0.2730191191050668, "camera_rotation_from_original_to_final": [-0.14359581470489502, 0.24802939593791962, -1.7366142272949219], "camera_location": [-6.116707801818848, -5.171044826507568, 1.5127230882644653], "camera_rotation_original": [1.5826430320739746, -0.00107341050170362, -1.010670781135559], "view_id": 2, "point_location": [-4.989352226257324, -7.736610412597656, 0.7259761691093445], "camera_distance": 2.9106748285302193, "bounding_box_ranges": {"x": [-6.441892112616143, -5.171044826507568], "y": [-6.410780637789491, -4.114295061308521], "z": [-0.013490897626084908, 1.9999017919125577]}, "obliqueness_angle": 0.5788964033126831, "resolution": 512, "point_uuid": "433", "point_normal": [-0.023690367117524147, 0.987343966960907, -0.15681444108486176], "camera_rotation_final": [1.2970750331878662, 0.011874612420797348, -2.730907678604126], "vanishing_points_image": {"x": [133.63183038439948, 333.3681135998794], "y": [450.915917030966, 276.71629083898466], "z": [253.6462117833166, 65.16816947429092]}, "camera_uuid": "676a1ae5fa5b4d774f8408cdbebb47fb", "field_of_view_rads": 1.2826923263998058, "room": "8de55a2e5745f73de25402626a4c3d61"}