{"vanishing_points_gaussian_sphere": {"x": [0.26910862089257076, -0.129145524859814, 0.9544118521738829], "y": [0.9631091653392782, 0.03491861259433657, -0.26683595360064516], "z": [0.0011339315577212552, 0.9910106578151265, 0.13377813833378233]}, "nonfixated_points_in_view": [256, 139, 270, 284, 1056, 1057, 419, 1315, 940, 1196, 434, 180, 53, 308, 697, 444, 1212, 1345, 1352, 329, 713, 717, 974, 1230, 80, 1488, 348, 738, 1381, 875, 621, 880, 629, 246, 509, 1406], "point_pitch": -0.11974887450667815, "camera_rotation_from_original_to_final": [-0.09302447736263275, 0.10836504399776459, 2.080843448638916], "camera_location": [-1.9361746311187744, -7.597706317901611, 4.284103870391846], "camera_rotation_original": [1.5789034366607666, -0.011993302032351494, -0.7884991765022278], "view_id": 0, "point_location": [-5.495290756225586, -6.602643013000488, 3.785228967666626], "camera_distance": 3.7291198708441393, "bounding_box_ranges": {"x": [-9.708549021506103, -5.968254544106982], "y": [-7.284179064288621, -1.9361746311187744], "z": [2.7651370714115107, 5.212400787717163]}, "obliqueness_angle": 1.3045828342437744, "resolution": 512, "point_uuid": "866", "point_normal": [0.5210456252098083, 0.5508809089660645, -0.6519522666931152], "camera_rotation_final": [1.4366158246994019, -0.0011339318007230759, 1.2983287572860718], "vanishing_points_image": {"x": [345.5395274284396, 298.9701182633677], "y": [403.8098113099366, 250.6409880369527], "z": [256.2113836576722, 71.25916955513895]}, "camera_uuid": "c967c3a72b851ec8965ae56c4998c340", "field_of_view_rads": 1.2687730908974515, "room": "ef914082afe6874a9bab2b30c864407b"}