{"vanishing_points_gaussian_sphere": {"x": [-0.03556806685569172, -0.35510344194865395, 0.9341501261234021], "y": [0.9993534566909577, -0.017550332939108862, 0.031379203520180164], "z": [0.005251782552952949, 0.9346622552184, 0.3554980836095619]}, "nonfixated_points_in_view": [1382, 1064, 170, 1386, 591, 208, 1170, 1366, 24, 1438], "point_pitch": -0.35252873500319915, "camera_rotation_from_original_to_final": [0.33024394512176514, 0.15526242554187775, 1.1623260974884033], "camera_location": [3.8354318141937256, -5.580057144165039, 1.5235874652862549], "camera_rotation_original": [1.571001648902893, -0.012118679471313953, -2.674816608428955], "view_id": 0, "point_location": [7.570470809936523, -5.454592227935791, 0.1021888479590416], "camera_distance": 3.998328676527969, "bounding_box_ranges": {"x": [-6.812876974800812, -4.635741755394443], "y": [3.8354318141937256, 6.510146668935292], "z": [-0.014222141870998906, 1.710134431010341]}, "obliqueness_angle": 0.2737688720226288, "resolution": 512, "point_uuid": "7", "point_normal": [-0.9954859614372253, 0.015222913585603237, 0.09368041157722473], "camera_rotation_final": [1.2073441743850708, -0.005251806695014238, -1.5352202653884888], "vanishing_points_image": {"x": [237.60581311338225, 439.6433535110584], "y": [535.8165653217868, 260.91405103008907], "z": [257.7603082454971, -57.28290119146755]}, "camera_uuid": "c83171f93afe09cc67e6fc1972ae2a82", "field_of_view_rads": 0.8695836713757367, "room": "856e4980d5eb3351797f528948f684e5"}