{"vanishing_points_gaussian_sphere": {"x": [0.5253392344149347, -0.3032599129340025, 0.795017052642012], "y": [0.85064317979919, 0.16454336283737123, -0.49933121513409534], "z": [0.02061236147202333, 0.9385941119320057, 0.34440706090484874]}, "nonfixated_points_in_view": [512, 1, 902, 9, 651, 1425, 918, 306, 439, 59, 1470, 449, 1350, 82, 478, 353, 482, 355, 609, 101, 873, 1385, 491, 369, 499, 886, 1016, 1279], "point_pitch": -0.36209337314101653, "camera_rotation_from_original_to_final": [0.34986454248428345, -0.004947114735841751, -0.5503756403923035], "camera_location": [9.521198272705078, -7.487616062164307, 1.5325249433517456], "camera_rotation_original": [-1.572507381439209, -3.1185641288757324, -0.011458786204457283], "view_id": 2, "point_location": [7.257313251495361, -11.09209156036377, -0.02895975299179554], "camera_distance": 4.533834338669764, "bounding_box_ranges": {"x": [-11.651546059375384, -7.487616062164307], "y": [6.465119043667985, 9.880178106259189], "z": [-0.02829806567331894, 2.4312227491500296]}, "obliqueness_angle": 0.8366605639457703, "resolution": 512, "point_uuid": "1024", "point_normal": [-0.09274647384881973, 0.5379725694656372, 0.8378446102142334], "camera_rotation_final": [-1.9224814176559448, -3.120978832244873, -0.553244948387146], "vanishing_points_image": {"x": [404.9584571785389, 341.98849237875015], "y": [372.28664493857553, 233.50620228826665], "z": [260.2538327837911, 62.29961251995457]}, "camera_uuid": "0cc55cb7b667b337a397194e0a67a643", "field_of_view_rads": 1.2860573059103262, "room": "8868fae7afbf71557a2e4faceeb9d9d6"}