{"vanishing_points_gaussian_sphere": {"x": [0.6702137720315734, -0.02507198152618114, 0.7417444947699721], "y": [0.7420643046131551, 0.03935301050347562, -0.669172555013509], "z": [-0.012412396956451794, 0.998910774947725, 0.044979952146832]}, "nonfixated_points_in_view": [2, 131, 514, 1283, 1411, 400, 403, 790, 1046, 1177, 413, 1184, 1440, 803, 676, 1060, 41, 1454, 559, 432, 177, 565, 1207, 700, 189, 705, 1225, 77, 1101, 1362, 1494, 601, 480, 1125, 102, 1127, 745, 1260, 110, 111, 366, 622, 1134, 125], "point_pitch": -0.0375498970362802, "camera_rotation_from_original_to_final": [-0.02014860138297081, 0.0548650324344635, -3.0882015228271484], "camera_location": [-1.9361746311187744, -7.597706317901611, 4.284103870391846], "camera_rotation_original": [1.5789034366607666, -0.011993302032351494, -0.7884991765022278], "view_id": 4, "point_location": [-5.506387710571289, -11.555109024047852, 4.044123649597168], "camera_distance": 5.335264643139061, "bounding_box_ranges": {"x": [-11.992119760523044, -7.597706317901611], "y": [-7.284179586338505, -1.9361746311187744], "z": [2.7651379322371596, 5.212399941497202]}, "obliqueness_angle": 0.7470975518226624, "resolution": 512, "point_uuid": "1303", "point_normal": [-0.013206061907112598, 0.9996617436408997, 0.02240617200732231], "camera_rotation_final": [1.525797724723816, 0.012412715703248978, 2.4070262908935547], "vanishing_points_image": {"x": [542.4964031119323, 266.7175245061979], "y": [405.5338640634388, 248.06994907782084], "z": [252.5850912273867, -18.821146986751216]}, "camera_uuid": "c967c3a72b851ec8965ae56c4998c340", "field_of_view_rads": 0.8884534238331921, "room": "ef914082afe6874a9bab2b30c864407b"}