{"vanishing_points_gaussian_sphere": {"x": [0.46285380831704026, -0.004459434754823097, 0.8864234121276807], "y": [0.8864168185794384, 0.00866752517723914, -0.4628067606969555], "z": [-0.005619240688891802, 0.999952492596008, 0.007964715005001835]}, "nonfixated_points_in_view": [516, 1028, 13, 18, 20, 22, 32, 546, 1059, 548, 38, 39, 552, 557, 64, 578, 67, 1095, 1096, 589, 590, 87, 1112, 1114, 92, 1126, 615, 618, 109, 118, 1148, 1150, 128, 647, 1162, 653, 148, 661, 1172, 664, 668, 160, 675, 1189, 681, 179, 691, 1211, 1213, 709, 204, 213, 214, 1240, 729, 1244, 735, 1250, 227, 236, 762, 769, 261, 1285, 263, 1294, 271, 276, 1306, 1309, 1313, 809, 813, 302, 1342, 324, 843, 332, 844, 340, 1369, 1373, 1377, 1390, 370, 888, 1400, 1405, 1407, 1415, 907, 1427, 919, 1431, 1436, 414, 931, 424, 1455, 945, 435, 1461, 1462, 951, 440, 1466, 445, 1471, 450, 1479, 461, 468, 471, 475, 483, 999, 489, 502, 1014, 1022], "point_pitch": -0.026916428408350512, "camera_rotation_from_original_to_final": [0.0014837505295872688, 0.02887025848031044, -1.3346248865127563], "camera_location": [-6.215150356292725, 0.12702560424804688, 1.4902317523956299], "camera_rotation_original": [1.5806941986083984, -0.017110392451286316, -0.7174729108810425], "view_id": 3, "point_location": [-0.9460684061050415, -2.6239914894104004, 1.442886471748352], "camera_distance": 5.944204096282283, "bounding_box_ranges": {"x": [-6.441877543332157, 0.47772075504291284], "y": [-6.215150356292725, 1.4910959065808518], "z": [-0.022652308218312957, 5.463254527762561]}, "obliqueness_angle": 0.5136769413948059, "resolution": 512, "point_uuid": "45", "point_normal": [-0.5467151999473572, 0.8333344459533691, 0.08158694952726364], "camera_rotation_final": [1.5628314018249512, 0.005619270261377096, -2.052016496658325], "vanishing_points_image": {"x": [439.40243830327483, 257.76701842524045], "y": [414.814081053567, 254.4470905592271], "z": [254.75530781358296, 34.50511782082942]}, "camera_uuid": "7d18db1fca787c6dcd4baad30e113130", "field_of_view_rads": 1.0514286631016112, "room": "8de55a2e5745f73de25402626a4c3d61"}