{"vanishing_points_gaussian_sphere": {"x": [0.014988160061779523, -0.1622889934109282, 0.9866294328042471], "y": [0.9998649295153029, -0.0042224180682551606, -0.015883762495560772], "z": [0.006743721770727806, 0.9867342366632084, 0.16220378668007243]}, "nonfixated_points_in_view": [513, 1154, 901, 1031, 524, 397, 1293, 19, 159, 810, 1451, 942, 1074, 1459, 182, 183, 1467, 830, 833, 968, 74, 586, 588, 205, 1482, 1359, 212, 598, 1499, 1116, 734, 95, 612, 869, 103, 620, 1008, 244, 250], "point_pitch": -0.15943948825332122, "camera_rotation_from_original_to_final": [0.1487610936164856, 0.07668770104646683, 1.0856379270553589], "camera_location": [-1.9461179971694946, -10.539590835571289, 4.280216217041016], "camera_rotation_original": [1.5751063823699951, -0.006250596605241299, -2.666795015335083], "view_id": 2, "point_location": [0.5250570178031921, -10.579374313354492, 3.8739500045776367], "camera_distance": 2.504663775001517, "bounding_box_ranges": {"x": [-11.266323141875592, -9.683550126539513], "y": [-1.9461179971694946, 0.8271332707554422], "z": [2.7712180747978636, 5.223632577533973]}, "obliqueness_angle": 0.3045004904270172, "resolution": 512, "point_uuid": "166", "point_normal": [-0.9460769295692444, 0.30922502279281616, 0.09653253853321075], "camera_rotation_final": [1.4078689813613892, -0.006743772886693478, -1.5857853889465332], "vanishing_points_image": {"x": [261.36865288368267, 314.1307691453956], "y": [436.03673898501296, 256.7602930727939], "z": [257.33194895272044, 61.11063803939643]}, "camera_uuid": "41fe4d40075167d2675e7ca53b4961cc", "field_of_view_rads": 1.22850666174395, "room": "c6b90c3c2e476767ef8ca0b4e5cf1d4d"}