{"vanishing_points_gaussian_sphere": {"x": [-0.41407962863883846, 0.2593807474159209, 0.8725019707807427], "y": [0.910233712510042, 0.12173995173094099, 0.3957953672830624], "z": [-0.003556649618358881, 0.9580715067376269, -0.2865071346772813]}, "nonfixated_points_in_view": [376, 154, 235, 1413, 822], "point_pitch": 0.277369693913732, "camera_rotation_from_original_to_final": [0.1605796366930008, -0.22664575278759003, -0.18972106277942657], "camera_location": [7.219512939453125, -9.547077178955078, 1.4965308904647827], "camera_rotation_original": [1.5844197273254395, 0.001260085846297443, -0.9731268286705017], "view_id": 1, "point_location": [9.941691398620605, -8.31220817565918, 2.3904237747192383], "camera_distance": 3.1199681779265656, "bounding_box_ranges": {"x": [-9.727074709447585, -6.452358084509248], "y": [7.219512939453125, 9.955574925629145], "z": [0.8728837606333182, 2.4526215777148117]}, "obliqueness_angle": 0.474701464176178, "resolution": 512, "point_uuid": "533", "point_normal": [-0.9983874559402466, -0.005417271982878447, -0.05650842562317848], "camera_rotation_final": [1.8613773584365845, 0.0035566571168601513, -1.143862009048462], "vanishing_points_image": {"x": [68.36212125019743, 138.46305814741842], "y": [545.89824833284, 217.22732186923372], "z": [255.20526751930421, 41.91915793355826]}, "camera_uuid": "7526e205b6c8b20a721e7467dec89a0d", "field_of_view_rads": 0.928986423352281, "room": "8868fae7afbf71557a2e4faceeb9d9d6"}