{"vanishing_points_gaussian_sphere": {"x": [0.038350128494882875, -0.16662031468997673, 0.9852750572185612], "y": [0.9991819042205813, 0.01906074402648573, -0.0356680573523412], "z": [-0.012837052720896846, 0.9858368824353093, 0.16721498529638723]}, "nonfixated_points_in_view": [773, 1159, 522, 779, 272, 528, 786, 1045, 279, 408, 793, 1305, 669, 925, 1186, 164, 292, 1317, 941, 46, 430, 814, 689, 1198, 436, 828, 1469, 190, 63, 1087, 1215, 322, 1474, 966, 711, 1100, 335, 1234, 852, 981, 854, 1371, 1374, 224, 352, 736, 611, 1248, 997, 1254, 1379, 106, 127, 1006, 1144, 1265, 756, 1143, 632, 636, 639], "point_pitch": -0.1813170154902597, "camera_rotation_from_original_to_final": [0.1555332988500595, -0.10303623229265213, -1.1317200660705566], "camera_location": [0.13430264592170715, -5.5853047370910645, 1.5091227293014526], "camera_rotation_original": [1.588117241859436, -0.006452574394643307, 2.6567111015319824], "view_id": 0, "point_location": [-7.12378454208374, -5.3225531578063965, 0.27732235193252563], "camera_distance": 7.366559516622293, "bounding_box_ranges": {"x": [-6.238355508941008, -3.8944067102470163], "y": [-3.551233275302777, 0.13430264592170715], "z": [-0.08537925610659991, 2.4268807313882683]}, "obliqueness_angle": 1.5436055660247803, "resolution": 512, "point_uuid": "423", "point_normal": [-0.015375500544905663, -0.9990783929824829, 0.04007530212402344], "camera_rotation_final": [1.402778148651123, 0.012837405316531658, 1.5324336290359497], "vanishing_points_image": {"x": [275.20613124439757, 339.4451345409579], "y": [505.4359249530362, 251.2416729161561], "z": [252.440613046927, -17.347396282503034]}, "camera_uuid": "caab66acefae8cc00595de890566047d", "field_of_view_rads": 0.9332926924209399, "room": "856e4980d5eb3351797f528948f684e5"}