{"vanishing_points_gaussian_sphere": {"x": [0.1449600273044238, -0.16594539301614222, 0.9754223275179931], "y": [0.9891689921251385, 0.0013397194415093732, -0.14677503251560117], "z": [0.023049848199900313, 0.9861340333283991, 0.16434224292440888]}, "nonfixated_points_in_view": [512, 1, 1024, 902, 9, 651, 1425, 918, 158, 1450, 306, 1458, 439, 59, 1470, 449, 82, 478, 353, 482, 355, 609, 101, 1385, 491, 369, 499, 886, 376], "point_pitch": -0.16651730140181975, "camera_rotation_from_original_to_final": [0.16337376832962036, -0.0015337170334532857, -0.13795168697834015], "camera_location": [9.521198272705078, -7.487616062164307, 1.5325249433517456], "camera_rotation_original": [-1.572507381439209, -3.1185641288757324, -0.011458786204457283], "view_id": 3, "point_location": [8.911019325256348, -11.542709350585938, 0.8493097424507141], "camera_distance": 4.157268607294599, "bounding_box_ranges": {"x": [-11.651624407318447, -7.487616062164307], "y": [6.463749159633444, 9.95145222893267], "z": [-0.02831717300747849, 2.4411740668564224]}, "obliqueness_angle": 0.7213717699050903, "resolution": 512, "point_uuid": "1016", "point_normal": [0.0039031875785440207, 0.6397404670715332, 0.7685811519622803], "camera_rotation_final": [-1.7359317541122437, -3.1185407638549805, -0.14551150798797607], "vanishing_points_image": {"x": [312.57506222043907, 320.7652398365473], "y": [440.2492055158573, 255.7504549326987], "z": [261.02109017882316, 41.1843592718355]}, "camera_uuid": "0cc55cb7b667b337a397194e0a67a643", "field_of_view_rads": 1.138915624314731, "room": "8868fae7afbf71557a2e4faceeb9d9d6"}