{"vanishing_points_gaussian_sphere": {"x": [-0.6315934705742523, 0.27333795324150134, 0.7255177814814175], "y": [0.7752972617336134, 0.22030604905204043, 0.5919285435755242], "z": [0.0019605806109838347, 0.9363501524904169, -0.3510620287852861]}, "nonfixated_points_in_view": [779, 140, 1180, 168, 1324, 46, 823, 953, 318, 704, 452, 711, 76, 1229, 1234, 1251, 871, 1259, 1137, 1138, 121, 1147, 893], "point_pitch": 0.3587426702168326, "camera_rotation_from_original_to_final": [-0.3425807058811188, -0.11076558381319046, -2.769024133682251], "camera_location": [-3.8966617584228516, -5.1063923835754395, 1.5070674419403076], "camera_rotation_original": [1.5701526403427124, 0.0018522855825722218, -2.8113532066345215], "view_id": 12, "point_location": [-7.105880260467529, -1.1729005575180054, 3.410396099090576], "camera_distance": 5.421632634882925, "bounding_box_ranges": {"x": [-5.1063923835754395, 1.5418178936810012], "y": [-7.246767137292801, -3.8966617584228516], "z": [0.5610075082543351, 4.829139951844444]}, "obliqueness_angle": 1.0624494552612305, "resolution": 512, "point_uuid": "692", "point_normal": [0.9909650087356567, 0.13390061259269714, 0.007688654586672783], "camera_rotation_final": [1.9295021295547485, -0.0019605818670243025, -5.599576950073242], "vanishing_points_image": {"x": [20.79052204224862, 154.2071850275478], "y": [517.3331614150727, 181.7403848571626], "z": [256.39579616602833, 66.97242401586507]}, "camera_uuid": "62e24ad43a6e699e9b1ae0325438e489", "field_of_view_rads": 0.9892949903673626, "room": "8de55a2e5745f73de25402626a4c3d61"}