{"vanishing_points_gaussian_sphere": {"x": [-0.06579613477883815, -0.19293270781140742, 0.9790034927949558], "y": [0.9977925565611362, -0.0038783441830504348, 0.06629458890127861], "z": [-0.008993482048500387, 0.9812043256646171, 0.19276199982799366]}, "nonfixated_points_in_view": [1280, 642, 764, 1288, 511, 779, 1420, 15, 527, 1199, 276, 149, 404, 788, 1044, 1277, 1305, 27, 412, 156, 31, 160, 164, 932, 1190, 679, 1191, 1321, 1068, 1069, 46, 1071, 1072, 1197, 690, 819, 692, 309, 437, 823, 947, 1206, 1082, 1083, 828, 1212, 1469, 321, 455, 73, 715, 76, 1356, 718, 1233, 1234, 1107, 725, 344, 603, 988, 991, 993, 1122, 356, 1380, 870, 359, 616, 871, 1006, 239, 368, 1263, 1265, 1393, 756, 120, 636, 893, 255], "point_pitch": -0.21224979957076506, "camera_rotation_from_original_to_final": [0.16174158453941345, -0.13973543047904968, -0.8782562613487244], "camera_location": [1.7699029445648193, -5.448235511779785, 4.298521995544434], "camera_rotation_original": [1.5894720554351807, -0.008107524365186691, 2.503649950027466], "view_id": 5, "point_location": [-5.896199703216553, -5.967356204986572, 2.789095163345337], "camera_distance": 7.830516114977031, "bounding_box_ranges": {"x": [-6.055289568859401, -2.872965532287184], "y": [-3.2499212507532267, 1.1564205081525383], "z": [2.7070741777448353, 5.460935968774267]}, "obliqueness_angle": 1.5175656080245972, "resolution": 512, "point_uuid": "292", "point_normal": [-0.0166954156011343, 0.9997164011001587, 0.016988152638077736], "camera_rotation_final": [1.376812219619751, 0.00899360328912735, 1.6366426944732666], "vanishing_points_image": {"x": [230.17265864437434, 331.7330034668398], "y": [462.8014238998771, 256.80382148990253], "z": [254.00558239196894, 38.405616242035656]}, "camera_uuid": "3d44530aec2e5604a8aef567eab9ad28", "field_of_view_rads": 1.1368632605013542, "room": "7177ff6aafad58b0656fca6e31b41601"}