{"vanishing_points_gaussian_sphere": {"x": [-0.15988575934961724, 0.05586653874718933, 0.9855533845538785], "y": [0.9870735043488567, -0.0021434412350057643, 0.16025386944513936], "z": [0.011065304770496172, 0.9984359446194238, -0.05480167444754917]}, "nonfixated_points_in_view": [3, 643, 771, 774, 775, 136, 137, 1029, 1160, 1286, 1414, 1422, 529, 530, 1403, 660, 917, 662, 1428, 285, 797, 287, 416, 544, 926, 35, 1188, 1442, 422, 934, 296, 1319, 682, 43, 172, 1066, 174, 687, 1070, 1330, 181, 821, 1078, 1080, 1084, 317, 62, 958, 65, 66, 1091, 1221, 1351, 973, 847, 848, 721, 1360, 980, 1236, 89, 1113, 1370, 222, 607, 862, 99, 996, 357, 617, 362, 363, 1002, 1130, 1133, 751, 241, 1395, 116, 117, 1013, 1269, 248, 1271, 894], "point_pitch": 0.049323634305272535, "camera_rotation_from_original_to_final": [0.011089667677879333, -0.06584389507770538, -1.6786361932754517], "camera_location": [3.2709619998931885, -3.7192935943603516, 1.5157769918441772], "camera_rotation_original": [1.5592020750045776, -0.004284437280148268, -1.3022267818450928], "view_id": 0, "point_location": [4.5382771492004395, -11.513219833374023, 1.9491567611694336], "camera_distance": 7.908172401977162, "bounding_box_ranges": {"x": [-11.703997988004582, -3.7192935943603516], "y": [-0.09936287494030083, 6.387752189623608], "z": [-0.03325983689390022, 2.4277338442802034]}, "obliqueness_angle": 0.5778812766075134, "resolution": 512, "point_uuid": "12", "point_normal": [-0.003124227514490485, 0.8173568248748779, -0.5761233568191528], "camera_rotation_final": [1.6256288290023804, -0.011065530590713024, -2.9810078144073486], "vanishing_points_image": {"x": [192.87356271902433, 233.9426537505569], "y": [470.89301012174667, 256.4666425924514], "z": [258.15687095533036, 61.382903194010545]}, "camera_uuid": "2d006a1a730dfc7454d6b6a574948a71", "field_of_view_rads": 1.1374334402272455, "room": "856e4980d5eb3351797f528948f684e5"}