{"vanishing_points_gaussian_sphere": {"x": [-0.11682973259781144, 0.07188574007114215, 0.9905469468710446], "y": [0.9930875005587524, -0.0029074104081602747, 0.11734037326806356], "z": [0.011315026075703068, 0.9974086360861042, -0.07104915795252922]}, "nonfixated_points_in_view": [3, 771, 775, 136, 137, 1160, 1164, 1422, 144, 529, 146, 1428, 917, 537, 1178, 28, 285, 797, 287, 926, 929, 1439, 35, 1188, 1443, 422, 934, 296, 1062, 682, 43, 1063, 1066, 174, 1070, 1330, 181, 821, 1078, 1080, 317, 66, 1347, 1221, 1094, 973, 847, 848, 1236, 472, 1113, 1370, 862, 351, 607, 99, 357, 486, 617, 362, 363, 1130, 241, 1395, 116, 117, 1013, 1141, 1269, 1271, 894, 1399], "point_pitch": 0.06676907936600252, "camera_rotation_from_original_to_final": [-0.06299291551113129, -0.032576676458120346, -0.3478136956691742], "camera_location": [3.8354318141937256, -5.580057144165039, 1.5235874652862549], "camera_rotation_original": [1.571001648902893, -0.012118679471313953, -2.674816608428955], "view_id": 9, "point_location": [4.5382771492004395, -11.513219833374023, 1.9491567611694336], "camera_distance": 5.989784641752888, "bounding_box_ranges": {"x": [-11.70371425870187, -5.580057144165039], "y": [0.5982659795886813, 6.498764092652719], "z": [-0.034679501862015794, 2.4248285102389096]}, "obliqueness_angle": 0.5530432462692261, "resolution": 512, "point_uuid": "12", "point_normal": [-0.003124227514490485, 0.8173568248748779, -0.5761233568191528], "camera_rotation_final": [1.6419099569320679, -0.011315267533063889, -3.0244879722595215], "vanishing_points_image": {"x": [213.81296830610867, 230.04217293589082], "y": [448.2770360324834, 256.5629194360986], "z": [257.9914841958908, 80.45258876815761]}, "camera_uuid": "c83171f93afe09cc67e6fc1972ae2a82", "field_of_view_rads": 1.2245479378459245, "room": "856e4980d5eb3351797f528948f684e5"}