{"vanishing_points_gaussian_sphere": {"x": [-0.3346050594040681, -0.1365494045789988, 0.932412845433996], "y": [0.9423389317833338, -0.05485257603883258, 0.33013411297130363], "z": [0.006065629946305072, 0.9891134692294029, 0.1470297695105638]}, "nonfixated_points_in_view": [1412, 837, 1157, 776, 1064, 881, 24, 123, 733, 1311], "point_pitch": -0.1491374214503427, "camera_rotation_from_original_to_final": [0.009264505468308926, 0.15233291685581207, 2.0396816730499268], "camera_location": [8.558053016662598, -10.021004676818848, 1.5023233890533447], "camera_rotation_original": [1.575500249862671, 0.004138968884944916, -1.69792902469635], "view_id": 0, "point_location": [6.474762916564941, -4.137072563171387, 0.5745011568069458], "camera_distance": 6.310436624445252, "bounding_box_ranges": {"x": [-10.021004676818848, -5.987831687079301], "y": [6.464352112514753, 9.003495340231503], "z": [-0.025061812856064014, 2.4467439413984984]}, "obliqueness_angle": 1.2469608783721924, "resolution": 512, "point_uuid": "1364", "point_normal": [0.9999131560325623, 0.011853080242872238, -0.0057707251980900764], "camera_rotation_final": [1.4232288599014282, -0.006065667141228914, 0.3411926329135895], "vanishing_points_image": {"x": [85.74837212797172, 325.4782035153175], "y": [562.5403510836751, 273.84339726362253], "z": [257.77815484921973, -33.96112972737346]}, "camera_uuid": "207b19fd0ed6714244c678192363a4aa", "field_of_view_rads": 0.8808155060089247, "room": "8868fae7afbf71557a2e4faceeb9d9d6"}