{"vanishing_points_gaussian_sphere": {"x": [0.09539018371242251, -0.3666178170611252, 0.9254685781076771], "y": [0.9953982819584993, 0.04363793986856008, -0.08531113923806155], "z": [-0.009108958523248775, 0.9293476778995917, 0.36909337633891304]}, "nonfixated_points_in_view": [130, 135, 1159, 393, 522, 906, 14, 528, 274, 147, 406, 534, 792, 667, 1054, 161, 1441, 550, 1318, 42, 556, 433, 447, 191, 1216, 962, 1474, 1475, 70, 585, 1100, 851, 1491, 1492, 470, 744, 1135, 1268, 1023], "point_pitch": -0.3735460480067392, "camera_rotation_from_original_to_final": [-0.2533973455429077, 0.29675790667533875, -2.422799587249756], "camera_location": [-6.425679683685303, -2.262380838394165, 1.4977667331695557], "camera_rotation_original": [1.5803217887878418, -0.003540406469255686, -0.8513162136077881], "view_id": 9, "point_location": [-6.670421123504639, -4.917357921600342, 0.43891391158103943], "camera_distance": 2.8687926114466404, "bounding_box_ranges": {"x": [-6.441713112573874, -2.262380838394165], "y": [-7.215415206943098, -4.523256874759194], "z": [-0.017307687304275232, 1.9781555194171399]}, "obliqueness_angle": 1.0859462022781372, "resolution": 512, "point_uuid": "63", "point_normal": [0.9196500182151794, 0.38128751516342163, 0.09414785355329514], "camera_rotation_final": [1.1927465200424194, 0.009109084494411945, -3.2371320724487305], "vanishing_points_image": {"x": [296.98959613722724, 413.53734475815224], "y": [476.40178000701906, 246.33765699901932], "z": [253.4211344421467, -7.110509471439654]}, "camera_uuid": "928222235a04d0c536e00fac4a58b265", "field_of_view_rads": 1.0124841411516392, "room": "8de55a2e5745f73de25402626a4c3d61"}