{"vanishing_points_gaussian_sphere": {"x": [0.23475995893827617, -0.22771595888318788, 0.9450043405980786], "y": [0.9719600828352846, 0.06845887365034849, -0.22495995197668522], "z": [-0.013466961577347988, 0.9713180862562151, 0.23740222462613594]}, "nonfixated_points_in_view": [16, 915, 661, 22, 1050, 284, 924, 1057, 930, 419, 427, 557, 434, 690, 180, 697, 1466, 1212, 578, 324, 455, 1095, 329, 715, 1227, 1356, 974, 80, 467, 853, 1369, 1498, 738, 621, 253, 509], "point_pitch": -0.24750177463027434, "camera_rotation_from_original_to_final": [-0.05267259106040001, -0.24773399531841278, -1.6855956315994263], "camera_location": [-5.609722137451172, -10.968703269958496, 4.285808086395264], "camera_rotation_original": [1.5832164287567139, -0.00936906412243843, 1.4556810855865479], "view_id": 1, "point_location": [-4.804975509643555, -7.5881500244140625, 3.436551570892334], "camera_distance": 3.577288700637416, "bounding_box_ranges": {"x": [-10.968703269958496, -5.957707591856753], "y": [-6.70387165330375, -1.9728354022462957], "z": [2.7651367869111474, 5.209558321341149]}, "obliqueness_angle": 1.275531530380249, "resolution": 512, "point_uuid": "348", "point_normal": [0.01759347692131996, -0.06141095608472824, 0.9979575276374817], "camera_rotation_final": [1.3310834169387817, 0.013467368669807911, -0.23699352145195007], "vanishing_points_image": {"x": [373.27648986406365, 369.757595054237], "y": [486.23102014150385, 239.7839468959662], "z": [251.97325609324835, -34.432935661506136]}, "camera_uuid": "84fae33197a8eefa4becf372ea5729e2", "field_of_view_rads": 0.9043466029123819, "room": "ef914082afe6874a9bab2b30c864407b"}