{"vanishing_points_gaussian_sphere": {"x": [-0.413562459701495, -0.11194533531688776, 0.9035675590825729], "y": [0.9104754851376121, -0.05009111451241317, 0.4105182958289854], "z": [-0.0006949022085862806, 0.9924510678858147, 0.12263928800847886]}, "nonfixated_points_in_view": [0, 644, 773, 134, 1030, 521, 777, 398, 911, 402, 658, 920, 1048, 410, 26, 1176, 1304, 34, 36, 677, 678, 805, 301, 48, 688, 818, 944, 1329, 693, 55, 1336, 314, 827, 572, 958, 319, 192, 1089, 1218, 965, 330, 971, 1231, 1490, 981, 728, 984, 1368, 221, 93, 223, 740, 613, 119, 1021, 639], "point_pitch": -0.13504950602981047, "camera_rotation_from_original_to_final": [0.11579664051532745, 0.04393412545323372, -1.6093662977218628], "camera_location": [3.8354318141937256, -5.580057144165039, 1.5235874652862549], "camera_rotation_original": [1.571001648902893, -0.012118679471313953, -2.674816608428955], "view_id": 1, "point_location": [-2.7961266040802, -8.592975616455078, 0.6234995722770691], "camera_distance": 7.33930525903085, "bounding_box_ranges": {"x": [-12.047349767866658, -5.580057144165039], "y": [-3.5503052645390034, 3.8354318141937256], "z": [-0.05999541115685103, 2.42773137655974]}, "obliqueness_angle": 0.2512979209423065, "resolution": 512, "point_uuid": "707", "point_normal": [0.9817172288894653, 0.18150413036346436, 0.05733872205018997], "camera_rotation_final": [1.4478474855422974, 0.0006949022645130754, -4.286025524139404], "vanishing_points_image": {"x": [25.3244325355935, 318.4405168879573], "y": [606.3120595828175, 275.27292033457667], "z": [255.7736302809857, -67.29853984747683]}, "camera_uuid": "c83171f93afe09cc67e6fc1972ae2a82", "field_of_view_rads": 0.7928719880591044, "room": "856e4980d5eb3351797f528948f684e5"}