{"vanishing_points_gaussian_sphere": {"x": [-0.3248736158261298, -0.1779643546304419, 0.9288626498148295], "y": [0.9457285783054309, -0.06880270657134142, 0.3175903709888672], "z": [0.007388498930412002, 0.9816286854251093, 0.19065816015614723]}, "nonfixated_points_in_view": [732, 219, 716], "point_pitch": -0.1914059360835214, "camera_rotation_from_original_to_final": [-0.04935574531555176, 0.17792832851409912, -1.4742326736450195], "camera_location": [6.5858154296875, -9.66219425201416, 4.284074783325195], "camera_rotation_original": [1.5634019374847412, -0.00032041483791545033, -1.3415888547897339], "view_id": 0, "point_location": [7.228365421295166, -11.541473388671875, 3.898334503173828], "camera_distance": 2.023204432876423, "bounding_box_ranges": {"x": [-11.637429090151452, -9.66219425201416], "y": [5.965235005599351, 7.48039835381592], "z": [3.3867406211522586, 5.170552814133499]}, "obliqueness_angle": 0.369216650724411, "resolution": 512, "point_uuid": "441", "point_normal": [-0.0058283559046685696, 0.9999301433563232, 0.010288289748132229], "camera_rotation_final": [1.3789584636688232, -0.00738856615498662, -2.8107051849365234], "vanishing_points_image": {"x": [144.16802764656708, 317.26106835828614], "y": [463.267626050765, 271.07892854677357], "z": [257.5056786571239, 55.95701768576162]}, "camera_uuid": "ce1da2161b0680bd4fb2a394f05a91e7", "field_of_view_rads": 1.2137719905244713, "room": "b80a98836bb3f1f478d8093ef8f4a998"}