{"vanishing_points_gaussian_sphere": {"x": [-0.31944537566075204, -0.25851777615830995, 0.911659591831909], "y": [0.9475291127928697, -0.09929216177593084, 0.303857938879042], "z": [0.011967973049695359, 0.9608900176503159, 0.2766715410031495]}, "nonfixated_points_in_view": [3, 771, 775, 136, 137, 1160, 12, 1164, 654, 144, 17, 529, 1428, 917, 537, 1178, 28, 285, 926, 287, 1439, 929, 35, 1188, 1443, 422, 934, 1062, 682, 43, 174, 1070, 1330, 181, 821, 1078, 1080, 317, 1347, 973, 847, 848, 1113, 474, 604, 862, 351, 607, 486, 362, 363, 1130, 1391, 241, 1395, 116, 117, 1141, 1271, 894, 1399], "point_pitch": -0.28226320346328215, "camera_rotation_from_original_to_final": [0.2517039477825165, 0.125209242105484, -0.12914688885211945], "camera_location": [3.8354318141937256, -5.580057144165039, 1.5235874652862549], "camera_rotation_original": [1.571001648902893, -0.012118679471313953, -2.674816608428955], "view_id": 4, "point_location": [5.391915321350098, -10.249947547912598, 0.10636208951473236], "camera_distance": 5.122406186854713, "bounding_box_ranges": {"x": [-11.705783420310116, -5.580057144165039], "y": [1.8169695018178191, 6.5037480299039085], "z": [-0.031100367045485466, 2.424615651080029]}, "obliqueness_angle": 0.8639633655548096, "resolution": 512, "point_uuid": "1370", "point_normal": [-0.5350193381309509, 0.6843711733818054, -0.49536895751953125], "camera_rotation_final": [1.2904469966888428, -0.011968258768320084, -2.8164243698120117], "vanishing_points_image": {"x": [156.3578687731232, 336.6374552242784], "y": [445.64504280773815, 275.87302133120374], "z": [258.35756512804596, 66.71474776110621]}, "camera_uuid": "c83171f93afe09cc67e6fc1972ae2a82", "field_of_view_rads": 1.2922396057308463, "room": "856e4980d5eb3351797f528948f684e5"}