{"vanishing_points_gaussian_sphere": {"x": [0.2492782134467598, -0.11083498539530812, 0.9620685933514376], "y": [0.9683994551519495, 0.020394839240114378, -0.2485689960429042], "z": [0.00792890674677615, 0.9936295368721643, 0.11241652855790024]}, "nonfixated_points_in_view": [643, 388, 644, 774, 1029, 136, 520, 1030, 1160, 12, 1286, 1414, 1422, 784, 530, 1403, 660, 917, 662, 1428, 285, 797, 416, 544, 673, 1442, 1188, 1319, 296, 682, 1066, 172, 684, 174, 1070, 1330, 181, 1078, 695, 1080, 314, 1084, 317, 62, 958, 65, 66, 1221, 1351, 973, 847, 1360, 980, 1236, 862, 607, 863, 99, 996, 357, 617, 362, 1130, 751, 116, 117, 758, 1013, 248, 890, 1271, 1021], "point_pitch": -0.12214116652938323, "camera_rotation_from_original_to_final": [-0.030452296137809753, 0.09644869714975357, -2.0933961868286133], "camera_location": [3.2709619998931885, -3.7192935943603516, 1.5157769918441772], "camera_rotation_original": [1.5592020750045776, -0.004284437280148268, -1.3022267818450928], "view_id": 1, "point_location": [1.2527865171432495, -11.530497550964355, 0.6030469536781311], "camera_distance": 8.119175870266915, "bounding_box_ranges": {"x": [-12.047983235942485, -3.7192935943603516], "y": [-1.6330673795780655, 4.775357000039784], "z": [-0.020379873010369254, 2.4256509913478617]}, "obliqueness_angle": 0.520098090171814, "resolution": 512, "point_uuid": "1269", "point_normal": [-0.2530062794685364, 0.96746426820755, -0.0009512361721135676], "camera_rotation_final": [1.458138108253479, -0.007928989827632904, -3.393535614013672], "vanishing_points_image": {"x": [387.8685288370766, 314.6318646369781], "y": [492.4687792147497, 251.0198828471726], "z": [258.3063894102575, -33.03059586276966]}, "camera_uuid": "2d006a1a730dfc7454d6b6a574948a71", "field_of_view_rads": 0.8725621952715927, "room": "856e4980d5eb3351797f528948f684e5"}