{"vanishing_points_gaussian_sphere": {"x": [0.04996834184830783, -0.20823251834067613, 0.9768021207585653], "y": [0.998748001474486, 0.008101863442505075, -0.049363846684383296], "z": [0.0023652407173369236, 0.9780457955097291, 0.20837664821685292]}, "nonfixated_points_in_view": [1280, 257, 642, 259, 764, 517, 1028, 1159, 1288, 779, 1420, 527, 272, 528, 788, 149, 1044, 409, 153, 793, 156, 164, 421, 1317, 1191, 1068, 173, 46, 814, 1072, 1324, 692, 437, 1206, 823, 1461, 953, 186, 191, 1343, 711, 842, 76, 1233, 1234, 725, 603, 1371, 991, 224, 993, 1122, 611, 356, 1251, 870, 359, 871, 1379, 1380, 748, 1006, 239, 368, 1263, 1265, 1393, 756, 636, 893], "point_pitch": -0.22830109199019866, "camera_rotation_from_original_to_final": [0.09377023577690125, -0.20478102564811707, -0.5224221348762512], "camera_location": [0.30798399448394775, -4.362792491912842, 3.736617088317871], "camera_rotation_original": [1.5856736898422241, -0.011059120297431946, 2.032072067260742], "view_id": 8, "point_location": [-7.2034101486206055, -3.983194589614868, 2.1342475414276123], "camera_distance": 7.689780376816144, "bounding_box_ranges": {"x": [-6.106730047499848, 0.6305120900899617], "y": [-7.4309976840863055, 0.30798399448394775], "z": [-0.03836681992512769, 5.457137307898321]}, "obliqueness_angle": 0.4016808271408081, "resolution": 512, "point_uuid": "1241", "point_normal": [0.9441863298416138, 0.322448194026947, 0.0673743486404419], "camera_rotation_final": [1.3608808517456055, -0.00236524292267859, 1.5208070278167725], "vanishing_points_image": {"x": [278.27231639863385, 348.81517779891925], "y": [478.26287804270225, 254.19699915936587], "z": [256.60208625548705, 7.03255816755721]}, "camera_uuid": "73759aa4f227ecebe2f10f72d0e43db4", "field_of_view_rads": 1.0229840147133789, "room": "8de55a2e5745f73de25402626a4c3d61"}