{"vanishing_points_gaussian_sphere": {"x": [-0.3222971069593179, 0.2549056940337708, 0.9116730016814228], "y": [0.9465194096047416, 0.1020554791542709, 0.30608117618710834], "z": [-0.015019390371962293, 0.9615652688838932, -0.2741653727025002]}, "nonfixated_points_in_view": [384, 1429, 536, 1433, 1435, 799, 800, 549, 294, 1323, 1073, 307, 316, 1090, 838, 970, 595, 982, 225, 487, 232, 105, 361, 495, 112, 1012, 247], "point_pitch": 0.28113682667282625, "camera_rotation_from_original_to_final": [-0.2570619285106659, -0.09886182099580765, -3.064732551574707], "camera_location": [4.866747856140137, -7.32299280166626, 4.294677257537842], "camera_rotation_original": [1.5751346349716187, -0.014772405847907066, -2.8775057792663574], "view_id": 5, "point_location": [4.036098003387451, -4.848876953125, 5.038712501525879], "camera_distance": 2.7138196042595295, "bounding_box_ranges": {"x": [-7.32299280166626, -4.671880984118881], "y": [2.54219593092721, 5.16299005603177], "z": [3.884042294834469, 5.212599603290855]}, "obliqueness_angle": 0.4152930676937103, "resolution": 512, "point_uuid": "887", "point_normal": [0.008048663847148418, -0.9999622702598572, -0.0032682267483323812], "camera_rotation_final": [1.8485502004623413, 0.015019955113530159, -5.954991817474365], "vanishing_points_image": {"x": [85.25395962257309, 120.9564734336256], "y": [578.174057630721, 221.2625952633035], "z": [252.19211433679075, 12.213101135039812]}, "camera_uuid": "85ddc613ad5dac20833685dcf49001a9", "field_of_view_rads": 0.8357120046708371, "room": "77c77478b552f1977cad320741ba92a5"}