{"vanishing_points_gaussian_sphere": {"x": [-0.6220101233699777, -0.10481229337969532, 0.7759624923807554], "y": [0.7830091821448493, -0.08346958348375008, 0.6163841734745495], "z": [0.0001646272132187701, 0.9909829523203404, 0.13398791403832927]}, "nonfixated_points_in_view": [1029, 1032, 17, 538, 28, 1052, 542, 544, 551, 1064, 51, 60, 1085, 66, 1091, 69, 79, 591, 85, 599, 604, 98, 104, 623, 116, 1141, 1149, 643, 654, 1167, 144, 657, 1170, 662, 1185, 165, 1192, 687, 693, 703, 198, 712, 208, 721, 1242, 222, 228, 1258, 747, 1287, 1290, 275, 1308, 298, 1333, 824, 1336, 317, 832, 1351, 334, 338, 1366, 860, 1382, 1386, 367, 1391, 372, 1399, 904, 1432, 416, 1442, 420, 1447, 429, 946, 1465, 456, 1483, 972, 1484, 463, 977, 994, 1018], "point_pitch": -0.14078156550857024, "camera_rotation_from_original_to_final": [-0.12834535539150238, 0.0558868907392025, -0.5132145285606384], "camera_location": [-1.2640292644500732, -10.590165138244629, 1.4937529563903809], "camera_rotation_original": [1.576294183731079, -0.003259384771808982, -0.3901067078113556], "view_id": 10, "point_location": [2.402930736541748, -7.677322864532471, 0.8605664372444153], "camera_distance": 4.725692542856871, "bounding_box_ranges": {"x": [-10.590165138244629, -3.163678976942971], "y": [-1.2640292644500732, 6.496388710274625], "z": [-0.018629512615825017, 2.42773272379228]}, "obliqueness_angle": 1.259717345237732, "resolution": 512, "point_uuid": "1403", "point_normal": [-0.8133890628814697, 0.5609086751937866, 0.15420714020729065], "camera_rotation_final": [1.4364042282104492, -0.00016462721396237612, -0.8994890451431274], "vanishing_points_image": {"x": [-5.8590815239398735, 300.1247655715397], "y": [547.6192891781541, 287.0869159118301], "z": [256.0454623715953, -17.663353355259606]}, "camera_uuid": "bf987798a26d9c5da496954cb31ac414", "field_of_view_rads": 0.9221566758038602, "room": "856e4980d5eb3351797f528948f684e5"}