{"vanishing_points_gaussian_sphere": {"x": [0.48628948835684177, -0.060340051815867005, 0.871711885694178], "y": [0.8736427881513942, 0.052362938246345254, -0.48374208149515774], "z": [-0.016456373376276236, 0.996803491589525, 0.07817919755428977]}, "nonfixated_points_in_view": [0, 1032, 530, 1048, 26, 1061, 1066, 50, 55, 568, 570, 1084, 66, 71, 1100, 88, 602, 99, 100, 617, 115, 116, 119, 641, 644, 134, 646, 141, 657, 658, 1176, 1182, 1194, 171, 685, 688, 184, 701, 192, 706, 708, 197, 1232, 1236, 1243, 223, 753, 1273, 1278, 254, 772, 1284, 774, 1286, 267, 795, 802, 805, 296, 1320, 814, 1329, 818, 1336, 313, 827, 829, 1346, 327, 328, 1365, 1368, 858, 1409, 1418, 1422, 912, 410, 1434, 1442, 933, 943, 944, 1463, 958, 458, 1484, 465, 984, 1013, 1021], "point_pitch": -0.09733872016402678, "camera_rotation_from_original_to_final": [0.06568484008312225, -0.07697921991348267, -1.5743402242660522], "camera_location": [5.132575988769531, -10.393342971801758, 1.5002893209457397], "camera_rotation_original": [1.587233543395996, -0.019086314365267754, 2.634567975997925], "view_id": 3, "point_location": [-1.761178731918335, -6.567767143249512, 0.882025420665741], "camera_distance": 7.908295525114436, "bounding_box_ranges": {"x": [-11.116043111739312, -3.386230285496638], "y": [-3.5487141200918284, 5.132575988769531], "z": [-0.015139726509536766, 2.4277142451456526]}, "obliqueness_angle": 1.5591304302215576, "resolution": 512, "point_uuid": "627", "point_normal": [-0.47737032175064087, -0.8777558207511902, 0.04077160730957985], "camera_rotation_final": [1.492526650428772, 0.01645711623132229, 1.062882661819458], "vanishing_points_image": {"x": [420.9621702140892, 276.4689308255659], "y": [390.6284647774877, 247.93086455591248], "z": [252.72259029698807, 57.479137557651455]}, "camera_uuid": "3d449594a2cb2c364ffe85b6c45b4104", "field_of_view_rads": 1.1790289439305994, "room": "856e4980d5eb3351797f528948f684e5"}