{"vanishing_points_gaussian_sphere": {"x": [-0.4188993108330953, 0.07656301957206592, 0.9047991331878946], "y": [0.9080326112902055, 0.034903794544416666, 0.4174428128018158], "z": [0.0003797591980071138, 0.9964536261966277, -0.08414289407040221]}, "nonfixated_points_in_view": [0, 521, 522, 528, 530, 535, 1048, 26, 29, 34, 36, 37, 48, 50, 57, 572, 1084, 63, 66, 579, 1091, 1100, 591, 594, 85, 1109, 97, 1133, 625, 115, 631, 1143, 639, 1152, 644, 138, 141, 658, 677, 678, 1198, 688, 689, 192, 1218, 197, 200, 712, 728, 221, 223, 224, 1248, 1252, 229, 1258, 760, 248, 773, 774, 777, 272, 786, 1304, 1308, 797, 805, 1317, 299, 301, 814, 1329, 818, 1336, 315, 829, 319, 322, 1346, 841, 330, 852, 1365, 1368, 1383, 367, 373, 392, 398, 911, 401, 402, 920, 410, 1442, 436, 948, 958, 1472, 1474, 965, 966, 967, 1478, 971, 1490, 981, 994, 997, 488, 1013, 1019, 1021], "point_pitch": 0.0795087377217154, "camera_rotation_from_original_to_final": [-0.08241841197013855, -0.010098941624164581, -1.2097322940826416], "camera_location": [6.898015022277832, -5.4319539070129395, 1.5056571960449219], "camera_rotation_original": [1.5721105337142944, -0.004563433583825827, -3.0698022842407227], "view_id": 3, "point_location": [-2.8249969482421875, -9.917810440063477, 2.4098591804504395], "camera_distance": 10.746043699835061, "bounding_box_ranges": {"x": [-6.10692467789475, -5.068502199239788], "y": [4.192385231447156, 6.898015022277832], "z": [1.1790744412372156, 2.4260389286797297]}, "obliqueness_angle": 1.4800894260406494, "resolution": 512, "point_uuid": "1176", "point_normal": [0.005523451138287783, 0.0034589108545333147, -0.99997878074646], "camera_rotation_final": [1.655038833618164, -0.0003797592071350664, -4.280156135559082], "vanishing_points_image": {"x": [97.31940422079661, 226.99764729574633], "y": [494.040025943023, 246.84999805562325], "z": [256.075594250414, 57.647556293739434]}, "camera_uuid": "7aee671bd52588b571fedb6abd1f939e", "field_of_view_rads": 1.1057480320919169, "room": "8efc299ca974ee46c0bc622cd51b4dc7"}