{"vanishing_points_gaussian_sphere": {"x": [-0.47218515389099686, 0.23094854230540646, 0.8507079118310488], "y": [0.8814107108380543, 0.11000880142244956, 0.4593617555147055], "z": [0.012503570085845158, 0.9667268665019112, -0.2555050416694442]}, "nonfixated_points_in_view": [1026, 580, 1477, 839, 1065, 1354, 336, 305, 178, 114, 337, 464, 720, 23, 1076, 1203, 1051, 796, 1296], "point_pitch": 0.24308092991379304, "camera_rotation_from_original_to_final": [0.19155924022197723, -0.1592887043952942, -0.3731507658958435], "camera_location": [-6.215150356292725, 0.12702560424804688, 1.4902317523956299], "camera_rotation_original": [1.5806941986083984, -0.017110392451286316, -0.7174729108810425], "view_id": 3, "point_location": [-3.887063980102539, 1.3841365575790405, 2.1894586086273193], "camera_distance": 2.7366461994421796, "bounding_box_ranges": {"x": [0.12702560424804688, 1.557599269945155], "y": [-6.215150356292725, 1.4782069328118785], "z": [0.47839146582423475, 3.3873413805316983]}, "obliqueness_angle": 1.096137523651123, "resolution": 512, "point_uuid": "443", "point_normal": [0.003912386018782854, -0.9999845623970032, -0.00394709687680006], "camera_rotation_final": [1.829187035560608, -0.012503895908594131, -1.078986406326294], "vanishing_points_image": {"x": [16.029982978972424, 138.62925004879827], "y": [590.1586597225689, 214.29368398977155], "z": [259.2379139413413, 5.657227733760657]}, "camera_uuid": "7d18db1fca787c6dcd4baad30e113130", "field_of_view_rads": 0.8261523043571342, "room": "8de55a2e5745f73de25402626a4c3d61"}