{"vanishing_points_gaussian_sphere": {"x": [-0.12367108705988811, -0.10888207617269913, 0.9863316661821966], "y": [0.99227774057149, -0.023089956386864646, 0.12186771303504217], "z": [0.009505145541456352, 0.9937864697219294, 0.11089682053990774]}, "nonfixated_points_in_view": [256, 1280, 642, 259, 764, 1288, 1420, 15, 272, 276, 149, 1044, 1305, 27, 156, 412, 31, 164, 292, 1069, 46, 1197, 1072, 1199, 690, 947, 180, 309, 437, 1206, 1082, 828, 321, 455, 711, 73, 715, 718, 1233, 1234, 725, 344, 603, 988, 1371, 991, 993, 1122, 356, 1380, 870, 359, 616, 106, 748, 1006, 239, 1263, 1265, 1393, 756, 120, 636, 511], "point_pitch": -0.13907186587783293, "camera_rotation_from_original_to_final": [0.06297510117292404, -0.11673169583082199, -0.4581654369831085], "camera_location": [0.3440798223018646, -5.207657814025879, 4.2956719398498535], "camera_rotation_original": [1.591770052909851, -0.020765699446201324, 2.1472725868225098], "view_id": 4, "point_location": [-5.847051620483398, -5.972611904144287, 3.5995802879333496], "camera_distance": 6.276926557330481, "bounding_box_ranges": {"x": [-6.440829174399585, -1.3071311446565352], "y": [-7.431125712245293, 0.3440798223018646], "z": [-0.024324071216611842, 5.460110659845286]}, "obliqueness_angle": 1.474311351776123, "resolution": 512, "point_uuid": "1071", "point_normal": [-0.025035332888364792, 0.9996607899665833, -0.007193791680037975], "camera_rotation_final": [1.4596658945083618, -0.009505288675427437, 1.6947904825210571], "vanishing_points_image": {"x": [207.83741115538416, 298.4031420109893], "y": [464.56652007401493, 260.8532700627705], "z": [257.98628067276064, 48.329444188894136]}, "camera_uuid": "65572d2c193d1b3ea0911dbf66b34fb7", "field_of_view_rads": 1.1506241814949618, "room": "8de55a2e5745f73de25402626a4c3d61"}