{"vanishing_points_gaussian_sphere": {"x": [0.36304542199333195, -0.084304421567389, 0.9279497756203574], "y": [0.9317601534146567, 0.027944672133022506, -0.36199739199070685], "z": [0.004586728505057232, 0.9960481212288721, 0.08869668606016272]}, "nonfixated_points_in_view": [1026, 13, 1038, 18, 23, 1051, 540, 547, 1065, 557, 47, 563, 1076, 1081, 64, 580, 1096, 606, 1120, 618, 624, 1137, 114, 1138, 630, 632, 634, 1147, 635, 1151, 647, 1162, 148, 661, 664, 675, 168, 681, 178, 1202, 1203, 1204, 1208, 1209, 704, 1219, 196, 710, 1227, 1229, 719, 720, 214, 1238, 1244, 735, 227, 1254, 231, 1255, 234, 1259, 750, 240, 759, 1276, 766, 264, 1296, 788, 1306, 1307, 796, 290, 297, 809, 815, 304, 305, 1332, 1334, 826, 318, 1344, 839, 1354, 844, 336, 337, 849, 1361, 341, 347, 1375, 1376, 867, 1407, 385, 387, 1427, 408, 931, 1446, 939, 1462, 1466, 443, 1471, 1477, 464, 978, 467, 999, 489, 493, 494], "point_pitch": -0.0883759697291513, "camera_rotation_from_original_to_final": [-0.08556222170591354, 0.019283955916762352, -0.14928962290287018], "camera_location": [-5.588504314422607, -6.667678356170654, 1.5075440406799316], "camera_rotation_original": [1.5696860551834106, -0.004471865016967058, -0.2234717458486557], "view_id": 1, "point_location": [-2.4349594116210938, 1.4161690473556519, 0.7348616719245911], "camera_distance": 8.711513223140262, "bounding_box_ranges": {"x": [-6.068559877446798, 1.5574779939192318], "y": [-7.231972102891453, 1.48310975242748], "z": [-0.035091208995731316, 4.312683394178741]}, "obliqueness_angle": 0.36821264028549194, "resolution": 512, "point_uuid": "364", "point_normal": [-0.023296471685171127, -0.9992576241493225, -0.030687397345900536], "camera_rotation_final": [1.4819819927215576, -0.004586744587868452, -0.37153834104537964], "vanishing_points_image": {"x": [388.63223819749464, 286.7991326843761], "y": [410.4998229593611, 251.3663537967501], "z": [256.93988926100394, 51.894844974150125]}, "camera_uuid": "a16f93f6e5a1a0a39d5df06bb9e95552", "field_of_view_rads": 1.1578556290912914, "room": "8de55a2e5745f73de25402626a4c3d61"}