{"vanishing_points_gaussian_sphere": {"x": [-0.2117093627424699, -0.3006958361335869, 0.9299253517670654], "y": [0.9773325970956674, -0.06550136098112364, 0.20132204639298282], "z": [0.00037467507933017474, 0.9514681212954765, 0.30774709385637]}, "nonfixated_points_in_view": [1026, 517, 910, 16, 153, 284, 930, 936, 1321, 940, 1199, 434, 180, 1077, 697, 1083, 1212, 710, 455, 1096, 329, 1481, 715, 1357, 80, 336, 87, 988, 354, 1255, 240, 500, 759, 253, 1020, 509], "point_pitch": -0.31059639056655364, "camera_rotation_from_original_to_final": [-0.09051268547773361, 0.30007404088974, 1.48006010055542], "camera_location": [-2.806222438812256, -9.90909194946289, 4.287649154663086], "camera_rotation_original": [1.5709993839263916, -0.0022501780185848475, -1.2808427810668945], "view_id": 0, "point_location": [-3.5962886810302734, -6.259701251983643, 3.079928398132324], "camera_distance": 3.924391216700827, "bounding_box_ranges": {"x": [-9.90909194946289, -5.957542870423241], "y": [-5.840348123487468, -1.8677065677139708], "z": [2.7651375317159834, 5.001939775522533]}, "obliqueness_angle": 1.1871705055236816, "resolution": 512, "point_uuid": "648", "point_normal": [0.4860334098339081, -0.00805941503494978, 0.8739030957221985], "camera_rotation_final": [1.257972002029419, -0.00037467508809641004, 0.2133236527442932], "vanishing_points_image": {"x": [157.77580537825096, 395.5101565076414], "y": [525.7624263917689, 274.07962419624624], "z": [256.10992134303984, -23.139605279837255]}, "camera_uuid": "48bee344cd0412ed9774218b24d4c13a", "field_of_view_rads": 0.9521640082820542, "room": "ef914082afe6874a9bab2b30c864407b"}