{"vanishing_points_gaussian_sphere": {"x": [-0.2739271193377927, -0.11921931591100546, 0.9543325877308239], "y": [0.9616795828263248, -0.021907679260182823, 0.2732991649537533], "z": [-0.011675327245288322, 0.9926262178197516, 0.12065188946125376]}, "nonfixated_points_in_view": [130, 135, 393, 780, 1165, 14, 1169, 274, 1298, 534, 1174, 792, 667, 1054, 161, 550, 1318, 42, 556, 433, 1216, 1475, 70, 585, 460, 851, 1492, 470, 1367, 744, 1268, 1023], "point_pitch": -0.1186818321559091, "camera_rotation_from_original_to_final": [-0.06001370772719383, 0.11922033131122589, -1.8563061952590942], "camera_location": [-6.116707801818848, -5.171044826507568, 1.5127230882644653], "camera_rotation_original": [1.5826430320739746, -0.00107341050170362, -1.010670781135559], "view_id": 3, "point_location": [-4.287714958190918, -11.557692527770996, 0.7052880525588989], "camera_distance": 6.692266779680943, "bounding_box_ranges": {"x": [-6.020892700642243, -5.171044826507568], "y": [-6.254313353492227, -6.116707801818848], "z": [1.0319910424251446, 1.7684325704152632]}, "obliqueness_angle": 0.3620409667491913, "resolution": 512, "point_uuid": "584", "point_normal": [-0.14211958646774292, 0.9663392901420593, -0.21445387601852417], "camera_rotation_final": [1.4498414993286133, 0.011675592511892319, -2.8640992641448975], "vanishing_points_image": {"x": [110.54521621926149, 319.30523191805196], "y": [565.2429795464044, 263.0447539184051], "z": [252.5505616866887, -37.26826003327187]}, "camera_uuid": "676a1ae5fa5b4d774f8408cdbebb47fb", "field_of_view_rads": 0.8640194676948738, "room": "8de55a2e5745f73de25402626a4c3d61"}