{"vanishing_points_gaussian_sphere": {"x": [0.27552249923599076, -0.11242944759223952, 0.9546973194310632], "y": [0.9612872983511809, 0.03610080557013895, -0.27317295229556476], "z": [-0.0037526581833820954, 0.9930037014791491, 0.11802358410617686]}, "nonfixated_points_in_view": [3, 771, 518, 775, 649, 1291, 12, 665, 285, 415, 1439, 1443, 1188, 934, 1062, 43, 174, 1070, 1328, 1460, 566, 1080, 1464, 65, 195, 1347, 1221, 848, 724, 216, 89, 1113, 1370, 1117, 1378, 1264, 241, 1271, 894], "point_pitch": -0.09110276301833586, "camera_rotation_from_original_to_final": [-0.013750484213232994, -0.14344055950641632, 2.8533143997192383], "camera_location": [0.5467849373817444, -10.360032081604004, 1.5205349922180176], "camera_rotation_original": [1.5957993268966675, -0.011342709884047508, 1.5803825855255127], "view_id": 4, "point_location": [5.050057411193848, -11.648579597473145, 0.9638214707374573], "camera_distance": 4.716963799407667, "bounding_box_ranges": {"x": [-11.703196168734797, -9.289408574078458], "y": [0.5467849373817444, 6.509765510208775], "z": [-0.03035192853978541, 2.4246027460590467]}, "obliqueness_angle": 1.2449712753295898, "resolution": 512, "point_uuid": "363", "point_normal": [-0.07000874727964401, 0.9876470565795898, -0.14018560945987701], "camera_rotation_final": [1.4524961709976196, 0.0037526669912040234, 4.433253765106201], "vanishing_points_image": {"x": [390.02681285299354, 310.6908531005448], "y": [471.02918514341076, 247.92465476441595], "z": [254.98608507452698, -12.29549209628682]}, "camera_uuid": "08b7810ec5503ef8e7e738fee540560e", "field_of_view_rads": 0.9328204244122984, "room": "856e4980d5eb3351797f528948f684e5"}