{"vanishing_points_gaussian_sphere": {"x": [-0.03765128325574193, -0.18533221696767693, 0.9819543524131058], "y": [0.9992842717129373, -0.003393318507460943, 0.037675319463162285], "z": [-0.003650366603548117, 0.9826700640313375, 0.18532733225379047]}, "nonfixated_points_in_view": [3, 518, 775, 1287, 649, 1291, 12, 654, 1039, 144, 17, 529, 1424, 1428, 665, 538, 28, 285, 415, 1439, 1443, 165, 422, 934, 1062, 43, 1067, 429, 174, 687, 1070, 1460, 1333, 566, 1080, 1464, 1465, 317, 1085, 65, 195, 1347, 456, 1483, 1484, 334, 975, 848, 977, 724, 216, 89, 1113, 1370, 604, 1117, 1378, 99, 1253, 617, 1391, 1264, 241, 116, 1141, 1271, 1404, 1399], "point_pitch": -0.19165269931289153, "camera_rotation_from_original_to_final": [-0.1752309799194336, 0.07894827425479889, -1.1499300003051758], "camera_location": [-1.2640292644500732, -10.590165138244629, 1.4937529563903809], "camera_rotation_original": [1.576294183731079, -0.003259384771808982, -0.3901067078113556], "view_id": 7, "point_location": [5.316117763519287, -10.337699890136719, 0.251860111951828], "camera_distance": 6.701072200699849, "bounding_box_ranges": {"x": [-11.672117872127911, -5.908486485715477], "y": [-1.2640292644500732, 6.510183882040799], "z": [-0.02858591016725165, 2.427725902562168]}, "obliqueness_angle": 0.6261536478996277, "resolution": 512, "point_uuid": "771", "point_normal": [-0.8603728413581848, 0.502646267414093, -0.08429324626922607], "camera_rotation_final": [1.384390115737915, 0.003650374710559845, -1.5331358909606934], "vanishing_points_image": {"x": [239.24612985840955, 338.4681558670645], "y": [486.6857667668857, 256.7833509482102], "z": [255.08874316619557, 10.6918135966878]}, "camera_uuid": "bf987798a26d9c5da496954cb31ac414", "field_of_view_rads": 1.0287484375655374, "room": "856e4980d5eb3351797f528948f684e5"}