{"vanishing_points_gaussian_sphere": {"x": [0.6268251023640647, -0.1011386556486939, 0.772567966835187], "y": [0.7791461845592321, 0.08726605113899386, -0.620738156878887], "z": [-0.00463833300560925, 0.9910376423992086, 0.1335023490982374]}, "nonfixated_points_in_view": [516, 1028, 1041, 20, 1059, 548, 38, 39, 44, 45, 578, 67, 589, 590, 1107, 1112, 1114, 92, 1126, 615, 113, 626, 118, 128, 647, 148, 1172, 668, 160, 675, 1189, 681, 179, 1211, 1213, 204, 207, 211, 1244, 1245, 1250, 233, 236, 762, 769, 261, 1285, 263, 1294, 1306, 1309, 1313, 813, 324, 846, 340, 1369, 1377, 1390, 370, 888, 391, 907, 1421, 1431, 1436, 414, 931, 424, 1455, 945, 435, 1461, 951, 440, 445, 1471, 450, 1479, 461, 468, 1493, 471, 1496, 483, 489, 1022], "point_pitch": -0.14192525943252043, "camera_rotation_from_original_to_final": [-0.060028232634067535, 0.12831588089466095, -1.1895004510879517], "camera_location": [-4.307779312133789, 0.3686792552471161, 1.49626624584198], "camera_rotation_original": [1.5781090259552002, -0.005691109225153923, -1.0627084970474243], "view_id": 0, "point_location": [-0.9549570679664612, -2.325225830078125, 0.9168877005577087], "camera_distance": 4.339841164520345, "bounding_box_ranges": {"x": [-5.991409610884522, 0.3686792552471161], "y": [-4.307779312133789, 1.4911576222432665], "z": [-0.022028123568212155, 5.263217694171366]}, "obliqueness_angle": 0.7351881265640259, "resolution": 512, "point_uuid": "1415", "point_normal": [-0.19002984464168549, 0.8543232083320618, 0.48375678062438965], "camera_rotation_final": [1.4368927478790283, 0.004638349637389183, -2.248276710510254], "vanishing_points_image": {"x": [467.8638609407318, 290.1843777399363], "y": [379.3398090639311, 242.18567568121293], "z": [254.96903853421708, 35.72223658406347]}, "camera_uuid": "5fb98853d32c905b4569c0e295d9d2d9", "field_of_view_rads": 1.1057480320919169, "room": "8de55a2e5745f73de25402626a4c3d61"}