{"vanishing_points_gaussian_sphere": {"x": [0.6004055019500832, 0.0955457228427539, 0.7939674099574393], "y": [0.7992089345937313, -0.037055158381507844, -0.5999099883339787], "z": [-0.02789824535022956, 0.9947351054847603, -0.09860911632603431]}, "nonfixated_points_in_view": [1382, 1064, 591, 208, 1170, 372, 1366, 1465], "point_pitch": 0.09984536568192048, "camera_rotation_from_original_to_final": [0.049802266061306, 0.05594579502940178, -1.2452126741409302], "camera_location": [5.059991836547852, -7.579131126403809, 1.5203824043273926], "camera_rotation_original": [1.596900224685669, 0.009909546934068203, 0.6009308099746704], "view_id": 3, "point_location": [6.34298849105835, -5.881113529205322, 1.7312721014022827], "camera_distance": 2.138648794215127, "bounding_box_ranges": {"x": [-7.579131126403809, -4.561480380071151], "y": [5.059991836547852, 6.493741759189431], "z": [0.5061751694022949, 2.4257913449964996]}, "obliqueness_angle": 1.5381587743759155, "resolution": 512, "point_uuid": "623", "point_normal": [-0.811630368232727, 0.5803937911987305, -0.06632749736309052], "camera_rotation_final": [1.6696045398712158, 0.027901865541934967, -0.6443004608154297], "vanishing_points_image": {"x": [529.7496614294821, 212.43675949955977], "y": [425.03241210656444, 263.837153128676], "z": [248.69006853319897, -4.641676830577503]}, "camera_uuid": "e2c81e729be96548bbabfecfc7939d49", "field_of_view_rads": 0.8714295723412826, "room": "856e4980d5eb3351797f528948f684e5"}