{"vanishing_points_gaussian_sphere": {"x": [-0.6134996304773122, -0.1839801527349441, 0.7679645218392761], "y": [0.7896791927890062, -0.14908231718027873, 0.5951312755856999], "z": [0.004997587448444856, 0.9715584213539531, 0.2367472450017312]}, "nonfixated_points_in_view": [640, 258, 1038, 23, 1051, 1446, 295, 297, 1209, 826, 443, 318, 704, 1219, 1220, 719, 464, 337, 1105, 1106, 1361, 1238, 227, 1259, 1137, 1138, 371, 634, 766, 1151], "point_pitch": -0.23578910430404143, "camera_rotation_from_original_to_final": [-0.11110712587833405, 0.21835437417030334, 1.7669551372528076], "camera_location": [-1.9384469985961914, -2.428041458129883, 1.5036466121673584], "camera_rotation_original": [1.5763559341430664, -0.0021221297793090343, -1.119526982307434], "view_id": 1, "point_location": [-3.8032469749450684, -0.02168130688369274, 0.7618163824081421], "camera_distance": 3.1334263017149393, "bounding_box_ranges": {"x": [-2.428041458129883, 1.5575986670994557], "y": [-7.237859072033257, -1.9384469985961914], "z": [-0.028647109227874612, 2.8210070809436933]}, "obliqueness_angle": 1.0069211721420288, "resolution": 512, "point_uuid": "18", "point_normal": [-0.3520536422729492, -0.925291121006012, 0.1410485804080963], "camera_rotation_final": [1.331776738166809, -0.0049976082518696785, 0.660494327545166], "vanishing_points_image": {"x": [-8.95135133027821, 335.45528841989596], "y": [555.0818086194824, 312.46319348745266], "z": [257.5080678401922, -37.17666278511312]}, "camera_uuid": "a7a591d05adb833dd3d4b184074676ca", "field_of_view_rads": 0.896880404183927, "room": "8de55a2e5745f73de25402626a4c3d61"}