{"vanishing_points_gaussian_sphere": {"x": [-0.20210847835297993, -0.07004642843730742, 0.9768549845504297], "y": [0.9790890631038633, -0.03804714073218359, 0.19984249195930423], "z": [0.02316828626036463, 0.9968178935719818, 0.07627134171151843]}, "nonfixated_points_in_view": [1280, 642, 1420, 1044, 149, 156, 31, 1186, 164, 1071, 1072, 1206, 1469, 711, 1233, 1234, 725, 603, 991, 1122, 611, 359, 106, 748, 1006, 756, 249, 764, 255], "point_pitch": -0.06982116301986174, "camera_rotation_from_original_to_final": [-0.1018773764371872, -0.015752224251627922, 1.847947597503662], "camera_location": [-2.484394073486328, -5.331701278686523, 4.301449775695801], "camera_rotation_original": [1.594873070716858, 5.2980572945671156e-05, -0.07394442707300186], "view_id": 8, "point_location": [-5.620017051696777, -5.973178863525391, 4.0566253662109375], "camera_distance": 3.209916487903342, "bounding_box_ranges": {"x": [-5.993561507468861, -5.957535221714797], "y": [-7.2373423624535125, -3.0754002945845826], "z": [2.7654566224434745, 5.2122579530128395]}, "obliqueness_angle": 1.3705570697784424, "resolution": 512, "point_uuid": "1263", "point_normal": [-0.001510345609858632, 0.9999736547470093, 0.007105792406946421], "camera_rotation_final": [1.4944303035736084, -0.023170359432697296, 1.7743620872497559], "vanishing_points_image": {"x": [183.12239412455264, 281.257802375422], "y": [456.6589108781486, 263.7975519378647], "z": [260.4432101371297, 64.83042794717124]}, "camera_uuid": "c5be5141daf3c047a2d6d480abd9ff63", "field_of_view_rads": 1.2132325863719666, "room": "ef914082afe6874a9bab2b30c864407b"}