{"vanishing_points_gaussian_sphere": {"x": [-0.4215554196536157, 0.05552248814208754, 0.9051012548169269], "y": [0.9068024493412028, 0.025163867919183496, 0.42080410836889565], "z": [0.0005882426873533228, 0.9981402872652009, -0.060955893141542414]}, "nonfixated_points_in_view": [193, 806, 7, 1064, 1382, 170, 1447, 79, 208, 591, 623, 1010, 372, 1170, 1366, 24, 1438, 383], "point_pitch": 0.0730995694783072, "camera_rotation_from_original_to_final": [-0.049127932637929916, -0.03762412443757057, 1.5404911041259766], "camera_location": [3.8354318141937256, -5.580057144165039, 1.5235874652862549], "camera_rotation_original": [1.571001648902893, -0.012118679471313953, -2.674816608428955], "view_id": 6, "point_location": [5.319850921630859, -4.889913558959961, 1.6235582828521729], "camera_distance": 1.6400586422242889, "bounding_box_ranges": {"x": [-5.969144763086421, -4.584775788699904], "y": [3.8354318141937256, 6.501547952908727], "z": [0.04406271910470094, 2.4262675289987055]}, "obliqueness_angle": 0.9640260934829712, "resolution": 512, "point_uuid": "1386", "point_normal": [-0.17226816713809967, -0.9850438833236694, 0.0035031477455049753], "camera_rotation_final": [1.631790041923523, -0.0005882427212782204, -1.135636329650879], "vanishing_points_image": {"x": [104.78287100250867, 236.08339862278953], "y": [481.5261719300017, 249.74162387090084], "z": [256.1121006443196, 65.78570285812737]}, "camera_uuid": "c83171f93afe09cc67e6fc1972ae2a82", "field_of_view_rads": 1.1552903651461317, "room": "856e4980d5eb3351797f528948f684e5"}