{"vanishing_points_gaussian_sphere": {"x": [0.6620161309275154, 0.018122017514023522, 0.7492704684377892], "y": [0.7494548483550988, -0.025631498985216015, -0.6615591103875804], "z": [0.007216139466409972, 0.9995071879386322, -0.030550099675926187]}, "nonfixated_points_in_view": [896, 1159, 779, 272, 528, 793, 669, 925, 164, 1317, 423, 814, 63, 1215, 1217, 322, 706, 1474, 711, 458, 842, 335, 209, 1363, 343, 859, 1374, 224, 1248, 1379, 484, 1265, 756, 757, 1143, 1144, 636], "point_pitch": 0.006279305615697339, "camera_rotation_from_original_to_final": [0.009722532704472542, -0.01692608743906021, 0.7271804213523865], "camera_location": [-4.210936069488525, -6.891334056854248, 1.5098429918289185], "camera_rotation_original": [1.593726634979248, 0.010752296075224876, 0.11999154835939407], "view_id": 1, "point_location": [-7.014082908630371, -4.416329383850098, 1.624135136604309], "camera_distance": 3.741168651102853, "bounding_box_ranges": {"x": [-6.891334056854248, -5.932645602536259], "y": [-7.296852529308294, -4.210936069488525], "z": [-0.00953625194612627, 2.427068312498904]}, "obliqueness_angle": 1.088446021080017, "resolution": 512, "point_uuid": "259", "point_normal": [0.1501915454864502, -0.5684158802032471, 0.8089165091514587], "camera_rotation_final": [1.6013519763946533, -0.007216202095150948, 0.847267746925354], "vanishing_points_image": {"x": [454.98777832282093, 250.55291217935954], "y": [361.85968403265383, 259.62042141673174], "z": [257.3360184162648, 70.94814277205833]}, "camera_uuid": "41b233ae6d911bdc4a03358505e283ee", "field_of_view_rads": 1.1956594865228904, "room": "ade82d56fe033105b37cc8ef1783cd93"}