{"vanishing_points_gaussian_sphere": {"x": [0.6008970523547698, -0.09178958968551902, 0.7940386663738191], "y": [0.7993241795960356, 0.06664882523027932, -0.5971924229329675], "z": [0.0018943031630852694, 0.9935454721958064, 0.11341872109461724]}, "nonfixated_points_in_view": [1159, 526, 527, 272, 528, 1038, 1042, 279, 281, 793, 1180, 669, 925, 1317, 168, 297, 939, 1324, 46, 814, 815, 563, 692, 1331, 1334, 823, 953, 442, 826, 318, 190, 63, 1215, 322, 1474, 452, 711, 1353, 842, 76, 335, 1234, 1371, 1374, 736, 1248, 1251, 1379, 871, 1259, 493, 1137, 1138, 1143, 1144, 121, 634, 635, 893, 766], "point_pitch": -0.11315660079451995, "camera_rotation_from_original_to_final": [0.10575598478317261, 0.04011455923318863, -2.543539047241211], "camera_location": [-3.8966617584228516, -5.1063923835754395, 1.5070674419403076], "camera_rotation_original": [1.5701526403427124, 0.0018522855825722218, -2.8113532066345215], "view_id": 7, "point_location": [-7.074354648590088, -2.716465711593628, 1.0531730651855469], "camera_distance": 4.001937305797107, "bounding_box_ranges": {"x": [-5.201285781196075, 1.5171395728098034], "y": [-7.4309902753788855, -3.8966617584228516], "z": [-0.03374535270184065, 4.11849503986924]}, "obliqueness_angle": 0.6776712536811829, "resolution": 512, "point_uuid": "779", "point_normal": [0.9996983408927917, 0.02318267896771431, -0.008108853362500668], "camera_rotation_final": [1.4571328163146973, -0.001894304296001792, -5.35701322555542], "vanishing_points_image": {"x": [425.63383300618926, 281.9122920763257], "y": [360.77667408562434, 247.26356687611786], "z": [256.34183753578725, 76.7091966447276]}, "camera_uuid": "62e24ad43a6e699e9b1ae0325438e489", "field_of_view_rads": 1.2895074215341638, "room": "8de55a2e5745f73de25402626a4c3d61"}