{"vanishing_points_gaussian_sphere": {"x": [-0.5069677572803053, 0.152536008979703, 0.8483610428601266], "y": [0.8619544606119705, 0.09458482608470584, 0.4980845495552468], "z": [-0.004266252372354283, 0.9837613921267037, -0.17943055049691362]}, "nonfixated_points_in_view": [256, 1381, 998, 1352, 875, 268, 717, 1230, 1261, 1488, 723, 308, 246, 1498, 444], "point_pitch": 0.16544802586105867, "camera_rotation_from_original_to_final": [0.005874139256775379, 0.16843833029270172, -0.923086941242218], "camera_location": [-5.609722137451172, -10.968703269958496, 4.285808086395264], "camera_rotation_original": [1.5832164287567139, -0.00936906412243843, 1.4556810855865479], "view_id": 3, "point_location": [-7.2893853187561035, -8.107821464538574, 4.8908915519714355], "camera_distance": 3.372245397366789, "bounding_box_ranges": {"x": [-10.968703269958496, -5.980142311358134], "y": [-7.284179526206724, -5.609722137451172], "z": [3.2565337290494942, 5.212402320389708]}, "obliqueness_angle": 1.0560216903686523, "resolution": 512, "point_uuid": "629", "point_normal": [0.9999698400497437, 0.005617326125502586, 0.005379809066653252], "camera_rotation_final": [1.751205563545227, 0.0042662653140723705, 0.5316686630249023], "vanishing_points_image": {"x": [-11.847679905031361, 175.4102277305246], "y": [605.1907521697264, 217.68226040513574], "z": [254.80895709770252, -18.6443298196648]}, "camera_uuid": "84fae33197a8eefa4becf372ea5729e2", "field_of_view_rads": 0.7965174558120897, "room": "ef914082afe6874a9bab2b30c864407b"}