{"vanishing_points_gaussian_sphere": {"x": [-0.6392417466651243, -0.010301195716774092, 0.7689368470084692], "y": [0.7689011411950273, 0.007937966020667849, 0.6393184056199537], "z": [-0.012689538585219803, 0.9999154334553795, 0.002846321878280805]}, "nonfixated_points_in_view": [0, 1281, 644, 1284, 510, 646, 774, 1032, 1286, 267, 908, 1418, 528, 657, 530, 912, 410, 795, 1182, 1058, 293, 805, 167, 1061, 1194, 171, 685, 814, 944, 50, 818, 820, 693, 55, 184, 313, 568, 570, 827, 701, 62, 829, 958, 1084, 66, 1336, 708, 197, 1474, 71, 327, 328, 458, 1100, 462, 1231, 1232, 465, 722, 1339, 1365, 88, 602, 1248, 99, 740, 613, 617, 1257, 242, 115, 627, 885, 1013, 119, 1273, 1021, 254], "point_pitch": -0.03322295745345549, "camera_rotation_from_original_to_final": [-0.02823195606470108, -0.030086562037467957, -0.7265948057174683], "camera_location": [3.307429552078247, -10.623159408569336, 1.5089129209518433], "camera_rotation_original": [1.6019235849380493, -0.010716056451201439, 1.4206318855285645], "view_id": 2, "point_location": [-0.16562695801258087, -6.445958614349365, 1.4934495687484741], "camera_distance": 5.4324366117668355, "bounding_box_ranges": {"x": [-10.623159408569336, -3.147506153585571], "y": [-3.551040876421787, 3.307429552078247], "z": [-0.09487152688106631, 2.427733692099139]}, "obliqueness_angle": 0.8769855499267578, "resolution": 512, "point_uuid": "802", "point_normal": [0.9999714493751526, -0.00025099096819758415, -0.007553593255579472], "camera_rotation_final": [1.5679497718811035, 0.012689879164099693, 0.6935787796974182], "vanishing_points_image": {"x": [80.03541543298343, 258.8356183467399], "y": [447.49368955780335, 254.02306132811862], "z": [253.8468473643197, 86.33500102915251]}, "camera_uuid": "6fc923253b31e08cd2b4b232614b75a1", "field_of_view_rads": 1.2939461849022869, "room": "856e4980d5eb3351797f528948f684e5"}