{"vanishing_points_gaussian_sphere": {"x": [0.4484991060453961, -0.03755711645574454, 0.892993849295733], "y": [0.893751056465033, 0.027329389089331364, -0.44773000073665087], "z": [-0.007589528583385839, 0.9989207013049303, 0.04582391908543387]}, "nonfixated_points_in_view": [256, 2, 131, 514, 266, 268, 396, 270, 400, 656, 1177, 1056, 419, 676, 1315, 41, 177, 434, 308, 1207, 444, 1345, 72, 713, 1261, 1352, 77, 717, 1230, 1488, 1362, 723, 1494, 1115, 348, 476, 96, 480, 1381, 102, 998, 745, 1003, 621, 110, 111, 622, 880, 1134, 243, 883, 629, 246, 125, 1406], "point_pitch": -0.046048208079065844, "camera_rotation_from_original_to_final": [0.0509321466088295, 0.010615157894790173, -2.510389804840088], "camera_location": [-1.9461179971694946, -10.539590835571289, 4.280216217041016], "camera_rotation_original": [1.5751063823699951, -0.006250596605241299, -2.666795015335083], "view_id": 8, "point_location": [-7.285558700561523, -7.862499237060547, 4.006221771240234], "camera_distance": 5.9792575481754096, "bounding_box_ranges": {"x": [-10.74138812656066, -6.084106187817292], "y": [-7.28417939333781, -1.9461179971694946], "z": [2.7651422988573304, 5.21240168341261]}, "obliqueness_angle": 0.47093984484672546, "resolution": 512, "point_uuid": "875", "point_normal": [0.9999732971191406, 0.004659553058445454, 0.0056385076604783535], "camera_rotation_final": [1.5249550342559814, 0.007589601445943117, -5.177488803863525], "vanishing_points_image": {"x": [446.39962154662686, 271.9439799615399], "y": [427.5961700264382, 250.7528806114759], "z": [254.17482025438906, 15.772980434591716]}, "camera_uuid": "41fe4d40075167d2675e7ca53b4961cc", "field_of_view_rads": 0.9975842939180312, "room": "ef914082afe6874a9bab2b30c864407b"}