{"vanishing_points_gaussian_sphere": {"x": [0.24479000977238677, 0.07227116493509858, 0.9668788599584536], "y": [0.9695743938025032, -0.020127709013149704, -0.24396796964435827], "z": [0.0018292069711611297, 0.9971819061980647, -0.07499933301737362]}, "nonfixated_points_in_view": [1031, 1482, 1451, 620, 1293, 855, 303, 754, 1074, 1499, 183, 283, 95], "point_pitch": 0.07374401489761873, "camera_rotation_from_original_to_final": [0.021840067580342293, -0.0716172605752945, -0.5378867387771606], "camera_location": [-2.806222438812256, -9.90909194946289, 4.287649154663086], "camera_rotation_original": [1.5709993839263916, -0.0022501780185848475, -1.2808427810668945], "view_id": 0, "point_location": [0.5359010100364685, -10.75239372253418, 4.5468926429748535], "camera_distance": 3.456610241270474, "bounding_box_ranges": {"x": [-10.880777571775345, -9.637998694698386], "y": [-2.806222438812256, -1.7641684490109109], "z": [3.665026683500139, 5.02091584982083]}, "obliqueness_angle": 0.8113470673561096, "resolution": 512, "point_uuid": "734", "point_normal": [-0.4938877522945404, 0.8693990707397461, 0.014838534407317638], "camera_rotation_final": [1.6458662748336792, -0.0018292079912498593, -1.818099856376648], "vanishing_points_image": {"x": [355.4653069163307, 226.6341218411879], "y": [437.38178417604263, 259.76536323103943], "z": [256.37006164248334, 54.262974130223135]}, "camera_uuid": "48bee344cd0412ed9774218b24d4c13a", "field_of_view_rads": 1.0952362959690183, "room": "ef914082afe6874a9bab2b30c864407b"}