{"vanishing_points_gaussian_sphere": {"x": [0.651086480152311, -0.014998242743020564, 0.7588553538570417], "y": [0.7589269825727895, -0.0013369520420561532, -0.6511743604305981], "z": [0.010781024340733688, 0.9998866262101213, 0.010512099709660043]}, "nonfixated_points_in_view": [128, 1280, 642, 1159, 905, 394, 1420, 528, 404, 1044, 1172, 1431, 281, 793, 27, 925, 414, 286, 1312, 1405, 1186, 1317, 173, 430, 814, 1069, 689, 1071, 1206, 1211, 1469, 190, 63, 1357, 1233, 339, 1107, 725, 1241, 603, 1371, 1374, 352, 611, 249, 359, 743, 233, 106, 748, 1006, 1263, 505, 1148, 1277, 255], "point_pitch": -0.02756456931563811, "camera_rotation_from_original_to_final": [0.020729143172502518, -0.022048192098736763, 0.27331793308258057], "camera_location": [0.27477186918258667, -2.2696449756622314, 2.261363983154297], "camera_rotation_original": [1.5901278257369995, -0.005768735893070698, 2.1587343215942383], "view_id": 2, "point_location": [-0.924720048904419, -3.667490243911743, 2.2420003414154053], "camera_distance": 1.8420443424617614, "bounding_box_ranges": {"x": [-6.4354896879058, -2.2696449756622314], "y": [-7.251699180361614, 0.27477186918258667], "z": [-0.015606604288649826, 5.476975655585089]}, "obliqueness_angle": 1.5185699462890625, "resolution": 512, "point_uuid": "843", "point_normal": [-0.7139920592308044, 0.6791083216667175, 0.17037388682365417], "camera_rotation_final": [1.5602834224700928, -0.010781233198940754, 2.432527780532837], "vanishing_points_image": {"x": [433.4100009268135, 260.0867662592493], "y": [352.8107360126642, 256.17054514357403], "z": [257.8326542716228, 86.03039055027676]}, "camera_uuid": "72c78639c6d82fd06b6c6cb47f559896", "field_of_view_rads": 1.2958928540398407, "room": "8de55a2e5745f73de25402626a4c3d61"}