{"vanishing_points_gaussian_sphere": {"x": [0.023276500332607974, -0.22538568893265395, 0.9739915275589511], "y": [0.9996623517766886, 0.016502306995219915, -0.020071280580360836], "z": [-0.011549327797155787, 0.9741298502192551, 0.22569370380948908]}, "nonfixated_points_in_view": [640, 258, 1417, 779, 526, 399, 527, 1042, 279, 1446, 297, 939, 1324, 46, 1200, 563, 1331, 54, 823, 953, 442, 186, 318, 704, 452, 1353, 76, 1102, 1106, 1259, 493, 368, 1137, 1138, 634, 635, 766], "point_pitch": -0.22022394736739592, "camera_rotation_from_original_to_final": [0.17745964229106903, 0.16451382637023926, -2.3963210582733154], "camera_location": [-2.0300116539001465, -0.3511151969432831, 1.4951437711715698], "camera_rotation_original": [1.5840462446212769, -0.0036451206542551517, -2.3237228393554688], "view_id": 7, "point_location": [-5.881392955780029, -0.27175024151802063, 0.6026996374130249], "camera_distance": 3.954224680549884, "bounding_box_ranges": {"x": [-2.9912408719414385, 1.5239739337465488], "y": [-7.431133673191543, -2.0300116539001465], "z": [-0.034299359751612135, 2.8794579232601514]}, "obliqueness_angle": 1.2756723165512085, "resolution": 512, "point_uuid": "826", "point_normal": [0.21255142986774445, -0.9336114525794983, 0.28842952847480774], "camera_rotation_final": [1.343125820159912, 0.011549584567546844, -4.735669136047363], "vanishing_points_image": {"x": [266.96169439477853, 362.14177422433625], "y": [495.1099206927977, 252.05280191870557], "z": [252.85486662359452, -9.276764040930976]}, "camera_uuid": "6f269c44fb405f239d56a612bcda89ad", "field_of_view_rads": 0.9744373502513746, "room": "8de55a2e5745f73de25402626a4c3d61"}