{"vanishing_points_gaussian_sphere": {"x": [0.3507275786832783, -0.2319461405560655, 0.9072988225673562], "y": [0.9364210251591997, 0.09750559546509009, -0.3370583369281818], "z": [-0.010287331566467424, 0.9678293479400922, 0.251397144126773]}, "nonfixated_points_in_view": [1281, 908, 1402, 1052, 542, 1058, 551, 1192, 1447, 946, 51, 820, 1339, 712, 75, 462, 79, 210, 599, 602, 731, 860, 605, 222, 1242, 228, 104, 1002, 747, 1386, 1009, 1140, 245, 1018, 510], "point_pitch": -0.24635247786971526, "camera_rotation_from_original_to_final": [0.04533366858959198, -0.26335564255714417, -2.1349925994873047], "camera_location": [2.5174548625946045, -7.046302795410156, 1.517836332321167], "camera_rotation_original": [1.5836472511291504, 0.0011349497362971306, 1.7721537351608276], "view_id": 1, "point_location": [3.4301867485046387, -4.589396953582764, 0.8370690941810608], "camera_distance": 2.7079346430592164, "bounding_box_ranges": {"x": [-7.046302795410156, -3.135797179298601], "y": [1.6162396803020282, 6.087706229365767], "z": [-0.014770723615174619, 2.4277337078397614]}, "obliqueness_angle": 0.6950752139091492, "resolution": 512, "point_uuid": "972", "point_normal": [0.13386270403862, -0.9620687961578369, -0.23770657181739807], "camera_rotation_final": [1.3166590929031372, 0.010287513025105, -0.3583677411079407], "vanishing_points_image": {"x": [367.90365321541003, 330.0050741800311], "y": [395.6938741184526, 241.4542625456008], "z": [253.94889774034485, 63.032858842503735]}, "camera_uuid": "3d5b30db610d18db270d0baeb235eacb", "field_of_view_rads": 1.2667338364804115, "room": "856e4980d5eb3351797f528948f684e5"}