{"vanishing_points_gaussian_sphere": {"x": [0.020240905392435646, -0.02663050649129299, 0.9994404043628173], "y": [0.9997708885799608, -0.006422310732755904, -0.02041872358615171], "z": [0.006962477786694152, 0.9996247146048708, 0.02649441175419187]}, "nonfixated_points_in_view": [515, 271, 273, 1041, 1171, 663, 411, 157, 1437, 1449, 1322, 696, 961, 1473, 963, 1222, 1098, 78, 593, 345, 477, 479, 1388, 496, 1397, 503], "point_pitch": -0.0238935192439218, "camera_rotation_from_original_to_final": [-0.02965361997485161, -0.0017543906578794122, -2.7156550884246826], "camera_location": [3.4209909439086914, -2.906309127807617, 4.301186561584473], "camera_rotation_original": [1.5702917575836182, 0.007416601292788982, -0.44614845514297485], "view_id": 5, "point_location": [3.244920253753662, -11.52456283569336, 4.072722434997559], "camera_distance": 8.623079285717338, "bounding_box_ranges": {"x": [-4.782224196050449, -2.906309127807617], "y": [2.5079383759717846, 4.082942431061131], "z": [3.3750370029232637, 5.108350502624637]}, "obliqueness_angle": 1.2341699600219727, "resolution": 512, "point_uuid": "1163", "point_normal": [0.9499695897102356, 0.3100889027118683, 0.037453263998031616], "camera_rotation_final": [1.5442981719970703, -0.006962534040212631, -3.1618354320526123], "vanishing_points_image": {"x": [267.20550476503166, 270.74283198294626], "y": [530.0965399141038, 257.760736554954], "z": [257.9542040683545, -24.571190882905515]}, "camera_uuid": "b422073dff8b7042fc5c055162756ec7", "field_of_view_rads": 0.865845630723054, "room": "b882b325a4c32027bb7a3589209866b9"}