{"vanishing_points_gaussian_sphere": {"x": [0.3775759588554902, -0.09757686655060638, 0.9208230831210318], "y": [0.9259552556670274, 0.032723381208332056, -0.3762127653667591], "z": [0.006577218026425694, 0.9946898689724649, 0.10270737445078384]}, "nonfixated_points_in_view": [643, 388, 644, 774, 1029, 136, 520, 1030, 1286, 1414, 1422, 784, 530, 660, 917, 662, 797, 416, 544, 673, 1319, 296, 682, 1066, 172, 684, 174, 1330, 181, 1078, 695, 314, 1084, 62, 958, 65, 66, 1221, 1351, 973, 847, 1360, 1236, 862, 607, 863, 99, 996, 357, 617, 362, 1130, 751, 117, 758, 1013, 248, 1269, 890, 1403, 1021], "point_pitch": -0.1133565147730966, "camera_rotation_from_original_to_final": [-0.02652384340763092, 0.08739787340164185, -2.22820782661438], "camera_location": [3.2709619998931885, -3.7192935943603516, 1.5157769918441772], "camera_rotation_original": [1.5592020750045776, -0.004284437280148268, -1.3022267818450928], "view_id": 6, "point_location": [0.3411653935909271, -10.890302658081055, 0.7159305214881897], "camera_distance": 7.787607686536633, "bounding_box_ranges": {"x": [-12.048751749878175, -3.7192935943603516], "y": [-1.6247058067294002, 3.4147438076632826], "z": [-0.01658298973197614, 2.4250880969257826]}, "obliqueness_angle": 0.43462681770324707, "resolution": 512, "point_uuid": "980", "point_normal": [0.016609901562333107, 0.9921005964279175, -0.12434056401252747], "camera_rotation_final": [1.4679052829742432, -0.006577265448868275, -3.528778553009033], "vanishing_points_image": {"x": [467.2663487820928, 310.59751299905724], "y": [491.300752743222, 247.6844402755971], "z": [258.09327631645414, -60.57164724832661]}, "camera_uuid": "2d006a1a730dfc7454d6b6a574948a71", "field_of_view_rads": 0.8019729680717456, "room": "856e4980d5eb3351797f528948f684e5"}