{"vanishing_points_gaussian_sphere": {"x": [-0.31325691608882106, 5.5467090439493015e-05, 0.949668416578083], "y": [0.9494899496846525, 0.01940434596526666, 0.31319691378667236], "z": [-0.018410322386025732, 0.9998117164151769, -0.0061312110207105384]}, "nonfixated_points_in_view": [768, 771, 775, 1287, 649, 1291, 1164, 654, 144, 17, 1428, 28, 671, 929, 1443, 422, 1062, 1064, 938, 429, 686, 687, 560, 1456, 824, 1465, 317, 1085, 703, 1086, 456, 969, 331, 1483, 333, 334, 463, 591, 848, 977, 1484, 1366, 727, 216, 1113, 1370, 351, 367, 623, 1264, 1391, 116, 1399], "point_pitch": 0.02650018135574861, "camera_rotation_from_original_to_final": [-0.029575180262327194, -0.019151858985424042, -2.8321523666381836], "camera_location": [0.5467849373817444, -10.360032081604004, 1.5205349922180176], "camera_rotation_original": [1.5957993268966675, -0.011342709884047508, 1.5803825855255127], "view_id": 2, "point_location": [6.030101299285889, -8.551655769348145, 1.5559364557266235], "camera_distance": 5.773927362101058, "bounding_box_ranges": {"x": [-11.093285046001487, -4.739315452144555], "y": [0.5467849373817444, 6.5093060907075815], "z": [-0.027891785735388645, 2.42773163045292]}, "obliqueness_angle": 0.3784342110157013, "resolution": 512, "point_uuid": "1141", "point_normal": [-0.9978998899459839, 0.05935157835483551, -0.02594953402876854], "camera_rotation_final": [1.5769286155700684, 0.018411362543702126, -1.252119779586792], "vanishing_points_image": {"x": [94.2149590497018, 255.97135340023712], "y": [561.344502400681, 249.75979665172565], "z": [251.0218706283314, -14.347904141139733]}, "camera_uuid": "08b7810ec5503ef8e7e738fee540560e", "field_of_view_rads": 0.881877933300202, "room": "856e4980d5eb3351797f528948f684e5"}