{"vanishing_points_gaussian_sphere": {"x": [-0.03675949441877091, -0.33653639653578693, 0.9409527051753367], "y": [0.999315095501764, -0.016385503385457727, 0.03317913773902824], "z": [0.004251996281348988, 0.9415278907634722, 0.3369082240642259]}, "nonfixated_points_in_view": [512, 1, 902, 9, 265, 651, 1168, 918, 666, 541, 158, 1181, 306, 59, 1470, 449, 82, 1110, 983, 478, 353, 482, 355, 609, 101, 873, 1385, 491, 369, 499, 886, 1398, 1016, 1279], "point_pitch": -0.35345439513656096, "camera_rotation_from_original_to_final": [0.32389214634895325, 0.13813123106956482, -0.3629907965660095], "camera_location": [7.106297016143799, -6.809415817260742, 1.504452109336853], "camera_rotation_original": [1.5783125162124634, -0.007616623304784298, -2.721336841583252], "view_id": 0, "point_location": [7.257313251495361, -11.09209156036377, -0.02895975299179554], "camera_distance": 4.551425083196344, "bounding_box_ranges": {"x": [-11.651417691981765, -6.809415817260742], "y": [6.466413992052822, 9.94836128702666], "z": [-0.02830009505056008, 2.436421929905782]}, "obliqueness_angle": 0.6574375629425049, "resolution": 512, "point_uuid": "1024", "point_normal": [-0.09274647384881973, 0.5379725694656372, 0.8378446102142334], "camera_rotation_final": [1.2271618843078613, -0.004252009093761444, -3.1048245429992676], "vanishing_points_image": {"x": [243.17723938725794, 373.39349842770537], "y": [443.70031513656255, 259.07767206056], "z": [256.94450447571495, 46.85651821068509]}, "camera_uuid": "b7487260ea08da3259345602cccf923b", "field_of_view_rads": 1.2119805476739038, "room": "8868fae7afbf71557a2e4faceeb9d9d6"}