{"vanishing_points_gaussian_sphere": {"x": [-0.4563366121407905, -0.08576765251770407, 0.8856640481590455], "y": [0.8898040788278341, -0.0466322529064444, 0.45395389004855896], "z": [0.002365950383153109, 0.9952232627759823, 0.0975964113495608]}, "nonfixated_points_in_view": [0, 520, 1033, 1040, 530, 1048, 26, 1055, 544, 34, 36, 1067, 48, 50, 55, 572, 576, 577, 1089, 579, 88, 93, 97, 613, 1132, 625, 115, 631, 119, 641, 134, 650, 658, 147, 1176, 678, 171, 685, 688, 693, 695, 701, 192, 1217, 708, 197, 714, 1231, 1232, 728, 221, 223, 740, 743, 237, 753, 757, 760, 1273, 254, 772, 1284, 1286, 777, 784, 805, 301, 1329, 818, 1336, 827, 829, 319, 328, 841, 330, 1365, 343, 1368, 1383, 360, 885, 890, 392, 906, 398, 911, 912, 406, 1432, 410, 1441, 943, 944, 948, 965, 971, 465, 980, 984, 501], "point_pitch": -0.11043469508620696, "camera_rotation_from_original_to_final": [0.025650113821029663, -0.10765651613473892, 0.2710675597190857], "camera_location": [2.5174548625946045, -7.046302795410156, 1.517836332321167], "camera_rotation_original": [1.5836472511291504, 0.0011349497362971306, 1.7721537351608276], "view_id": 0, "point_location": [-3.110118865966797, -9.930758476257324, 0.8976999521255493], "camera_distance": 6.354072851259744, "bounding_box_ranges": {"x": [-12.059976363455071, -6.370196151889182], "y": [-3.551064595274478, 2.5174548625946045], "z": [-0.04344364378689103, 2.4277327934915336]}, "obliqueness_angle": 1.5037314891815186, "resolution": 512, "point_uuid": "582", "point_normal": [-0.01741728000342846, -0.033235739916563034, 0.9992958307266235], "camera_rotation_final": [1.4730440378189087, -0.002365952590480447, 2.0446715354919434], "vanishing_points_image": {"x": [101.81708534206516, 284.97840387277256], "y": [472.69007986657357, 267.35614777127904], "z": [256.4682416656435, 59.03686773499408]}, "camera_uuid": "3d5b30db610d18db270d0baeb235eacb", "field_of_view_rads": 1.194276170378486, "room": "856e4980d5eb3351797f528948f684e5"}