{"vanishing_points_gaussian_sphere": {"x": [0.13500560609889822, -0.14029600026869077, 0.9808621302866559], "y": [0.9908442089656143, 0.018003276488454678, -0.13380446776915395], "z": [0.0011134995174879197, 0.9899459148581239, 0.14144202266136033]}, "nonfixated_points_in_view": [1026, 517, 648, 910, 16, 153, 284, 1057, 930, 936, 1321, 427, 555, 940, 1199, 180, 1077, 58, 1083, 1212, 1341, 710, 1096, 1481, 715, 1355, 1357, 336, 83, 87, 988, 354, 1255, 240, 500, 759, 253, 1020, 509], "point_pitch": -0.139952345690455, "camera_rotation_from_original_to_final": [-0.039809904992580414, 0.1364721655845642, 1.1424630880355835], "camera_location": [-2.806222438812256, -9.90909194946289, 4.287649154663086], "camera_rotation_original": [1.5709993839263916, -0.0022501780185848475, -1.2808427810668945], "view_id": 3, "point_location": [-2.103050947189331, -4.7544474601745605, 3.544339656829834], "camera_distance": 5.25521829665279, "bounding_box_ranges": {"x": [-9.90909194946289, -5.957686764018614], "y": [-4.312386507697813, -1.7641883532618783], "z": [2.7651379514330916, 5.210736617767223]}, "obliqueness_angle": 0.8221903443336487, "resolution": 512, "point_uuid": "455", "point_normal": [0.634564995765686, -0.7681013345718384, 0.08571882545948029], "camera_rotation_final": [1.4288783073425293, -0.0011134997475892305, -0.13541920483112335], "vanishing_points_image": {"x": [316.1760035105369, 318.5340891288507], "y": [466.93819891875773, 252.16733015871839], "z": [256.2721563037203, 14.042085479626428]}, "camera_uuid": "48bee344cd0412ed9774218b24d4c13a", "field_of_view_rads": 1.0263794312684362, "room": "ef914082afe6874a9bab2b30c864407b"}