{"vanishing_points_gaussian_sphere": {"x": [0.07765260091924767, -0.07716866854788827, 0.9939894718582397], "y": [0.996978827621772, 0.007824590566644063, -0.07727867141961803], "z": [-0.0018140684642438264, 0.9969873481529294, 0.07754312850663486]}, "nonfixated_points_in_view": [1024, 136, 9, 265, 1160, 1168, 1425, 917, 918, 537, 666, 1178, 541, 285, 1181, 1311, 801, 1443, 1188, 687, 1327, 1078, 1080, 59, 1470, 193, 451, 1350, 973, 591, 82, 1110, 983, 1366, 733, 478, 607, 353, 482, 355, 101, 873, 362, 491, 623, 369, 1398, 1279], "point_pitch": -0.08420757850142913, "camera_rotation_from_original_to_final": [0.06046118214726448, 0.05735194310545921, -0.9066329598426819], "camera_location": [7.02915096282959, -4.004668712615967, 1.4965605735778809], "camera_rotation_original": [1.5762782096862793, -0.00407657353207469, -2.3110499382019043], "view_id": 4, "point_location": [6.485349655151367, -10.999297142028809, 0.9508934617042542], "camera_distance": 7.0369240458211, "bounding_box_ranges": {"x": [-6.106933035774487, -4.004668712615967], "y": [6.3268511707350195, 7.6035067917947075], "z": [0.2274206088419364, 2.302925877395252]}, "obliqueness_angle": 1.4829844236373901, "resolution": 512, "point_uuid": "902", "point_normal": [0.9976587891578674, 0.005347041878849268, 0.0681791827082634], "camera_rotation_final": [1.4931751489639282, 0.0018140694592148066, -3.2193236351013184], "vanishing_points_image": {"x": [295.57065371015995, 295.324048701963], "y": [502.0429454574019, 254.0689807479586], "z": [255.51625464044818, -9.859868415641149]}, "camera_uuid": "c1644f81920efcf3b70623e2c3537e98", "field_of_view_rads": 0.9262828650341426, "room": "8efc299ca974ee46c0bc622cd51b4dc7"}