{"vanishing_points_gaussian_sphere": {"x": [-0.12584260666728533, 0.1516586523646607, 0.9803893570975349], "y": [0.9919052765660248, 0.03612782887720173, 0.12173209232202267], "z": [-0.016957613855161136, 0.9877724602070836, -0.15497743767653607]}, "nonfixated_points_in_view": [768, 1153, 7, 654, 144, 17, 1170, 28, 542, 1438, 1442, 422, 806, 1064, 1447, 170, 686, 687, 560, 1465, 1085, 703, 193, 66, 1091, 456, 712, 75, 1099, 1483, 79, 208, 463, 210, 338, 466, 591, 977, 1366, 1242, 91, 94, 994, 228, 1382, 1128, 1258, 747, 1386, 1133, 367, 623, 1391, 1010, 116, 245, 372, 1013, 1141, 1018, 1399, 383], "point_pitch": 0.15236623684433503, "camera_rotation_from_original_to_final": [0.10020113736391068, 0.10485630482435226, -2.0573551654815674], "camera_location": [0.4931855797767639, -7.2360944747924805, 1.5182243585586548], "camera_rotation_original": [1.5842092037200928, -0.010877704247832298, 0.6175836324691772], "view_id": 1, "point_location": [6.203352928161621, -6.527080059051514, 2.420872688293457], "camera_distance": 5.824387172461524, "bounding_box_ranges": {"x": [-9.435913646876042, -4.332326080693028], "y": [0.4931855797767639, 6.509842766712622], "z": [-0.017756875830050256, 2.4277330825537398]}, "obliqueness_angle": 1.3980731964111328, "resolution": 512, "point_uuid": "334", "point_normal": [-0.017271053045988083, 0.0001727883645799011, -0.9998509287834167], "camera_rotation_final": [1.7264235019683838, 0.01695842668414116, -1.4446009397506714], "vanishing_points_image": {"x": [194.90454719922099, 182.37108938888798], "y": [517.4136161604382, 246.47862067685435], "z": [252.10473008600087, 29.10249077581799]}, "camera_uuid": "c61bffa72844e019185a72c8df1f3454", "field_of_view_rads": 0.9545614084599958, "room": "856e4980d5eb3351797f528948f684e5"}