{"vanishing_points_gaussian_sphere": {"x": [-0.48090201846451236, 0.0786215844371085, 0.8732421743693765], "y": [0.8767743001256869, 0.04343482023816214, 0.4789365751641763], "z": [-0.00027436448382586493, 0.995957861985876, -0.08982127739379381]}, "nonfixated_points_in_view": [256, 1026, 517, 648, 268, 270, 910, 153, 284, 1057, 930, 419, 1187, 1315, 936, 1321, 940, 1199, 434, 180, 308, 1077, 1083, 444, 1212, 1345, 835, 710, 72, 329, 713, 715, 1355, 1357, 974, 1230, 80, 1481, 1362, 723, 1488, 87, 348, 988, 354, 1381, 998, 1255, 621, 622, 240, 880, 243, 500, 246, 759, 253, 1020, 509, 1406], "point_pitch": 0.09218497673538728, "camera_rotation_from_original_to_final": [0.02813917212188244, -0.08526215702295303, 1.781414270401001], "camera_location": [-2.806222438812256, -9.90909194946289, 4.287649154663086], "camera_rotation_original": [1.5709993839263916, -0.0022501780185848475, -1.2808427810668945], "view_id": 2, "point_location": [-4.90011739730835, -6.091305732727051, 4.680344104766846], "camera_distance": 4.37196721306242, "bounding_box_ranges": {"x": [-9.90909194946289, -5.957591636435438], "y": [-7.2841756462882525, -2.2135995359128264], "z": [2.7651383053178495, 5.212402340081352]}, "obliqueness_angle": 0.5151286125183105, "resolution": 512, "point_uuid": "697", "point_normal": [-0.004650903865695, -0.9999547600746155, 0.008302934467792511], "camera_rotation_final": [1.6607388257980347, 0.00027436448726803064, 0.501683235168457], "vanishing_points_image": {"x": [110.89869114829952, 232.27771486124303], "y": [451.96828902769727, 246.29186028254017], "z": [255.955366179949, 93.97682786652217]}, "camera_uuid": "48bee344cd0412ed9774218b24d4c13a", "field_of_view_rads": 1.2908359744282636, "room": "ef914082afe6874a9bab2b30c864407b"}