{"vanishing_points_gaussian_sphere": {"x": [-0.45006357900604393, 0.08270632423034502, 0.8891582754406414], "y": [0.8929814019685366, 0.04747542750576666, 0.4475827292484059], "z": [-0.005195246921713285, 0.9954424884017409, -0.09522217018096515]}, "nonfixated_points_in_view": [384, 1282, 5, 645, 1433, 800, 289, 418, 294, 1323, 1073, 1205, 1214, 1093, 1235, 346, 218, 737, 995, 742, 487, 1129, 876, 497, 1394, 1142, 247, 1272, 1274], "point_pitch": 0.10143573681381746, "camera_rotation_from_original_to_final": [0.008722563274204731, -0.09741229563951492, 2.081770420074463], "camera_location": [7.131393909454346, -2.9630346298217773, 4.278573989868164], "camera_rotation_original": [1.5692344903945923, -0.007833980023860931, -1.6152243614196777], "view_id": 1, "point_location": [5.712950706481934, -0.14518558979034424, 4.580344200134277], "camera_distance": 3.1691197563320297, "bounding_box_ranges": {"x": [-2.9630346298217773, -0.07812108422750486], "y": [4.177735411334099, 7.503902255282224], "z": [2.763186208168932, 5.194258713778701]}, "obliqueness_angle": 0.40399184823036194, "resolution": 512, "point_uuid": "921", "point_normal": [0.5719048976898193, -0.7750263810157776, 0.2688103914260864], "camera_rotation_final": [1.6661642789840698, 0.005195270292460918, 0.4668433368206024], "vanishing_points_image": {"x": [116.36940786704851, 230.3406630438144], "y": [454.2407091545516, 245.46051687592674], "z": [255.14545486283578, 92.26369437127101]}, "camera_uuid": "04fc9afa35a5796af985c221dbfe1e92", "field_of_view_rads": 1.2777745503170703, "room": "5cd6a063c51df65aa0d61bbfd9882874"}