{"vanishing_points_gaussian_sphere": {"x": [0.40606981128965103, 0.11855092260198256, 0.9061197421474747], "y": [0.9138406976874797, -0.05438988737472089, -0.4024138658165567], "z": [0.0015772156630290953, 0.9914572199049155, -0.13042274912440838]}, "nonfixated_points_in_view": [808, 1482, 1451, 620, 1293, 855, 303, 754, 1074, 1499, 407, 183, 283, 734, 95], "point_pitch": 0.12917776505020662, "camera_rotation_from_original_to_final": [0.0381644181907177, -0.12492335587739944, -0.7102402448654175], "camera_location": [-2.806222438812256, -9.90909194946289, 4.287649154663086], "camera_rotation_original": [1.5709993839263916, -0.0022501780185848475, -1.2808427810668945], "view_id": 1, "point_location": [0.16286833584308624, -11.22768497467041, 4.715006351470947], "camera_distance": 3.2767088665012105, "bounding_box_ranges": {"x": [-11.495598383485238, -9.666087153043973], "y": [-2.806222438812256, -1.7641776897449948], "z": [3.5389889130689443, 5.203620805155503]}, "obliqueness_angle": 1.1938105821609497, "resolution": 512, "point_uuid": "1031", "point_normal": [-0.05347686633467674, 0.9201115369796753, 0.3879883885383606], "camera_rotation_final": [1.7015918493270874, -0.0015772163169458508, -1.9889460802078247], "vanishing_points_image": {"x": [380.2568165950583, 219.72357698754908], "y": [383.32449819880657, 263.5780878818381], "z": [256.2478075842728, 100.22509595005077]}, "camera_uuid": "48bee344cd0412ed9774218b24d4c13a", "field_of_view_rads": 1.3058182171466934, "room": "ef914082afe6874a9bab2b30c864407b"}