{"vanishing_points_gaussian_sphere": {"x": [0.6776362594953299, -0.1490592204975964, 0.7201322438287476], "y": [0.7353863014022961, 0.14269036360093576, -0.6624548647608259], "z": [-0.004010925956592378, 0.9784788239507699, 0.20630827310820335]}, "nonfixated_points_in_view": [1027, 1159, 272, 528, 786, 1043, 1300, 1045, 793, 281, 1305, 925, 1186, 292, 1316, 1317, 1448, 811, 941, 430, 814, 1069, 689, 1198, 436, 828, 1469, 702, 63, 190, 191, 1474, 1476, 458, 1100, 722, 852, 981, 729, 1371, 1374, 352, 1248, 611, 106, 1135, 1143, 122, 1278], "point_pitch": -0.2034063776347299, "camera_rotation_from_original_to_final": [-0.08865213394165039, 0.19442440569400787, -2.7750654220581055], "camera_location": [-1.9384469985961914, -2.428041458129883, 1.5036466121673584], "camera_rotation_original": [1.5763559341430664, -0.0021221297793090343, -1.119526982307434], "view_id": 1, "point_location": [-6.784709930419922, -7.696249961853027, -0.0056262691505253315], "camera_distance": 7.315612798824834, "bounding_box_ranges": {"x": [-6.441829657861262, -2.428041458129883], "y": [-7.246438148395625, -1.9384469985961914], "z": [-0.017957977313200424, 3.615504618294027]}, "obliqueness_angle": 1.3660011291503906, "resolution": 512, "point_uuid": "1349", "point_normal": [-0.004088937770575285, -0.00032126379664987326, 0.9999915957450867], "camera_rotation_final": [1.3629940748214722, 0.004010936710983515, -3.886143684387207], "vanishing_points_image": {"x": [483.46127574050905, 306.03451332506916], "y": [374.66133050471495, 232.9755999495754], "z": [255.0393332225724, 21.642121355800008]}, "camera_uuid": "a7a591d05adb833dd3d4b184074676ca", "field_of_view_rads": 1.074779742130515, "room": "8de55a2e5745f73de25402626a4c3d61"}