{"vanishing_points_gaussian_sphere": {"x": [-0.5537944190357146, -0.13354184475938696, 0.82187487925058], "y": [0.832653349935266, -0.08837412774117366, 0.5466977340245397], "z": [-0.00037454836126128667, 0.9870950254378991, 0.16013516312565013]}, "nonfixated_points_in_view": [1029, 1032, 17, 538, 28, 1052, 542, 544, 551, 1064, 51, 60, 1085, 66, 1091, 69, 79, 591, 85, 599, 604, 98, 99, 104, 617, 623, 116, 1141, 1149, 643, 654, 1167, 144, 1170, 662, 1185, 165, 1192, 687, 703, 198, 712, 208, 721, 1242, 222, 228, 1258, 747, 1264, 1287, 1290, 1308, 298, 1333, 824, 1336, 317, 832, 1351, 334, 338, 1366, 860, 1382, 1386, 367, 1391, 372, 1399, 1403, 904, 1428, 1432, 416, 1442, 420, 422, 1447, 429, 946, 1465, 456, 1483, 972, 1484, 463, 977, 994, 1018], "point_pitch": -0.16720811923476653, "camera_rotation_from_original_to_final": [-0.15268300473690033, 0.06632811576128006, -0.5990910530090332], "camera_location": [-1.2640292644500732, -10.590165138244629, 1.4937529563903809], "camera_rotation_original": [1.576294183731079, -0.003259384771808982, -0.3901067078113556], "view_id": 2, "point_location": [1.390782356262207, -8.824227333068848, 0.9764858484268188], "camera_distance": 3.230189799173902, "bounding_box_ranges": {"x": [-10.590165138244629, -3.1626252514631057], "y": [-1.2640292644500732, 6.4952254898623885], "z": [-0.022859756052780122, 2.427731139925336]}, "obliqueness_angle": 1.0224602222442627, "resolution": 512, "point_uuid": "275", "point_normal": [-0.6921257972717285, -0.12138842046260834, -0.7114961743354797], "camera_rotation_final": [1.4099687337875366, 0.0003745483700186014, -0.9838818907737732], "vanishing_points_image": {"x": [21.325385000074853, 312.589376721884], "y": [542.0337228329595, 286.35834871965466], "z": [255.89836789105308, -11.844047771089068]}, "camera_uuid": "bf987798a26d9c5da496954cb31ac414", "field_of_view_rads": 0.9476383899492862, "room": "856e4980d5eb3351797f528948f684e5"}