{"vanishing_points_gaussian_sphere": {"x": [-0.5439073012661443, -0.03274172745165913, 0.8385063070203235], "y": [0.8390041572071802, -0.002891690250849585, 0.5441173240364272], "z": [-0.015390640612040237, 0.9994596627233009, 0.02904325688652368]}, "nonfixated_points_in_view": [257, 132, 517, 905, 1429, 536, 153, 794, 155, 799, 162, 549, 175, 307, 567, 316, 1343, 836, 838, 457, 1226, 595, 1497, 225, 1249, 232, 105, 361, 495, 112, 887, 377, 380], "point_pitch": -0.029442234835352465, "camera_rotation_from_original_to_final": [0.040111035108566284, -0.020394137129187584, -2.8309152126312256], "camera_location": [4.866747856140137, -7.32299280166626, 4.294677257537842], "camera_rotation_original": [1.5751346349716187, -0.014772405847907066, -2.8775057792663574], "view_id": 2, "point_location": [3.2075257301330566, -4.7660675048828125, 4.206112861633301], "camera_distance": 3.0493817179628446, "bounding_box_ranges": {"x": [-7.32299280166626, -4.671953760761115], "y": [0.9303567449630079, 4.866747856140137], "z": [2.774517725444672, 5.213040118207436]}, "obliqueness_angle": 0.5807667374610901, "resolution": 512, "point_uuid": "1090", "point_normal": [0.9087571501731873, -0.4100453853607178, -0.07760969549417496], "camera_rotation_final": [1.5417455434799194, 0.015391248278319836, -5.708022117614746], "vanishing_points_image": {"x": [11.226508662340686, 270.7346926987603], "y": [557.227130096201, 257.0382017155792], "z": [251.91834819116482, -9.060203993129996]}, "camera_uuid": "85ddc613ad5dac20833685dcf49001a9", "field_of_view_rads": 0.9108447560915915, "room": "77c77478b552f1977cad320741ba92a5"}