{"vanishing_points_gaussian_sphere": {"x": [0.5016420844589886, -0.015202099157769034, 0.8649416831676217], "y": [0.8649654915427788, 0.024742325890651735, -0.5012210248480005], "z": [-0.013781057281644212, 0.9995782678163417, 0.025561083104631895]}, "nonfixated_points_in_view": [3, 1029, 8, 520, 12, 1039, 17, 529, 538, 28, 544, 1062, 43, 1067, 1070, 566, 1080, 60, 1085, 65, 1099, 91, 604, 94, 607, 613, 1128, 617, 1130, 116, 1141, 1146, 643, 646, 137, 654, 1167, 144, 662, 665, 673, 1188, 165, 677, 172, 174, 687, 693, 695, 1221, 1228, 1231, 740, 746, 237, 751, 241, 1269, 758, 1271, 775, 1287, 1290, 784, 275, 1299, 285, 298, 1328, 821, 317, 1351, 334, 848, 863, 1378, 362, 363, 1391, 1399, 378, 1403, 1404, 894, 388, 1414, 1424, 1428, 1432, 415, 416, 1443, 422, 429, 944, 1456, 1463, 1465, 456, 1483, 1484, 975, 977, 466], "point_pitch": -0.018489762148584887, "camera_rotation_from_original_to_final": [-0.04250478371977806, 0.01141181867569685, -2.216414451599121], "camera_location": [-2.1478989124298096, -7.17814826965332, 1.5089408159255981], "camera_rotation_original": [1.586061954498291, -0.002639547921717167, 0.12005194276571274], "view_id": 0, "point_location": [5.2341814041137695, -11.455952644348145, 1.2907817363739014], "camera_distance": 8.534770604200725, "bounding_box_ranges": {"x": [-11.703933142411598, -6.252242064159141], "y": [-2.1478989124298096, 6.4989498314355005], "z": [-0.025032852599010863, 2.4277312512917795]}, "obliqueness_angle": 1.3382301330566406, "resolution": 512, "point_uuid": "1464", "point_normal": [-0.6875802874565125, -0.725959837436676, -0.014686305075883865], "camera_rotation_final": [1.5452300310134888, 0.013781493529677391, -2.0963473320007324], "vanishing_points_image": {"x": [410.73392127327, 260.68916083227657], "y": [377.0755508690391, 252.5366355464092], "z": [253.5562961201429, 78.75138682304174]}, "camera_uuid": "3dfb7fb5350fdc03281337b3a75a5e86", "field_of_view_rads": 1.2627072015788778, "room": "856e4980d5eb3351797f528948f684e5"}