{"vanishing_points_gaussian_sphere": {"x": [-0.3562217214563358, -0.0699201439627888, 0.9317817655604276], "y": [0.934400961202507, -0.025627085044470078, 0.35530000874747314], "z": [-0.0009637772126998755, 0.9972233581201086, 0.07446237407669655]}, "nonfixated_points_in_view": [7, 654, 17, 1170, 542, 806, 1447, 1064, 170, 687, 1465, 1085, 703, 456, 712, 75, 1483, 334, 79, 208, 463, 210, 338, 591, 977, 1366, 1242, 91, 228, 1382, 1128, 1386, 747, 1133, 367, 623, 1391, 372, 245, 1018, 383], "point_pitch": -0.061666532358851, "camera_rotation_from_original_to_final": [0.017683280631899834, -0.08557894825935364, -2.97939395904541], "camera_location": [2.5174548625946045, -7.046302795410156, 1.517836332321167], "camera_rotation_original": [1.5836472511291504, 0.0011349497362971306, 1.7721537351608276], "view_id": 7, "point_location": [7.592460632324219, -5.11113977432251, 1.1122725009918213], "camera_distance": 5.446560373263726, "bounding_box_ranges": {"x": [-7.986737902242049, -4.5733605384182106], "y": [2.5174548625946045, 6.510227206593214], "z": [-0.015529734223758085, 2.4277330695887662]}, "obliqueness_angle": 0.39685919880867004, "resolution": 512, "point_uuid": "1438", "point_normal": [-0.9996779561042786, 0.025056064128875732, -0.00402469839900732], "camera_rotation_final": [1.496264934539795, 0.0009637773619033396, -1.2065749168395996], "vanishing_points_image": {"x": [131.53099260799704, 280.43110678420834], "y": [468.05445535670805, 261.81585185281864], "z": [255.81317910015596, 62.69581864504988]}, "camera_uuid": "3d5b30db610d18db270d0baeb235eacb", "field_of_view_rads": 1.2023536127815742, "room": "856e4980d5eb3351797f528948f684e5"}