{"vanishing_points_gaussian_sphere": {"x": [0.4856435217644056, -0.11201854466055965, 0.8669499497781838], "y": [0.8741394558722156, 0.06850537510236857, -0.48081932705488295], "z": [-0.005530050243176437, 0.9913419486908713, 0.13118902130168503]}, "nonfixated_points_in_view": [1026, 1410, 517, 910, 16, 22, 923, 930, 936, 1321, 427, 555, 1199, 561, 690, 58, 1083, 1341, 1088, 710, 455, 1096, 1481, 715, 1357, 726, 87, 217, 1369, 988, 1119, 354, 1255, 240, 500, 759, 761, 1020], "point_pitch": -0.1395304640147348, "camera_rotation_from_original_to_final": [-0.017219824716448784, 0.1305009126663208, 0.964198648929596], "camera_location": [-3.072143316268921, -10.485207557678223, 4.283509254455566], "camera_rotation_original": [1.5707898139953613, 0.009692680090665817, -1.4714287519454956], "view_id": 2, "point_location": [-2.2665743827819824, -9.03271198272705, 4.063714027404785], "camera_distance": 1.6754087787782204, "bounding_box_ranges": {"x": [-10.485207557678223, -5.957542310363105], "y": [-3.42049381840987, -1.764185743864886], "z": [2.7692623976391113, 5.212400390617744]}, "obliqueness_angle": 0.9204531311988831, "resolution": 512, "point_uuid": "83", "point_normal": [-0.06280054152011871, -0.5361703634262085, 0.8417705297470093], "camera_rotation_final": [1.4392260313034058, 0.005530078429728746, -0.507107675075531], "vanishing_points_image": {"x": [427.05186428898884, 295.4548265145467], "y": [396.61928751514904, 244.9798166949905], "z": [254.81907312348176, 44.30167908988773]}, "camera_uuid": "2c5b1635a824be2ef248c2dd24c5c6fe", "field_of_view_rads": 1.140719705811611, "room": "ef914082afe6874a9bab2b30c864407b"}