{"vanishing_points_gaussian_sphere": {"x": [0.5834627570796438, 0.18599798560120898, 0.7905542109516039], "y": [0.8121398596404371, -0.13391818896033472, -0.5678862272047064], "z": [0.00024389389485933712, 0.9733810497528071, -0.2291926536734795]}, "nonfixated_points_in_view": [517, 13, 910, 16, 1427, 661, 22, 1050, 936, 557, 1453, 431, 305, 690, 1075, 58, 1466, 454, 455, 715, 844, 1227, 1356, 341, 1111, 349, 735, 1375, 867, 114, 124, 1407], "point_pitch": 0.22854741016892, "camera_rotation_from_original_to_final": [0.022469298914074898, -0.2281932681798935, 0.8395941257476807], "camera_location": [-3.781970262527466, -8.79295825958252, 4.280111312866211], "camera_rotation_original": [1.5727763175964355, 0.0018530383240431547, -1.4653403759002686], "view_id": 1, "point_location": [-1.9899441003799438, -6.298279285430908, 5.003353595733643], "camera_distance": 3.155607743589107, "bounding_box_ranges": {"x": [-8.79295825958252, -5.957677890597722], "y": [-3.781970262527466, -1.7641765114451935], "z": [3.483112770684852, 5.211683760549039]}, "obliqueness_angle": 0.9626346230506897, "resolution": 512, "point_uuid": "427", "point_normal": [-0.9999784231185913, -0.0026645800098776817, -0.006018252577632666], "camera_rotation_final": [1.8020445108413696, -0.00024389389727730304, -0.6229859590530396], "vanishing_points_image": {"x": [498.33919910983315, 178.74639243086003], "y": [414.87369025890945, 282.1975528233991], "z": [256.05496044763015, 36.652737371909375]}, "camera_uuid": "719f11efd7d094b502660bf8fb326352", "field_of_view_rads": 0.9426215197559317, "room": "ef914082afe6874a9bab2b30c864407b"}