{"vanishing_points_gaussian_sphere": {"x": [0.5798550325187715, 0.24369442711875805, 0.7774195569021368], "y": [0.8146870009700187, -0.18198130526315393, -0.5506068424794551], "z": [0.007296006656454614, 0.9526257558590253, -0.30405745766366243]}, "nonfixated_points_in_view": [256, 131, 266, 268, 396, 270, 656, 1177, 1056, 419, 676, 1187, 1315, 41, 434, 308, 697, 444, 1345, 835, 72, 329, 713, 1352, 717, 1230, 80, 1488, 1362, 723, 853, 1494, 348, 480, 1381, 998, 745, 875, 621, 110, 1261, 880, 243, 629, 246, 125, 1406], "point_pitch": 0.30257637897995515, "camera_rotation_from_original_to_final": [0.014399833977222443, -0.3091021478176117, 2.4210386276245117], "camera_location": [-3.072143316268921, -10.485207557678223, 4.283509254455566], "camera_rotation_original": [1.5707898139953613, 0.009692680090665817, -1.4714287519454956], "view_id": 5, "point_location": [-5.415541172027588, -8.8254976272583, 5.200037479400635], "camera_distance": 3.014328238013605, "bounding_box_ranges": {"x": [-10.670930332319314, -6.084331888181255], "y": [-7.284179654832661, -3.072143316268921], "z": [2.7689086210975926, 5.212348906631432]}, "obliqueness_angle": 1.2675142288208008, "resolution": 512, "point_uuid": "883", "point_normal": [-0.006997026037424803, -7.97401589807123e-05, -0.9999756217002869], "camera_rotation_final": [1.8797537088394165, -0.007296071387827396, 0.9522266387939453], "vanishing_points_image": {"x": [418.0496942446823, 187.89572360493509], "y": [365.13234718351237, 280.37751794645135], "z": [257.0819274659046, 114.73478211808428]}, "camera_uuid": "2c5b1635a824be2ef248c2dd24c5c6fe", "field_of_view_rads": 1.2860573059103262, "room": "ef914082afe6874a9bab2b30c864407b"}