{"vanishing_points_gaussian_sphere": {"x": [0.6552174324590907, 0.047322563462064475, 0.7539566905261176], "y": [0.7553450296033251, -0.025185472110808713, -0.654843170727242], "z": [-0.012000102302436257, 0.9985620997123488, -0.052246823470872436]}, "nonfixated_points_in_view": [896, 387, 1159, 522, 779, 272, 1042, 1045, 539, 669, 925, 1055, 1183, 804, 553, 811, 939, 941, 46, 815, 1198, 1324, 1331, 694, 953, 442, 699, 63, 1215, 322, 706, 452, 1474, 1224, 1353, 458, 842, 209, 1363, 852, 343, 859, 1374, 224, 1379, 484, 743, 871, 628, 757, 1268, 1144, 122], "point_pitch": 0.0510353604939322, "camera_rotation_from_original_to_final": [-0.04203997179865837, -0.027453038841485977, -2.414571523666382], "camera_location": [-3.8659191131591797, -9.080220222473145, 1.4999077320098877], "camera_rotation_original": [1.5778414011001587, -0.009793577715754509, -3.0118231773376465], "view_id": 1, "point_location": [-7.275479793548584, -6.118874549865723, 1.7361791133880615], "camera_distance": 4.522222524168839, "bounding_box_ranges": {"x": [-9.080220222473145, -5.9327094178442366], "y": [-7.294608978480511, -3.8659191131591797], "z": [-0.010462081951111438, 2.428563638758069]}, "obliqueness_angle": 0.6344980001449585, "resolution": 512, "point_uuid": "1217", "point_normal": [0.9966115355491638, -0.08221632242202759, -0.002460137475281954], "camera_rotation_final": [1.6230707168579102, 0.012000390328466892, -5.426921844482422], "vanishing_points_image": {"x": [471.50635620173506, 240.43522300748367], "y": [372.6042238605192, 259.88793506668577], "z": [253.60357890291135, 56.587093160199416]}, "camera_uuid": "0ea84965dc118f5aeb7a085f7794bb81", "field_of_view_rads": 1.1166857514060164, "room": "ade82d56fe033105b37cc8ef1783cd93"}