{"vanishing_points_gaussian_sphere": {"x": [-0.027235769424616595, -0.23233816087606482, 0.9722536664186858], "y": [0.9996277919528583, -0.004794790416522137, 0.026856796910921785], "z": [-0.0015781062391327207, 0.9726232513083314, 0.23238227254915245]}, "nonfixated_points_in_view": [388, 520, 911, 784, 1424, 275, 660, 544, 296, 1066, 1067, 684, 1330, 949, 695, 55, 1338, 65, 579, 1221, 971, 975, 980, 86, 863, 99, 996, 357, 1253, 617, 1269, 758, 375, 890, 1404], "point_pitch": -0.21732906897994475, "camera_rotation_from_original_to_final": [-0.21048016846179962, -0.13261167705059052, 2.564117431640625], "camera_location": [0.4931855797767639, -7.2360944747924805, 1.5182243585586548], "camera_rotation_original": [1.5842092037200928, -0.010877704247832298, 0.6175836324691772], "view_id": 3, "point_location": [0.6118060946464539, -11.5307035446167, 0.4917522072792053], "camera_distance": 4.417169023284719, "bounding_box_ranges": {"x": [-12.058704374495438, -7.2360944747924805], "y": [-1.925001093576662, 2.8733589748856274], "z": [-0.01939478018551144, 2.420106545211683]}, "obliqueness_angle": 0.2977403700351715, "resolution": 512, "point_uuid": "1360", "point_normal": [0.12169909477233887, 0.9922864437103271, -0.023599928244948387], "camera_rotation_final": [1.336269736289978, 0.001578106894157827, 3.1688318252563477], "vanishing_points_image": {"x": [243.38442728740822, 363.61873170334], "y": [497.17538173235647, 257.15681598525015], "z": [255.5749880445514, -5.944664879168768]}, "camera_uuid": "c61bffa72844e019185a72c8df1f3454", "field_of_view_rads": 0.9867912778235066, "room": "856e4980d5eb3351797f528948f684e5"}