{"vanishing_points_gaussian_sphere": {"x": [-0.30870927449918806, -0.0893125698919587, 0.9469539844667633], "y": [0.9511555263293894, -0.03037153903074669, 0.3072144761399861], "z": [0.0013223355274794065, 0.9955404735500198, 0.09432612020302193]}, "nonfixated_points_in_view": [1088, 1025, 1348, 680, 808, 1372, 587, 555, 670, 1005, 990, 438, 407, 312, 985, 986, 1275, 956, 1341, 30], "point_pitch": -0.09615616401168303, "camera_rotation_from_original_to_final": [0.06066329777240753, 0.07337336987257004, -0.5725533962249756], "camera_location": [-2.9783132076263428, -7.1683149337768555, 4.279703140258789], "camera_rotation_original": [1.5714958906173706, -0.0020283132325857878, -2.2531356811523438], "view_id": 7, "point_location": [-2.19191837310791, -9.592286109924316, 4.0382513999938965], "camera_distance": 2.559756216570083, "bounding_box_ranges": {"x": [-11.667274322115464, -7.1683149337768555], "y": [-3.5842939750172844, -1.7648387163155246], "z": [2.7658028057339816, 5.208884300525085]}, "obliqueness_angle": 1.4886629581451416, "resolution": 512, "point_uuid": "1410", "point_normal": [0.03391400724649429, -0.0019131890730932355, 0.9994229078292847], "camera_rotation_final": [1.4763296842575073, -0.0013223359128460288, -2.827756643295288], "vanishing_points_image": {"x": [96.75550158906624, 302.07096893123577], "y": [561.2191007310222, 265.74601269106375], "z": [256.37692521772505, -27.773900004213445]}, "camera_uuid": "e17726a518b6f85be09164e3bce92661", "field_of_view_rads": 0.8808155060089247, "room": "ef914082afe6874a9bab2b30c864407b"}