{"vanishing_points_gaussian_sphere": {"x": [-0.5693820268800708, 0.0930219033383137, 0.8167931396414027], "y": [0.8219285180567995, 0.04578645116388596, 0.5677474016627206], "z": [0.01541488471886019, 0.994610741139032, -0.1025273375250218]}, "nonfixated_points_in_view": [3, 771, 775, 1160, 137, 1291, 12, 1164, 654, 144, 17, 529, 1403, 1428, 665, 28, 285, 797, 287, 926, 929, 1439, 35, 1188, 165, 422, 934, 1062, 1442, 298, 43, 682, 1070, 687, 1328, 1330, 181, 1078, 1080, 317, 65, 66, 195, 1347, 1221, 1351, 456, 1483, 1484, 973, 847, 89, 474, 1113, 604, 1117, 1443, 351, 607, 1378, 362, 363, 1130, 241, 1395, 116, 117, 1013, 1141, 1271, 894, 1399], "point_pitch": 0.09258730808762117, "camera_rotation_from_original_to_final": [-0.06459136307239532, 0.057286135852336884, 1.1220951080322266], "camera_location": [1.9597357511520386, -5.512042045593262, 1.5149836540222168], "camera_rotation_original": [1.5890778303146362, 0.002467385260388255, 2.6240296363830566], "view_id": 7, "point_location": [6.137070655822754, -11.521790504455566, 2.2693533897399902], "camera_distance": 7.357735874492336, "bounding_box_ranges": {"x": [-11.705041543771333, -5.512042045593262], "y": [1.7697062875707017, 6.5091707602734665], "z": [-0.03552082387243327, 2.427707973371036]}, "obliqueness_angle": 0.6321548819541931, "resolution": 512, "point_uuid": "821", "point_normal": [0.01017402857542038, 0.9993005394935608, 0.03598548471927643], "camera_rotation_final": [1.6735163927078247, -0.01541549526154995, 3.7474288940429688], "vanishing_points_image": {"x": [88.22825030687457, 228.59055125366493], "y": [456.07378546914634, 244.85466508789048], "z": [258.55607968498504, 91.07471147138166]}, "camera_uuid": "5090c6fc5c0dcfff7ec7ff2b1a5d94fb", "field_of_view_rads": 1.2667338364804115, "room": "856e4980d5eb3351797f528948f684e5"}