{"vanishing_points_gaussian_sphere": {"x": [-0.3312378278190333, -0.2617612445856449, 0.9065111980856622], "y": [0.9433932767367335, -0.074519265016044, 0.32319654167301615], "z": [-0.017047780783947933, 0.9622514899829685, 0.2716273977269224]}, "nonfixated_points_in_view": [130, 264, 522, 906, 14, 1169, 274, 147, 148, 786, 406, 919, 792, 1043, 1045, 667, 1300, 1307, 1313, 1441, 293, 1318, 40, 809, 556, 941, 1069, 1198, 176, 433, 190, 447, 63, 1216, 962, 1342, 1475, 709, 70, 585, 458, 460, 594, 851, 852, 469, 470, 981, 1491, 729, 859, 1373, 352, 744, 109, 624, 762, 1150], "point_pitch": -0.2851281603190561, "camera_rotation_from_original_to_final": [-0.19540122151374817, 0.21163246035575867, -2.1072821617126465], "camera_location": [-6.215150356292725, 0.12702560424804688, 1.4902317523956299], "camera_rotation_original": [1.5806941986083984, -0.017110392451286316, -0.7174729108810425], "view_id": 2, "point_location": [-4.713361740112305, -4.085236549377441, 0.22806791961193085], "camera_distance": 4.646673993173749, "bounding_box_ranges": {"x": [-6.441796673762787, 0.12702560424804688], "y": [-6.90548504905269, 0.03525247905194462], "z": [-0.016540260076468805, 2.739414526397648]}, "obliqueness_angle": 1.2771954536437988, "resolution": 512, "point_uuid": "575", "point_normal": [-0.9949374794960022, -0.005406775511801243, -0.10035122185945511], "camera_rotation_final": [1.2956717014312744, 0.017048606649041176, -2.803926467895508], "vanishing_points_image": {"x": [98.18892071703522, 380.7104679876152], "y": [549.1045213419608, 279.15252190352163], "z": [250.86142877290015, -34.04348908077457]}, "camera_uuid": "7d18db1fca787c6dcd4baad30e113130", "field_of_view_rads": 0.9134750180556832, "room": "8de55a2e5745f73de25402626a4c3d61"}