{"vanishing_points_gaussian_sphere": {"x": [0.15199349624724404, -0.2014835508756946, 0.9676271781141021], "y": [0.9883424426573124, 0.03968553861532771, -0.1469839245189373], "z": [-0.008785962708567224, 0.9786876093786684, 0.20516668859235151]}, "nonfixated_points_in_view": [640, 257, 258, 1145, 1159, 394, 779, 140, 1038, 399, 1042, 1426, 279, 152, 281, 793, 1180, 925, 286, 414, 164, 421, 1317, 1446, 168, 297, 939, 1068, 1324, 46, 1072, 1200, 692, 54, 823, 953, 186, 442, 826, 318, 190, 63, 1215, 452, 1353, 76, 1229, 335, 1361, 978, 1106, 1234, 1363, 1241, 1371, 1374, 227, 1251, 1379, 871, 1259, 493, 494, 239, 368, 1006, 1137, 1138, 756, 884, 1265, 121, 634, 636, 893, 766], "point_pitch": -0.22480241855117278, "camera_rotation_from_original_to_final": [0.11471377313137054, -0.19566337764263153, -0.7514573335647583], "camera_location": [0.27477186918258667, -2.2696449756622314, 2.261363983154297], "camera_rotation_original": [1.5901278257369995, -0.005768735893070698, 2.1587343215942383], "view_id": 3, "point_location": [-7.103155136108398, -1.1489275693893433, 0.697015643119812], "camera_distance": 7.6247620858143845, "bounding_box_ranges": {"x": [-5.073442529567006, 1.5467439706734765], "y": [-7.431146247329656, 0.27477186918258667], "z": [-0.0439362463754811, 4.497569511144753]}, "obliqueness_angle": 0.7058775424957275, "resolution": 512, "point_uuid": "527", "point_normal": [0.8642237186431885, 0.5030702948570251, -0.006143652833998203], "camera_rotation_final": [1.3641542196273804, 0.008786075748503208, 1.4182054996490479], "vanishing_points_image": {"x": [324.4262654900755, 346.706295233033], "y": [469.9503735197679, 247.4091154607771], "z": [253.72490450625793, 2.5721351506039003]}, "camera_uuid": "72c78639c6d82fd06b6c6cb47f559896", "field_of_view_rads": 1.006937062460813, "room": "8de55a2e5745f73de25402626a4c3d61"}