{"vanishing_points_gaussian_sphere": {"x": [-0.6046691943779039, -0.07926775965023423, 0.7925224209133831], "y": [0.7964766958774219, -0.05993402106204278, 0.6016916037668464], "z": [-0.00019568996379050298, 0.9950500165315145, 0.09937517952723787]}, "nonfixated_points_in_view": [270, 1173, 22, 284, 924, 1057, 291, 38, 554, 427, 1453, 431, 434, 819, 697, 58, 188, 1212, 835, 454, 329, 713, 1355, 974, 80, 592, 726, 1111, 1112, 217, 348, 349, 738, 108, 880, 1393, 370, 761, 1014, 1015, 253, 509, 1406], "point_pitch": -0.10308651526900725, "camera_rotation_from_original_to_final": [-0.08743683993816376, 0.05435439571738243, -0.37946414947509766], "camera_location": [-6.867229461669922, -9.096433639526367, 4.286715030670166], "camera_rotation_original": [1.574166178703308, -0.001123880734667182, -0.544407844543457], "view_id": 3, "point_location": [-1.134864330291748, -4.744358539581299, 3.5679268836975098], "camera_distance": 7.233064503955269, "bounding_box_ranges": {"x": [-9.096433639526367, -5.958441903002532], "y": [-6.867229461669922, -1.76417780977257], "z": [2.765140265329184, 5.212401070666964]}, "obliqueness_angle": 0.9621012806892395, "resolution": 512, "point_uuid": "548", "point_normal": [-0.9533638954162598, 0.300110399723053, -0.03210916742682457], "camera_rotation_final": [1.4712568521499634, 0.00019568996503949165, -0.9214458465576172], "vanishing_points_image": {"x": [31.5659979368076, 285.4216750221391], "y": [511.2818823533816, 275.20968911321444], "z": [255.95385527713506, 21.3619717628063]}, "camera_uuid": "7f2779005da07c7c8e1ad24c5414740e", "field_of_view_rads": 1.0379513097006996, "room": "ef914082afe6874a9bab2b30c864407b"}