{"vanishing_points_gaussian_sphere": {"x": [0.0454207343018601, 0.05700432398514396, 0.9973401946890924], "y": [0.9986780143183001, 0.021460679120996317, -0.04670827516536338], "z": [-0.024066171543008236, 0.9981432493879135, -0.055954205280748355]}, "nonfixated_points_in_view": [1161, 11, 1421, 150, 1309, 160, 162, 1445, 302, 817, 1457, 819, 952, 194, 838, 1479, 982, 608, 992, 233, 1393, 370, 118, 887, 504], "point_pitch": 0.05536659161118074, "camera_rotation_from_original_to_final": [0.033609259873628616, 0.021591998636722565, -1.5423235893249512], "camera_location": [-2.484394073486328, -5.331701278686523, 4.301449775695801], "camera_rotation_original": [1.594873070716858, 5.2980572945671156e-05, -0.07394442707300186], "view_id": 8, "point_location": [5.190828323364258, -5.691153049468994, 4.732055187225342], "camera_distance": 7.6956913356188235, "bounding_box_ranges": {"x": [-5.985909875975034, -3.3826444763289514], "y": [-2.484394073486328, 1.4853499984863583], "z": [2.707069003215674, 5.4576164950922195]}, "obliqueness_angle": 0.30797386169433594, "resolution": 512, "point_uuid": "519", "point_normal": [-0.9674921631813049, -0.25288546085357666, 0.0028111322317272425], "camera_rotation_final": [1.626796007156372, 0.024068495258688927, -1.6162458658218384], "vanishing_points_image": {"x": [277.040019553475, 229.59417213933204], "y": [482.62881968158536, 251.12995348948726], "z": [250.56325248715493, 30.511171464270255]}, "camera_uuid": "c5be5141daf3c047a2d6d480abd9ff63", "field_of_view_rads": 1.0074992132270262, "room": "7177ff6aafad58b0656fca6e31b41601"}