{"vanishing_points_gaussian_sphere": {"x": [-0.5512900925992472, -0.0871510149178251, 0.82974932021708], "y": [0.8342838830528159, -0.04918656190207223, 0.5491366720649504], "z": [-0.007045301996997565, 0.9949800916234689, 0.099824751403269]}, "nonfixated_points_in_view": [992, 897, 194, 162, 132, 549, 1090, 1445, 232, 1226, 909, 206, 696, 307, 504, 316], "point_pitch": -0.10226158698531584, "camera_rotation_from_original_to_final": [-0.013895824551582336, 0.09184887260198593, 1.9251879453659058], "camera_location": [6.5858154296875, -9.66219425201416, 4.284074783325195], "camera_rotation_original": [1.5634019374847412, -0.00032041483791545033, -1.3415888547897339], "view_id": 2, "point_location": [2.1879913806915283, -3.0170512199401855, 3.484616756439209], "camera_distance": 8.008615127905584, "bounding_box_ranges": {"x": [-9.66219425201416, -7.250046403453018], "y": [4.185028827455589, 6.5858154296875], "z": [2.7669583575486274, 5.201165921048061]}, "obliqueness_angle": 0.9450581073760986, "resolution": 512, "point_uuid": "567", "point_normal": [0.9970438480377197, -0.037981513887643814, 0.06679040193557739], "camera_rotation_final": [1.4708025455474854, 0.007045360282063484, 0.5839261412620544], "vanishing_points_image": {"x": [-32.10026015892949, 301.54449718578974], "y": [607.6654602616129, 276.7330086093531], "z": [253.73249464190548, -64.23079917867074]}, "camera_uuid": "ce1da2161b0680bd4fb2a394f05a91e7", "field_of_view_rads": 0.7928719880591044, "room": "b80a98836bb3f1f478d8093ef8f4a998"}