{"vanishing_points_gaussian_sphere": {"x": [-0.6087312156901002, 0.20954813518878102, 0.765203166540336], "y": [0.7932783998228917, 0.14559079966230346, 0.591195990707078], "z": [0.012477476463017842, 0.9668985976267601, -0.254855673840155]}, "nonfixated_points_in_view": [320, 6, 236, 473, 1421, 271, 1041, 1047, 696, 345, 92, 798], "point_pitch": 0.2714281837132315, "camera_rotation_from_original_to_final": [-0.10822106897830963, 0.21780718863010406, 1.7550686597824097], "camera_location": [0.30798399448394775, -4.362792491912842, 3.736617088317871], "camera_rotation_original": [1.5856736898422241, -0.011059120297431946, 2.032072067260742], "view_id": 4, "point_location": [1.4767941236495972, -5.875620365142822, 4.24047327041626], "camera_distance": 1.977027137334211, "bounding_box_ranges": {"x": [-5.983576912783304, -4.362792491912842], "y": [0.30798399448394775, 1.4912007099178228], "z": [3.2057642583778825, 5.458181162299914]}, "obliqueness_angle": 0.2844259440898895, "resolution": 512, "point_uuid": "1479", "point_normal": [-0.7015426158905029, 0.7126269340515137, 0.0009052325622178614], "camera_rotation_final": [1.8285152912139893, -0.012477800250053406, 3.7961127758026123], "vanishing_points_image": {"x": [35.56008548998813, 180.11630648121115], "y": [507.7881102015269, 209.78919643105777], "z": [258.47439014975737, 64.25575004104513]}, "camera_uuid": "73759aa4f227ecebe2f10f72d0e43db4", "field_of_view_rads": 1.0399154181439847, "room": "8de55a2e5745f73de25402626a4c3d61"}