{"vanishing_points_gaussian_sphere": {"x": [-0.5575512054131462, -0.16707490151767818, 0.8131559694334205], "y": [0.8301402462769123, -0.11452040260058359, 0.5456667929235824], "z": [0.001955723307408393, 0.97927067487547, 0.20254658840693035]}, "nonfixated_points_in_view": [779, 140, 1147, 526, 527, 1038, 1042, 23, 279, 1051, 1180, 669, 925, 168, 297, 939, 1324, 46, 563, 692, 1331, 1334, 823, 1208, 953, 442, 826, 318, 190, 704, 1215, 452, 711, 1353, 76, 335, 337, 978, 1361, 606, 1374, 736, 227, 1251, 1379, 231, 871, 1259, 493, 1137, 1138, 121, 634, 635, 893, 766], "point_pitch": -0.2041017254206796, "camera_rotation_from_original_to_final": [0.19140368700027466, 0.06909637898206711, -2.8737728595733643], "camera_location": [-3.8966617584228516, -5.1063923835754395, 1.5070674419403076], "camera_rotation_original": [1.5701526403427124, 0.0018522855825722218, -2.8113532066345215], "view_id": 1, "point_location": [-6.7427873611450195, -0.865080714225769, 0.45061105489730835], "camera_distance": 5.215865622993049, "bounding_box_ranges": {"x": [-5.1063923835754395, 1.5449210252479704], "y": [-7.431138236887049, -3.7340639022081157], "z": [-0.030847209546825738, 3.744390951791909]}, "obliqueness_angle": 1.3906056880950928, "resolution": 512, "point_uuid": "815", "point_normal": [-0.6899622082710266, -0.7136094570159912, -0.12130026519298553], "camera_rotation_final": [1.3668382167816162, -0.0019557245541363955, -5.691751003265381], "vanishing_points_image": {"x": [78.59435254585732, 309.16109227154755], "y": [471.5578685001461, 285.7368715648632], "z": [256.41089050011476, 50.258719613830436]}, "camera_uuid": "62e24ad43a6e699e9b1ae0325438e489", "field_of_view_rads": 1.1914742416169344, "room": "8de55a2e5745f73de25402626a4c3d61"}