{"vanishing_points_gaussian_sphere": {"x": [0.46138129303759595, 0.05434093702470014, 0.8855362019693117], "y": [0.8871465639406023, -0.0171048854494267, -0.46117068096545866], "z": [-0.009913451635976598, 0.9983759239169581, -0.05610024972869182]}, "nonfixated_points_in_view": [1408, 770, 898, 4, 645, 390, 519, 1158, 1282, 1274, 143, 1429, 1049, 289, 817, 1457, 950, 952, 187, 1214, 1093, 326, 838, 202, 1235, 982, 857, 218, 346, 90, 730, 608, 225, 226, 737, 995, 614, 742, 105, 1129, 107, 876, 365, 238, 497, 1394, 755, 1011, 1396, 1142, 887, 506, 637], "point_pitch": 0.06486566463974519, "camera_rotation_from_original_to_final": [-0.036584727466106415, 0.02802342176437378, -2.6478724479675293], "camera_location": [3.5518953800201416, -7.357985973358154, 4.276762962341309], "camera_rotation_original": [1.5831875801086426, -0.0045831575989723206, 2.16766619682312], "view_id": 0, "point_location": [7.168606281280518, -0.4132067859172821, 4.716726779937744], "camera_distance": 7.842456721457607, "bounding_box_ranges": {"x": [-7.357985973358154, -4.671975190746602], "y": [3.508257775383035, 5.478722411529049], "z": [2.866072411441616, 5.213031391767923]}, "obliqueness_angle": 1.5385785102844238, "resolution": 512, "point_uuid": "280", "point_normal": [-0.06940803676843643, -0.06330112367868423, 0.9955779910087585], "camera_rotation_final": [1.6269288063049316, 0.009913614019751549, -0.47957703471183777], "vanishing_points_image": {"x": [454.0110512550257, 232.6784951431327], "y": [428.4046817305601, 259.32409824014553], "z": [253.69391123734178, 23.75561291911052]}, "camera_uuid": "4f0e7099dffb9eae50102f6058915b65", "field_of_view_rads": 0.9828734770371135, "room": "77c77478b552f1977cad320741ba92a5"}