{"vanishing_points_gaussian_sphere": {"x": [-0.5439793472208565, 0.11321731823141383, 0.8314254678861225], "y": [0.8390907255640291, 0.07769115757573525, 0.5384151170862254], "z": [-0.0036364913862650065, 0.9905281030273846, -0.13726198688409177]}, "nonfixated_points_in_view": [7, 1402, 1170, 542, 1438, 806, 551, 1064, 1447, 170, 687, 946, 51, 1465, 703, 712, 75, 1483, 334, 79, 208, 463, 210, 338, 591, 1366, 1242, 860, 222, 228, 1382, 1002, 747, 1386, 1133, 367, 623, 1140, 245, 1018, 383], "point_pitch": 0.15007539192703767, "camera_rotation_from_original_to_final": [-0.027571702376008034, 0.1218048557639122, -2.7697529792785645], "camera_location": [2.5174548625946045, -7.046302795410156, 1.517836332321167], "camera_rotation_original": [1.5836472511291504, 0.0011349497362971306, 1.7721537351608276], "view_id": 2, "point_location": [5.895304203033447, -4.858871936798096, 2.075493097305298], "camera_distance": 4.062720927320061, "bounding_box_ranges": {"x": [-7.294882253142911, -3.1637571963306153], "y": [2.5174548625946045, 6.510113508823185], "z": [-0.016993928269141367, 2.427731851161503]}, "obliqueness_angle": 0.9875490665435791, "resolution": 512, "point_uuid": "372", "point_normal": [-0.002775107976049185, -0.9960904121398926, -0.08829657733440399], "camera_rotation_final": [1.708493947982788, 0.0036364994011819363, -0.9956197738647461], "vanishing_points_image": {"x": [90.85871807099514, 221.62947993371367], "y": [459.6641248920559, 237.14280001262446], "z": [255.39639273435247, 91.58603711434259]}, "camera_uuid": "3d5b30db610d18db270d0baeb235eacb", "field_of_view_rads": 1.2501821097122838, "room": "856e4980d5eb3351797f528948f684e5"}