{"vanishing_points_gaussian_sphere": {"x": [-0.1408991733168418, -0.15774635018886302, 0.9773758294334495], "y": [0.9900237030950079, -0.021752078043985233, 0.13921176103625715], "z": [-0.0007001918866925563, 0.9872400600172487, 0.15923747557802106]}, "nonfixated_points_in_view": [1027, 526, 528, 1042, 1045, 1051, 1068, 46, 1072, 563, 54, 63, 76, 1100, 1102, 1105, 600, 611, 1135, 1137, 1138, 1139, 121, 634, 635, 636, 640, 642, 1159, 140, 152, 164, 168, 683, 1198, 1200, 692, 1208, 186, 190, 191, 704, 1229, 1234, 1241, 736, 1248, 1251, 231, 1255, 1259, 239, 1265, 756, 252, 766, 1280, 257, 258, 779, 272, 277, 279, 281, 793, 1317, 297, 809, 1324, 814, 823, 826, 318, 1353, 335, 1374, 1379, 1380, 368, 884, 893, 1417, 394, 399, 914, 1426, 925, 421, 1446, 939, 941, 953, 442, 443, 1474, 452, 493, 1006], "point_pitch": -0.15891019900771575, "camera_rotation_from_original_to_final": [-0.037856873124837875, 0.1563749462366104, 3.035083055496216], "camera_location": [0.1851605325937271, -0.11082234233617783, 1.8844544887542725], "camera_rotation_original": [1.5717267990112305, -0.0008006416610442102, -1.3258916139602661], "view_id": 5, "point_location": [-7.103155136108398, -1.1489275693893433, 0.697015643119812], "camera_distance": 7.457024775602668, "bounding_box_ranges": {"x": [-5.91000434785783, 1.5384477553671858], "y": [-7.431127686708656, 0.1851605325937271], "z": [-0.03352616581735646, 4.893687317833024]}, "obliqueness_angle": 0.4184342622756958, "resolution": 512, "point_uuid": "527", "point_normal": [0.8642237186431885, 0.5030702948570251, -0.006143652833998203], "camera_rotation_final": [1.41087806224823, 0.0007001919439062476, 1.7121659517288208], "vanishing_points_image": {"x": [193.79080436613813, 325.64748854387824], "y": [496.22092473516017, 261.2779587865444], "z": [255.8282560273514, 13.848479698727242]}, "camera_uuid": "a5d931f6e602ca2a792cef637b435332", "field_of_view_rads": 1.0315921201324418, "room": "8de55a2e5745f73de25402626a4c3d61"}