{"vanishing_points_gaussian_sphere": {"x": [-0.18688732174254225, 0.3027865904783491, 0.9345551934468055], "y": [0.9823810726622011, 0.05832457887647558, 0.17755470023050696], "z": [-0.0007463557884075514, 0.951272055789183, -0.3083519398798374]}, "nonfixated_points_in_view": [1280, 257, 642, 1159, 394, 779, 140, 1420, 272, 528, 1426, 281, 793, 164, 421, 1317, 168, 683, 1068, 1324, 46, 430, 814, 1072, 692, 823, 953, 186, 318, 191, 1474, 452, 199, 76, 1229, 1102, 1233, 1234, 725, 600, 1241, 603, 1248, 121, 993, 611, 1251, 1379, 1380, 231, 1255, 748, 1006, 239, 368, 1135, 1138, 1265, 756, 884, 249, 636, 893], "point_pitch": 0.31443460384872957, "camera_rotation_from_original_to_final": [0.07971319556236267, -0.3025195598602295, 3.0725326538085938], "camera_location": [0.1851605325937271, -0.11082234233617783, 1.8844544887542725], "camera_rotation_original": [1.5717267990112305, -0.0008006416610442102, -1.3258916139602661], "view_id": 4, "point_location": [-5.860037326812744, -1.259340524673462, 3.879037857055664], "camera_distance": 6.468529600728687, "bounding_box_ranges": {"x": [-6.002687774818352, 1.4924217752381055], "y": [-7.245327423495685, 0.1851605325937271], "z": [0.6220507889767446, 5.478257186772117]}, "obliqueness_angle": 1.341616153717041, "resolution": 512, "point_uuid": "152", "point_normal": [-0.011085441336035728, -0.31201207637786865, -0.9500135183334351], "camera_rotation_final": [1.8842564821243286, 0.0007463558577001095, 1.7587890625], "vanishing_points_image": {"x": [167.75293482228113, 113.02599975352041], "y": [527.1919987894315, 239.89916137003783], "z": [255.83733456862214, 48.67384039079673]}, "camera_uuid": "a5d931f6e602ca2a792cef637b435332", "field_of_view_rads": 0.9414027986365678, "room": "8de55a2e5745f73de25402626a4c3d61"}