{"vanishing_points_gaussian_sphere": {"x": [0.5416054450367022, 0.15627593103033147, 0.8259790404648286], "y": [0.8406275265704327, -0.09719761638323002, -0.5328207812590411], "z": [-0.0029838697478763794, 0.9829193541435745, -0.18401260764226496]}, "nonfixated_points_in_view": [0, 1284, 774, 1418, 267, 528, 912, 530, 1176, 410, 802, 293, 805, 167, 296, 1061, 1194, 171, 685, 814, 944, 50, 818, 693, 55, 184, 313, 568, 570, 1336, 701, 829, 1474, 708, 197, 71, 328, 458, 1100, 1231, 1232, 465, 722, 1365, 88, 1368, 1248, 99, 740, 613, 617, 242, 115, 627, 885, 119, 1273, 254], "point_pitch": 0.15228386322525544, "camera_rotation_from_original_to_final": [0.009633178822696209, 0.15424872934818268, -0.4208433926105499], "camera_location": [3.307429552078247, -10.623159408569336, 1.5089129209518433], "camera_rotation_original": [1.6019235849380493, -0.010716056451201439, 1.4206318855285645], "view_id": 3, "point_location": [-0.758760392665863, -8.000150680541992, 2.4147837162017822], "camera_distance": 4.92287272074367, "bounding_box_ranges": {"x": [-10.623159408569336, -5.943030644922748], "y": [-3.5508385246848504, 3.307429552078247], "z": [-0.09603275758371366, 2.427417384758328]}, "obliqueness_angle": 1.3840010166168213, "resolution": 512, "point_uuid": "827", "point_normal": [0.006953623611479998, 0.007573932874947786, -0.999947190284729], "camera_rotation_final": [1.7558643817901611, 0.002983874175697565, 0.9984477162361145], "vanishing_points_image": {"x": [496.89950529223523, 186.490369291359], "y": [429.3117002077025, 276.0391774228942], "z": [255.28656656794107, 20.987218774246685]}, "camera_uuid": "6fc923253b31e08cd2b4b232614b75a1", "field_of_view_rads": 0.9116228586168533, "room": "856e4980d5eb3351797f528948f684e5"}