{"vanishing_points_gaussian_sphere": {"x": [0.48482215856665856, -0.1375603995038121, 0.863727162390484], "y": [0.8744585288802844, 0.09478525749610779, -0.4757499723908824], "z": [-0.01642424522754718, 0.9859477123305009, 0.16624485772184722]}, "nonfixated_points_in_view": [0, 1032, 530, 1048, 26, 1058, 1061, 1066, 1067, 48, 50, 55, 568, 570, 1084, 66, 71, 1100, 88, 602, 94, 99, 100, 617, 115, 116, 627, 119, 641, 644, 134, 646, 141, 657, 658, 1176, 1182, 1194, 171, 684, 685, 688, 701, 192, 706, 708, 197, 1232, 1236, 1243, 223, 753, 758, 1273, 254, 1278, 772, 1284, 774, 1286, 267, 795, 802, 805, 296, 1320, 301, 814, 1329, 818, 820, 1336, 313, 827, 1339, 829, 1346, 327, 328, 1365, 1368, 858, 863, 1409, 1418, 908, 398, 1422, 912, 410, 1434, 1442, 933, 943, 944, 949, 1463, 958, 965, 458, 1484, 465, 980, 984, 996, 1013, 1021], "point_pitch": -0.1861399849269052, "camera_rotation_from_original_to_final": [0.1439141035079956, -0.11962535977363586, -1.5788841247558594], "camera_location": [5.132575988769531, -10.393342971801758, 1.5002893209457397], "camera_rotation_original": [1.587233543395996, -0.019086314365267754, 2.634567975997925], "view_id": 1, "point_location": [-2.0672810077667236, -6.427585124969482, 0.11450386047363281], "camera_distance": 8.335800655997168, "bounding_box_ranges": {"x": [-11.527116424377338, -3.1291584127389616], "y": [-3.5499660277024274, 5.132575988769531], "z": [-0.024297466424268555, 2.4277318674136517]}, "obliqueness_angle": 1.0987138748168945, "resolution": 512, "point_uuid": "184", "point_normal": [0.016026731580495834, -0.9855892658233643, -0.16839556396007538], "camera_rotation_final": [1.4037532806396484, 0.016424983739852905, 1.0645617246627808], "vanishing_points_image": {"x": [400.2578848329587, 296.9308277655142], "y": [375.4186505800265, 243.05584407809562], "z": [252.97180526234254, 74.21741987406291]}, "camera_uuid": "3d449594a2cb2c364ffe85b6c45b4104", "field_of_view_rads": 1.296163441764064, "room": "856e4980d5eb3351797f528948f684e5"}