{"vanishing_points_gaussian_sphere": {"x": [0.31963403839151905, 0.18150821452262622, 0.9299940051217197], "y": [0.9472755575344207, -0.08444431864332039, -0.3090925025728023], "z": [0.02242988184055665, 0.9797570745392318, -0.1989295736961827]}, "nonfixated_points_in_view": [512, 1, 1024, 902, 9, 651, 1425, 918, 158, 801, 1450, 306, 1458, 439, 59, 955, 1470, 449, 1016, 478, 353, 482, 355, 609, 101, 873, 1385, 491, 369, 499, 886, 376], "point_pitch": 0.1948325196888785, "camera_rotation_from_original_to_final": [-0.20196470618247986, 0.0021700963843613863, -0.30958184599876404], "camera_location": [9.521198272705078, -7.487616062164307, 1.5325249433517456], "camera_rotation_original": [-1.572507381439209, -3.1185641288757324, -0.011458786204457283], "view_id": 0, "point_location": [8.181500434875488, -11.518478393554688, 2.394742965698242], "camera_distance": 4.334288941830618, "bounding_box_ranges": {"x": [-11.651362380669614, -7.487616062164307], "y": [6.463844987807576, 9.952736376162598], "z": [-0.028319055248968605, 2.446406760644626]}, "obliqueness_angle": 0.9030061960220337, "resolution": 512, "point_uuid": "82", "point_normal": [0.020798616111278534, 0.4702267348766327, -0.8823005557060242], "camera_rotation_final": [-1.370479702949524, -3.1191608905792236, -0.3254281282424927], "vanishing_points_image": {"x": [356.3256333240449, 199.02882550576862], "y": [393.7780707497559, 268.2821445311404], "z": [259.42579021473847, 106.35845384132517]}, "camera_uuid": "0cc55cb7b667b337a397194e0a67a643", "field_of_view_rads": 1.3025845437280723, "room": "8868fae7afbf71557a2e4faceeb9d9d6"}