{"vanishing_points_gaussian_sphere": {"x": [0.38596191259620133, 0.09302161353368252, 0.9178128248399412], "y": [0.9225002589015516, -0.04448778394122727, -0.3834241899079516], "z": [0.005164721836884005, 0.9946697022105323, -0.10298305274538484]}, "nonfixated_points_in_view": [260, 1156, 1163, 1419, 532, 791, 663, 1437, 674, 163, 1314, 935, 425, 961, 68, 1097, 1104, 593, 1108, 1495, 220, 989, 350, 1387], "point_pitch": 0.08805592457321687, "camera_rotation_from_original_to_final": [-0.0889182761311531, 0.011687297374010086, -0.22887742519378662], "camera_location": [3.9411685466766357, -6.047142028808594, 4.286668300628662], "camera_rotation_original": [1.584341049194336, -0.008459939621388912, 2.9743051528930664], "view_id": 3, "point_location": [1.648706078529358, -11.534676551818848, 4.902395725250244], "camera_distance": 5.978924565004943, "bounding_box_ranges": {"x": [-11.5897683781618, -6.047142028808594], "y": [1.5841357655985897, 4.217927536887833], "z": [2.766851332025311, 5.201833420717443]}, "obliqueness_angle": 0.4054521322250366, "resolution": 512, "point_uuid": "1416", "point_normal": [0.0036579447332769632, 0.9999896287918091, 0.002736150985583663], "camera_rotation_final": [1.6739636659622192, -0.005164744798094034, 2.7453367710113525], "vanishing_points_image": {"x": [390.70855122389037, 223.53356644094336], "y": [402.19019733414507, 263.0500553800071], "z": [256.92760752194044, 77.35279948137281]}, "camera_uuid": "6d257e4888f9878e655953370ee5e983", "field_of_view_rads": 1.1913100497678786, "room": "77c77478b552f1977cad320741ba92a5"}