{"vanishing_points_gaussian_sphere": {"x": [-0.5193503202115571, 0.1420964661581572, 0.8426647252623768], "y": [0.8545564039206714, 0.08297366656263731, 0.5126877443194079], "z": [0.0029321347723678323, 0.9863690815118427, -0.16452184542838286]}, "nonfixated_points_in_view": [129, 481, 389, 741, 1000, 203, 459, 1325, 1487, 531, 1015, 1302, 311, 1017], "point_pitch": 0.16802163521317048, "camera_rotation_from_original_to_final": [0.1632770448923111, -0.023948583751916885, -2.493112564086914], "camera_location": [-0.6147893667221069, -6.438354969024658, 4.301362991333008], "camera_rotation_original": [1.5712069272994995, 0.003997528925538063, -0.10443466156721115], "view_id": 3, "point_location": [0.7840372323989868, -8.737497329711914, 4.750247478485107], "camera_distance": 2.728418713038446, "bounding_box_ranges": {"x": [-9.343020580183095, -6.438354969024658], "y": [-0.9504695228325033, 1.0325762550131798], "z": [3.02984346586871, 5.2194164795377525]}, "obliqueness_angle": 1.0220245122909546, "resolution": 512, "point_uuid": "310", "point_normal": [-0.9990238547325134, 0.002607791218906641, -0.044098589569330215], "camera_rotation_final": [1.7360702753067017, -0.0029321389738470316, -2.5954995155334473], "vanishing_points_image": {"x": [101.35525563624533, 213.68853733435682], "y": [454.0033454039082, 236.77474642463073], "z": [256.466826935589, 98.95958698036125]}, "camera_uuid": "8d07c7bc523c238018bdf2a86a5c7334", "field_of_view_rads": 1.277829535444736, "room": "9be1cd563f04d329bc30a6918cfb1205"}