{"vanishing_points_gaussian_sphere": {"x": [-0.25776498182169083, 0.09117360047006687, 0.9618963503017298], "y": [0.9659030742180674, 0.04931032791331689, 0.25416479452742446], "z": [-0.024258305022200995, 0.9946134254766551, -0.10077533675976515]}, "nonfixated_points_in_view": [1281, 644, 646, 774, 1286, 908, 1402, 657, 530, 1149, 1182, 671, 802, 1058, 1442, 1061, 551, 1192, 1447, 1194, 686, 1456, 946, 820, 693, 1463, 568, 570, 1339, 1084, 62, 958, 832, 66, 1091, 708, 69, 198, 71, 328, 712, 969, 972, 333, 462, 79, 1232, 599, 602, 1242, 860, 605, 222, 94, 994, 228, 613, 740, 104, 1257, 1002, 1258, 1386, 367, 1009, 116, 1013, 1140, 1018, 1021, 510], "point_pitch": 0.0787230292942862, "camera_rotation_from_original_to_final": [-0.02418135292828083, 0.07428261637687683, -1.1612169742584229], "camera_location": [3.307429552078247, -10.623159408569336, 1.5089129209518433], "camera_rotation_original": [1.6019235849380493, -0.010716056451201439, 1.4206318855285645], "view_id": 4, "point_location": [1.6421608924865723, -4.320885181427002, 2.169185161590576], "camera_distance": 6.551926539464996, "bounding_box_ranges": {"x": [-10.623159408569336, -3.1485825809533727], "y": [-2.307948188885921, 5.663703470785652], "z": [-0.0952818535810368, 2.4277304294995545]}, "obliqueness_angle": 1.3237760066986084, "resolution": 512, "point_uuid": "795", "point_normal": [0.999941885471344, 0.010338564403355122, -0.0030808423180133104], "camera_rotation_final": [1.671772837638855, 0.024260684847831726, 0.26078683137893677], "vanishing_points_image": {"x": [169.65512212278617, 225.4591044036403], "y": [448.3905260341368, 246.1782692493874], "z": [251.9845499938383, 91.36275589726459]}, "camera_uuid": "6fc923253b31e08cd2b4b232614b75a1", "field_of_view_rads": 1.269200609113339, "room": "856e4980d5eb3351797f528948f684e5"}