{"vanishing_points_gaussian_sphere": {"x": [0.22221326563024493, -0.2281251451467451, 0.9479346932830968], "y": [0.9749816224235713, 0.05764118329339181, -0.21468192733632271], "z": [-0.005665731571714533, 0.9719240773539434, 0.23522645970520234]}, "nonfixated_points_in_view": [773, 1043, 1300, 1313, 1316, 293, 1448, 811, 1342, 702, 1476, 1349, 458, 204, 981, 729, 352, 122, 762, 1019, 1278, 639], "point_pitch": -0.23563627799483733, "camera_rotation_from_original_to_final": [-0.10061550885438919, 0.22171951830387115, -2.256929874420166], "camera_location": [-1.9384469985961914, -2.428041458129883, 1.5036466121673584], "camera_rotation_original": [1.5763559341430664, -0.0021221297793090343, -1.119526982307434], "view_id": 1, "point_location": [-2.8447983264923096, -6.430066108703613, 0.510558009147644], "camera_distance": 4.221835936302778, "bounding_box_ranges": {"x": [-6.441833564465332, -2.428041458129883], "y": [-5.600729816525355, -0.5783304878253432], "z": [-0.018210400740050925, 3.0655465849723424]}, "obliqueness_angle": 0.35648301243782043, "resolution": 512, "point_uuid": "722", "point_normal": [0.05103300139307976, -0.9986792206764221, -0.0059655699878931046], "camera_rotation_final": [1.3333408832550049, 0.005665761884301901, -3.36568021774292], "vanishing_points_image": {"x": [335.7378695061604, 337.85925805641574], "y": [422.1967065619935, 246.17440472171683], "z": [254.78799515335552, 48.08745112381602]}, "camera_uuid": "a7a591d05adb833dd3d4b184074676ca", "field_of_view_rads": 1.1917715380071743, "room": "8de55a2e5745f73de25402626a4c3d61"}