{"vanishing_points_gaussian_sphere": {"x": [0.43972847871998927, -0.07849061396881236, 0.8946944106908252], "y": [0.8981117109717445, 0.03194017569665588, -0.43860595047476547], "z": [0.005849753670857908, 0.9964030553421972, 0.08453834447589245]}, "nonfixated_points_in_view": [643, 644, 1029, 774, 1030, 136, 520, 521, 1286, 1414, 1422, 784, 530, 660, 917, 662, 285, 797, 416, 544, 673, 1442, 1188, 1319, 296, 682, 1066, 172, 684, 174, 1330, 181, 1078, 695, 314, 1084, 62, 958, 65, 66, 1218, 1221, 1351, 973, 847, 1360, 980, 1236, 862, 607, 863, 99, 996, 357, 617, 362, 1130, 751, 117, 758, 1013, 248, 1269, 890, 1403, 1021], "point_pitch": -0.09552959998580413, "camera_rotation_from_original_to_final": [-0.020938586443662643, 0.07000289112329483, -2.295774221420288], "camera_location": [3.2709619998931885, -3.7192935943603516, 1.5157769918441772], "camera_rotation_original": [1.5592020750045776, -0.004284437280148268, -1.3022267818450928], "view_id": 0, "point_location": [-0.24257837235927582, -10.886422157287598, 0.8385648727416992], "camera_distance": 8.010699984364784, "bounding_box_ranges": {"x": [-12.047506562553075, -3.7192935943603516], "y": [-1.6144306737085357, 3.872869008192812], "z": [-0.020745085304575528, 2.4258090452784584]}, "obliqueness_angle": 0.9175696969032288, "resolution": 512, "point_uuid": "388", "point_normal": [0.01864229142665863, 0.7342658638954163, -0.6786060333251953], "camera_rotation_final": [1.4861555099487305, -0.005849787034094334, -3.5968973636627197], "vanishing_points_image": {"x": [431.03657705347877, 287.24366299840096], "y": [418.03741824828296, 250.2373498251316], "z": [257.343664059602, 27.13036724764594]}, "camera_uuid": "2d006a1a730dfc7454d6b6a574948a71", "field_of_view_rads": 1.0539386844937009, "room": "856e4980d5eb3351797f528948f684e5"}