{"vanishing_points_gaussian_sphere": {"x": [-0.038201089815738797, 0.08561423431743331, 0.9955957410611646], "y": [0.9992577767101025, -0.0016695323739630318, 0.03848517046909421], "z": [0.004957057723368726, 0.9963269621684901, -0.0854869114826081]}, "nonfixated_points_in_view": [256, 139, 270, 419, 1196, 1453, 434, 308, 53, 1077, 1079, 697, 444, 1345, 835, 329, 1355, 1230, 1488, 723, 348, 349, 1381, 875, 621, 880, 1267, 246, 1406], "point_pitch": 0.08839424053696199, "camera_rotation_from_original_to_final": [-0.020582832396030426, -0.08171138167381287, -2.978818655014038], "camera_location": [-0.41287627816200256, -7.842004776000977, 4.30043888092041], "camera_rotation_original": [1.572762131690979, 0.0053438530303537846, -1.6945343017578125], "view_id": 9, "point_location": [-7.2893853187561035, -8.107821464538574, 4.8908915519714355], "camera_distance": 6.906929117035968, "bounding_box_ranges": {"x": [-8.860196305136874, -6.991858285725803], "y": [-1.9325807137927187, -0.41287627816200256], "z": [3.5473664328165597, 5.212214342959887]}, "obliqueness_angle": 0.09676551073789597, "resolution": 512, "point_uuid": "629", "point_normal": [0.9999698400497437, 0.005617326125502586, 0.005379809066653252], "camera_rotation_final": [1.656388759613037, -0.0049570780247449875, -4.674178123474121], "vanishing_points_image": {"x": [239.98515272590978, 220.10838293631673], "y": [470.50703261514377, 256.35839244261155], "z": [257.0008571630176, 54.83611762417537]}, "camera_uuid": "58e0ccf199c02b51751470380455ffc0", "field_of_view_rads": 1.0925229298782162, "room": "9be1cd563f04d329bc30a6918cfb1205"}