{"vanishing_points_gaussian_sphere": {"x": [-0.5307807022664445, -0.1830824487035063, 0.8274978326728525], "y": [0.8473863695759974, -0.09802201301415395, 0.5218505778682861], "z": [-0.01442867833002305, 0.9781986004597334, 0.20716976444517116]}, "nonfixated_points_in_view": [1028, 522, 14, 1043, 1045, 22, 31, 32, 548, 38, 556, 45, 1069, 575, 578, 70, 1095, 585, 590, 594, 87, 92, 109, 624, 118, 1148, 1150, 128, 130, 653, 1169, 147, 148, 1172, 667, 160, 675, 173, 176, 691, 1211, 1216, 709, 204, 213, 729, 1250, 739, 744, 236, 762, 764, 255, 261, 264, 271, 1295, 274, 1300, 792, 1305, 1306, 1307, 1309, 1313, 292, 293, 1318, 809, 300, 813, 1342, 324, 843, 851, 852, 1369, 1373, 352, 1377, 356, 1390, 888, 1400, 1405, 1415, 906, 406, 919, 1431, 1436, 414, 1441, 424, 433, 435, 1461, 951, 440, 957, 447, 962, 1475, 1479, 458, 460, 461, 1485, 1491, 981, 470, 475, 483, 489, 490, 502, 1022], "point_pitch": -0.22221378882857756, "camera_rotation_from_original_to_final": [-0.14544148743152618, 0.1667952835559845, -1.8770064115524292], "camera_location": [-6.215150356292725, 0.12702560424804688, 1.4902317523956299], "camera_rotation_original": [1.5806941986083984, -0.017110392451286316, -0.7174729108810425], "view_id": 2, "point_location": [-3.568326711654663, -4.070039749145508, 0.4394676983356476], "camera_distance": 5.071995542531055, "bounding_box_ranges": {"x": [-6.441735021342436, 0.12702560424804688], "y": [-6.382207290890868, 1.4912046632945568], "z": [-0.016752794506009416, 5.06233493116775]}, "obliqueness_angle": 0.4690934121608734, "resolution": 512, "point_uuid": "40", "point_normal": [-0.20263494551181793, 0.8137534260749817, 0.5447426438331604], "camera_rotation_final": [1.362093210220337, 0.014429179020226002, -2.5820059776306152], "vanishing_points_image": {"x": [76.42634863389685, 317.940427891126], "y": [483.4072356546438, 282.30549158349794], "z": [252.80751749092622, 39.56424261880737]}, "camera_uuid": "7d18db1fca787c6dcd4baad30e113130", "field_of_view_rads": 1.1462061183243841, "room": "8de55a2e5745f73de25402626a4c3d61"}