{"vanishing_points_gaussian_sphere": {"x": [-0.4130743287533196, 0.2986463951218178, 0.8603371023068443], "y": [0.9106968139898318, 0.13645063433681487, 0.3898878523086486], "z": [-0.0009549417595004652, 0.9445589209095555, -0.3283405747336324]}, "nonfixated_points_in_view": [1280, 257, 642, 1027, 1324, 1159, 394, 779, 140, 1420, 527, 272, 528, 1044, 152, 281, 793, 1305, 31, 1186, 164, 292, 421, 1316, 1317, 683, 811, 1068, 46, 430, 814, 689, 1069, 1071, 692, 1072, 1206, 823, 953, 186, 828, 1469, 702, 191, 1474, 452, 199, 458, 76, 1100, 1229, 335, 1233, 1234, 725, 1241, 603, 1248, 121, 993, 611, 1251, 1379, 359, 106, 748, 1006, 239, 368, 1135, 1263, 1265, 756, 249, 122, 636, 893, 255], "point_pitch": 0.3353175679829459, "camera_rotation_from_original_to_final": [0.08557853102684021, -0.3228549361228943, -2.974640130996704], "camera_location": [0.1851605325937271, -0.11082234233617783, 1.8844544887542725], "camera_rotation_original": [1.5717267990112305, -0.0008006416610442102, -1.3258916139602661], "view_id": 1, "point_location": [-6.19744873046875, -3.0032951831817627, 4.320324897766113], "camera_distance": 7.4187306700328515, "bounding_box_ranges": {"x": [-6.116212391206299, 0.5416629289445891], "y": [-7.405173409222826, 0.1851605325937271], "z": [0.2981867063633654, 5.475312557106738]}, "obliqueness_angle": 1.2659833431243896, "resolution": 512, "point_uuid": "1380", "point_normal": [0.1781078726053238, -0.3856528401374817, -0.9052897691726685], "camera_rotation_final": [1.905342698097229, 0.0009549419046379626, -4.286561489105225], "vanishing_points_image": {"x": [88.85576680895602, 135.15728663517288], "y": [516.8298501135799, 216.91959699952162], "z": [255.81086583773634, 68.92224532275165]}, "camera_uuid": "a5d931f6e602ca2a792cef637b435332", "field_of_view_rads": 1.0135575872044582, "room": "8de55a2e5745f73de25402626a4c3d61"}