{"vanishing_points_gaussian_sphere": {"x": [-0.04093562954966988, -0.2616392465915956, 0.9642972461209015], "y": [0.9991581160383752, -0.01333503527301376, 0.038797370902061735], "z": [0.0027080228981421245, 0.9650736145379013, 0.2619648547701265]}, "nonfixated_points_in_view": [257, 1026, 133, 517, 523, 140, 13, 1296, 1426, 1427, 153, 547, 168, 936, 305, 178, 1076, 1332, 1208, 1466, 443, 318, 1343, 710, 1096, 1354, 844, 1229, 336, 720, 341, 600, 735, 1120, 1375, 354, 867, 240, 114, 1138, 884, 759, 1407], "point_pitch": -0.2889827926966806, "camera_rotation_from_original_to_final": [-0.2885838449001312, 0.01831377111375332, 0.1118440106511116], "camera_location": [-2.484394073486328, -5.331701278686523, 4.301449775695801], "camera_rotation_original": [1.594873070716858, 5.2980572945671156e-05, -0.07394442707300186], "view_id": 2, "point_location": [-2.754849433898926, 1.3903878927230835, 2.4752984046936035], "camera_distance": 6.970972690302777, "bounding_box_ranges": {"x": [-5.331701278686523, -2.6211591353213812], "y": [-3.24997004176637, -0.8017829700579284], "z": [3.568513160068342, 4.789323970093869]}, "obliqueness_angle": 0.2691323757171631, "resolution": 512, "point_uuid": "839", "point_normal": [0.010662407614290714, -0.9999401569366455, -0.0024855074007064104], "camera_rotation_final": [1.3057377338409424, -0.002708026207983494, 0.04094722121953964], "vanishing_points_image": {"x": [241.5278967434036, 348.4981546468532], "y": [442.54218670563245, 258.48964262982497], "z": [256.57050451765633, 52.686040822427735]}, "camera_uuid": "c5be5141daf3c047a2d6d480abd9ff63", "field_of_view_rads": 1.2203198188961377, "room": "7177ff6aafad58b0656fca6e31b41601"}