{"vanishing_points_gaussian_sphere": {"x": [-0.0235383741331106, -0.1162006162803048, 0.9929468070945427], "y": [0.9997188680903384, -0.005568647104947374, 0.023047233100593333], "z": [0.0028512676728489794, 0.9932101524579268, 0.11629902547811756]}, "nonfixated_points_in_view": [1409, 387, 899, 264, 782, 1038, 1045, 23, 1434, 539, 1051, 1055, 1183, 804, 1446, 297, 553, 809, 939, 685, 815, 176, 563, 694, 1334, 826, 443, 699, 1210, 318, 575, 704, 577, 706, 1087, 1217, 1224, 458, 1358, 464, 209, 337, 1361, 343, 861, 1118, 1376, 227, 743, 1256, 1259, 1004, 1007, 1137, 1138, 628, 757, 885, 1268, 1273, 634, 635, 766], "point_pitch": -0.12359671195479827, "camera_rotation_from_original_to_final": [-0.0979590117931366, -0.07047701627016068, -0.6283183097839355], "camera_location": [-5.388822078704834, -10.731203079223633, 1.4981894493103027], "camera_rotation_original": [1.5747919082641602, -0.006452437024563551, 0.6547536253929138], "view_id": 8, "point_location": [-5.616995811462402, -0.9007638096809387, 0.34679773449897766], "camera_distance": 9.900268121775346, "bounding_box_ranges": {"x": [-10.731203079223633, -5.952915246169388], "y": [-7.297599837769778, -2.9045815408157956], "z": [-0.04370457517778359, 2.42937798582732]}, "obliqueness_angle": 1.489534854888916, "resolution": 512, "point_uuid": "493", "point_normal": [-0.1014266312122345, 0.19368597865104675, 0.9758065342903137], "camera_rotation_final": [1.4542330503463745, -0.0028512715362012386, 0.023540643975138664], "vanishing_points_image": {"x": [246.3975200590689, 303.4040424646782], "y": [463.7499621484845, 257.15721155436523], "z": [256.6218496375883, 39.384990740692864]}, "camera_uuid": "71b3547b15480cf3650f1acaad8a6075", "field_of_view_rads": 1.114510956353179, "room": "ade82d56fe033105b37cc8ef1783cd93"}