{"vanishing_points_gaussian_sphere": {"x": [0.040396641582349686, -0.20941297281113208, 0.9769924862389021], "y": [0.9991244862309244, -0.002180971553062989, -0.04177923379953425], "z": [0.010879906371775126, 0.9778248565983014, 0.2091415249438825]}, "nonfixated_points_in_view": [320, 608, 838, 519, 1222, 105, 1161, 11, 652, 525, 1452, 817, 1457, 1047, 150, 887, 982, 473, 381, 798], "point_pitch": -0.1935010393473764, "camera_rotation_from_original_to_final": [0.18716983497142792, -0.1334036886692047, 2.153602123260498], "camera_location": [1.7699029445648193, -5.448235511779785, 4.298521995544434], "camera_rotation_original": [1.5894720554351807, -0.008107524365186691, 2.503649950027466], "view_id": 3, "point_location": [5.182878494262695, -5.594184398651123, 3.5679173469543457], "camera_distance": 3.49334888459876, "bounding_box_ranges": {"x": [-7.948912592405359, -4.671891982390752], "y": [1.7699029445648193, 5.479140176723998], "z": [2.76608021028189, 5.213371822902726]}, "obliqueness_angle": 0.6593524813652039, "resolution": 512, "point_uuid": "952", "point_normal": [-0.7810072898864746, 0.624492883682251, 0.006024980917572975], "camera_rotation_final": [1.3600866794586182, -0.010880121029913425, 4.671978950500488], "vanishing_points_image": {"x": [271.076099573542, 334.15329954239326], "y": [442.82430693869134, 256.4078155469806], "z": [258.31945767026326, 47.54017632957255]}, "camera_uuid": "3d44530aec2e5604a8aef567eab9ad28", "field_of_view_rads": 1.1813431837751562, "room": "77c77478b552f1977cad320741ba92a5"}