{"vanishing_points_gaussian_sphere": {"x": [-0.5683478429538357, -0.08691596873303763, 0.8181847858454226], "y": [0.8225741096646545, -0.03732918694111959, 0.5674313755087182], "z": [-0.018776674868656605, 0.9955160200526723, 0.09271078847342518]}, "nonfixated_points_in_view": [263, 11, 915, 1427, 661, 664, 1050, 1309, 162, 552, 557, 302, 305, 178, 817, 819, 1462, 1466, 64, 194, 67, 838, 332, 589, 844, 720, 467, 341, 214, 982, 1240, 1114, 1375, 608, 867, 618, 1393, 114, 370, 118, 887, 1014, 1407], "point_pitch": -0.1079307039591928, "camera_rotation_from_original_to_final": [-0.11524612456560135, 0.02729407325387001, -0.8927059173583984], "camera_location": [-2.484394073486328, -5.331701278686523, 4.301449775695801], "camera_rotation_original": [1.594873070716858, 5.2980572945671156e-05, -0.07394442707300186], "view_id": 0, "point_location": [1.4643101692199707, -2.593177080154419, 3.854011058807373], "camera_distance": 4.8261766561054555, "bounding_box_ranges": {"x": [-5.434030386601557, -2.6211294172724915], "y": [-2.484394073486328, 1.485316221272484], "z": [2.707060078253823, 5.258211299434121]}, "obliqueness_angle": 0.6073669195175171, "resolution": 512, "point_uuid": "1294", "point_normal": [-0.9999781847000122, -0.004466762766242027, 0.004876517225056887], "camera_rotation_final": [1.477935791015625, 0.01877777837216854, -0.9661780595779419], "vanishing_points_image": {"x": [82.91112175714822, 282.4700354121239], "y": [462.66366395359887, 265.37859149105196], "z": [252.45671033176654, 68.13917516877774]}, "camera_uuid": "c5be5141daf3c047a2d6d480abd9ff63", "field_of_view_rads": 1.2365015553075855, "room": "7177ff6aafad58b0656fca6e31b41601"}