{"vanishing_points_gaussian_sphere": {"x": [-0.5116662581480773, 0.04693295632379729, 0.8579014732960036], "y": [0.8591842515033126, 0.028239714491340964, 0.510886426218333], "z": [-0.0002494823394540077, 0.9984987812391941, -0.0547733659948539]}, "nonfixated_points_in_view": [7, 1037, 542, 1065, 47, 1081, 64, 578, 67, 1091, 1095, 1096, 75, 589, 590, 591, 1114, 618, 1131, 623, 114, 118, 647, 138, 1162, 141, 653, 148, 664, 675, 681, 170, 178, 179, 1202, 1203, 193, 712, 201, 1227, 204, 207, 720, 210, 213, 214, 1242, 1244, 735, 228, 234, 1258, 245, 1276, 769, 263, 1296, 789, 1306, 806, 807, 305, 315, 1346, 1354, 843, 849, 338, 1366, 867, 1382, 1386, 370, 374, 888, 1400, 383, 1407, 386, 391, 401, 1427, 1438, 931, 420, 1447, 435, 1462, 951, 440, 1466, 1480, 461, 463, 467, 1493, 471, 994, 489], "point_pitch": 0.05285568634537263, "camera_rotation_from_original_to_final": [-0.05297241359949112, -0.016456983983516693, 1.77805757522583], "camera_location": [-3.8966617584228516, -5.1063923835754395, 1.5070674419403076], "camera_rotation_original": [1.5701526403427124, 0.0018522855825722218, -2.8113532066345215], "view_id": 0, "point_location": [-0.9332452416419983, -3.3416566848754883, 1.696268916130066], "camera_distance": 3.4542621217165927, "bounding_box_ranges": {"x": [-5.604836495884117, 1.4293032264260184], "y": [-3.8966617584228516, 1.4911226261676895], "z": [-0.018441762041992965, 4.764228554974801]}, "obliqueness_angle": 0.7490639686584473, "resolution": 512, "point_uuid": "1121", "point_normal": [-0.279511034488678, -0.9589519500732422, -0.047799572348594666], "camera_rotation_final": [1.6255971193313599, 0.0002494823420420289, -1.0336732864379883], "vanishing_points_image": {"x": [101.92745897919009, 241.86758512355635], "y": [454.42688913219484, 249.4780942659346], "z": [255.9582440933268, 88.88106880050688]}, "camera_uuid": "62e24ad43a6e699e9b1ae0325438e489", "field_of_view_rads": 1.279796318217926, "room": "8de55a2e5745f73de25402626a4c3d61"}