{"vanishing_points_gaussian_sphere": {"x": [0.1784224317950815, -0.17147199690833392, 0.9688977191162119], "y": [0.9838681469505853, 0.044096848344080584, -0.17337513484390019], "z": [-0.012996355194857947, 0.984201616663165, 0.17657370276816878]}, "nonfixated_points_in_view": [509, 268, 396, 270, 16, 915, 661, 22, 1173, 1050, 284, 924, 1057, 930, 419, 1187, 1315, 554, 427, 557, 1453, 690, 180, 308, 697, 58, 1466, 444, 188, 1212, 578, 324, 454, 455, 1095, 329, 715, 1227, 77, 974, 1355, 80, 1356, 1362, 467, 723, 853, 1369, 1498, 348, 738, 998, 621, 880, 883, 246, 761, 253, 1406], "point_pitch": -0.1860707243296762, "camera_rotation_from_original_to_final": [-0.04451517015695572, -0.18605639040470123, -1.6305798292160034], "camera_location": [-5.609722137451172, -10.968703269958496, 4.285808086395264], "camera_rotation_original": [1.5832164287567139, -0.00936906412243843, 1.4556810855865479], "view_id": 5, "point_location": [-4.906350135803223, -7.037945747375488, 3.5694594383239746], "camera_distance": 4.0569374993340395, "bounding_box_ranges": {"x": [-10.968703269958496, -5.958553880573608], "y": [-7.284168784166084, -1.764238356159105], "z": [2.765139082848079, 5.21240164685249]}, "obliqueness_angle": 0.11816316097974777, "resolution": 512, "point_uuid": "434", "point_normal": [-0.18100522458553314, -0.939535915851593, 0.29070502519607544], "camera_rotation_final": [1.3932768106460571, 0.01299672108143568, -0.17939823865890503], "vanishing_points_image": {"x": [316.94905771015664, 314.57479090546695], "y": [415.4488881737204, 248.85352060413643], "z": [253.48954380717478, 65.88554048459802]}, "camera_uuid": "84fae33197a8eefa4becf372ea5729e2", "field_of_view_rads": 1.2569866654956483, "room": "ef914082afe6874a9bab2b30c864407b"}