{"vanishing_points_gaussian_sphere": {"x": [-0.14340921402849838, -0.16018072318005552, 0.9766145264398041], "y": [0.9896123456619208, -0.03324111197612459, 0.13986577060918748], "z": [0.010059952546580011, 0.9865278325501543, 0.1632839029379669]}, "nonfixated_points_in_view": [256, 1280, 642, 259, 764, 1420, 15, 272, 276, 149, 1044, 1305, 27, 412, 156, 31, 164, 292, 1069, 46, 1071, 1072, 1197, 690, 947, 180, 309, 437, 1199, 1206, 1082, 828, 321, 455, 711, 73, 715, 718, 1233, 1234, 725, 344, 603, 988, 1371, 991, 993, 1122, 356, 1380, 870, 359, 616, 106, 748, 1006, 1263, 1265, 1393, 756, 120, 636, 511], "point_pitch": -0.19177321990462737, "camera_rotation_from_original_to_final": [0.09290783852338791, -0.16054202616214752, -0.44290220737457275], "camera_location": [0.3440798223018646, -5.207657814025879, 4.2956719398498535], "camera_rotation_original": [1.591770052909851, -0.020765699446201324, 2.1472725868225098], "view_id": 1, "point_location": [-3.161816120147705, -5.70975399017334, 3.7095072269439697], "camera_distance": 3.589846120175647, "bounding_box_ranges": {"x": [-6.441373928743598, -1.5391157506272428], "y": [-7.431004442722215, 0.3440798223018646], "z": [-0.02297738841073116, 5.460244810365618]}, "obliqueness_angle": 0.18812315165996552, "resolution": 512, "point_uuid": "1288", "point_normal": [0.9988417625427246, -0.006510909181088209, 0.04767289757728577], "camera_rotation_final": [1.4067696332931519, -0.010060122236609459, 1.7147090435028076], "vanishing_points_image": {"x": [198.64714852564143, 320.0601880976452], "y": [473.7399042501757, 263.31389070738555], "z": [258.2416670462443, 36.171236177219605]}, "camera_uuid": "65572d2c193d1b3ea0911dbf66b34fb7", "field_of_view_rads": 1.1179081366558354, "room": "8de55a2e5745f73de25402626a4c3d61"}