{"vanishing_points_gaussian_sphere": {"x": [-0.6080057973357922, 0.11351683115175924, 0.7857753364997725], "y": [0.7938245610637393, 0.10324727783101689, 0.5993184177650862], "z": [-0.013096436844774025, 0.9881568340429305, -0.15288739214278937]}, "nonfixated_points_in_view": [128, 1028, 261, 1400, 264, 653, 271, 1148, 1295, 148, 149, 22, 276, 919, 1172, 1150, 1300, 156, 1306, 1307, 1309, 32, 160, 1313, 675, 548, 293, 38, 1431, 40, 424, 300, 173, 813, 435, 691, 1461, 951, 440, 1436, 1211, 957, 1342, 578, 324, 1095, 1479, 843, 204, 461, 590, 1485, 594, 213, 981, 87, 729, 1369, 475, 92, 1373, 991, 352, 1377, 1250, 483, 356, 739, 490, 236, 109, 1390, 118, 502, 888, 1014, 762, 764, 1405, 1022], "point_pitch": 0.13869698444870515, "camera_rotation_from_original_to_final": [0.128241166472435, -0.07152226567268372, -1.7748132944107056], "camera_location": [-6.215150356292725, 0.12702560424804688, 1.4902317523956299], "camera_rotation_original": [1.5806941986083984, -0.017110392451286316, -0.7174729108810425], "view_id": 6, "point_location": [-2.494225025177002, -4.751533508300781, 2.4394474029541016], "camera_distance": 6.2085936004266165, "bounding_box_ranges": {"x": [-6.441834523055254, 0.12702560424804688], "y": [-6.215150356292725, 1.491100479825036], "z": [-0.01346263832842598, 5.467896381434069]}, "obliqueness_angle": 0.7329257726669312, "resolution": 512, "point_uuid": "709", "point_normal": [0.0011375596513971686, 0.8416345715522766, -0.5400463342666626], "camera_rotation_final": [1.7242989540100098, 0.01309681124985218, -2.487980604171753], "vanishing_points_image": {"x": [-43.56381042229125, 200.0703778880185], "y": [595.0515934270285, 211.90190102117714], "z": [252.36074477283887, -18.59033065018177]}, "camera_uuid": "7d18db1fca787c6dcd4baad30e113130", "field_of_view_rads": 0.8086771342627052, "room": "8de55a2e5745f73de25402626a4c3d61"}