{"vanishing_points_gaussian_sphere": {"x": [-0.1512064556728916, 0.10477266059839506, 0.9829340249243463], "y": [0.9884259059158133, 0.02837974525465781, 0.14902623451521713], "z": [-0.012281542140368749, 0.9940911827646468, -0.10785121266003504]}, "nonfixated_points_in_view": [928, 225, 610, 1090, 614, 232, 361, 202, 1266, 595, 1394, 1429, 1497, 954, 380, 799], "point_pitch": 0.11827655235794587, "camera_rotation_from_original_to_final": [-0.09665820747613907, -0.004698989447206259, -2.822458505630493], "camera_location": [3.9411685466766357, -6.047142028808594, 4.286668300628662], "camera_rotation_original": [1.584341049194336, -0.008459939621388912, 2.9743051528930664], "view_id": 3, "point_location": [3.053133964538574, -0.1899215131998062, 4.929343223571777], "camera_distance": 5.958915169913234, "bounding_box_ranges": {"x": [-6.047142028808594, -4.671912898414744], "y": [2.9754464961224496, 4.464812522274104], "z": [3.701214397895688, 5.198280095295284]}, "obliqueness_angle": 0.4680792987346649, "resolution": 512, "point_uuid": "1035", "point_normal": [-0.004017905332148075, -0.9445632100105286, 0.3283051550388336], "camera_rotation_final": [1.678865909576416, 0.012281850911676884, 0.15180018544197083], "vanishing_points_image": {"x": [187.82264738348522, 208.75914249560822], "y": [500.8853368523527, 248.96883718357057], "z": [253.32802816428003, 39.72556050970509]}, "camera_uuid": "6d257e4888f9878e655953370ee5e983", "field_of_view_rads": 1.0182951466064334, "room": "77c77478b552f1977cad320741ba92a5"}