{"vanishing_points_gaussian_sphere": {"x": [0.31009159433713995, -0.0315035186579045, 0.9501845775603927], "y": [0.9506691033265423, 0.0013883188343678428, -0.3102036888096629], "z": [0.00845334855301307, 0.9995026767762982, 0.030379927834938463]}, "nonfixated_points_in_view": [3, 1030, 520, 1033, 12, 530, 537, 544, 34, 1063, 1066, 1067, 1070, 48, 1078, 55, 1080, 572, 1084, 62, 1089, 66, 579, 1094, 1113, 93, 607, 97, 99, 617, 1130, 116, 117, 643, 134, 136, 137, 1160, 1164, 146, 658, 660, 1178, 1188, 682, 684, 174, 688, 181, 695, 192, 1231, 1236, 215, 728, 221, 241, 1269, 1271, 771, 774, 1286, 777, 784, 278, 285, 797, 287, 1319, 296, 301, 1330, 1336, 314, 317, 319, 1347, 1351, 330, 847, 848, 1360, 1370, 862, 351, 357, 362, 363, 1395, 890, 1403, 894, 900, 398, 911, 1422, 1428, 917, 926, 1439, 416, 929, 1443, 934, 944, 958, 965, 971, 973, 980, 472, 996, 486, 1013], "point_pitch": -0.039072199663843676, "camera_rotation_from_original_to_final": [0.028965741395950317, 0.010495735332369804, -0.7822396755218506], "camera_location": [3.8354318141937256, -5.580057144165039, 1.5235874652862549], "camera_rotation_original": [1.571001648902893, -0.012118679471313953, -2.674816608428955], "view_id": 0, "point_location": [1.8925508260726929, -11.531298637390137, 1.3333089351654053], "camera_distance": 6.263247309903628, "bounding_box_ranges": {"x": [-12.053539459568617, -5.580057144165039], "y": [-3.5460128298226494, 5.8682323282745275], "z": [-0.02770305568666301, 2.4235572490448667]}, "obliqueness_angle": 0.3239307403564453, "resolution": 512, "point_uuid": "1221", "point_normal": [-0.007480100262910128, 0.9999567270278931, 0.00554769579321146], "camera_rotation_final": [1.5404106378555298, -0.008453449234366417, -3.4568936824798584], "vanishing_points_image": {"x": [356.5492737074987, 266.2152266560279], "y": [396.081569533641, 255.7954305229329], "z": [257.4609932433321, 83.2558326082483]}, "camera_uuid": "c83171f93afe09cc67e6fc1972ae2a82", "field_of_view_rads": 1.289604517409116, "room": "856e4980d5eb3351797f528948f684e5"}