{"vanishing_points_gaussian_sphere": {"x": [0.2298319829063578, -0.27782678548390816, 0.9327322964822277], "y": [0.9730814029673271, 0.04883466165606298, -0.22522823761703634], "z": [0.01702477114295481, 0.9593891041118908, 0.28157184532355795]}, "nonfixated_points_in_view": [1284, 1273, 650, 906, 912, 147, 406, 1434, 1055, 804, 1061, 171, 685, 943, 694, 313, 701, 829, 576, 577, 706, 1217, 708, 71, 328, 841, 209, 1109, 1365, 343, 743, 360, 1383, 1132, 501, 757, 631, 760, 885], "point_pitch": -0.28836457332107024, "camera_rotation_from_original_to_final": [-0.2422952651977539, -0.17681069672107697, 0.7386532425880432], "camera_location": [0.4931855797767639, -7.2360944747924805, 1.5182243585586548], "camera_rotation_original": [1.5842092037200928, -0.010877704247832298, 0.6175836324691772], "view_id": 0, "point_location": [-2.8447983264923096, -6.430066108703613, 0.510558009147644], "camera_distance": 3.5787162209028196, "bounding_box_ranges": {"x": [-8.318329729134678, -5.441354939786676], "y": [-3.5511556618419524, 0.4931855797767639], "z": [-0.11204744850303461, 2.424972615145153]}, "obliqueness_angle": 1.2965190410614014, "resolution": 512, "point_uuid": "722", "point_normal": [0.05103300139307976, -0.9986792206764221, -0.0059655699878931046], "camera_rotation_final": [1.2853219509124756, -0.017025593668222427, 1.3388570547103882], "vanishing_points_image": {"x": [350.398561840105, 370.11139850377543], "y": [447.69151580015205, 246.3798487075263], "z": [260.34288355036244, 11.267479153829058]}, "camera_uuid": "c61bffa72844e019185a72c8df1f3454", "field_of_view_rads": 1.0571410942069257, "room": "856e4980d5eb3351797f528948f684e5"}