{"vanishing_points_gaussian_sphere": {"x": [0.5054407734524332, -0.19172361389317122, 0.8412916738013922], "y": [0.8626798760964309, 0.1322757746522665, -0.4881460343159508], "z": [-0.017693386053907016, 0.9724943060583364, 0.23225367332738225]}, "nonfixated_points_in_view": [640, 257, 258, 642, 1280, 133, 517, 523, 779, 527, 1426, 788, 23, 153, 1277, 27, 412, 1179, 288, 164, 932, 1190, 679, 168, 297, 1191, 1321, 1068, 1324, 46, 1199, 1072, 690, 819, 692, 947, 823, 1208, 569, 826, 443, 953, 1083, 318, 1209, 1343, 1219, 455, 839, 73, 76, 1229, 1356, 337, 1106, 1234, 1361, 600, 988, 993, 1122, 1251, 1380, 870, 871, 1255, 1259, 1006, 239, 368, 1137, 1138, 1265, 756, 884, 1393, 120, 634, 635, 636, 893, 511], "point_pitch": -0.24450270732375579, "camera_rotation_from_original_to_final": [0.18979190289974213, -0.17045040428638458, -1.4778810739517212], "camera_location": [1.7699029445648193, -5.448235511779785, 4.298521995544434], "camera_rotation_original": [1.5894720554351807, -0.008107524365186691, 2.503649950027466], "view_id": 0, "point_location": [-7.174051761627197, -0.2586475908756256, 1.8293811082839966], "camera_distance": 10.631218403225995, "bounding_box_ranges": {"x": [-5.554216256897032, -2.6211854910016883], "y": [-3.2318215094027143, 1.4853481389186616], "z": [2.7071177211830753, 5.189592962206742]}, "obliqueness_angle": 0.84253990650177, "resolution": 512, "point_uuid": "186", "point_normal": [0.9570343494415283, 0.2898572087287903, 0.008254445157945156], "camera_rotation_final": [1.3363648653030396, 0.01769430935382843, 1.0408118963241577], "vanishing_points_image": {"x": [461.59239886699606, 333.98523540257344], "y": [419.41228749100605, 230.94379141729797], "z": [251.28260851734854, -3.285381687221092]}, "camera_uuid": "3d44530aec2e5604a8aef567eab9ad28", "field_of_view_rads": 0.995155683738632, "room": "7177ff6aafad58b0656fca6e31b41601"}