{"vanishing_points_gaussian_sphere": {"x": [0.5136749089627031, -0.13533389449679475, 0.8472442533900653], "y": [0.8578786299805038, 0.09655584664060994, -0.5046991427596137], "z": [-0.013503485658616884, 0.9860840255677229, 0.16569837173376836]}, "nonfixated_points_in_view": [67, 999, 552, 618, 720, 178, 114, 467, 1462, 664, 1471], "point_pitch": -0.15149371226760344, "camera_rotation_from_original_to_final": [0.08781145513057709, -0.16509287059307098, -2.7048003673553467], "camera_location": [0.27477186918258667, -2.2696449756622314, 2.261363983154297], "camera_rotation_original": [1.5901278257369995, -0.005768735893070698, 2.1587343215942383], "view_id": 13, "point_location": [1.4366159439086914, -0.31924375891685486, 1.8799171447753906], "camera_distance": 2.3020529899639977, "bounding_box_ranges": {"x": [-2.2696449756622314, 1.4264279279166105], "y": [0.27477186918258667, 1.4752220774185452], "z": [0.3655068556119396, 3.277456145627946]}, "obliqueness_angle": 1.0461314916610718, "resolution": 512, "point_uuid": "214", "point_normal": [-0.9994869828224182, -0.002098975470289588, -0.03195897489786148], "camera_rotation_final": [1.4043148756027222, 0.013503896072506905, -0.5395171046257019], "vanishing_points_image": {"x": [473.0418146847249, 313.18230253693037], "y": [422.8255777552942, 237.2234687535725], "z": [252.41435333652547, -5.839719430233668]}, "camera_uuid": "72c78639c6d82fd06b6c6cb47f559896", "field_of_view_rads": 0.9678197948099154, "room": "8de55a2e5745f73de25402626a4c3d61"}