{"vanishing_points_gaussian_sphere": {"x": [0.5717267345365176, 0.15791480031054508, 0.8051033827149724], "y": [0.8204305947567415, -0.11567412129270944, -0.5599224382450296], "z": [0.004709586320485037, 0.9806540743330648, -0.1956921211767343]}, "nonfixated_points_in_view": [1392, 1297, 269, 405, 959], "point_pitch": 0.1912551681187491, "camera_rotation_from_original_to_final": [0.04269116744399071, -0.1999591737985611, -2.4123878479003906], "camera_location": [6.5858154296875, -9.66219425201416, 4.284074783325195], "camera_rotation_original": [1.5634019374847412, -0.00032041483791545033, -1.3415888547897339], "view_id": 1, "point_location": [5.270411491394043, -11.55359172821045, 4.743805408477783], "camera_distance": 2.3492603661137057, "bounding_box_ranges": {"x": [-11.641599939518844, -9.66219425201416], "y": [4.183106842551394, 6.5858154296875], "z": [3.714144491389968, 5.2007603213204465]}, "obliqueness_angle": 1.1663174629211426, "resolution": 512, "point_uuid": "1397", "point_normal": [0.008640151470899582, 0.24729220569133759, -0.9689024686813354], "camera_rotation_final": [1.7677617073059082, -0.004709603730589151, -3.750209331512451], "vanishing_points_image": {"x": [551.5625929797676, 174.36360794374264], "y": [453.97317090113097, 283.91262628414006], "z": [257.3249595406735, -19.889830543362606]}, "camera_uuid": "ce1da2161b0680bd4fb2a394f05a91e7", "field_of_view_rads": 0.7857635137134851, "room": "b80a98836bb3f1f478d8093ef8f4a998"}