{"vanishing_points_gaussian_sphere": {"x": [0.3348974434324547, -0.03232939253943401, 0.9416997997028761], "y": [0.9421025004518887, 0.02944429311514897, -0.3340298074203085], "z": [-0.016928704164965853, 0.9990434645104188, 0.040318420037430636]}, "nonfixated_points_in_view": [256, 139, 270, 1196, 1453, 434, 308, 53, 1077, 1079, 697, 444, 1345, 723, 1111, 348, 349, 621, 880, 1267, 246, 1406], "point_pitch": -0.055612488589014575, "camera_rotation_from_original_to_final": [0.03579067066311836, -0.0560031458735466, -1.3458837270736694], "camera_location": [0.2899336814880371, -8.048778533935547, 4.322153091430664], "camera_rotation_original": [1.5907143354415894, -0.01110281702131033, 2.574305772781372], "view_id": 9, "point_location": [-4.870738506317139, -6.218238830566406, 4.101201057434082], "camera_distance": 5.48016726574764, "bounding_box_ranges": {"x": [-8.511485552105876, -6.076438486612252], "y": [-1.932571664250902, 0.2899336814880371], "z": [2.7763517551504378, 5.215579461174629]}, "obliqueness_angle": 1.2168669700622559, "resolution": 512, "point_uuid": "329", "point_normal": [0.0235487949103117, -0.9256049990653992, 0.3777576684951782], "camera_rotation_final": [1.5304611921310425, 0.016929512843489647, 1.2292490005493164], "vanishing_points_image": {"x": [393.4519401354969, 269.26895088359646], "y": [431.3233170923756, 250.52047825378662], "z": [252.24779873497366, 34.56473154572058]}, "camera_uuid": "62e6bdd9a68e459d349568347b61a59b", "field_of_view_rads": 1.0651414102666632, "room": "9be1cd563f04d329bc30a6918cfb1205"}