{"vanishing_points_gaussian_sphere": {"x": [0.443920215473398, -0.18499834410579008, 0.8767613443646839], "y": [0.8960199419506155, 0.08169084142890255, -0.4364342677350778], "z": [0.009116244888525634, 0.979337643055118, 0.20202642147595165]}, "nonfixated_points_in_view": [1025, 1410, 1275, 400, 403, 149, 790, 1046, 1303, 413, 670, 30, 1184, 1440, 169, 555, 812, 1201, 565, 438, 1207, 312, 700, 956, 1341, 1088, 705, 835, 77, 850, 726, 217, 985, 986, 990, 991, 1125, 619, 1260, 366, 878, 761, 379, 764], "point_pitch": -0.18115048011275725, "camera_rotation_from_original_to_final": [-0.22757141292095184, 0.007519856560975313, 2.753652811050415], "camera_location": [-2.484394073486328, -5.331701278686523, 4.301449775695801], "camera_rotation_original": [1.594873070716858, 5.2980572945671156e-05, -0.07394442707300186], "view_id": 1, "point_location": [-5.535715103149414, -11.461559295654297, 2.888986825942993], "camera_distance": 6.99147858675515, "bounding_box_ranges": {"x": [-11.992830962419632, -5.957519874734564], "y": [-6.363972868232922, -1.8466211037570204], "z": [2.765137355841392, 5.21240232450746]}, "obliqueness_angle": 0.705406665802002, "resolution": 512, "point_uuid": "189", "point_normal": [-0.020084179937839508, 0.7180571556091309, 0.6956942677497864], "camera_rotation_final": [1.3673611879348755, -0.009116371162235737, 2.681603193283081], "vanishing_points_image": {"x": [406.0660731218384, 318.53820859316585], "y": [395.64089158410815, 243.26883030465333], "z": [257.925228642693, 49.17702581132177]}, "camera_uuid": "c5be5141daf3c047a2d6d480abd9ff63", "field_of_view_rads": 1.1864031150148446, "room": "ef914082afe6874a9bab2b30c864407b"}