{"vanishing_points_gaussian_sphere": {"x": [0.4134990500359843, 0.09732276819996301, 0.9052882493489215], "y": [0.9104730312994068, -0.03592397198660936, -0.41200525180290437], "z": [-0.007575941908964171, 0.9946043168147832, -0.1034642840674521]}, "nonfixated_points_in_view": [256, 2, 131, 514, 1283, 266, 268, 396, 270, 400, 656, 1177, 1056, 419, 676, 1315, 41, 177, 434, 308, 1207, 444, 1345, 835, 72, 329, 713, 1352, 77, 717, 1230, 1488, 1362, 723, 1494, 1115, 348, 476, 1247, 96, 480, 1381, 102, 998, 745, 875, 1003, 621, 110, 111, 622, 880, 1134, 243, 883, 1261, 246, 125, 1406], "point_pitch": 0.1031518737461905, "camera_rotation_from_original_to_final": [-0.08212802559137344, -0.0576406829059124, -2.469597578048706], "camera_location": [-1.9461179971694946, -10.539590835571289, 4.280216217041016], "camera_rotation_original": [1.5751063823699951, -0.006250596605241299, -2.666795015335083], "view_id": 5, "point_location": [-7.2893853187561035, -8.107821464538574, 4.8908915519714355], "camera_distance": 5.902282030349673, "bounding_box_ranges": {"x": [-11.260984345723408, -6.083702255364115], "y": [-7.284179632256845, -1.9461179971694946], "z": [2.765137041434807, 5.212402015545493]}, "obliqueness_angle": 0.4455123543739319, "resolution": 512, "point_uuid": "629", "point_normal": [0.9999698400497437, 0.005617326125502586, 0.005379809066653252], "camera_rotation_final": [1.67444908618927, 0.007576014380902052, -5.13869571685791], "vanishing_points_image": {"x": [411.71108210781654, 219.35122523540102], "y": [411.6086101380738, 262.13975280903963], "z": [254.51527411511054, 61.078392608790814]}, "camera_uuid": "41fe4d40075167d2675e7ca53b4961cc", "field_of_view_rads": 1.111442862804828, "room": "ef914082afe6874a9bab2b30c864407b"}