{"vanishing_points_gaussian_sphere": {"x": [-0.6848317032019301, 0.2773603533386309, 0.6738521890484689], "y": [0.7286782729602213, 0.253308029570564, 0.6362884696981298], "z": [0.005789024551091086, 0.9267719657774226, -0.3755798325839645]}, "nonfixated_points_in_view": [1408, 226, 506], "point_pitch": 0.37905855576065584, "camera_rotation_from_original_to_final": [-0.2578161656856537, 0.2977728843688965, 3.1351640224456787], "camera_location": [2.0380539894104004, -3.850883722305298, 1.5039372444152832], "camera_rotation_original": [1.5646412372589111, 0.005592518951743841, 2.2927701473236084], "view_id": 2, "point_location": [5.594168663024902, -0.49300360679626465, 3.4859817028045654], "camera_distance": 5.277291976030961, "bounding_box_ranges": {"x": [-3.850883722305298, -3.1611063035567217], "y": [2.0380539894104004, 4.072769548075831], "z": [1.47430637614157, 2.4277342636360215]}, "obliqueness_angle": 1.0508508682250977, "resolution": 512, "point_uuid": "1205", "point_normal": [0.839145839214325, -0.35240408778190613, 0.41430166363716125], "camera_rotation_final": [1.9558254480361938, -0.00578905688598752, -0.8164078593254089], "vanishing_points_image": {"x": [-52.44496446026563, 131.078206910939], "y": [575.1531005940158, 145.05385813909206], "z": [257.4555312090296, 22.98224235575383]}, "camera_uuid": "46dec00679fa99b86c497ab5e0e1ad5c", "field_of_view_rads": 0.809835246968655, "room": "856e4980d5eb3351797f528948f684e5"}