{"vanishing_points_gaussian_sphere": {"x": [-0.20883686126376105, 0.05017966607951526, 0.976662258147436], "y": [0.9779309467837529, 0.004401411935811973, 0.20888200232572407], "z": [0.006182936206458164, 0.9987305085382742, -0.04999142541223676]}, "nonfixated_points_in_view": [515, 1163, 271, 273, 1041, 1171, 663, 411, 157, 1437, 1449, 1322, 696, 961, 1473, 963, 1098, 78, 593, 345, 477, 479, 1388, 496, 503], "point_pitch": 0.0541404048588614, "camera_rotation_from_original_to_final": [0.039722245186567307, -0.03405451029539108, -2.485762357711792], "camera_location": [3.4209909439086914, -2.906309127807617, 4.301186561584473], "camera_rotation_original": [1.5702917575836182, 0.007416601292788982, -0.44614845514297485], "view_id": 3, "point_location": [5.270411491394043, -11.55359172821045, 4.743805408477783], "camera_distance": 8.8539124203624, "bounding_box_ranges": {"x": [-4.782198006476956, -2.906309127807617], "y": [2.9889304449496032, 4.085929333802761], "z": [3.5577711950356177, 5.221156833363626]}, "obliqueness_angle": 1.278498888015747, "resolution": 512, "point_uuid": "1397", "point_normal": [0.008640151470899582, 0.24729220569133759, -0.9689024686813354], "camera_rotation_final": [1.620809555053711, -0.006182975601404905, -2.9312031269073486], "vanishing_points_image": {"x": [143.40423067314464, 228.94530250743543], "y": [557.2436484741481, 254.64418096764163], "z": [257.6640893, -12.800566162420994]}, "camera_uuid": "b422073dff8b7042fc5c055162756ec7", "field_of_view_rads": 0.8688493223745537, "room": "b882b325a4c32027bb7a3589209866b9"}