{"vanishing_points_gaussian_sphere": {"x": [0.5699648824758577, 0.025986278555252564, 0.8212580264881012], "y": [0.8214079216727125, -0.04321683484228762, -0.5687014431136337], "z": [0.020713738378114334, 0.9987276998827375, -0.04597741325194121]}, "nonfixated_points_in_view": [1280, 257, 642, 140, 788, 152, 409, 164, 421, 168, 1068, 1324, 1072, 692, 953, 318, 199, 711, 76, 1229, 1234, 121, 1122, 611, 1251, 1380, 870, 871, 748, 1006, 239, 1262, 1265, 1138, 756, 633, 636, 893], "point_pitch": 0.0337318936970572, "camera_rotation_from_original_to_final": [0.020332686603069305, -0.02233121171593666, 1.0381282567977905], "camera_location": [-2.484394073486328, -5.331701278686523, 4.301449775695801], "camera_rotation_original": [1.594873070716858, 5.2980572945671156e-05, -0.07394442707300186], "view_id": 3, "point_location": [-5.176787853240967, -3.467283248901367, 4.452181339263916], "camera_distance": 3.278377496381422, "bounding_box_ranges": {"x": [-5.331701278686523, -3.081478250195527], "y": [-3.2499940827882914, -2.484394073486328], "z": [3.7027182432706733, 5.059641414919041]}, "obliqueness_angle": 1.3169078826904297, "resolution": 512, "point_uuid": "993", "point_normal": [0.015354011207818985, -0.3435669243335724, -0.9390027523040771], "camera_rotation_final": [1.6167998313903809, -0.020715219900012016, 0.9641843438148499], "vanishing_points_image": {"x": [423.202415665609, 248.37677849603008], "y": [366.57538373586505, 261.81771610724684], "z": [259.500828611355, 87.20504648275059]}, "camera_uuid": "c5be5141daf3c047a2d6d480abd9ff63", "field_of_view_rads": 1.2745701828026623, "room": "7177ff6aafad58b0656fca6e31b41601"}