{"vanishing_points_gaussian_sphere": {"x": [0.47459339241059767, 0.16085757330044867, 0.8653819694170265], "y": [0.8801756149444891, -0.09478353579997534, -0.46508812949627654], "z": [0.007211014997276027, 0.9824158602410415, -0.18656655329818225]}, "nonfixated_points_in_view": [388, 134, 520, 398, 911, 784, 1040, 658, 1176, 26, 34, 1067, 48, 688, 944, 695, 1338, 572, 319, 192, 1089, 579, 965, 330, 971, 728, 93, 223, 863, 97, 237, 625, 758, 890], "point_pitch": 0.2033626596119742, "camera_rotation_from_original_to_final": [0.140530526638031, 0.1034339889883995, 2.0383591651916504], "camera_location": [0.4931855797767639, -7.2360944747924805, 1.5182243585586548], "camera_rotation_original": [1.5842092037200928, -0.010877704247832298, 0.6175836324691772], "view_id": 8, "point_location": [-1.6417690515518188, -11.20857048034668, 2.3746445178985596], "camera_distance": 4.590430513576733, "bounding_box_ranges": {"x": [-12.059033450975296, -7.2360944747924805], "y": [-3.5440188145164058, 0.5287602955142016], "z": [0.4342108991858675, 2.4173845010826174]}, "obliqueness_angle": 0.7813169956207275, "resolution": 512, "point_uuid": "301", "point_normal": [-0.004840527661144733, 0.6613231897354126, -0.7500854730606079], "camera_rotation_final": [1.758467435836792, -0.007211077492684126, 2.6470766067504883], "vanishing_points_image": {"x": [468.0761644120759, 184.11940134918797], "y": [437.0325778069017, 275.494868442367], "z": [257.67206652268135, 28.20063030228194]}, "camera_uuid": "c61bffa72844e019185a72c8df1f3454", "field_of_view_rads": 0.9351471545125474, "room": "856e4980d5eb3351797f528948f684e5"}