{"vanishing_points_gaussian_sphere": {"x": [-0.1775077002521718, -0.025368614132425638, 0.9837923814343071], "y": [0.9839212366691038, -0.0246357169823642, 0.17689567965415776], "z": [0.01974883243958217, 0.9993745618464405, 0.029333747655360377]}, "nonfixated_points_in_view": [520, 1033, 530, 1048, 26, 1055, 34, 36, 1061, 1063, 1067, 48, 50, 55, 568, 572, 1084, 576, 577, 1089, 1094, 71, 88, 97, 99, 100, 617, 1132, 115, 119, 641, 134, 650, 657, 146, 658, 1176, 678, 1194, 171, 685, 688, 695, 701, 192, 1217, 707, 708, 197, 714, 1232, 209, 722, 1236, 728, 1243, 221, 223, 743, 753, 757, 758, 1273, 254, 772, 1284, 774, 777, 784, 802, 805, 1320, 301, 1329, 818, 827, 829, 327, 328, 841, 330, 1365, 343, 1368, 863, 360, 885, 388, 392, 906, 398, 911, 912, 406, 933, 428, 943, 944, 948, 958, 965, 971, 465, 980, 472, 996, 501, 1013], "point_pitch": -0.04908136924239592, "camera_rotation_from_original_to_final": [-0.02899172529578209, -0.055804863572120667, 1.1488902568817139], "camera_location": [5.059991836547852, -7.579131126403809, 1.5203824043273926], "camera_rotation_original": [1.596900224685669, 0.009909546934068203, 0.6009308099746704], "view_id": 5, "point_location": [-2.7651493549346924, -8.98616886138916, 1.287058711051941], "camera_distance": 7.954057150775902, "bounding_box_ranges": {"x": [-12.06250012729518, -6.096992797000793], "y": [-3.5512088107014668, 5.059991836547852], "z": [-0.10511651033427036, 2.427144073360378]}, "obliqueness_angle": 0.3216605484485626, "resolution": 512, "point_uuid": "410", "point_normal": [0.9504245519638062, 0.02601405419409275, 0.309865266084671], "camera_rotation_final": [1.5414526462554932, -0.019750116392970085, 1.7492848634719849], "vanishing_points_image": {"x": [167.49425005548642, 268.64884968738613], "y": [529.4547990974473, 262.8468438193692], "z": [261.0776771165643, -0.9519671144411042]}, "camera_uuid": "e2c81e729be96548bbabfecfc7939d49", "field_of_view_rads": 0.9356718339539756, "room": "856e4980d5eb3351797f528948f684e5"}