{"vanishing_points_gaussian_sphere": {"x": [0.5827743865077426, 0.18160700402886706, 0.7920813787220247], "y": [0.8126036817306883, -0.12181396473751455, -0.5699443959130206], "z": [-0.007019321067919534, 0.9757972402515733, -0.21856457866991816]}, "nonfixated_points_in_view": [938], "point_pitch": 0.2288697520878653, "camera_rotation_from_original_to_final": [-0.21649213135242462, -0.033556632697582245, 2.449617385864258], "camera_location": [8.056329727172852, -4.2689995765686035, 1.4923113584518433], "camera_rotation_original": [1.572834849357605, -0.010850214399397373, -3.067706823348999], "view_id": 1, "point_location": [8.82886028289795, -3.19537353515625, 1.7885642051696777], "camera_distance": 1.355449047000389, "bounding_box_ranges": {"x": [-4.2689995765686035, -3.126327260576957], "y": [8.056329727172852, 9.858151165363253], "z": [0.9327821306500383, 2.412588801936617]}, "obliqueness_angle": 0.6805540323257446, "resolution": 512, "point_uuid": "331", "point_normal": [0.019759416580200195, -0.9996874332427979, 0.015317363664507866], "camera_rotation_final": [1.7911450862884521, 0.007019378710538149, -0.6221562623977661], "vanishing_points_image": {"x": [483.7200189723731, 185.0367741609385], "y": [405.24283513497716, 278.3723592018919], "z": [254.50665048649546, 48.40067238573186]}, "camera_uuid": "bd5b2b073675437662294c1b37a7fa10", "field_of_view_rads": 0.9939440935630346, "room": "66bc78dc545e1a7b7ac07302c82067c1"}