{"vanishing_points_gaussian_sphere": {"x": [-0.08753799465643211, -0.2769557041197864, 0.9568869512366881], "y": [0.9961140341389164, -0.014990876552554691, 0.08678769850433703], "z": [-0.009691773987464779, 0.9607657422991827, 0.27719173498009725]}, "nonfixated_points_in_view": [513, 901, 524, 19, 159, 1443, 166, 1451, 942, 1326, 1074, 1459, 182, 183, 1467, 830, 574, 833, 968, 74, 588, 205, 1359, 976, 212, 1236, 598, 1237, 1116, 734, 612, 869, 103, 1008, 244, 250], "point_pitch": -0.2807635506007333, "camera_rotation_from_original_to_final": [-0.028219295665621758, 0.27947986125946045, -0.012942420318722725], "camera_location": [-3.072143316268921, -10.485207557678223, 4.283509254455566], "camera_rotation_original": [1.5707898139953613, 0.009692680090665817, -1.4714287519454956], "view_id": 1, "point_location": [0.4729160964488983, -10.163677215576172, 3.256573438644409], "camera_distance": 3.704784151398855, "bounding_box_ranges": {"x": [-10.9915288172397, -9.82076301968826], "y": [-3.072143316268921, -1.7641665513420202], "z": [3.129959487594055, 4.512881968260173]}, "obliqueness_angle": 0.08410491794347763, "resolution": 512, "point_uuid": "586", "point_normal": [-0.9294443726539612, -0.1235046461224556, 0.3476777672767639], "camera_rotation_final": [1.2899127006530762, 0.009691925719380379, -1.4831420183181763], "vanishing_points_image": {"x": [212.2340746145735, 394.468132942136], "y": [527.5293591534574, 260.08634249088004], "z": [253.0661545541022, -34.838209936054255]}, "camera_uuid": "2c5b1635a824be2ef248c2dd24c5c6fe", "field_of_view_rads": 0.9126386261783909, "room": "ef914082afe6874a9bab2b30c864407b"}