{"vanishing_points_gaussian_sphere": {"x": [-0.5463224986723584, 0.1019849332553399, 0.8313427697606415], "y": [0.8375742367737192, 0.06777846880883752, 0.542102828860772], "z": [-0.0010608191707774327, 0.9924742578801897, -0.12244885506959063]}, "nonfixated_points_in_view": [1027, 527, 528, 1042, 1043, 1044, 1045, 31, 1068, 1069, 46, 1071, 1072, 54, 63, 76, 1100, 87, 603, 106, 1135, 634, 122, 636, 1148, 128, 642, 1159, 148, 152, 668, 1186, 164, 683, 173, 1198, 1200, 689, 692, 1206, 186, 190, 191, 702, 709, 199, 1229, 1233, 1234, 725, 729, 1241, 736, 1248, 1251, 748, 239, 1263, 1265, 756, 249, 766, 255, 1280, 257, 1288, 779, 272, 786, 1300, 279, 281, 793, 1305, 286, 292, 1316, 1317, 297, 809, 811, 1324, 814, 823, 826, 828, 1342, 1353, 335, 852, 1374, 352, 1379, 1380, 359, 368, 893, 1405, 1417, 394, 1420, 399, 1431, 1436, 925, 414, 417, 421, 939, 941, 430, 1461, 953, 442, 1469, 1474, 452, 458, 1485, 475, 993, 493, 1006, 502], "point_pitch": 0.12337441841629548, "camera_rotation_from_original_to_final": [0.03148876503109932, -0.11772088706493378, -2.810401439666748], "camera_location": [0.1851605325937271, -0.11082234233617783, 1.8844544887542725], "camera_rotation_original": [1.5717267990112305, -0.0008006416610442102, -1.3258916139602661], "view_id": 1, "point_location": [-7.212235927581787, -4.934521675109863, 2.9740192890167236], "camera_distance": 8.898129291237312, "bounding_box_ranges": {"x": [-6.1392919758063025, 0.2618205936304579], "y": [-7.431046532873729, 0.1851605325937271], "z": [-0.03772727057321279, 5.476309354342479]}, "obliqueness_angle": 0.6168102622032166, "resolution": 512, "point_uuid": "611", "point_normal": [0.9967609643936157, -0.03964276239275932, -0.06997209787368774], "camera_rotation_final": [1.6935533285140991, 0.0010608193697407842, -4.134421348571777], "vanishing_points_image": {"x": [87.379151537762, 224.5226473050794], "y": [463.2267192968007, 239.23072855688793], "z": [255.81971754630834, 87.33252172910025]}, "camera_uuid": "a5d931f6e602ca2a792cef637b435332", "field_of_view_rads": 1.2344472149682817, "room": "8de55a2e5745f73de25402626a4c3d61"}