{"vanishing_points_gaussian_sphere": {"x": [0.018145689804193545, -0.14499734738284573, 0.9892656383365735], "y": [0.9998341961200999, 0.0011260882008481852, -0.018174492956826407], "z": [0.0015212529059326785, 0.9894314029670286, 0.14499373990725922]}, "nonfixated_points_in_view": [385, 1026, 1147, 140, 526, 1038, 1296, 23, 1051, 796, 290, 547, 675, 295, 168, 297, 1065, 304, 305, 1202, 563, 1076, 1203, 1204, 1331, 1208, 1209, 826, 443, 1332, 1334, 318, 704, 1219, 196, 580, 710, 839, 1096, 1477, 1354, 1480, 1229, 719, 336, 337, 464, 849, 978, 1361, 600, 347, 606, 227, 231, 1255, 234, 1259, 364, 493, 750, 1137, 1138, 371, 630, 121, 634, 635, 1276, 766], "point_pitch": -0.14674417575332122, "camera_rotation_from_original_to_final": [0.1360577642917633, 0.050004247575998306, 2.796638250350952], "camera_location": [-3.8966617584228516, -5.1063923835754395, 1.5070674419403076], "camera_rotation_original": [1.5701526403427124, 0.0018522855825722218, -2.8113532066345215], "view_id": 6, "point_location": [-3.8032469749450684, -0.02168130688369274, 0.7618163824081421], "camera_distance": 5.139884399069083, "bounding_box_ranges": {"x": [-5.1063923835754395, 1.5574706104341542], "y": [-7.239966131823405, 0.6812603291915966], "z": [-0.029379372666297754, 3.674775561383392]}, "obliqueness_angle": 0.3416347801685333, "resolution": 512, "point_uuid": "18", "point_normal": [-0.3520536422729492, -0.925291121006012, 0.1410485804080963], "camera_rotation_final": [1.425289511680603, -0.0015212534926831722, -0.018146706745028496], "vanishing_points_image": {"x": [262.86039727304717, 310.8195972331931], "y": [445.3137189767196, 255.7867807022148], "z": [256.3133782528858, 52.17703065484445]}, "camera_uuid": "62e24ad43a6e699e9b1ae0325438e489", "field_of_view_rads": 1.180512021910271, "room": "8de55a2e5745f73de25402626a4c3d61"}