{"vanishing_points_gaussian_sphere": {"x": [0.5768908102035665, 0.03949790624695826, 0.8158657417153751], "y": [0.8168023680991804, -0.03469099095201334, -0.5758736203494119], "z": [0.005557388797248229, 0.9986172693023458, -0.05227489723454649]}, "nonfixated_points_in_view": [1026, 516, 13, 1038, 18, 23, 1051, 540, 547, 552, 1065, 45, 557, 47, 1076, 64, 67, 580, 1096, 1105, 1106, 1114, 606, 1120, 618, 114, 1138, 630, 634, 1147, 647, 1162, 148, 661, 664, 675, 681, 178, 1202, 1203, 1204, 1208, 1209, 704, 1219, 196, 710, 1227, 719, 720, 214, 1238, 729, 1244, 735, 227, 231, 234, 1259, 750, 240, 759, 1276, 766, 263, 781, 1296, 1306, 796, 290, 807, 297, 809, 304, 305, 1332, 826, 1344, 839, 1354, 332, 844, 336, 337, 849, 1361, 340, 341, 347, 1375, 867, 364, 374, 1400, 1407, 385, 386, 1427, 931, 1462, 1466, 443, 1477, 1480, 464, 978, 467, 468, 999, 1001, 489, 493, 494], "point_pitch": 0.04178221622971101, "camera_rotation_from_original_to_final": [0.017699383199214935, -0.03665228188037872, 0.39555251598358154], "camera_location": [-6.116707801818848, -5.171044826507568, 1.5127230882644653], "camera_rotation_original": [1.5826430320739746, -0.00107341050170362, -1.010670781135559], "view_id": 12, "point_location": [-2.142538547515869, 0.4593372344970703, 1.8734780550003052], "camera_distance": 6.901113544065802, "bounding_box_ranges": {"x": [-5.171044826507568, 1.557342040993774], "y": [-6.175897561920659, 1.4804313485856424], "z": [-0.02865954763716902, 4.645179936780889]}, "obliqueness_angle": 1.1881346702575684, "resolution": 512, "point_uuid": "1255", "point_normal": [0.5385579466819763, -0.8410553336143494, 0.05080709978938103], "camera_rotation_final": [1.6230958700180054, -0.005557417403906584, -0.6149280071258545], "vanishing_points_image": {"x": [434.46680705470607, 243.78093689730753], "y": [372.1601637605328, 260.93352045413235], "z": [256.99197340126557, 77.75050093977654]}, "camera_uuid": "676a1ae5fa5b4d774f8408cdbebb47fb", "field_of_view_rads": 1.219888479016036, "room": "8de55a2e5745f73de25402626a4c3d61"}