{"vanishing_points_gaussian_sphere": {"x": [0.04241323634007283, -0.14550506176084546, 0.988447972523154], "y": [0.9990969786028225, 0.003682615700494284, -0.042328072107216806], "z": [0.0025188747234425922, 0.9893506533800719, 0.1455298592267325]}, "nonfixated_points_in_view": [3, 518, 8, 520, 12, 1039, 17, 538, 28, 542, 544, 1062, 1064, 43, 1067, 1070, 566, 1080, 65, 591, 89, 604, 1117, 94, 98, 623, 116, 1141, 1146, 643, 649, 654, 144, 1170, 665, 165, 174, 687, 695, 703, 195, 1228, 208, 724, 216, 1253, 746, 237, 1264, 241, 758, 1271, 771, 775, 1287, 1290, 1291, 275, 285, 806, 298, 1333, 824, 1336, 1338, 317, 1347, 1351, 334, 848, 338, 1366, 1370, 1378, 1382, 367, 1391, 372, 375, 1399, 378, 1403, 1404, 383, 904, 1424, 1428, 1438, 415, 416, 1439, 1443, 422, 934, 429, 1460, 1464, 1465, 456, 1483, 1484, 463, 975, 466, 980], "point_pitch": -0.13140909274550872, "camera_rotation_from_original_to_final": [0.03664584457874298, -0.15664879977703094, 2.875288248062134], "camera_location": [-2.125469923019409, -10.290050506591797, 1.5054166316986084], "camera_rotation_original": [1.585587501525879, -0.0013757790438830853, 1.7914842367172241], "view_id": 6, "point_location": [5.213764190673828, -10.604336738586426, 0.42485618591308594], "camera_distance": 7.425008250964041, "bounding_box_ranges": {"x": [-11.743526346600502, -4.660625795358399], "y": [-2.125469923019409, 6.5102392989089655], "z": [-0.029029119536206682, 2.427733584837227]}, "obliqueness_angle": 0.9448397159576416, "resolution": 512, "point_uuid": "1113", "point_normal": [-0.4626156985759735, 0.48367685079574585, 0.742996335029602], "camera_rotation_final": [1.424747347831726, -0.002518877387046814, 4.6699628829956055], "vanishing_points_image": {"x": [270.13846391548395, 304.50415207014703], "y": [420.9571630190486, 255.39197710387188], "z": [256.45801084693574, 76.10485616698875]}, "camera_uuid": "2b230e47a809ba0986cefc4de1b011af", "field_of_view_rads": 1.2987146115222914, "room": "856e4980d5eb3351797f528948f684e5"}