{"vanishing_points_gaussian_sphere": {"x": [0.4288850433385993, -0.11742408127350154, 0.8956948167414625], "y": [0.9033481207532484, 0.060631409393693166, -0.42460099496646136], "z": [-0.004448857383909223, 0.9912292455996284, 0.13207872779508872]}, "nonfixated_points_in_view": [1282, 645, 390, 1158, 1274, 1429, 280, 1049, 1093, 326, 202, 1235, 982, 218, 346, 90, 608, 225, 226, 737, 995, 614, 742, 1129, 107, 876, 365, 238, 497, 1394, 755, 1396, 1142, 506, 637], "point_pitch": -0.11712984641524748, "camera_rotation_from_original_to_final": [0.14189854264259338, -0.03687349334359169, 2.8627030849456787], "camera_location": [3.9411685466766357, -6.047142028808594, 4.286668300628662], "camera_rotation_original": [1.584341049194336, -0.008459939621388912, 2.9743051528930664], "view_id": 4, "point_location": [6.463770389556885, -0.7257177233695984, 3.5019729137420654], "camera_distance": 5.941113135577058, "bounding_box_ranges": {"x": [-6.047142028808594, -4.671984046986657], "y": [3.8877206710746894, 5.475513530886646], "z": [2.927398984152195, 5.026527638736331]}, "obliqueness_angle": 1.2724512815475464, "resolution": 512, "point_uuid": "1214", "point_normal": [0.09867960214614868, -0.23225995898246765, 0.9676350951194763], "camera_rotation_final": [1.4383292198181152, 0.004448872059583664, 5.8399224281311035], "vanishing_points_image": {"x": [419.1855066356929, 300.6784248867337], "y": [412.54696775636893, 245.49279566390956], "z": [254.99926357064146, 33.03056530764372]}, "camera_uuid": "6d257e4888f9878e655953370ee5e983", "field_of_view_rads": 1.0944163920106387, "room": "77c77478b552f1977cad320741ba92a5"}