{"vanishing_points_gaussian_sphere": {"x": [-0.049347205498483926, 0.016921959952518825, 0.9986383232085858], "y": [0.9987500889572781, 0.008788968909529914, 0.0492037989726033], "z": [-0.007944376458819164, 0.9998181841199293, -0.017334520062808032]}, "nonfixated_points_in_view": [7, 521, 141, 535, 542, 1438, 1185, 420, 806, 1447, 1192, 170, 440, 1465, 193, 323, 1091, 967, 712, 201, 75, 334, 463, 208, 591, 210, 338, 1366, 1242, 222, 994, 228, 1382, 1258, 1133, 367, 623, 245, 1018, 383], "point_pitch": 0.006727890172276929, "camera_rotation_from_original_to_final": [0.002876270329579711, -0.005132449325174093, -0.1574522852897644], "camera_location": [-1.854644775390625, -5.243408679962158, 1.4990227222442627], "camera_rotation_original": [1.582518458366394, 0.006183302495628595, -1.3640222549438477], "view_id": 7, "point_location": [5.319850921630859, -4.889913558959961, 1.6235582828521729], "camera_distance": 7.184278431156682, "bounding_box_ranges": {"x": [-5.985336983694754, -4.47982721082345], "y": [-1.854644775390625, 1.4911987477150643], "z": [-0.015367706707954683, 2.78691759812098]}, "obliqueness_angle": 1.3485298156738281, "resolution": 512, "point_uuid": "1386", "point_normal": [-0.17226816713809967, -0.9850438833236694, 0.0035031477455049753], "camera_rotation_final": [1.5881322622299194, 0.007944460026919842, -1.5214275121688843], "vanishing_points_image": {"x": [234.585815393833, 248.65672755608145], "y": [478.4717518679463, 254.04225568334377], "z": [254.28875638549795, 40.63602623728395]}, "camera_uuid": "614fa69f38f6a61f05c875e475650ac3", "field_of_view_rads": 1.0647747712912168, "room": "8de55a2e5745f73de25402626a4c3d61"}