{"vanishing_points_gaussian_sphere": {"x": [-0.6719902358334296, -0.09405724237658349, 0.7345626985499907], "y": [0.7400601283915352, -0.12172934495820484, 0.6614325157876282], "z": [0.027205317672031302, 0.9880967572725654, 0.1514089460956811]}, "nonfixated_points_in_view": [520, 1033, 530, 1048, 537, 26, 34, 36, 1063, 1066, 1067, 48, 1078, 55, 1080, 572, 1089, 1094, 607, 97, 99, 100, 617, 1130, 117, 134, 136, 1160, 146, 658, 1176, 1178, 1188, 678, 682, 1194, 174, 688, 181, 695, 192, 707, 1221, 1236, 215, 728, 1243, 221, 223, 1253, 1269, 758, 774, 777, 784, 285, 805, 1319, 296, 1320, 301, 1327, 1329, 818, 1330, 327, 330, 847, 1368, 862, 863, 362, 375, 388, 398, 911, 1422, 1428, 917, 410, 1443, 933, 428, 944, 948, 965, 971, 973, 980, 472, 996, 486], "point_pitch": -0.15831808646651702, "camera_rotation_from_original_to_final": [-0.12664015591144562, -0.13101471960544586, 1.7138679027557373], "camera_location": [5.059991836547852, -7.579131126403809, 1.5203824043273926], "camera_rotation_original": [1.596900224685669, 0.009909546934068203, 0.6009308099746704], "view_id": 7, "point_location": [0.6749640107154846, -11.527600288391113, 0.6165345907211304], "camera_distance": 5.969574441941998, "bounding_box_ranges": {"x": [-12.053668454018315, -7.579131126403809], "y": [-3.551166869185529, 5.059991836547852], "z": [-0.024954648022100123, 2.4252860518250388]}, "obliqueness_angle": 0.8104732036590576, "resolution": 512, "point_uuid": "357", "point_normal": [0.36659133434295654, 0.7582162022590637, -0.5391837954521179], "camera_rotation_final": [1.4187461137771606, -0.02720867469906807, 2.308025360107422], "vanishing_points_image": {"x": [76.8116560177953, 281.0806642749651], "y": [442.55812179488004, 286.6861525050422], "z": [260.96592755588244, 75.63758063878734]}, "camera_uuid": "e2c81e729be96548bbabfecfc7939d49", "field_of_view_rads": 1.2980528899880663, "room": "856e4980d5eb3351797f528948f684e5"}