{"vanishing_points_gaussian_sphere": {"x": [-0.3838929742295325, 0.07780567040150722, 0.9200937245686309], "y": [0.9233733245909939, 0.02931669853412327, 0.38278222871606066], "z": [0.0028085175767189716, 0.9965374096542645, -0.08309815514552596]}, "nonfixated_points_in_view": [648, 268, 270, 284, 1057, 930, 419, 1187, 940, 434, 180, 308, 1083, 444, 1212, 1345, 835, 710, 72, 329, 713, 715, 1355, 1357, 974, 1481, 80, 1362, 723, 853, 348, 988, 998, 621, 880, 243, 246, 253, 509, 1406], "point_pitch": 0.07391770283249421, "camera_rotation_from_original_to_final": [-0.0041762711480259895, -0.08403036743402481, 1.8653279542922974], "camera_location": [-3.072143316268921, -10.485207557678223, 4.283509254455566], "camera_rotation_original": [1.5707898139953613, 0.009692680090665817, -1.4714287519454956], "view_id": 8, "point_location": [-4.90011739730835, -6.091305732727051, 4.680344104766846], "camera_distance": 4.775493776732436, "bounding_box_ranges": {"x": [-10.485207557678223, -5.9576540817069], "y": [-7.284150817126049, -2.678298436438369], "z": [2.7651367455266462, 5.212401908872216]}, "obliqueness_angle": 0.408841997385025, "resolution": 512, "point_uuid": "697", "point_normal": [-0.004650903865695, -0.9999547600746155, 0.008302934467792511], "camera_rotation_final": [1.6539907455444336, -0.002808521268889308, 0.3940102756023407], "vanishing_points_image": {"x": [80.26672465364854, 220.38318432991085], "y": [538.253101901145, 247.03858766721217], "z": [256.6664956455511, 19.50945791862664]}, "camera_uuid": "2c5b1635a824be2ef248c2dd24c5c6fe", "field_of_view_rads": 0.9556622791474476, "room": "ef914082afe6874a9bab2b30c864407b"}