{"vanishing_points_gaussian_sphere": {"x": [0.08788988273598031, 0.20852981357568248, 0.9740588716103082], "y": [0.9960510592726755, -0.006071800577593225, -0.08857437868552863], "z": [-0.012556107455621912, 0.9779971626174777, -0.20823999154275294]}, "nonfixated_points_in_view": [256, 1345, 329, 139, 1196, 621, 270, 1453, 880, 434, 723, 308, 53, 246, 1077, 1079, 697, 444, 1267, 348, 1406], "point_pitch": 0.19075687328842683, "camera_rotation_from_original_to_final": [-0.17320403456687927, 0.08171574026346207, -1.0987566709518433], "camera_location": [0.2899336814880371, -8.048778533935547, 4.322153091430664], "camera_rotation_original": [1.5907143354415894, -0.01110281702131033, 2.574305772781372], "view_id": 4, "point_location": [-1.936597228050232, -7.846312522888184, 4.798154354095459], "camera_distance": 2.2858280930441364, "bounding_box_ranges": {"x": [-9.02321755155613, -6.5568692720831105], "y": [-1.932552583412855, 0.2899336814880371], "z": [3.6842507989881748, 5.2191575679463735]}, "obliqueness_angle": 1.278520941734314, "resolution": 512, "point_uuid": "349", "point_normal": [0.08229373395442963, -0.0049868798814713955, -0.9965957403182983], "camera_rotation_final": [1.7805882692337036, 0.012556437402963638, 1.482785940170288], "vanishing_points_image": {"x": [297.26128135476097, 158.10241451056453], "y": [485.6983743999779, 257.4002120768512], "z": [253.26135954623248, 42.68686910489651]}, "camera_uuid": "62e6bdd9a68e459d349568347b61a59b", "field_of_view_rads": 0.9770777150815658, "room": "9be1cd563f04d329bc30a6918cfb1205"}