{"vanishing_points_gaussian_sphere": {"x": [0.07866040055613052, -0.15437865163610887, 0.984875511576649], "y": [0.9968821745249316, 0.018327757006325645, -0.07674648811223304], "z": [-0.006202539705084287, 0.9878417511130687, 0.1553389946506441]}, "nonfixated_points_in_view": [1152, 386, 1400, 7, 263, 391, 138, 521, 653, 781, 1037, 1039, 401, 1294, 1478, 148, 1172, 1300, 408, 1306, 542, 1438, 1313, 802, 420, 1188, 806, 1447, 424, 170, 1328, 435, 951, 440, 315, 829, 1342, 1344, 193, 578, 1091, 1218, 709, 1346, 1095, 712, 201, 714, 75, 204, 461, 589, 463, 590, 591, 210, 338, 843, 213, 981, 1366, 729, 1114, 1242, 1373, 352, 1121, 994, 228, 1254, 1382, 488, 1258, 1131, 1386, 623, 624, 1472, 888, 245, 118, 374, 632, 762, 383], "point_pitch": -0.16612391074630217, "camera_rotation_from_original_to_final": [-0.08357466757297516, 0.1458808034658432, -0.6445477604866028], "camera_location": [-6.116707801818848, -5.171044826507568, 1.5127230882644653], "camera_rotation_original": [1.5826430320739746, -0.00107341050170362, -1.010670781135559], "view_id": 0, "point_location": [3.435758352279663, -5.915421962738037, 0.0060639092698693275], "camera_distance": 9.699161297385643, "bounding_box_ranges": {"x": [-6.441890614430124, -1.5998695749611676], "y": [-6.116707801818848, 1.4903056377523178], "z": [-0.10253300370516683, 4.381529318137587]}, "obliqueness_angle": 1.411865472793579, "resolution": 512, "point_uuid": "1185", "point_normal": [-0.0029070836026221514, 0.0007963708485476673, 0.9999955296516418], "camera_rotation_final": [1.4148226976394653, 0.006202579475939274, -1.649539589881897], "vanishing_points_image": {"x": [290.5221119621394, 323.7529870006554], "y": [469.85571141168145, 252.06824596393648], "z": [254.50199420443778, 17.421492061917707]}, "camera_uuid": "676a1ae5fa5b4d774f8408cdbebb47fb", "field_of_view_rads": 1.0430947587974642, "room": "8de55a2e5745f73de25402626a4c3d61"}