{"vanishing_points_gaussian_sphere": {"x": [-0.222101662625351, -0.3894111368940353, 0.8938846782006893], "y": [0.9750233836798976, -0.08823167341731179, 0.2038248588454905], "z": [-0.000502729010546654, 0.9168283035928133, 0.3992813656992599]}, "nonfixated_points_in_view": [1062], "point_pitch": -0.385549588999476, "camera_rotation_from_original_to_final": [0.370529443025589, -0.21853314340114594, 2.256645441055298], "camera_location": [5.132575988769531, -10.393342971801758, 1.5002893209457397], "camera_rotation_original": [1.587233543395996, -0.019086314365267754, 2.634567975997925], "view_id": 2, "point_location": [6.35394287109375, -10.114845275878906, 0.954727828502655], "camera_distance": 1.366358415716219, "bounding_box_ranges": {"x": [-11.00643591189923, -8.776859985109283], "y": [5.132575988769531, 6.510203228624397], "z": [-0.027996361349582277, 1.8271490502871888]}, "obliqueness_angle": 0.3715514540672302, "resolution": 512, "point_uuid": "649", "point_normal": [-0.9954611659049988, -0.026962971314787865, 0.09126894176006317], "camera_rotation_final": [1.16006338596344, 0.0005027290317229927, 4.936358451843262], "vanishing_points_image": {"x": [185.40025775682358, 379.7826208339386], "y": [446.861381864848, 273.27140025003206], "z": [255.88957417293238, 54.61611011242967]}, "camera_uuid": "3d449594a2cb2c364ffe85b6c45b4104", "field_of_view_rads": 1.2586682178798911, "room": "856e4980d5eb3351797f528948f684e5"}