{"vanishing_points_gaussian_sphere": {"x": [-0.025442737442158192, 0.23178954712546865, 0.9724331714595197], "y": [0.9995987477238001, -0.006216141328072706, 0.027635179319124372], "z": [0.012450327725009286, 0.9727460950476027, -0.23153838539037166]}, "nonfixated_points_in_view": [3, 900, 1146, 136, 137, 1160, 12, 1422, 660, 1428, 278, 665, 285, 1439, 1443, 1188, 934, 296, 682, 1066, 174, 1070, 1328, 1330, 181, 1078, 695, 1080, 65, 1347, 1221, 1484, 973, 1360, 980, 1236, 86, 215, 89, 607, 1378, 99, 357, 486, 617, 362, 363, 1130, 241, 1395, 117, 1269, 1271, 378, 894], "point_pitch": 0.2303108731892447, "camera_rotation_from_original_to_final": [-0.03127223253250122, 0.21905305981636047, 1.3927017450332642], "camera_location": [2.5174548625946045, -7.046302795410156, 1.517836332321167], "camera_rotation_original": [1.5836472511291504, 0.0011349497362971306, 1.7721537351608276], "view_id": 5, "point_location": [2.624178171157837, -10.802122116088867, 2.412104845046997], "camera_distance": 3.862290159552604, "bounding_box_ranges": {"x": [-11.950394508682887, -7.046302795410156], "y": [-0.42564350764546566, 5.686590877874584], "z": [-0.029936488382669046, 2.422317284176603]}, "obliqueness_angle": 1.3393086194992065, "resolution": 512, "point_uuid": "847", "point_normal": [-0.0012918972643092275, -0.0022084552329033613, -0.9999967217445374], "camera_rotation_final": [1.8044735193252563, -0.01245064940303564, 3.1670401096343994], "vanishing_points_image": {"x": [246.35578000050435, 168.138802236059], "y": [453.4021162497916, 257.2275720191362], "z": [258.1731503307912, 86.21141732821584]}, "camera_uuid": "3d5b30db610d18db270d0baeb235eacb", "field_of_view_rads": 1.1629016097368283, "room": "856e4980d5eb3351797f528948f684e5"}