{"vanishing_points_gaussian_sphere": {"x": [0.19047240248902508, 0.26648139173039526, 0.9448322241284378], "y": [0.9815962966572609, -0.03822148126152783, -0.18710379140713754], "z": [-0.013746791582394825, 0.9630819208310404, -0.2688572846132012]}, "nonfixated_points_in_view": [1280, 642, 1020, 1277, 794, 155, 27, 412, 1312, 164, 932, 1190, 679, 1321, 1068, 1197, 46, 175, 1072, 561, 690, 691, 819, 309, 947, 1199, 1082, 1083, 455, 73, 457, 1481, 76, 1356, 592, 344, 988, 1246, 993, 1122, 1124, 1380, 872, 1006, 239, 1265, 498, 882, 1393, 120, 377, 636, 893, 511], "point_pitch": 0.264106229939733, "camera_rotation_from_original_to_final": [-0.25880375504493713, 0.020974600687623024, -1.5985877513885498], "camera_location": [3.9411685466766357, -6.047142028808594, 4.286668300628662], "camera_rotation_original": [1.584341049194336, -0.008459939621388912, 2.9743051528930664], "view_id": 3, "point_location": [1.666736125946045, -5.596738815307617, 4.933870315551758], "camera_distance": 2.4072341547414897, "bounding_box_ranges": {"x": [-7.093231008771786, -4.84947301907231], "y": [1.4709600061158037, 3.9411685466766357], "z": [3.422840119491477, 5.211937961383446]}, "obliqueness_angle": 0.37189391255378723, "resolution": 512, "point_uuid": "1486", "point_normal": [0.9992069602012634, 0.011890956200659275, 0.03800239786505699], "camera_rotation_final": [1.8430291414260864, 0.01374722458422184, 1.3791346549987793], "vanishing_points_image": {"x": [325.0063703763822, 159.45628355676868], "y": [427.57032050083205, 262.6806199375328], "z": [253.68381729572639, 93.73132265391735]}, "camera_uuid": "6d257e4888f9878e655953370ee5e983", "field_of_view_rads": 1.1801589214902353, "room": "77c77478b552f1977cad320741ba92a5"}