{"vanishing_points_gaussian_sphere": {"x": [0.43228486918002856, 0.03159432344410978, 0.9011834389313391], "y": [0.901707018702048, -0.006982901599603911, -0.43229121146365573], "z": [-0.007365073079778591, 0.9994763818176793, -0.03150742590517823]}, "nonfixated_points_in_view": [1028, 521, 1037, 20, 1053, 32, 38, 40, 45, 557, 47, 578, 1095, 589, 590, 594, 1114, 1121, 1126, 615, 1131, 109, 626, 118, 1150, 128, 647, 653, 148, 1172, 675, 681, 173, 179, 184, 1218, 709, 204, 213, 729, 1244, 739, 762, 261, 263, 781, 1294, 1295, 1300, 1307, 1309, 1310, 1313, 293, 813, 302, 1342, 831, 1344, 325, 843, 340, 1373, 352, 356, 1390, 370, 888, 1400, 381, 1415, 907, 402, 919, 1431, 1436, 931, 424, 1452, 435, 437, 1461, 951, 957, 450, 966, 461, 981, 1496, 475, 483, 489, 490, 502, 507, 1022], "point_pitch": 0.024511651196752027, "camera_rotation_from_original_to_final": [0.02269313856959343, -0.009350640699267387, -1.1666662693023682], "camera_location": [-6.425679683685303, -2.262380838394165, 1.4977667331695557], "camera_rotation_original": [1.5803217887878418, -0.003540406469255686, -0.8513162136077881], "view_id": 5, "point_location": [-1.0144150257110596, -4.858125686645508, 1.6869562864303589], "camera_distance": 6.004620390459193, "bounding_box_ranges": {"x": [-6.441887929647892, -1.297030087982066], "y": [-6.425679683685303, 1.4907570341884924], "z": [-0.0892655123742934, 5.46399391878788]}, "obliqueness_angle": 0.3218684494495392, "resolution": 512, "point_uuid": "440", "point_normal": [-0.9680774807929993, 0.18839111924171448, 0.16533243656158447], "camera_rotation_final": [1.6023098230361938, 0.007365139666944742, -2.017834424972534], "vanishing_points_image": {"x": [414.56003210205614, 244.4113525670164], "y": [405.4165713130806, 257.15709559001914], "z": [254.53880716791483, 57.70899743545612]}, "camera_uuid": "928222235a04d0c536e00fac4a58b265", "field_of_view_rads": 1.131760634487249, "room": "8de55a2e5745f73de25402626a4c3d61"}