{"vanishing_points_gaussian_sphere": {"x": [-0.26166606184677066, 0.3077220312663065, 0.914788513018687], "y": [0.9651581679113134, 0.08267729934168332, 0.2482623110495082], "z": [0.0007635389178429437, 0.9478774264887333, -0.3186342752458012]}, "nonfixated_points_in_view": [1248, 322, 1474, 1317, 743, 458, 1100, 1069, 272, 689, 854, 1143, 699, 1183], "point_pitch": 0.32609458366898103, "camera_rotation_from_original_to_final": [-0.3092784881591797, -0.10131164640188217, -1.6206600666046143], "camera_location": [-3.8966617584228516, -5.1063923835754395, 1.5070674419403076], "camera_rotation_original": [1.5701526403427124, 0.0018522855825722218, -2.8113532066345215], "view_id": 4, "point_location": [-7.091698169708252, -5.973485469818115, 2.619945764541626], "camera_distance": 3.4926503277990673, "bounding_box_ranges": {"x": [-6.105999894931514, -4.170439240639894], "y": [-7.244396296780179, -3.8966617584228516], "z": [1.0947360058143718, 4.834004674079416]}, "obliqueness_angle": 1.3034379482269287, "resolution": 512, "point_uuid": "106", "point_normal": [0.019390666857361794, 0.9997966885566711, 0.005540851037949324], "camera_rotation_final": [1.8950847387313843, -0.0007635389920324087, -4.447640895843506], "vanishing_points_image": {"x": [126.3884990523573, 103.57551642123416], "y": [552.1692327263088, 230.62957562396164], "z": [256.17701474770377, 36.24920592385863]}, "camera_uuid": "62e24ad43a6e699e9b1ae0325438e489", "field_of_view_rads": 0.8889255431409607, "room": "8de55a2e5745f73de25402626a4c3d61"}