{"vanishing_points_gaussian_sphere": {"x": [0.4542314197355623, -0.1893522522661308, 0.870528311938652], "y": [0.890626856342806, 0.07305292712700998, -0.4488285559087197], "z": [0.021392056608617743, 0.9791879259876111, 0.20182513598195434]}, "nonfixated_points_in_view": [512, 1, 1024, 902, 9, 1425, 918, 439, 59, 1470, 449, 82, 478, 353, 482, 609, 101, 873, 1385, 491, 369, 499, 886, 1016], "point_pitch": -0.21196119388076262, "camera_rotation_from_original_to_final": [0.2014845609664917, -0.003462142776697874, -0.46500885486602783], "camera_location": [9.521198272705078, -7.487616062164307, 1.5325249433517456], "camera_rotation_original": [-1.572507381439209, -3.1185641288757324, -0.011458786204457283], "view_id": 2, "point_location": [7.86279296875, -10.704184532165527, 0.786788821220398], "camera_distance": 3.6949618296142197, "bounding_box_ranges": {"x": [-11.651740102143824, -7.487616062164307], "y": [6.464999743857707, 9.647774972929012], "z": [-0.028309688219906204, 2.431236293534441]}, "obliqueness_angle": 1.3364742994308472, "resolution": 512, "point_uuid": "355", "point_normal": [-0.008578184992074966, 0.03948577120900154, 0.9991833567619324], "camera_rotation_final": [-1.774064540863037, -3.120198965072632, -0.47162601351737976], "vanishing_points_image": {"x": [448.33403010043946, 336.176932296189], "y": [429.93689586288406, 241.73297078605188], "z": [261.6895107970373, -4.4284561864333805]}, "camera_uuid": "0cc55cb7b667b337a397194e0a67a643", "field_of_view_rads": 0.9829522328520357, "room": "8868fae7afbf71557a2e4faceeb9d9d6"}