{"vanishing_points_gaussian_sphere": {"x": [-0.02220106524833781, -0.09114099666079199, 0.9955904938424817], "y": [0.9997533603970554, -0.0014507878367711648, 0.022161082767955916], "z": [-0.0005753925916821346, 0.9958369414428901, 0.09115072671698922]}, "nonfixated_points_in_view": [636, 257, 258, 640, 1027, 1417, 779, 140, 526, 399, 527, 914, 1042, 1426, 277, 279, 152, 1051, 164, 421, 1446, 168, 297, 683, 939, 1068, 46, 1324, 1072, 1200, 563, 692, 54, 823, 1208, 953, 186, 442, 443, 826, 318, 191, 704, 1209, 1219, 1220, 1353, 76, 1229, 1102, 335, 464, 1105, 1234, 600, 1241, 736, 1251, 1379, 1380, 231, 1255, 1259, 493, 239, 368, 1137, 1138, 371, 756, 884, 1139, 1265, 121, 634, 635, 252, 893, 766], "point_pitch": -0.0901931961390634, "camera_rotation_from_original_to_final": [-0.021080203354358673, 0.08978312462568283, 2.917933464050293], "camera_location": [0.1851605325937271, -0.11082234233617783, 1.8844544887542725], "camera_rotation_original": [1.5717267990112305, -0.0008006416610442102, -1.3258916139602661], "view_id": 7, "point_location": [-7.200702667236328, -0.2752261757850647, 1.2082456350326538], "camera_distance": 7.418575525075027, "bounding_box_ranges": {"x": [-4.053878875758025, 1.557560266418834], "y": [-7.43103574498832, 0.1851605325937271], "z": [-0.032246911906102405, 4.781153859447884]}, "obliqueness_angle": 0.6690365672111511, "resolution": 512, "point_uuid": "452", "point_normal": [0.8376237154006958, 0.012098068371415138, -0.5461137890815735], "camera_rotation_final": [1.4795188903808594, 0.0005753926234319806, 1.5929992198944092], "vanishing_points_image": {"x": [244.8632362801194, 301.71923615609666], "y": [510.68182973218336, 256.3695804539985], "z": [255.8481241799669, -6.85279700719846]}, "camera_uuid": "a5d931f6e602ca2a792cef637b435332", "field_of_view_rads": 0.9402034450271712, "room": "8de55a2e5745f73de25402626a4c3d61"}