{"vanishing_points_gaussian_sphere": {"x": [0.41859198528192787, -0.1402230235437311, 0.8972838199399278], "y": [0.9081742485348068, 0.06521092627979642, -0.4134816433555062], "z": [-0.0005330628230169638, 0.9879701608662, 0.15464371012763994]}, "nonfixated_points_in_view": [1409, 899, 264, 782, 23, 1434, 1051, 297, 809, 685, 176, 562, 1210, 443, 575, 1087, 1224, 458, 1358, 464, 337, 1361, 1367, 861, 1376, 227, 1256, 1004, 493, 1007, 628, 885, 1273], "point_pitch": -0.16283754905196623, "camera_rotation_from_original_to_final": [-0.1309138387441635, -0.09122598171234131, -1.0811363458633423], "camera_location": [-5.388822078704834, -10.731203079223633, 1.4981894493103027], "camera_rotation_original": [1.5747919082641602, -0.006452437024563551, 0.6547536253929138], "view_id": 3, "point_location": [-3.4275829792022705, -6.475177764892578, 0.7646779417991638], "camera_distance": 4.743232065254863, "bounding_box_ranges": {"x": [-10.731203079223633, -5.9548596716050035], "y": [-5.500123311667246, -2.9095691196641886], "z": [-0.043521790273076344, 2.4295040598058666]}, "obliqueness_angle": 0.8043891787528992, "resolution": 512, "point_uuid": "577", "point_normal": [0.35271498560905457, -0.9357297420501709, -0.0014393010642379522], "camera_rotation_final": [1.415529489517212, 0.0005330628482624888, -0.431894451379776], "vanishing_points_image": {"x": [454.7937527909795, 322.5933941835548], "y": [453.0610324579408, 241.85014662002624], "z": [255.84872270994543, -24.374924187661176]}, "camera_uuid": "71b3547b15480cf3650f1acaad8a6075", "field_of_view_rads": 0.909355379165895, "room": "ade82d56fe033105b37cc8ef1783cd93"}