{"vanishing_points_gaussian_sphere": {"x": [0.7044575553521983, -0.08719627872059525, 0.7043694781039883], "y": [0.7097455514411568, 0.08780097794073079, -0.6989651210769673], "z": [-0.0008971714957305218, 0.9923143641255687, 0.12373923320182516]}, "nonfixated_points_in_view": [2, 131, 514, 1411, 266, 400, 656, 403, 1430, 1303, 1177, 413, 1056, 1440, 803, 676, 1060, 41, 169, 812, 1454, 559, 432, 177, 1201, 1207, 189, 1352, 1225, 717, 1101, 850, 1494, 601, 480, 1125, 102, 1127, 745, 1260, 1261, 110, 111, 366, 622, 1134, 883, 379, 125], "point_pitch": -0.1260062893244882, "camera_rotation_from_original_to_final": [0.08118108659982681, 0.0948801040649414, -1.6663304567337036], "camera_location": [-2.9783132076263428, -7.1683149337768555, 4.279703140258789], "camera_rotation_original": [1.5714958906173706, -0.0020283132325857878, -2.2531356811523438], "view_id": 3, "point_location": [-6.646313190460205, -10.864677429199219, 3.6303486824035645], "camera_distance": 5.2477595510079205, "bounding_box_ranges": {"x": [-11.994037637591225, -7.1683149337768555], "y": [-7.284179448828638, -2.9783132076263428], "z": [2.765286745801249, 5.212402087690673]}, "obliqueness_angle": 1.1258141994476318, "resolution": 512, "point_uuid": "1283", "point_normal": [0.9391855597496033, -0.334517240524292, 0.07764466851949692], "camera_rotation_final": [1.4467390775680542, 0.000897171616088599, -3.9232516288757324], "vanishing_points_image": {"x": [513.2605997207861, 287.84317747272377], "y": [380.4242477444794, 240.60776455826678], "z": [255.7737534911777, 5.7605958213922035]}, "camera_uuid": "e17726a518b6f85be09164e3bce92661", "field_of_view_rads": 0.9918973839062222, "room": "ef914082afe6874a9bab2b30c864407b"}