{"vanishing_points_gaussian_sphere": {"x": [0.057319449999229846, -0.23629407967312888, 0.9699894785837705], "y": [0.9982029471785584, 0.030570392903245258, -0.0515395704462267], "z": [-0.017474464106980336, 0.971200576085687, 0.23762172483803662]}, "nonfixated_points_in_view": [899, 773, 1159, 521, 522, 272, 528, 402, 786, 408, 793, 925, 1186, 292, 37, 1317, 299, 941, 430, 814, 1198, 689, 436, 828, 190, 63, 1087, 322, 1474, 966, 967, 1478, 1100, 1234, 852, 981, 1371, 1374, 224, 352, 1248, 611, 1252, 1254, 106, 1143, 127, 639], "point_pitch": -0.2458628853175302, "camera_rotation_from_original_to_final": [0.21827316284179688, -0.13989987969398499, -1.1233574151992798], "camera_location": [1.9597357511520386, -5.512042045593262, 1.5149836540222168], "camera_rotation_original": [1.5890778303146362, 0.002467385260388255, 2.6240296363830566], "view_id": 4, "point_location": [-4.241859436035156, -5.182525634765625, -0.004243546165525913], "camera_distance": 6.393466793287609, "bounding_box_ranges": {"x": [-6.142383335096538, -4.345239619381353], "y": [-3.551205247183609, 1.9597357511520386], "z": [-0.07042639441799503, 2.4095392415552093]}, "obliqueness_angle": 1.3271621465682983, "resolution": 512, "point_uuid": "997", "point_normal": [0.003444216912612319, -0.0053004310466349125, 0.9999800324440002], "camera_rotation_final": [1.3308422565460205, 0.017475353553891182, 1.5134366750717163], "vanishing_points_image": {"x": [289.5696048020039, 394.38756079806643], "y": [549.5112991093323, 247.01109071990228], "z": [250.01876851995965, -76.426529566453]}, "camera_uuid": "5090c6fc5c0dcfff7ec7ff2b1a5d94fb", "field_of_view_rads": 0.8026894144205259, "room": "856e4980d5eb3351797f528948f684e5"}