{"vanishing_points_gaussian_sphere": {"x": [0.6565073914098889, -0.0223320976100552, 0.7539889405293144], "y": [0.7543184242260288, 0.021194191937508194, -0.6561665345788955], "z": [-0.0013266112256691792, 0.9995259294507827, 0.030759656340812704]}, "nonfixated_points_in_view": [97, 34, 572, 330], "point_pitch": -0.024512453875269458, "camera_rotation_from_original_to_final": [-0.03179791197180748, 0.01802750863134861, 2.815197706222534], "camera_location": [-1.2640292644500732, -10.590165138244629, 1.4937529563903809], "camera_rotation_original": [1.576294183731079, -0.003259384771808982, -0.3901067078113556], "view_id": 11, "point_location": [-1.879235029220581, -11.297086715698242, 1.4649133682250977], "camera_distance": 0.9375755908226812, "bounding_box_ranges": {"x": [-12.057308244478882, -10.590165138244629], "y": [-3.41975272510982, -1.2640292644500732], "z": [0.8891110635659457, 2.2685372478140073]}, "obliqueness_angle": 0.6469654440879822, "resolution": 512, "point_uuid": "965", "point_normal": [0.5985888242721558, 0.512205958366394, 0.6159029603004456], "camera_rotation_final": [1.5400317907333374, 0.0013266116147860885, 2.425412654876709], "vanishing_points_image": {"x": [496.8963284886695, 264.19445506951513], "y": [385.8410063336339, 252.35183879749744], "z": [255.69199525905853, 23.935986815226716]}, "camera_uuid": "bf987798a26d9c5da496954cb31ac414", "field_of_view_rads": 1.0208578342368517, "room": "856e4980d5eb3351797f528948f684e5"}