{"vanishing_points_gaussian_sphere": {"x": [-0.08483069202818609, 0.24764063044610485, 0.9651310127864895], "y": [0.9963931590776863, 0.02312869703046334, 0.08164395823857087], "z": [-0.002103861499127809, 0.9685758522314754, -0.2487094534609887]}, "nonfixated_points_in_view": [388, 134, 1146, 520, 398, 911, 784, 1040, 1176, 410, 34, 36, 1067, 301, 48, 688, 944, 695, 1338, 572, 319, 192, 1089, 579, 965, 971, 728, 984, 1243, 93, 223, 863, 97, 237, 1269, 758, 378, 890], "point_pitch": 0.2666972438481192, "camera_rotation_from_original_to_final": [0.23390290141105652, 0.0326545275747776, 3.1103739738464355], "camera_location": [-2.1478989124298096, -7.17814826965332, 1.5089408159255981], "camera_rotation_original": [1.586061954498291, -0.002639547921717167, 0.12005194276571274], "view_id": 1, "point_location": [-1.8554298877716064, -10.635507583618164, 2.399885416030884], "camera_distance": 3.58226943186169, "bounding_box_ranges": {"x": [-12.060934510997807, -7.17814826965332], "y": [-3.4212803226438933, 1.5424543941277808], "z": [-0.016003250920212153, 2.4193407429847547]}, "obliqueness_angle": 1.319608211517334, "resolution": 512, "point_uuid": "658", "point_normal": [-0.013469696044921875, -0.0012760588433593512, -0.9999085664749146], "camera_rotation_final": [1.8221445083618164, 0.00210386305116117, -3.056659698486328], "vanishing_points_image": {"x": [227.62725911625944, 173.17333347228939], "y": [435.77743392048524, 251.82693060045702], "z": [255.67616972052872, 106.9150012739553]}, "camera_uuid": "3dfb7fb5350fdc03281337b3a75a5e86", "field_of_view_rads": 1.2736443447991577, "room": "856e4980d5eb3351797f528948f684e5"}