{"vanishing_points_gaussian_sphere": {"x": [-0.5950467616518701, -0.2130341152554377, 0.77494246056398], "y": [0.8036138591204242, -0.14434752571166432, 0.577380773190881], "z": [-0.011140775430900389, 0.9663230606573836, 0.2570906952119134]}, "nonfixated_points_in_view": [3, 771, 775, 1287, 137, 1291, 12, 1424, 529, 530, 275, 665, 285, 544, 165, 934, 1066, 43, 1070, 1328, 821, 566, 1078, 1080, 1333, 65, 195, 1221, 1484, 973, 975, 848, 89, 1113, 1370, 1117, 607, 1378, 1253, 362, 363, 1130, 241, 375, 1271, 1404, 894], "point_pitch": -0.2468321760508676, "camera_rotation_from_original_to_final": [-0.23715297877788544, -0.13919298350811005, -3.10516095161438], "camera_location": [0.4931855797767639, -7.2360944747924805, 1.5182243585586548], "camera_rotation_original": [1.5842092037200928, -0.010877704247832298, 0.6175836324691772], "view_id": 1, "point_location": [1.4649925231933594, -8.540423393249512, 1.0855070352554321], "camera_distance": 1.683130094227977, "bounding_box_ranges": {"x": [-11.703610410817825, -7.2360944747924805], "y": [0.4931855797767639, 6.51016671561611], "z": [-0.02494498912339549, 2.4251267623088584]}, "obliqueness_angle": 0.7069843411445618, "resolution": 512, "point_uuid": "751", "point_normal": [-0.8413558006286621, 0.45238828659057617, -0.2957453429698944], "camera_rotation_final": [1.3107693195343018, 0.011141005903482437, -2.504222869873047], "vanishing_points_image": {"x": [-8.33698552100748, 350.6359168201017], "y": [563.4128862803335, 311.21842238387495], "z": [252.52140429768357, -45.724710878619575]}, "camera_uuid": "c61bffa72844e019185a72c8df1f3454", "field_of_view_rads": 0.8793934735205857, "room": "856e4980d5eb3351797f528948f684e5"}