{"vanishing_points_gaussian_sphere": {"x": [-0.007253744056428414, -0.26038615751860744, 0.9654773079518021], "y": [0.9999569675963343, 0.0036951121714759276, 0.008509353770049539], "z": [-0.005783264883046191, 0.9654974858168898, 0.26034814907841647]}, "nonfixated_points_in_view": [640, 1145, 258, 1159, 394, 779, 140, 1420, 1038, 399, 527, 528, 1042, 152, 281, 793, 1180, 925, 286, 414, 1186, 164, 1317, 1446, 168, 297, 939, 1068, 1324, 46, 430, 814, 689, 1072, 1200, 692, 54, 823, 953, 186, 442, 826, 1469, 318, 190, 63, 1215, 452, 1353, 76, 1229, 335, 1234, 1363, 1241, 1371, 1374, 227, 611, 1251, 1379, 871, 106, 1259, 493, 494, 1006, 368, 1137, 1265, 756, 121, 634, 636, 893, 766], "point_pitch": -0.28271441062423186, "camera_rotation_from_original_to_final": [0.1501820981502533, -0.2407192885875702, -0.5988793969154358], "camera_location": [0.27477186918258667, -2.2696449756622314, 2.261363983154297], "camera_rotation_original": [1.5901278257369995, -0.005768735893070698, 2.1587343215942383], "view_id": 2, "point_location": [-7.424553871154785, -2.337503433227539, 0.18518337607383728], "camera_distance": 7.974631316632233, "bounding_box_ranges": {"x": [-6.088523221782383, 1.429489064906778], "y": [-7.431122605037159, 0.27477186918258667], "z": [-0.04031871636139828, 4.30408568842353]}, "obliqueness_angle": 1.083940029144287, "resolution": 512, "point_uuid": "279", "point_normal": [0.22160649299621582, 0.061384040862321854, 0.9732022881507874], "camera_rotation_final": [1.3074090480804443, 0.005783297121524811, 1.5780502557754517], "vanishing_points_image": {"x": [252.90611930980361, 367.0603983920979], "y": [477.55644876394484, 255.18128883839418], "z": [254.53312841406427, 11.110502998227581]}, "camera_uuid": "72c78639c6d82fd06b6c6cb47f559896", "field_of_view_rads": 1.0514286631016112, "room": "8de55a2e5745f73de25402626a4c3d61"}