{"vanishing_points_gaussian_sphere": {"x": [-0.5560206647318365, 0.20185035103541152, 0.8062862123204437], "y": [0.8311683671188328, 0.135505692189588, 0.5392562961016161], "z": [-0.0004072986372357922, 0.9699972387440604, -0.2431155917186686]}, "nonfixated_points_in_view": [396, 270, 1173, 22, 923, 284, 924, 670, 1057, 291, 548, 38, 554, 427, 1453, 431, 434, 819, 697, 58, 188, 1212, 1341, 835, 454, 329, 713, 974, 80, 592, 83, 726, 1111, 1112, 217, 348, 349, 889, 1119, 1372, 738, 108, 878, 880, 1393, 370, 761, 1014, 1015, 253, 509, 1406], "point_pitch": 0.24204738537338777, "camera_rotation_from_original_to_final": [0.20904132723808289, -0.12324879318475723, -0.44965609908103943], "camera_location": [-6.867229461669922, -9.096433639526367, 4.286715030670166], "camera_rotation_original": [1.574166178703308, -0.001123880734667182, -0.544407844543457], "view_id": 0, "point_location": [-3.8323404788970947, -7.066653728485107, 5.201809883117676], "camera_distance": 3.7640345922744296, "bounding_box_ranges": {"x": [-9.222457479254661, -5.957655051937622], "y": [-6.867229461669922, -1.7643107905561664], "z": [2.7651376614366443, 5.211803065195338]}, "obliqueness_angle": 1.333016037940979, "resolution": 512, "point_uuid": "1355", "point_normal": [0.013037798926234245, -0.0055020893923938274, -0.9998999238014221], "camera_rotation_final": [1.8163728713989258, 0.00040729864849708974, -0.9812058210372925], "vanishing_points_image": {"x": [82.38834737679444, 192.9743334220624], "y": [468.0816687364275, 221.42424560444832], "z": [255.93232169838626, 94.82154349023375]}, "camera_uuid": "7f2779005da07c7c8e1ad24c5414740e", "field_of_view_rads": 1.2036699894809533, "room": "ef914082afe6874a9bab2b30c864407b"}