{"vanishing_points_gaussian_sphere": {"x": [-0.15162332660650463, 0.11594346845270816, 0.9816147304069622], "y": [0.9884383117647292, 0.018052442586390605, 0.15054505356323442], "z": [-0.00026582789410685003, 0.9930917487522596, -0.11734013761586345]}, "nonfixated_points_in_view": [1024, 902, 9, 265, 1168, 1425, 918, 666, 541, 1181, 1311, 801, 806, 59, 1470, 193, 451, 1350, 1110, 983, 733, 478, 353, 482, 355, 101, 873, 491, 369, 1398, 1279], "point_pitch": 0.11078448692825837, "camera_rotation_from_original_to_final": [-0.07261250913143158, -0.08562751859426498, -0.6750063300132751], "camera_location": [7.02915096282959, -4.004668712615967, 1.4965605735778809], "camera_rotation_original": [1.5762782096862793, -0.00407657353207469, -2.3110499382019043], "view_id": 1, "point_location": [8.181500434875488, -11.518478393554688, 2.394742965698242], "camera_distance": 7.654539656822243, "bounding_box_ranges": {"x": [-6.10692110344156, -4.004668712615967], "y": [6.485871045200346, 7.6043580704733875], "z": [0.8484295085152946, 2.422791575640792]}, "obliqueness_angle": 0.9740194082260132, "resolution": 512, "point_uuid": "82", "point_normal": [0.020798616111278534, 0.4702267348766327, -0.8823005557060242], "camera_rotation_final": [1.6884074211120605, 0.0002658278972376138, -2.989382266998291], "vanishing_points_image": {"x": [170.55805154229157, 190.6641702351408], "y": [562.7065464360527, 250.39843412127385], "z": [255.92795113359452, -13.163380971058722]}, "camera_uuid": "c1644f81920efcf3b70623e2c3537e98", "field_of_view_rads": 0.8391956486855445, "room": "8efc299ca974ee46c0bc622cd51b4dc7"}