{"vanishing_points_gaussian_sphere": {"x": [0.35968879901202266, 0.16561696382079422, 0.9182564942106702], "y": [0.9326779981786333, -0.09242461495723371, -0.3486680975706044], "z": [0.027124151208584555, 0.981849638103915, -0.18771139703391745]}, "nonfixated_points_in_view": [136, 1160, 12, 1428, 917, 537, 1178, 1443, 682, 174, 1070, 1327, 1330, 181, 1078, 1080, 1221, 973, 847, 848, 607, 362, 363, 1130, 241, 1395, 1269, 894], "point_pitch": 0.1955123702671866, "camera_rotation_from_original_to_final": [0.1554129421710968, 0.0612126961350441, 2.178758144378662], "camera_location": [5.059991836547852, -7.579131126403809, 1.5203824043273926], "camera_rotation_original": [1.596900224685669, 0.009909546934068203, 0.6009308099746704], "view_id": 7, "point_location": [3.563352346420288, -11.520695686340332, 2.326122760772705], "camera_distance": 4.292444386274716, "bounding_box_ranges": {"x": [-11.703386282692016, -7.579131126403809], "y": [0.9321628393773942, 5.4067609800558385], "z": [0.2756053910143871, 2.4222932252591747]}, "obliqueness_angle": 0.37408754229545593, "resolution": 512, "point_uuid": "285", "point_normal": [0.002530637662857771, 0.9970424175262451, -0.07681218534708023], "camera_rotation_final": [1.7596982717514038, -0.027127478271722794, 2.7735164165496826], "vanishing_points_image": {"x": [437.2070541795059, 172.56409035101254], "y": [472.41261174145046, 277.445613975191], "z": [262.756761828001, 11.41634078940285]}, "camera_uuid": "e2c81e729be96548bbabfecfc7939d49", "field_of_view_rads": 0.8783134301439071, "room": "856e4980d5eb3351797f528948f684e5"}