{"vanishing_points_gaussian_sphere": {"x": [0.18454348844308496, -0.14774147278451774, 0.9716563991930062], "y": [0.9827795784967459, 0.0371762986863613, -0.18100337816113038], "z": [-0.009380882848415095, 0.9883270612684063, 0.15205794619663998]}, "nonfixated_points_in_view": [1038, 527, 1042, 23, 1051, 1068, 46, 1072, 54, 76, 1106, 600, 1120, 1137, 1138, 1145, 121, 634, 636, 640, 133, 1159, 140, 152, 1180, 164, 168, 683, 1200, 692, 1208, 186, 190, 1215, 199, 1229, 1234, 1238, 1241, 227, 1251, 231, 1259, 239, 1265, 756, 766, 1280, 257, 258, 779, 279, 281, 793, 286, 1317, 297, 1324, 826, 318, 1353, 335, 337, 1361, 1363, 1371, 1374, 1379, 1380, 871, 368, 884, 893, 394, 399, 1426, 925, 414, 421, 1446, 939, 953, 442, 452, 978, 493, 494, 1006], "point_pitch": -0.17051724990340666, "camera_rotation_from_original_to_final": [0.08343354612588882, -0.15133057534694672, -0.7795709371566772], "camera_location": [0.27477186918258667, -2.2696449756622314, 2.261363983154297], "camera_rotation_original": [1.5901278257369995, -0.005768735893070698, 2.1587343215942383], "view_id": 6, "point_location": [-7.209375858306885, -0.8754712343215942, 1.0901416540145874], "camera_distance": 7.702463806436272, "bounding_box_ranges": {"x": [-4.976857248335602, 1.5464129681047045], "y": [-7.431128382207269, 0.27477186918258667], "z": [-0.03627485356459603, 5.000078175552541]}, "obliqueness_angle": 0.21392060816287994, "resolution": 512, "point_uuid": "823", "point_normal": [0.9995704889297485, -0.028907878324389458, 0.004832136444747448], "camera_rotation_final": [1.4181394577026367, 0.009381020441651344, 1.3851807117462158], "vanishing_points_image": {"x": [335.3648101332036, 319.53772780208055], "y": [455.28164106637325, 248.46163232011412], "z": [253.75496627620058, 19.473479144232503]}, "camera_uuid": "72c78639c6d82fd06b6c6cb47f559896", "field_of_view_rads": 1.0494585093670383, "room": "8de55a2e5745f73de25402626a4c3d61"}