{"vanishing_points_gaussian_sphere": {"x": [-0.6977095394294479, 0.11447037635590061, 0.7071760258422837], "y": [0.7163557257566922, 0.11973620296443842, 0.6873846927850966], "z": [-0.0059893876774414654, 0.9861844526439246, -0.16554260055542214]}, "nonfixated_points_in_view": [7, 1402, 1170, 1052, 542, 1438, 806, 551, 1064, 1447, 170, 946, 51, 703, 712, 75, 972, 79, 208, 463, 210, 338, 591, 1366, 599, 1242, 860, 222, 228, 1382, 104, 1002, 1386, 367, 623, 372, 245, 1140, 1018, 383], "point_pitch": 0.17773743073013826, "camera_rotation_from_original_to_final": [-0.03574598953127861, 0.14934861660003662, -2.5739598274230957], "camera_location": [2.5174548625946045, -7.046302795410156, 1.517836332321167], "camera_rotation_original": [1.5836472511291504, 0.0011349497362971306, 1.7721537351608276], "view_id": 2, "point_location": [4.9170403480529785, -4.713872909545898, 2.0795540809631348], "camera_distance": 3.3931940954722934, "bounding_box_ranges": {"x": [-7.046302795410156, -3.1653158351122297], "y": [2.5174548625946045, 6.505383679534244], "z": [-0.01610323102817246, 2.4277341608149983]}, "obliqueness_angle": 0.8159447908401489, "resolution": 512, "point_uuid": "747", "point_normal": [-0.004899463150650263, 0.9999577403068542, 0.007790585979819298], "camera_rotation_final": [1.737107515335083, 0.0059894234873354435, -0.7985836267471313], "vanishing_points_image": {"x": [8.96446792522878, 215.4698814738813], "y": [505.8132285386344, 214.2446452788416], "z": [254.73398207905703, 47.54343354580207]}, "camera_uuid": "3d5b30db610d18db270d0baeb235eacb", "field_of_view_rads": 1.0198536291530655, "room": "856e4980d5eb3351797f528948f684e5"}