{"vanishing_points_gaussian_sphere": {"x": [-0.003198088630711781, -0.042754400679825146, 0.9990804939801493], "y": [0.9999821246111179, -0.005184135949467504, 0.002979126162511933], "z": [0.005051998351626459, 0.9990721625373047, 0.04277021575452664]}, "nonfixated_points_in_view": [256, 139, 270, 419, 1196, 434, 308, 53, 1077, 1079, 697, 444, 1345, 835, 329, 1355, 1230, 1488, 723, 348, 349, 1381, 621, 880, 1267, 629, 246, 1406], "point_pitch": -0.04015748103591399, "camera_rotation_from_original_to_final": [-0.00479472242295742, 0.0456903837621212, -3.0147595405578613], "camera_location": [-0.41287627816200256, -7.842004776000977, 4.30043888092041], "camera_rotation_original": [1.572762131690979, 0.0053438530303537846, -1.6945343017578125], "view_id": 9, "point_location": [-7.285558700561523, -7.862499237060547, 4.006221771240234], "camera_distance": 6.879007804746698, "bounding_box_ranges": {"x": [-8.53382208583331, -7.18942209269704], "y": [-1.9325914119172138, -0.41287627816200256], "z": [3.5230952234527795, 4.902003519600667]}, "obliqueness_angle": 0.037182122468948364, "resolution": 512, "point_uuid": "875", "point_normal": [0.9999732971191406, 0.004659553058445454, 0.0056385076604783535], "camera_rotation_final": [1.5280125141143799, -0.005052019841969013, -4.709190845489502], "vanishing_points_image": {"x": [254.2215296748659, 279.775899187959], "y": [534.7179332466451, 257.4449374863247], "z": [257.43673497701934, -28.125571818835542]}, "camera_uuid": "58e0ccf199c02b51751470380455ffc0", "field_of_view_rads": 0.86214959734184, "room": "9be1cd563f04d329bc30a6918cfb1205"}