{"vanishing_points_gaussian_sphere": {"x": [0.39898603391354365, 0.20156530682400073, 0.894528686978169], "y": [0.9167715796516346, -0.10730488675927251, -0.38472786748639143], "z": [0.01843950880547512, 0.9735795233890893, -0.22760249592762966]}, "nonfixated_points_in_view": [193, 422, 1062, 456, 1483, 334, 367, 144, 17, 338, 463, 591, 623, 654, 1141, 1366, 1465, 474, 28, 1399, 604], "point_pitch": 0.22915537754562898, "camera_rotation_from_original_to_final": [-0.17414790391921997, 0.12220960110425949, 1.6688876152038574], "camera_location": [1.9597357511520386, -5.512042045593262, 1.5149836540222168], "camera_rotation_original": [1.5890778303146362, 0.002467385260388255, 2.6240296363830566], "view_id": 8, "point_location": [5.518157482147217, -7.042483806610107, 2.4203827381134033], "camera_distance": 3.97798485790006, "bounding_box_ranges": {"x": [-10.849087900240832, -5.1858111913676135], "y": [1.9597357511520386, 6.498997919871142], "z": [0.28538027085372897, 2.4277327867521503]}, "obliqueness_angle": 1.3407424688339233, "resolution": 512, "point_uuid": "687", "point_normal": [0.0033227773383259773, 0.008863566443324089, -0.9999552369117737], "camera_rotation_final": [1.8004509210586548, -0.018440553918480873, 4.301904201507568], "vanishing_points_image": {"x": [437.847034734208, 164.13198900295865], "y": [449.69496051531934, 278.6713134059369], "z": [260.17068758384164, 35.79369879550973]}, "camera_uuid": "5090c6fc5c0dcfff7ec7ff2b1a5d94fb", "field_of_view_rads": 0.9402034450271712, "room": "856e4980d5eb3351797f528948f684e5"}