{"vanishing_points_gaussian_sphere": {"x": [-0.09532528795432146, 0.11122648587262005, 0.989212696196755], "y": [0.9954375951086751, 0.014777261857221205, 0.09426360260599267], "z": [-0.004133245780629539, 0.9936852124150943, -0.11212767235114597]}, "nonfixated_points_in_view": [256, 131, 1411, 270, 656, 1177, 1056, 419, 1315, 41, 1196, 434, 308, 53, 444, 1345, 1352, 713, 77, 717, 1230, 1488, 1362, 348, 480, 866, 1381, 745, 875, 1261, 110, 622, 880, 1134, 246, 125, 1406], "point_pitch": 0.12623830238846345, "camera_rotation_from_original_to_final": [0.08501892536878586, -0.06253450363874435, 2.4525158405303955], "camera_location": [-1.9361746311187744, -7.597706317901611, 4.284103870391846], "camera_rotation_original": [1.5789034366607666, -0.011993302032351494, -0.7884991765022278], "view_id": 7, "point_location": [-7.2893853187561035, -8.107821464538574, 4.8908915519714355], "camera_distance": 5.411586737616197, "bounding_box_ranges": {"x": [-10.601051445612427, -6.0874494999305435], "y": [-7.284179620567336, -1.9361746311187744], "z": [2.7709814356331095, 5.212401664405083]}, "obliqueness_angle": 0.14772087335586548, "resolution": 512, "point_uuid": "629", "point_normal": [0.9999698400497437, 0.005617326125502586, 0.005379809066653252], "camera_rotation_final": [1.6831612586975098, 0.004133257549256086, 1.6662673950195312], "vanishing_points_image": {"x": [200.9162601251149, 191.72774919976268], "y": [561.0888117501111, 251.47095942217487], "z": [254.85700024941977, -18.791776300493574]}, "camera_uuid": "c967c3a72b851ec8965ae56c4998c340", "field_of_view_rads": 0.8261523043571342, "room": "ef914082afe6874a9bab2b30c864407b"}