{"vanishing_points_gaussian_sphere": {"x": [-0.49476550423206817, 0.04769709503394711, 0.8677165913749201], "y": [0.8690260508329442, 0.028195196805458362, 0.49396230002986935], "z": [-0.0009048732974655836, 0.9984638290906808, -0.05540002889792971]}, "nonfixated_points_in_view": [454, 427, 1453, 431, 1075, 1111, 58, 1341, 349, 670], "point_pitch": 0.05287189880875154, "camera_rotation_from_original_to_final": [0.004689732566475868, -0.05325087904930115, 0.41191062331199646], "camera_location": [-3.781970262527466, -8.79295825958252, 4.280111312866211], "camera_rotation_original": [1.5727763175964355, 0.0018530383240431547, -1.4653403759002686], "view_id": 2, "point_location": [0.910463273525238, -6.121710300445557, 4.579702377319336], "camera_distance": 5.407795391645376, "bounding_box_ranges": {"x": [-8.79295825958252, -6.079548556235489], "y": [-3.781970262527466, -1.7641908640952435], "z": [3.1136194687708243, 5.211700135630325]}, "obliqueness_angle": 1.019030213356018, "resolution": 512, "point_uuid": "124", "point_normal": [-0.03457346186041832, -0.9993529915809631, -0.009913310408592224], "camera_rotation_final": [1.6262247562408447, 0.0009048734209500253, -1.053231120109558], "vanishing_points_image": {"x": [37.46143748610194, 234.9321314933096], "y": [544.5896592255089, 246.63682586950713], "z": [255.77982133834874, 13.048384329480964]}, "camera_uuid": "719f11efd7d094b502660bf8fb326352", "field_of_view_rads": 0.9461903233169557, "room": "ef914082afe6874a9bab2b30c864407b"}