{"vanishing_points_gaussian_sphere": {"x": [0.39361788710982065, -0.006966002697898592, 0.9192477542826054], "y": [0.9192712593095128, 0.005489522324868154, -0.3935863525989529], "z": [-0.0023045074751589056, 0.9999606692020729, 0.008564420251207494]}, "nonfixated_points_in_view": [769, 516, 261, 1285, 263, 647, 1415, 1162, 907, 1421, 1294, 1041, 20, 664, 1306, 668, 1309, 414, 931, 1059, 39, 552, 681, 44, 45, 1455, 945, 179, 435, 1462, 445, 1213, 1471, 64, 450, 67, 578, 1479, 1227, 461, 589, 207, 590, 846, 211, 340, 467, 214, 468, 471, 1112, 1114, 1496, 92, 1244, 1377, 1126, 615, 999, 489, 618, 236, 113, 370, 626, 118], "point_pitch": -0.01753966411086516, "camera_rotation_from_original_to_final": [-0.0007392895058728755, 0.01776142604649067, -0.912686288356781], "camera_location": [-4.307779312133789, 0.3686792552471161, 1.49626624584198], "camera_rotation_original": [1.5781090259552002, -0.005691109225153923, -1.0627084970474243], "view_id": 3, "point_location": [1.4567865133285522, -2.099484920501709, 1.4425592422485352], "camera_distance": 6.270960036711504, "bounding_box_ranges": {"x": [-5.987284844213043, 0.917827624615794], "y": [-4.307779312133789, 1.4911138780696342], "z": [-0.02199639203131174, 5.463034034758645]}, "obliqueness_angle": 0.4151110351085663, "resolution": 512, "point_uuid": "1189", "point_normal": [-0.9999448657035828, -0.010492655448615551, 0.0004982151440344751], "camera_rotation_final": [1.5622317790985107, 0.0023045095149427652, -1.9753613471984863], "vanishing_points_image": {"x": [426.503536331433, 259.0174647366943], "y": [435.7956971533936, 254.92633160947494], "z": [255.45825293039724, 20.92774786035983]}, "camera_uuid": "5fb98853d32c905b4569c0e295d9d2d9", "field_of_view_rads": 1.0008180070975157, "room": "8de55a2e5745f73de25402626a4c3d61"}