{"vanishing_points_gaussian_sphere": {"x": [-0.20156950419174655, -0.11342839456171178, 0.9728842347818399], "y": [0.9794570919850609, -0.017469477403818028, 0.20089455522588323], "z": [-0.0057913677194089365, 0.993392579329235, 0.11461955938472486]}, "nonfixated_points_in_view": [609, 306, 499], "point_pitch": -0.11248330672713713, "camera_rotation_from_original_to_final": [0.016912583261728287, 0.1183914989233017, -1.2391033172607422], "camera_location": [8.558053016662598, -10.021004676818848, 1.5023233890533447], "camera_rotation_original": [1.575500249862671, 0.004138968884944916, -1.69792902469635], "view_id": 0, "point_location": [8.874755859375, -11.554722785949707, 1.321629524230957], "camera_distance": 1.5764651315241378, "bounding_box_ranges": {"x": [-11.651806439575862, -10.021004676818848], "y": [8.152050816082172, 9.738341187841426], "z": [0.49542908662262375, 2.10225576138685]}, "obliqueness_angle": 1.0436047315597534, "resolution": 512, "point_uuid": "1385", "point_normal": [0.7454251646995544, 0.6634824872016907, 0.06428392231464386], "camera_rotation_final": [1.4559223651885986, 0.005791400093585253, -2.938629150390625], "vanishing_points_image": {"x": [150.44468706183818, 315.3987157533774], "y": [548.8218382164225, 261.2227346434327], "z": [254.34782209810803, -27.39786851571848]}, "camera_uuid": "207b19fd0ed6714244c678192363a4aa", "field_of_view_rads": 0.8884534238331921, "room": "8868fae7afbf71557a2e4faceeb9d9d6"}