{"vanishing_points_gaussian_sphere": {"x": [-0.4864526816837807, -0.014216457779196496, 0.8735912549990817], "y": [0.8736229038976236, 0.005951601752176541, 0.48656715900486663], "z": [-0.012116528716674914, 0.9998812283290431, 0.009524650495539437]}, "nonfixated_points_in_view": [1281, 1058, 999, 552, 1002, 908, 462, 1009, 114, 946, 916, 214, 599, 1462, 1402, 1339, 1471], "point_pitch": -0.009820862612452075, "camera_rotation_from_original_to_final": [0.019598131999373436, -0.0172625370323658, -3.1004719734191895], "camera_location": [3.8354318141937256, -5.580057144165039, 1.5235874652862549], "camera_rotation_original": [1.571001648902893, -0.012118679471313953, -2.674816608428955], "view_id": 1, "point_location": [1.4514421224594116, -1.2997993230819702, 1.4769192934036255], "camera_distance": 4.899611357719143, "bounding_box_ranges": {"x": [-5.580057144165039, -3.129041527534742], "y": [1.6294222017874063, 3.8387763821381005], "z": [0.26298638435257216, 2.4277338463893563]}, "obliqueness_angle": 1.0474886894226074, "resolution": 512, "point_uuid": "471", "point_normal": [-0.9998849034309387, 0.015160413458943367, 0.0007515910547226667], "camera_rotation_final": [1.561270833015442, 0.012116825208067894, 0.508065938949585], "vanishing_points_image": {"x": [57.00518934673491, 261.81557349861697], "y": [521.985535757895, 254.18795961780805], "z": [253.19509229706685, 24.533164494655498]}, "camera_uuid": "c83171f93afe09cc67e6fc1972ae2a82", "field_of_view_rads": 1.0142269359650553, "room": "856e4980d5eb3351797f528948f684e5"}