{"vanishing_points_gaussian_sphere": {"x": [0.5213487305170167, -0.01725399925538325, 0.8531692684913061], "y": [0.8532350945006003, 0.026491857316369126, -0.5208531990959456], "z": [-0.013615237818217269, 0.9995001155605858, 0.028533213866107205]}, "nonfixated_points_in_view": [3, 1029, 8, 520, 12, 1039, 17, 529, 538, 28, 544, 1062, 43, 1067, 1070, 1080, 60, 1085, 65, 1099, 91, 604, 94, 607, 613, 1128, 617, 1130, 116, 1141, 1146, 643, 646, 137, 654, 1167, 144, 662, 665, 673, 1188, 165, 677, 172, 174, 687, 693, 695, 1221, 1228, 1231, 740, 746, 237, 751, 241, 1269, 758, 1271, 775, 1287, 1290, 784, 275, 1299, 285, 298, 1328, 821, 1338, 317, 1351, 334, 848, 863, 1378, 362, 363, 1391, 1399, 378, 1403, 1404, 894, 388, 1414, 1424, 1428, 1432, 415, 416, 1443, 422, 429, 944, 1456, 1463, 1464, 1465, 456, 1483, 1484, 975, 977, 466], "point_pitch": -0.021149082979883715, "camera_rotation_from_original_to_final": [-0.04543685540556908, 0.01089106872677803, -2.23934268951416], "camera_location": [-2.1478989124298096, -7.17814826965332, 1.5089408159255981], "camera_rotation_original": [1.586061954498291, -0.002639547921717167, 0.12005194276571274], "view_id": 0, "point_location": [5.096270561218262, -11.600656509399414, 1.266666054725647], "camera_distance": 8.49089304771523, "bounding_box_ranges": {"x": [-11.704059171285259, -6.323922993749778], "y": [-2.1478989124298096, 6.49942466939521], "z": [-0.025418516126823693, 2.4276815011055004]}, "obliqueness_angle": 0.8743069171905518, "resolution": 512, "point_uuid": "566", "point_normal": [-0.19229145348072052, 0.933320939540863, -0.30320966243743896], "camera_rotation_final": [1.5422565937042236, 0.01361565850675106, -2.119283676147461], "vanishing_points_image": {"x": [410.38442999210315, 261.1093417595645], "y": [370.94647437403063, 252.43105913274837], "z": [253.65463593210424, 83.82587508262974]}, "camera_uuid": "3dfb7fb5350fdc03281337b3a75a5e86", "field_of_view_rads": 1.2918780089251853, "room": "856e4980d5eb3351797f528948f684e5"}