{"vanishing_points_gaussian_sphere": {"x": [-0.5228197924746534, 0.1099012184885091, 0.8453290405348094], "y": [0.8524411692484117, 0.06522255750177075, 0.518738923701826], "z": [0.0018755178380501227, 0.9918002521514446, -0.1277839671679118]}, "nonfixated_points_in_view": [1186, 292, 458, 106, 430, 689, 786, 436, 757, 852, 854, 1305, 828, 1469], "point_pitch": 0.1412540237095694, "camera_rotation_from_original_to_final": [0.016107967123389244, -0.1155783087015152, -2.7993931770324707], "camera_location": [-1.854644775390625, -5.243408679962158, 1.4990227222442627], "camera_rotation_original": [1.582518458366394, 0.006183302495628595, -1.3640222549438477], "view_id": 0, "point_location": [-2.9162943363189697, -5.894894123077393, 1.6595066785812378], "camera_distance": 1.2559013270702333, "bounding_box_ranges": {"x": [-6.441855971509019, -5.094253409533416], "y": [-7.294759495056384, -1.854644775390625], "z": [-0.01506996920144199, 5.295192238144127]}, "obliqueness_angle": 0.889968991279602, "resolution": 512, "point_uuid": "981", "point_normal": [0.15585288405418396, 0.9830942153930664, 0.09610303491353989], "camera_rotation_final": [1.6989308595657349, -0.0018755189375951886, -4.162232398986816], "vanishing_points_image": {"x": [62.26814003019856, 215.27589625108038], "y": [502.22949600179527, 237.16032162575067], "z": [256.3771385594013, 56.56381724467944]}, "camera_uuid": "614fa69f38f6a61f05c875e475650ac3", "field_of_view_rads": 1.0783649055177007, "room": "8de55a2e5745f73de25402626a4c3d61"}