{"vanishing_points_gaussian_sphere": {"x": [0.3526997583740346, -0.31783085208613576, 0.8801059197080193], "y": [0.9357332533263258, 0.12229155129097627, -0.330829344378906], "z": [-0.0024817458024197474, 0.9402278053456234, 0.3405370978215512]}, "nonfixated_points_in_view": [67, 867, 618, 1227, 720, 1466, 178, 114, 467, 1203, 214, 1239, 664, 1427, 1462, 1276, 1407], "point_pitch": -0.3433992107722421, "camera_rotation_from_original_to_final": [0.19918149709701538, -0.2925032675266266, -2.54768705368042], "camera_location": [0.21503694355487823, -3.282130241394043, 2.989867687225342], "camera_rotation_original": [1.575566053390503, 0.00037009804509580135, 2.1583032608032227], "view_id": 5, "point_location": [1.4387156963348389, -0.026775920763611794, 1.7302818298339844], "camera_distance": 3.698821178368924, "bounding_box_ranges": {"x": [-3.282130241394043, 1.4255619239028983], "y": [-1.2891456981853147, 1.475282907465016], "z": [0.1620035938912241, 3.701827230924741]}, "obliqueness_angle": 1.1676721572875977, "resolution": 512, "point_uuid": "552", "point_normal": [-0.9847984910011292, -0.008421240374445915, 0.17349696159362793], "camera_rotation_final": [1.2233071327209473, 0.0024817483499646187, -0.36045587062835693], "vanishing_points_image": {"x": [376.4938866506545, 364.58151659047786], "y": [409.5954626156399, 235.92651503219446], "z": [255.42782807011696, 39.228420336293134]}, "camera_uuid": "41fbfac86809ed0f1940b75ebedda277", "field_of_view_rads": 1.1793964844832177, "room": "8de55a2e5745f73de25402626a4c3d61"}