{"vanishing_points_gaussian_sphere": {"x": [0.3313563585606701, -0.1453612650340608, 0.9322408842510128], "y": [0.9434938636165934, 0.05599430693228956, -0.32662511677610756], "z": [-0.004721542041107416, 0.9877928630127221, 0.15570153121239355]}, "nonfixated_points_in_view": [1378, 1062, 1464, 649, 363, 43, 12, 1070, 821, 566, 1271, 216, 665, 894, 415], "point_pitch": -0.12376002868148284, "camera_rotation_from_original_to_final": [-0.04370198771357536, -0.18300969898700714, 2.9574596881866455], "camera_location": [3.307429552078247, -10.623159408569336, 1.5089129209518433], "camera_rotation_original": [1.6019235849380493, -0.010716056451201439, 1.4206318855285645], "view_id": 0, "point_location": [4.845059394836426, -11.16189193725586, 1.2520999908447266], "camera_distance": 1.6493911380202377, "bounding_box_ranges": {"x": [-11.690169864489468, -9.692301336385437], "y": [3.307429552078247, 6.496580793310377], "z": [-0.03025657040541807, 2.4265798652962527]}, "obliqueness_angle": 0.5237836837768555, "resolution": 512, "point_uuid": "3", "point_normal": [-0.9444544315338135, -0.17659656703472137, 0.2771632671356201], "camera_rotation_final": [1.4144569635391235, 0.004721559584140778, 4.3746442794799805], "vanishing_points_image": {"x": [366.00564271904017, 304.257892065158], "y": [399.7492572728583, 247.46879450580505], "z": [255.0925021661991, 66.14256028571532]}, "camera_uuid": "6fc923253b31e08cd2b4b232614b75a1", "field_of_view_rads": 1.2509180068374688, "room": "856e4980d5eb3351797f528948f684e5"}