{"vanishing_points_gaussian_sphere": {"x": [-0.681629027225457, 0.07931482672242468, 0.7273864361573351], "y": [0.7316806482954965, 0.06705215215844922, 0.6783416821932751], "z": [0.005029726986543974, 0.9945919601288319, -0.10373781708484578]}, "nonfixated_points_in_view": [1025, 1155, 1031, 403, 790, 407, 1046, 30, 543, 1184, 680, 808, 1195, 303, 565, 438, 956, 1088, 705, 834, 855, 990, 95, 619, 754, 1275], "point_pitch": 0.10941346088913484, "camera_rotation_from_original_to_final": [0.10327749699354172, -0.0012275244807824492, -2.4995086193084717], "camera_location": [-5.364199638366699, -8.788909912109375, 4.275810241699219], "camera_rotation_original": [1.5721772909164429, 0.007314607501029968, 0.10773365199565887], "view_id": 1, "point_location": [-2.773667812347412, -11.566740036010742, 4.671976566314697], "camera_distance": 3.8189190661688728, "bounding_box_ranges": {"x": [-11.66657530633071, -8.788909912109375], "y": [-5.364199638366699, -1.7641645953105103], "z": [2.7651367449310578, 5.209491518088055]}, "obliqueness_angle": 1.5415219068527222, "resolution": 512, "point_uuid": "986", "point_normal": [0.03143356367945671, 0.2089514136314392, 0.9774208068847656], "camera_rotation_final": [1.67472243309021, -0.005029748193919659, -2.391594171524048], "vanishing_points_image": {"x": [-4.497083956314998, 225.68837850143657], "y": [525.2487604201577, 231.32569858964607], "z": [257.1627976234525, 26.065220112984186]}, "camera_uuid": "c71ad462c76696bcaee0b134a2de9f61", "field_of_view_rads": 0.9690360113757166, "room": "ef914082afe6874a9bab2b30c864407b"}