{"vanishing_points_gaussian_sphere": {"x": [-0.5203613242644167, -0.06672295210391037, 0.8513355037071588], "y": [0.853943282220049, -0.038057393242231216, 0.5189725479934908], "z": [-0.0022277704173576736, 0.9970454766369212, 0.07678121226460342]}, "nonfixated_points_in_view": [514, 131, 1283, 1411, 266, 400, 656, 403, 790, 1046, 1177, 1056, 1184, 803, 676, 1060, 41, 1454, 559, 432, 177, 565, 1225, 1101, 1494, 601, 480, 102, 1127, 745, 1261, 110, 1134, 125], "point_pitch": -0.07723335822555022, "camera_rotation_from_original_to_final": [-0.017776675522327423, 0.07511915266513824, -2.884939432144165], "camera_location": [-2.806222438812256, -9.90909194946289, 4.287649154663086], "camera_rotation_original": [1.5709993839263916, -0.0022501780185848475, -1.2808427810668945], "view_id": 6, "point_location": [-5.506387710571289, -11.555109024047852, 4.044123649597168], "camera_distance": 3.1716824488378514, "bounding_box_ranges": {"x": [-11.928196017770054, -9.39528890013167], "y": [-7.284176531926894, -2.806222438812256], "z": [2.765209472292032, 5.212396604429466]}, "obliqueness_angle": 1.0364543199539185, "resolution": 512, "point_uuid": "1303", "point_normal": [-0.013206061907112598, 0.9996617436408997, 0.02240617200732231], "camera_rotation_final": [1.4939392805099487, 0.0022277722600847483, -4.16511344909668], "vanishing_points_image": {"x": [103.0993947478951, 275.60556883299625], "y": [450.60917425765047, 264.6730793806524], "z": [255.6090338732424, 81.02191196870346]}, "camera_uuid": "48bee344cd0412ed9774218b24d4c13a", "field_of_view_rads": 1.2978090498370576, "room": "ef914082afe6874a9bab2b30c864407b"}