{"vanishing_points_gaussian_sphere": {"x": [-0.006151479590267385, 0.0870126627194974, 0.9961882130527914], "y": [0.9993059324716639, 0.03713604230602425, 0.002927061458783753], "z": [-0.03673979621321877, 0.9955147969208233, -0.08718071166205854]}, "nonfixated_points_in_view": [898, 6, 395, 1035, 791, 162, 674, 1445, 1449, 950, 954, 1090, 68, 1226, 206, 597, 730, 92, 477, 992, 610, 232, 105, 236, 1011, 887, 504], "point_pitch": 0.09472532669571443, "camera_rotation_from_original_to_final": [-0.08719032257795334, -0.03514730930328369, -2.7201178073883057], "camera_location": [3.7044036388397217, -10.948698043823242, 4.2955145835876465], "camera_rotation_original": [1.5925167798995972, -0.030547533184289932, 2.7276031970977783], "view_id": 3, "point_location": [3.686519145965576, -4.861936092376709, 4.828193187713623], "camera_distance": 6.110052214051679, "bounding_box_ranges": {"x": [-10.948698043823242, -4.671926722452247], "y": [2.1617168933285913, 4.172165198617368], "z": [2.7656251675710024, 5.205215050754391]}, "obliqueness_angle": 0.6905546188354492, "resolution": 512, "point_uuid": "838", "point_normal": [0.004370279610157013, -0.7124172449111938, -0.7017425298690796], "camera_rotation_final": [1.6581469774246216, 0.036748066544532776, 0.00615567434579134], "vanishing_points_image": {"x": [252.9110459741242, 212.3067533809567], "y": [508.22532306042865, 246.62684412904923], "z": [247.12719701279462, 15.579323394608865]}, "camera_uuid": "7932379097c760f1e8c634ee2e00522a", "field_of_view_rads": 0.9398535945383598, "room": "77c77478b552f1977cad320741ba92a5"}