{"vanishing_points_gaussian_sphere": {"x": [-0.5580156392065968, 0.2570094275139155, 0.7890276931577387], "y": [0.8297126238090209, 0.18882150623653135, 0.5252841142415385], "z": [-0.013982428001007978, 0.9477829883214496, -0.31860931994475555]}, "nonfixated_points_in_view": [1028, 522, 14, 1043, 22, 31, 32, 548, 38, 40, 556, 45, 1069, 1071, 578, 70, 1095, 585, 590, 594, 87, 1112, 92, 109, 624, 118, 1148, 1150, 128, 130, 653, 1169, 147, 148, 149, 1172, 667, 156, 160, 675, 173, 176, 691, 1211, 1216, 709, 204, 213, 1240, 729, 1244, 1250, 739, 744, 236, 1263, 762, 764, 255, 261, 264, 271, 1295, 274, 276, 1300, 792, 1305, 1306, 1307, 1309, 1313, 292, 293, 1318, 300, 813, 302, 828, 1342, 324, 843, 332, 851, 1369, 1373, 352, 1377, 356, 1390, 370, 888, 1400, 1415, 906, 406, 919, 1431, 1436, 414, 1441, 424, 433, 945, 435, 1461, 951, 440, 957, 447, 962, 1475, 1479, 458, 460, 461, 1485, 1491, 981, 470, 475, 991, 483, 489, 490, 502, 1014, 1022], "point_pitch": 0.3103225986149649, "camera_rotation_from_original_to_final": [0.2600143551826477, -0.18150481581687927, -1.8553606271743774], "camera_location": [-6.215150356292725, 0.12702560424804688, 1.4902317523956299], "camera_rotation_original": [1.5806941986083984, -0.017110392451286316, -0.7174729108810425], "view_id": 1, "point_location": [-2.990171194076538, -4.717206954956055, 3.4463305473327637], "camera_distance": 6.139495279772128, "bounding_box_ranges": {"x": [-6.441888579721885, 0.12702560424804688], "y": [-6.866913877750736, 1.49096205569123], "z": [-0.014853487971386414, 5.464763028268722]}, "obliqueness_angle": 1.2071845531463623, "resolution": 512, "point_uuid": "1405", "point_normal": [0.6083992123603821, 0.7405864596366882, -0.28527551889419556], "camera_rotation_final": [1.89509117603302, 0.013982883654534817, -2.549534320831299], "vanishing_points_image": {"x": [82.08093753123407, 175.8967994115567], "y": [468.3510269525483, 207.67430311475695], "z": [253.72390680236578, 101.71760981738016]}, "camera_uuid": "7d18db1fca787c6dcd4baad30e113130", "field_of_view_rads": 1.1919904242379744, "room": "8de55a2e5745f73de25402626a4c3d61"}