{"vanishing_points_gaussian_sphere": {"x": [0.07720214938233672, 0.18371249124421238, 0.9799436456713175], "y": [0.9968739656984013, -0.030781816096898115, -0.07276521360182855], "z": [0.016796566419669208, 0.9824979391116411, -0.18551462205952313]}, "nonfixated_points_in_view": [882, 1479], "point_pitch": 0.17511625687149568, "camera_rotation_from_original_to_final": [-0.13012628257274628, 0.10681118816137314, 0.5557830333709717], "camera_location": [1.7699029445648193, -5.448235511779785, 4.298521995544434], "camera_rotation_original": [1.5894720554351807, -0.008107524365186691, 2.503649950027466], "view_id": 3, "point_location": [1.6542162895202637, -7.006162643432617, 4.5934553146362305], "camera_distance": 1.5898131849715658, "bounding_box_ranges": {"x": [-7.181647019647618, -5.448235511779785], "y": [1.3277264292550683, 2.786796453804153], "z": [3.600952299164697, 5.202988510129707]}, "obliqueness_angle": 1.5532218217849731, "resolution": 512, "point_uuid": "1246", "point_normal": [0.9977707266807556, -0.0611971914768219, -0.02661868743598461], "camera_rotation_final": [1.7574185132980347, -0.01679735630750656, 3.064302682876587], "vanishing_points_image": {"x": [286.22653143102093, 184.072062302778], "y": [448.0760563215789, 261.9309903214957], "z": [259.0693745143659, 76.46008336591379]}, "camera_uuid": "3d44530aec2e5604a8aef567eab9ad28", "field_of_view_rads": 1.1400421704677486, "room": "77c77478b552f1977cad320741ba92a5"}