{"vanishing_points_gaussian_sphere": {"x": [-0.41860319375782296, 0.18691546449365332, 0.8887260406384369], "y": [0.9080540856458688, 0.10172737800657695, 0.4063118483452731], "z": [-0.014461802017583202, 0.9770947496005845, -0.21231275653001966]}, "nonfixated_points_in_view": [513, 1154, 1155, 1410, 524, 397, 19, 915, 1173, 22, 407, 282, 923, 30, 159, 670, 166, 808, 937, 554, 427, 555, 810, 942, 1195, 1326, 1453, 1459, 182, 312, 58, 188, 1341, 574, 830, 1088, 833, 834, 454, 968, 74, 586, 588, 77, 205, 1359, 976, 83, 212, 1237, 598, 726, 217, 1116, 349, 889, 990, 1119, 1372, 869, 103, 1005, 878, 1008, 761, 250], "point_pitch": 0.2196975509312491, "camera_rotation_from_original_to_final": [-0.0005026193684898317, 0.20294174551963806, -2.5950887203216553], "camera_location": [-5.609722137451172, -10.968703269958496, 4.285808086395264], "camera_rotation_original": [1.5832164287567139, -0.00936906412243843, 1.4556810855865479], "view_id": 5, "point_location": [-2.0101478099823, -9.32303237915039, 5.145730495452881], "camera_distance": 4.050263462798456, "bounding_box_ranges": {"x": [-11.538372135288627, -5.957611800924266], "y": [-5.609722137451172, -1.7641784641484288], "z": [2.7651469665013844, 5.212272939783769]}, "obliqueness_angle": 0.4849376976490021, "resolution": 512, "point_uuid": "10", "point_normal": [-0.8813910484313965, -0.0026992077473551035, -0.4723798632621765], "camera_rotation_final": [1.7847601175308228, 0.014462306164205074, -1.1388413906097412], "vanishing_points_image": {"x": [105.03197369060075, 188.58948048629384], "y": [484.3557493227026, 230.41778854526828], "z": [253.3801316663907, 78.99165828005984]}, "camera_uuid": "84fae33197a8eefa4becf372ea5729e2", "field_of_view_rads": 1.1368632605013542, "room": "ef914082afe6874a9bab2b30c864407b"}