{"vanishing_points_gaussian_sphere": {"x": [-0.059564223321227426, 0.03659053959071197, 0.997553625482159], "y": [0.9980773649453549, -0.014972905431767247, 0.06014470622314372], "z": [0.01713700335169061, 0.9992181666259836, -0.035628339853721075]}, "nonfixated_points_in_view": [0, 1284, 1273, 650, 906, 912, 147, 406, 920, 410, 1434, 1055, 36, 804, 678, 1061, 1320, 171, 685, 943, 1329, 50, 818, 694, 313, 701, 829, 576, 577, 706, 1217, 708, 197, 71, 328, 841, 1232, 209, 465, 722, 1490, 1109, 1365, 343, 88, 1368, 743, 360, 1132, 501, 757, 631, 760, 885], "point_pitch": 0.037766532101903394, "camera_rotation_from_original_to_final": [0.021747024729847908, 0.007762843277305365, 1.0132167339324951], "camera_location": [0.4931855797767639, -7.2360944747924805, 1.5182243585586548], "camera_rotation_original": [1.5842092037200928, -0.010877704247832298, 0.6175836324691772], "view_id": 1, "point_location": [-3.043301582336426, -7.449317455291748, 1.6445324420928955], "camera_distance": 3.5451598471115076, "bounding_box_ranges": {"x": [-10.193212527454058, -5.437404662813354], "y": [-3.5512192720342557, 0.4931855797767639], "z": [-0.04663506459742528, 2.4276989407526592]}, "obliqueness_angle": 1.5179449319839478, "resolution": 512, "point_uuid": "1383", "point_normal": [-0.007432861719280481, 0.9999686479568481, -0.002765011042356491], "camera_rotation_final": [1.6064374446868896, -0.017137842252850533, 1.6304045915603638], "vanishing_points_image": {"x": [232.55268799423658, 241.59622285989067], "y": [459.03158307024165, 259.04582871002106], "z": [259.3220420237389, 62.29958037048512]}, "camera_uuid": "c61bffa72844e019185a72c8df1f3454", "field_of_view_rads": 1.1509790697647904, "room": "856e4980d5eb3351797f528948f684e5"}