{"vanishing_points_gaussian_sphere": {"x": [0.2212725364100958, -0.1170783051136094, 0.9681586311665912], "y": [0.9750118698714217, 0.04667136774457242, -0.21719492867625792], "z": [-0.019756473381570275, 0.9920254300694996, 0.124479829108767]}, "nonfixated_points_in_view": [130, 1027, 1159, 394, 522, 779, 906, 14, 528, 1169, 274, 147, 786, 1043, 406, 1045, 792, 1305, 667, 31, 1441, 292, 1317, 1318, 556, 941, 46, 1069, 176, 433, 1071, 1198, 828, 190, 447, 63, 1216, 962, 1474, 1475, 70, 585, 458, 460, 1100, 335, 851, 852, 469, 470, 1491, 1241, 859, 744, 1135, 368, 624, 255], "point_pitch": -0.12423197825881438, "camera_rotation_from_original_to_final": [-0.07765384763479233, 0.11621233820915222, -2.6516242027282715], "camera_location": [-6.215150356292725, 0.12702560424804688, 1.4902317523956299], "camera_rotation_original": [1.5806941986083984, -0.017110392451286316, -0.7174729108810425], "view_id": 3, "point_location": [-7.136116981506348, -3.9782354831695557, 0.9624027013778687], "camera_distance": 4.240277065657857, "bounding_box_ranges": {"x": [-6.441566777120974, 0.12702560424804688], "y": [-7.412303104248981, -4.40773024994242], "z": [-0.01883599732442559, 3.9113579156686926]}, "obliqueness_angle": 0.7626913785934448, "resolution": 512, "point_uuid": "191", "point_normal": [-0.12221744656562805, 0.6813905835151672, 0.7216438055038452], "camera_rotation_final": [1.4459682703018188, 0.01975775882601738, -3.3647561073303223], "vanishing_points_image": {"x": [357.14940667650427, 309.5195252382528], "y": [463.4219856833991, 246.0712308523834], "z": [251.03137242120667, 6.511904857187023]}, "camera_uuid": "7d18db1fca787c6dcd4baad30e113130", "field_of_view_rads": 0.9945032563772946, "room": "8de55a2e5745f73de25402626a4c3d61"}