{"vanishing_points_gaussian_sphere": {"x": [0.07178416740369928, 0.37135287452449783, 0.9257127394027534], "y": [0.9974188039991807, -0.028272810578406984, -0.06600286062619881], "z": [0.0016621489107735443, 0.9280612537782138, -0.37242388013741595]}, "nonfixated_points_in_view": [800, 737, 289, 995, 1282, 742, 487, 1323, 876, 1073, 1394, 1235, 1142, 247, 921, 218, 637], "point_pitch": 0.39214237133530183, "camera_rotation_from_original_to_final": [-0.021688755601644516, -0.37941762804985046, 1.5816397666931152], "camera_location": [5.573263168334961, -2.3623623847961426, 4.285065650939941], "camera_rotation_original": [1.5725040435791016, -0.010515237227082253, -1.6469796895980835], "view_id": 2, "point_location": [5.7281951904296875, -0.1893877238035202, 5.159275531768799], "camera_distance": 2.3473528211290504, "bounding_box_ranges": {"x": [-2.3623623847961426, -0.08073612648955875], "y": [4.27489742822776, 7.310333385261782], "z": [3.860998384502873, 5.189357851728469]}, "obliqueness_angle": 0.47821521759033203, "resolution": 512, "point_uuid": "5", "point_normal": [0.005475275218486786, -0.6557143330574036, -0.7549892067909241], "camera_rotation_final": [1.9524163007736206, -0.0016621496761217713, -0.07184606045484543], "vanishing_points_image": {"x": [282.708086981511, 117.83408915427087], "y": [448.9661682762752, 261.46981458725395], "z": [256.2800349147671, 99.64243635699859]}, "camera_uuid": "e3114e1296a47d3a7c2d3fe9ea457ba1", "field_of_view_rads": 1.139306969429596, "room": "5cd6a063c51df65aa0d61bbfd9882874"}