{"vanishing_points_gaussian_sphere": {"x": [0.3566957424323439, 0.33252363094119824, 0.8730384769277474], "y": [0.9340732766942051, -0.11034503738695788, -0.3396043087032641], "z": [-0.016590994436439917, 0.9366173218501528, -0.34996104256596533]}, "nonfixated_points_in_view": [954, 770], "point_pitch": 0.35554476181534334, "camera_rotation_from_original_to_final": [0.3142648935317993, -0.17461223900318146, 0.12274028360843658], "camera_location": [3.2557625770568848, -1.4835596084594727, 4.28309440612793], "camera_rotation_original": [1.5702217817306519, 0.01670633628964424, -0.5212826728820801], "view_id": 4, "point_location": [3.7828006744384766, -0.12867482006549835, 4.826205253601074], "camera_distance": 1.5519185544130707, "bounding_box_ranges": {"x": [-1.4835596084594727, -0.045103011877673405], "y": [2.787539654911981, 4.085936960324147], "z": [3.8824610178081906, 5.189736403704624]}, "obliqueness_angle": 0.1354287564754486, "resolution": 512, "point_uuid": "730", "point_normal": [-0.24721835553646088, -0.8592383861541748, -0.4478756785392761], "camera_rotation_final": [1.9283772706985474, 0.0165917556732893, -0.36478114128112793], "vanishing_points_image": {"x": [370.6695198443819, 149.10126093201123], "y": [400.64309025195104, 273.08714680084125], "z": [253.44217450414894, 111.60216568922476]}, "camera_uuid": "3ea7b8e6b9055350134bfd13c0ae414e", "field_of_view_rads": 1.2302991207240406, "room": "b882b325a4c32027bb7a3589209866b9"}