{"vanishing_points_gaussian_sphere": {"x": [0.017942894375581515, -0.17573013500971119, 0.9842748458590698], "y": [0.9998382480003544, 0.0019355896505562629, -0.01788103264039032], "z": [0.0012370840750611672, 0.9844364749145439, 0.1757364403896298]}, "nonfixated_points_in_view": [1159, 272, 793, 281, 925, 1055, 1317, 1069, 814, 689, 190, 63, 322, 1474, 711, 842, 1100, 335, 1234, 854, 1371, 1374, 736, 1248, 1379, 743, 106, 1143, 1144], "point_pitch": -0.17513243754836516, "camera_rotation_from_original_to_final": [0.16569967567920685, 0.05971131846308708, -1.9139654636383057], "camera_location": [-3.8966617584228516, -5.1063923835754395, 1.5070674419403076], "camera_rotation_original": [1.5701526403427124, 0.0018522855825722218, -2.8113532066345215], "view_id": 2, "point_location": [-6.810376167297363, -5.053460121154785, 0.9868411421775818], "camera_distance": 2.960265023479905, "bounding_box_ranges": {"x": [-6.441889248527314, -2.769282397407159], "y": [-7.234544912754766, -3.8966617584228516], "z": [-0.01650409049299628, 2.9765239451976915]}, "obliqueness_angle": 1.3833215236663818, "resolution": 512, "point_uuid": "528", "point_normal": [0.011528247967362404, 0.033309176564216614, 0.9993786811828613], "camera_rotation_final": [1.3941423892974854, -0.0012370843905955553, -4.730332851409912], "vanishing_points_image": {"x": [262.78503830753635, 322.4516924009805], "y": [446.3137642544694, 255.63157105343183], "z": [256.2604639631774, 48.730153979284765]}, "camera_uuid": "62e24ad43a6e699e9b1ae0325438e489", "field_of_view_rads": 1.1757824969565454, "room": "8de55a2e5745f73de25402626a4c3d61"}