{"vanishing_points_gaussian_sphere": {"x": [-0.005163804129329629, 0.3131440332323131, 0.9496916076168695], "y": [0.9997255993908558, 0.02331636866406276, -0.0022523043568139236], "z": [-0.02284865531072078, 0.949419381202702, -0.31317850747963283]}, "nonfixated_points_in_view": [994, 228, 1447, 712, 1386, 79, 208, 1170, 372, 860, 605], "point_pitch": 0.30257804791000886, "camera_rotation_from_original_to_final": [0.2359820455312729, 0.17491412162780762, -0.5798045992851257], "camera_location": [5.059991836547852, -7.579131126403809, 1.5203824043273926], "camera_rotation_original": [1.596900224685669, 0.009909546934068203, 0.6009308099746704], "view_id": 8, "point_location": [5.066385746002197, -4.883118152618408, 2.409442901611328], "camera_distance": 2.838829949799866, "bounding_box_ranges": {"x": [-7.579131126403809, -3.169580659584475], "y": [3.123367021635656, 6.303522989636407], "z": [1.1518464102841233, 2.4277340874961197]}, "obliqueness_angle": 0.5742279887199402, "resolution": 512, "point_uuid": "1242", "point_normal": [-0.001823960687033832, -0.6272577047348022, -0.778809666633606], "camera_rotation_final": [1.889420509338379, 0.0228506438434124, 0.005165175534784794], "vanishing_points_image": {"x": [253.1055192330902, 80.47254799705873], "y": [549.9542571380977, 249.14417292707242], "z": [250.18473860558493, 14.361190208555682]}, "camera_uuid": "e2c81e729be96548bbabfecfc7939d49", "field_of_view_rads": 0.8203389783198984, "room": "856e4980d5eb3351797f528948f684e5"}