{"vanishing_points_gaussian_sphere": {"x": [-0.08694198441674715, -0.2954562565907799, 0.9513919758895601], "y": [0.9958993013029432, -0.0017982069444876928, 0.09045080494995195], "z": [-0.02501345657816111, 0.9553545765280806, 0.2944010191844866]}, "nonfixated_points_in_view": [1281, 908, 1170, 542, 671, 1058, 1447, 552, 1064, 1192, 686, 1456, 946, 820, 1463, 1465, 1339, 1085, 1471, 969, 75, 972, 333, 462, 79, 208, 214, 599, 1366, 602, 860, 605, 94, 1382, 999, 1002, 1386, 1009, 372, 1140, 1018], "point_pitch": -0.2959868152949472, "camera_rotation_from_original_to_final": [0.25749486684799194, -0.18940982222557068, -2.5711398124694824], "camera_location": [5.132575988769531, -10.393342971801758, 1.5002893209457397], "camera_rotation_original": [1.587233543395996, -0.019086314365267754, 2.634567975997925], "view_id": 0, "point_location": [4.810303211212158, -7.00356912612915, 0.4513496160507202], "camera_distance": 3.5629623295038964, "bounding_box_ranges": {"x": [-10.393342971801758, -3.143434358870933], "y": [1.617306788127089, 6.50071239426755], "z": [-0.014199563348160638, 2.427717456672708]}, "obliqueness_angle": 0.46738192439079285, "resolution": 512, "point_uuid": "768", "point_normal": [-0.32325443625450134, -0.9423596858978271, 0.08639965206384659], "camera_rotation_final": [1.2718712091445923, 0.025016065686941147, 0.08707920461893082], "vanishing_points_image": {"x": [211.92242183186232, 405.78949850881133], "y": [533.2591762876999, 256.5006222773439], "z": [248.2035277928403, -41.7755345651459]}, "camera_uuid": "3d449594a2cb2c364ffe85b6c45b4104", "field_of_view_rads": 0.8975529380612224, "room": "856e4980d5eb3351797f528948f684e5"}