{"vanishing_points_gaussian_sphere": {"x": [-0.3638233554425712, 0.1343941091699044, 0.9217216442369879], "y": [0.9314679580270956, 0.05239126537901068, 0.3600313854107985], "z": [9.593404669266606e-05, 0.9895420045315985, -0.14424497240543532]}, "nonfixated_points_in_view": [0, 521, 522, 528, 530, 535, 1048, 26, 29, 34, 36, 37, 48, 50, 57, 572, 63, 66, 579, 1091, 1100, 591, 594, 85, 1109, 97, 1133, 625, 115, 631, 1143, 639, 1152, 644, 138, 141, 658, 1176, 677, 678, 1198, 688, 689, 192, 1218, 197, 200, 712, 728, 221, 223, 224, 1248, 1252, 229, 1258, 760, 248, 773, 774, 777, 272, 786, 1304, 1308, 797, 805, 1317, 299, 301, 814, 1329, 818, 1336, 315, 829, 319, 322, 1346, 841, 330, 852, 1365, 1368, 1383, 367, 373, 392, 398, 911, 401, 402, 920, 410, 1442, 436, 948, 958, 1472, 1474, 965, 966, 967, 1478, 971, 1490, 981, 994, 997, 488, 1002, 1013, 1018, 1019, 1021], "point_pitch": 0.1400020877507071, "camera_rotation_from_original_to_final": [-0.1427588313817978, -0.014662978239357471, -1.2688342332839966], "camera_location": [6.898015022277832, -5.4319539070129395, 1.5056571960449219], "camera_rotation_original": [1.5721105337142944, -0.004563433583825827, -3.0698022842407227], "view_id": 1, "point_location": [1.6364494562149048, -7.487162113189697, 2.3290669918060303], "camera_distance": 5.708411235927456, "bounding_box_ranges": {"x": [-6.106876725082544, -4.830446207261267], "y": [4.19240187554367, 6.898015022277832], "z": [0.6194925860272495, 2.4287222132944093]}, "obliqueness_angle": 0.3853893578052521, "resolution": 512, "point_uuid": "1084", "point_normal": [0.9993407130241394, 0.0008404539548791945, -0.036297351121902466], "camera_rotation_final": [1.7155462503433228, -9.593404683982953e-05, -4.340019702911377], "vanishing_points_image": {"x": [131.2593438674139, 209.92156905975622], "y": [465.9813483983955, 244.1894074253676], "z": [256.0165404263833, 85.38855137021223]}, "camera_uuid": "7aee671bd52588b571fedb6abd1f939e", "field_of_view_rads": 1.2112886305956059, "room": "8efc299ca974ee46c0bc622cd51b4dc7"}