{"vanishing_points_gaussian_sphere": {"x": [-0.3720114206816077, 0.20201781669871544, 0.905978092791838], "y": [0.9281202570022132, 0.09583569942824009, 0.3597336615570547], "z": [-0.014152435288577984, 0.9746816508231723, -0.22314880264975293]}, "nonfixated_points_in_view": [513, 1154, 1410, 10, 524, 397, 19, 407, 923, 30, 159, 670, 166, 808, 810, 555, 1453, 942, 1326, 1459, 182, 312, 58, 1341, 574, 830, 1088, 833, 834, 454, 968, 74, 586, 588, 205, 1359, 976, 83, 212, 1237, 598, 726, 217, 1116, 349, 889, 990, 1119, 1372, 869, 103, 878, 1008, 761, 250], "point_pitch": 0.23152621189621492, "camera_rotation_from_original_to_final": [0.0011094866786152124, 0.2139350324869156, -2.64565372467041], "camera_location": [-5.609722137451172, -10.968703269958496, 4.285808086395264], "camera_rotation_original": [1.5832164287567139, -0.00936906412243843, 1.4556810855865479], "view_id": 1, "point_location": [-2.022209882736206, -9.544220924377441, 5.169436931610107], "camera_distance": 3.9598224658015484, "bounding_box_ranges": {"x": [-11.406911198109222, -6.704779668045396], "y": [-5.609722137451172, -1.7641907506797647], "z": [3.006095219546347, 5.212168476609828]}, "obliqueness_angle": 0.8525793552398682, "resolution": 512, "point_uuid": "1005", "point_normal": [-0.5142081379890442, -0.0022117786575108767, -0.857662558555603], "camera_rotation_final": [1.7958627939224243, 0.014152907766401768, -1.1895811557769775], "vanishing_points_image": {"x": [90.3001505526437, 166.01802645916524], "y": [531.7285511685026, 227.52886346978448], "z": [252.8979092056825, 42.35825462145355]}, "camera_uuid": "84fae33197a8eefa4becf372ea5729e2", "field_of_view_rads": 0.9674414785637226, "room": "ef914082afe6874a9bab2b30c864407b"}