{"vanishing_points_gaussian_sphere": {"x": [0.6708604896637933, -0.16271929474753583, 0.7235113230108565], "y": [0.7415820708753985, 0.1491679025693287, -0.6540680155757678], "z": [-0.0014951803272803287, 0.9753314144227755, 0.2207405637300428]}, "nonfixated_points_in_view": [353, 491], "point_pitch": -0.21648959716292815, "camera_rotation_from_original_to_final": [0.026733707636594772, 0.22574158012866974, -2.1753597259521484], "camera_location": [8.558053016662598, -10.021004676818848, 1.5023233890533447], "camera_rotation_original": [1.575500249862671, 0.004138968884944916, -1.69792902469635], "view_id": 3, "point_location": [7.368593692779541, -11.336750984191895, 1.1008940935134888], "camera_distance": 1.8185563764378911, "bounding_box_ranges": {"x": [-11.6518470067066, -10.021004676818848], "y": [6.465208303329323, 8.558053016662598], "z": [-0.028320037965603118, 2.403792194608204]}, "obliqueness_angle": 0.259013831615448, "resolution": 512, "point_uuid": "482", "point_normal": [0.5901817679405212, 0.807128369808197, -0.01514205988496542], "camera_rotation_final": [1.3482223749160767, 0.0014951808843761683, -3.876962184906006], "vanishing_points_image": {"x": [457.1521786873315, 304.79008550546246], "y": [362.94405957479194, 234.48839435911682], "z": [255.6783646393218, 46.19181463600539]}, "camera_uuid": "207b19fd0ed6714244c678192363a4aa", "field_of_view_rads": 1.1790289439305994, "room": "8868fae7afbf71557a2e4faceeb9d9d6"}