{"vanishing_points_gaussian_sphere": {"x": [-0.001509896980387259, -0.12924753632274616, 0.9916112113956805], "y": [0.9998325204981262, 0.017890649259194008, 0.003854299345989566], "z": [-0.018238727079284128, 0.9914509564388876, 0.1291988769724508]}, "nonfixated_points_in_view": [263, 1166, 1294, 1296, 914, 1427, 661, 288, 547, 557, 178, 1076, 1332, 1462, 569, 1081, 443, 1466, 64, 67, 580, 710, 839, 1096, 1227, 336, 720, 467, 1114, 735, 867, 1255, 618, 114], "point_pitch": -0.13289086421462493, "camera_rotation_from_original_to_final": [0.0383310429751873, -0.14235885441303253, -2.032775640487671], "camera_location": [0.30798399448394775, -4.362792491912842, 3.736617088317871], "camera_rotation_original": [1.5856736898422241, -0.011059120297431946, 2.032072067260742], "view_id": 1, "point_location": [0.2876158058643341, 0.8774110674858093, 3.0538599491119385], "camera_distance": 5.284534438901691, "bounding_box_ranges": {"x": [-4.362792491912842, 1.5575655427357846], "y": [-4.186161625683038, 1.4776730541596907], "z": [-0.02906456966241966, 4.457473361160857]}, "obliqueness_angle": 1.459002137184143, "resolution": 512, "point_uuid": "1239", "point_normal": [0.644666850566864, -0.20592144131660461, -0.7362072467803955], "camera_rotation_final": [1.441213607788086, 0.018239738419651985, 0.0015101487515494227], "vanishing_points_image": {"x": [255.4580187592098, 302.3937215685481], "y": [437.30090316520375, 252.75586580511725], "z": [252.47116095937915, 64.17351853922474]}, "camera_uuid": "73759aa4f227ecebe2f10f72d0e43db4", "field_of_view_rads": 1.2311548404334092, "room": "8de55a2e5745f73de25402626a4c3d61"}