{"vanishing_points_gaussian_sphere": {"x": [0.2809798314643125, 0.24466171181162516, 0.928003761352125], "y": [0.959713662799753, -0.07177232592573275, -0.27165864364435816], "z": [0.00014051963761769, 0.9669484888062113, -0.2549717636320066]}, "nonfixated_points_in_view": [1025, 400, 403, 790, 1046, 1303, 1430, 1184, 1060, 1454, 559, 432, 1201, 565, 438, 1207, 705, 1225, 601, 986, 1127, 619, 1260, 366, 622], "point_pitch": 0.25567741791275544, "camera_rotation_from_original_to_final": [-0.16289466619491577, -0.19983424246311188, -1.1566253900527954], "camera_location": [-2.9783132076263428, -7.1683149337768555, 4.279703140258789], "camera_rotation_original": [1.5714958906173706, -0.0020283132325857878, -2.2531356811523438], "view_id": 2, "point_location": [-3.9510772228240967, -10.491341590881348, 5.192714214324951], "camera_distance": 3.5808330349740434, "bounding_box_ranges": {"x": [-11.994478436441359, -7.1683149337768555], "y": [-7.282117005685091, -2.0287993698234517], "z": [2.978431080743519, 5.212402246838822]}, "obliqueness_angle": 1.307315707206726, "resolution": 512, "point_uuid": "700", "point_normal": [0.0175725519657135, 0.0007938009803183377, -0.9998453259468079], "camera_rotation_final": [1.8286148309707642, -0.0001405196380801499, -3.4264075756073], "vanishing_points_image": {"x": [382.1645560419274, 146.1428757704547], "y": [459.35463877578115, 271.20790625210714], "z": [256.0299951743535, 49.5961905091706]}, "camera_uuid": "e17726a518b6f85be09164e3bce92661", "field_of_view_rads": 0.9775946141817561, "room": "ef914082afe6874a9bab2b30c864407b"}