{"vanishing_points_gaussian_sphere": {"x": [-0.3908386137660742, 0.02958299962182687, 0.9199837086181409], "y": [0.9204401939315939, 0.018987561249565212, 0.390421979290311], "z": [-0.005918393750290937, 0.9993819683440206, -0.03465045402657108]}, "nonfixated_points_in_view": [1410, 268, 270, 284, 419, 1315, 434, 180, 308, 697, 444, 1212, 1088, 1345, 835, 72, 329, 713, 1355, 77, 974, 80, 83, 723, 348, 998, 621, 622, 880, 243, 246, 120, 761, 253, 1406], "point_pitch": 0.03941376606491609, "camera_rotation_from_original_to_final": [-0.021432852372527122, -0.024694079533219337, 3.0686147212982178], "camera_location": [-1.9461179971694946, -10.539590835571289, 4.280216217041016], "camera_rotation_original": [1.5751063823699951, -0.006250596605241299, -2.666795015335083], "view_id": 3, "point_location": [-3.832385301589966, -6.094822406768799, 4.447624683380127], "camera_distance": 4.831355520065477, "bounding_box_ranges": {"x": [-10.539590835571289, -10.050558122773767], "y": [-2.0102082104640786, -1.822571227543967], "z": [3.988974015354694, 4.6078710057491605]}, "obliqueness_angle": 0.5654709935188293, "resolution": 512, "point_uuid": "738", "point_normal": [-0.16175730526447296, -0.9832611680030823, -0.08385729044675827], "camera_rotation_final": [1.6054543256759644, 0.005918428301811218, 0.40154993534088135], "vanishing_points_image": {"x": [130.26788206399277, 246.48319928905843], "y": [454.6838723667898, 251.90139346289175], "z": [254.98936782793598, 85.34430995918777]}, "camera_uuid": "41fe4d40075167d2675e7ca53b4961cc", "field_of_view_rads": 1.2700236866553802, "room": "c6b90c3c2e476767ef8ca0b4e5cf1d4d"}