{"vanishing_points_gaussian_sphere": {"x": [-0.15899717855971549, -0.06206301855544581, 0.9853263819353648], "y": [0.987277261266849, -0.008102005461320625, 0.1588016589741266], "z": [-0.001872590579923181, 0.9980393475386085, 0.06256160299439957]}, "nonfixated_points_in_view": [256, 131, 1411, 266, 656, 1177, 1056, 419, 1315, 1196, 434, 308, 53, 444, 1345, 1352, 717, 1230, 1488, 723, 480, 866, 1381, 745, 621, 110, 1134, 1261, 883, 629, 246, 125], "point_pitch": -0.06364981730910735, "camera_rotation_from_original_to_final": [0.04297658056020737, 0.04665543884038925, -2.2985804080963135], "camera_location": [-2.9783132076263428, -7.1683149337768555, 4.279703140258789], "camera_rotation_original": [1.5714958906173706, -0.0020283132325857878, -2.2531356811523438], "view_id": 3, "point_location": [-7.285558700561523, -7.862499237060547, 4.006221771240234], "camera_distance": 4.37138952050589, "bounding_box_ranges": {"x": [-10.447901179577354, -6.0879426637610665], "y": [-7.284179517374406, -2.9783132076263428], "z": [2.765141975611611, 5.212399549871365]}, "obliqueness_angle": 0.1651562601327896, "resolution": 512, "point_uuid": "875", "point_normal": [0.9999732971191406, 0.004659553058445454, 0.0056385076604783535], "camera_rotation_final": [1.5081937313079834, 0.0018725916743278503, -4.552713871002197], "vanishing_points_image": {"x": [180.286381528522, 285.55408234700496], "y": [515.0893210259834, 258.12619410602935], "z": [255.5329903173183, 7.096665766126173]}, "camera_uuid": "e17726a518b6f85be09164e3bce92661", "field_of_view_rads": 0.9744373502513746, "room": "ef914082afe6874a9bab2b30c864407b"}