{"vanishing_points_gaussian_sphere": {"x": [0.5441098745811314, 0.06296049208542709, 0.8366483256540148], "y": [0.8389798552365683, -0.04982141913489532, -0.5418769497797559], "z": [0.007566167493033396, 0.9967716903241916, -0.07993091065239656]}, "nonfixated_points_in_view": [612, 901, 1031, 1482, 1451, 1293, 1074, 1499, 183, 1467, 734, 95], "point_pitch": 0.07938845554855867, "camera_rotation_from_original_to_final": [-0.06796763092279434, -0.03339691087603569, 0.5223110914230347], "camera_location": [-1.9461179971694946, -10.539590835571289, 4.280216217041016], "camera_rotation_original": [1.5751063823699951, -0.006250596605241299, -2.666795015335083], "view_id": 3, "point_location": [-1.325607180595398, -10.94148063659668, 4.339498043060303], "camera_distance": 0.741662602936564, "bounding_box_ranges": {"x": [-11.261091731243408, -10.539590835571289], "y": [-1.9461179971694946, 0.8199305687678038], "z": [3.1899192882254943, 5.223631622642119]}, "obliqueness_angle": 0.7525550127029419, "resolution": 512, "point_uuid": "620", "point_normal": [-0.28533339500427246, 0.9365516901016235, 0.20360691845417023], "camera_rotation_final": [1.6508148908615112, -0.007566239684820175, -2.1461427211761475], "vanishing_points_image": {"x": [473.3589635832947, 230.84877973053196], "y": [409.39068131007537, 265.10884972653076], "z": [257.6905538461709, 33.28536721088755]}, "camera_uuid": "41fe4d40075167d2675e7ca53b4961cc", "field_of_view_rads": 1.0070001765099665, "room": "c6b90c3c2e476767ef8ca0b4e5cf1d4d"}