{"vanishing_points_gaussian_sphere": {"x": [-0.3250177463978001, -0.175389092294811, 0.9293019589081353], "y": [0.9455735750857706, -0.07683111359581571, 0.3162081499315627], "z": [0.01593984397696672, 0.9814966359023495, 0.19081476642639802]}, "nonfixated_points_in_view": [0, 650, 906, 147, 406, 1176, 410, 26, 1055, 36, 804, 678, 1320, 688, 1329, 50, 818, 694, 829, 576, 1217, 197, 841, 209, 465, 1490, 1109, 1365, 343, 1368, 223, 743, 360, 1383, 1132, 625, 501, 757, 631, 760], "point_pitch": -0.18537406524154143, "camera_rotation_from_original_to_final": [-0.16520951688289642, -0.12272949516773224, 1.2916964292526245], "camera_location": [0.4931855797767639, -7.2360944747924805, 1.5182243585586548], "camera_rotation_original": [1.5842092037200928, -0.010877704247832298, 0.6175836324691772], "view_id": 2, "point_location": [-2.612917184829712, -8.292989730834961, 0.8804441690444946], "camera_distance": 3.3424040902086367, "bounding_box_ranges": {"x": [-11.529645181377195, -6.411319626564736], "y": [-3.551188003795353, 0.4931855797767639], "z": [-0.03905313228144247, 2.42466082564835]}, "obliqueness_angle": 0.6558713912963867, "resolution": 512, "point_uuid": "920", "point_normal": [0.8968252539634705, 0.12645676732063293, -0.42392584681510925], "camera_rotation_final": [1.3787795305252075, -0.01594051904976368, 1.9018704891204834], "vanishing_points_image": {"x": [115.41502974174688, 331.8637662009674], "y": [516.0792778643666, 277.1323381575065], "z": [260.08037293718763, 4.7508461899811465]}, "camera_uuid": "c61bffa72844e019185a72c8df1f3454", "field_of_view_rads": 1.0099283192980015, "room": "856e4980d5eb3351797f528948f684e5"}