{"vanishing_points_gaussian_sphere": {"x": [0.09489674682996875, -0.07382522425413399, 0.9927459109484741], "y": [0.995475359153368, 0.01188508837260459, -0.09427382453708158], "z": [-0.004839086645419539, 0.9972003715092581, 0.07461904785130881]}, "nonfixated_points_in_view": [0, 641, 644, 772, 1273, 1284, 392, 650, 906, 912, 657, 147, 406, 1048, 410, 26, 1055, 1441, 802, 36, 805, 678, 1061, 171, 943, 1329, 50, 818, 948, 693, 568, 570, 827, 701, 829, 576, 577, 1217, 708, 197, 582, 71, 328, 841, 714, 1232, 465, 1365, 343, 88, 1368, 740, 613, 631, 360, 743, 1383, 1132, 753, 115, 501, 757, 119, 760, 885, 254], "point_pitch": -0.08664850791427092, "camera_rotation_from_original_to_final": [0.01390432845801115, -0.08651065826416016, -0.2967384457588196], "camera_location": [2.5174548625946045, -7.046302795410156, 1.517836332321167], "camera_rotation_original": [1.5836472511291504, 0.0011349497362971306, 1.7721537351608276], "view_id": 2, "point_location": [-3.497734308242798, -6.475083827972412, 1.0657081604003906], "camera_distance": 6.059142672613186, "bounding_box_ranges": {"x": [-10.238372457905472, -6.120723003333998], "y": [-3.5507061073150936, 2.5174548625946045], "z": [-0.0945853107596481, 2.4271722279068775]}, "obliqueness_angle": 1.5164278745651245, "resolution": 512, "point_uuid": "685", "point_normal": [-0.04036400467157364, -0.9991809129714966, 0.0028973144944757223], "camera_rotation_final": [1.4961069822311401, 0.004839105531573296, 1.4757554531097412], "vanishing_points_image": {"x": [292.19806687440956, 284.16040058103965], "y": [438.62916874432676, 253.81957052981434], "z": [255.0343498329647, 57.00651716433392]}, "camera_uuid": "3d5b30db610d18db270d0baeb235eacb", "field_of_view_rads": 1.1754911801487262, "room": "856e4980d5eb3351797f528948f684e5"}