{"vanishing_points_gaussian_sphere": {"x": [0.1772545730308931, 0.08144718840826355, 0.9807890557301426], "y": [0.9841510814431741, -0.009362180606689703, -0.1770847211605753], "z": [-0.0052407283717799446, 0.9966336865040619, -0.0818158278785754]}, "nonfixated_points_in_view": [516, 1028, 521, 13, 1037, 20, 1053, 32, 38, 40, 552, 45, 557, 47, 64, 578, 67, 1095, 589, 590, 1114, 1121, 1126, 615, 618, 1131, 109, 626, 118, 1150, 128, 647, 653, 148, 661, 1172, 664, 675, 681, 173, 179, 1218, 709, 204, 213, 214, 729, 1244, 735, 750, 762, 261, 1285, 263, 781, 1294, 1295, 1309, 1310, 1313, 813, 302, 304, 1342, 325, 843, 844, 340, 1390, 370, 888, 381, 1407, 1415, 907, 1427, 919, 1431, 1436, 931, 424, 1452, 435, 1461, 1462, 951, 440, 1466, 445, 1471, 450, 461, 467, 468, 1496, 475, 483, 999, 489, 502, 1022], "point_pitch": 0.07320197025803132, "camera_rotation_from_original_to_final": [0.05434633418917656, -0.0486331470310688, -0.8990623950958252], "camera_location": [-6.425679683685303, -2.262380838394165, 1.4977667331695557], "camera_rotation_original": [1.5803217887878418, -0.003540406469255686, -0.8513162136077881], "view_id": 0, "point_location": [-0.9309813380241394, -3.2544665336608887, 1.9561256170272827], "camera_distance": 5.602324368793507, "bounding_box_ranges": {"x": [-6.102758042301137, 0.691435365643541], "y": [-6.425679683685303, 1.4907523883969374], "z": [-0.02070660551127884, 5.462666839211588]}, "obliqueness_angle": 0.2718380391597748, "resolution": 512, "point_uuid": "1400", "point_normal": [-0.9071683883666992, 0.4206092655658722, 0.011552785523235798], "camera_rotation_final": [1.6527048349380493, 0.00524075236171484, -1.7489949464797974], "vanishing_points_image": {"x": [331.9572074496554, 221.09821506811323], "y": [453.4340542578301, 257.87818040210067], "z": [254.90052599890822, 46.91211198352718]}, "camera_uuid": "928222235a04d0c536e00fac4a58b265", "field_of_view_rads": 1.0603379658610383, "room": "8de55a2e5745f73de25402626a4c3d61"}