{"vanishing_points_gaussian_sphere": {"x": [0.35869722008579524, -0.17723862129698367, 0.9164730085624274], "y": [0.9334539638891048, 0.06814937358631794, -0.3521638257679376], "z": [-4.0030492517226616e-05, 0.9818055479577089, 0.18988908445990985]}, "nonfixated_points_in_view": [1409, 387, 264, 782, 1038, 1045, 23, 1434, 1051, 1446, 297, 553, 809, 939, 685, 815, 176, 562, 563, 1334, 826, 443, 1210, 575, 704, 577, 1087, 1224, 458, 1358, 464, 337, 1361, 1367, 861, 1376, 227, 1256, 1259, 1004, 493, 1007, 1137, 1138, 628, 885, 1268, 1273, 634, 635, 766], "point_pitch": -0.1986383636805673, "camera_rotation_from_original_to_final": [-0.15929754078388214, -0.11321250349283218, -1.0132068395614624], "camera_location": [-5.388822078704834, -10.731203079223633, 1.4981894493103027], "camera_rotation_original": [1.5747919082641602, -0.006452437024563551, 0.6547536253929138], "view_id": 0, "point_location": [-3.6026782989501953, -6.08293342590332, 0.5350891947746277], "camera_distance": 5.071911141013547, "bounding_box_ranges": {"x": [-10.731203079223633, -5.955516574101834], "y": [-6.1443840803281, -2.9089395357315153], "z": [-0.04051490040861727, 2.429926568510473]}, "obliqueness_angle": 0.3945463299751282, "resolution": 512, "point_uuid": "899", "point_normal": [-0.015385258011519909, -0.9998539686203003, 0.007445186376571655], "camera_rotation_final": [1.3797471523284912, 4.003049252787605e-05, -0.3668718636035919], "vanishing_points_image": {"x": [407.838310279219, 331.02598645039825], "y": [438.01971215065294, 242.71115036916532], "z": [255.98985671024565, 7.2211934166242955]}, "camera_uuid": "71b3547b15480cf3650f1acaad8a6075", "field_of_view_rads": 1.0181497995305675, "room": "ade82d56fe033105b37cc8ef1783cd93"}