{"vanishing_points_gaussian_sphere": {"x": [0.6000519813802131, -0.17800725114017582, 0.779904505810294], "y": [0.7999441038644919, 0.12718213730788325, -0.5864419277662826], "z": [0.005200993570019861, 0.9757756517208847, 0.21871174448247516]}, "nonfixated_points_in_view": [0, 1030, 520, 1033, 530, 1048, 26, 544, 34, 36, 1063, 1066, 1067, 48, 55, 572, 62, 1089, 579, 1094, 93, 97, 99, 617, 1130, 117, 134, 146, 658, 660, 1176, 1178, 677, 682, 684, 174, 688, 693, 695, 192, 1221, 1231, 1236, 215, 728, 221, 223, 1269, 774, 1286, 777, 784, 278, 1304, 797, 805, 1319, 296, 301, 1329, 1330, 1336, 314, 827, 319, 1351, 330, 847, 1360, 1368, 862, 357, 890, 1403, 900, 398, 911, 1422, 410, 416, 944, 958, 965, 971, 980, 472, 984, 996, 486], "point_pitch": -0.2314447601649423, "camera_rotation_from_original_to_final": [0.20067496597766876, 0.09273027628660202, -1.1029289960861206], "camera_location": [3.8354318141937256, -5.580057144165039, 1.5235874652862549], "camera_rotation_original": [1.571001648902893, -0.012118679471313953, -2.674816608428955], "view_id": 1, "point_location": [1.5734765529632568, -8.588213920593262, 0.6799984574317932], "camera_distance": 3.8570832927207013, "bounding_box_ranges": {"x": [-12.055270200790243, -5.580057144165039], "y": [-3.5512578062693168, 3.8354318141937256], "z": [-0.012768451498882172, 2.426321755452916]}, "obliqueness_angle": 1.5088155269622803, "resolution": 512, "point_uuid": "643", "point_normal": [-0.7720786333084106, 0.6094443202018738, 0.18020056188106537], "camera_rotation_final": [1.3502992391586304, -0.005201017018407583, -3.7851688861846924], "vanishing_points_image": {"x": [489.56065919026054, 325.2864821832862], "y": [402.8796237394389, 232.64778778427754], "z": [257.38661774535245, -4.147953644524428]}, "camera_uuid": "c83171f93afe09cc67e6fc1972ae2a82", "field_of_view_rads": 0.9888069660926013, "room": "856e4980d5eb3351797f528948f684e5"}