{"vanishing_points_gaussian_sphere": {"x": [0.47214641341568636, -0.195840757617146, 0.8594906409930513], "y": [0.8812460234973948, 0.08054728082991713, -0.465744116034691], "z": [0.02198204650920907, 0.9773221235635919, 0.21061399864305846]}, "nonfixated_points_in_view": [1280, 257, 642, 788, 152, 409, 164, 421, 168, 1068, 1324, 1072, 692, 953, 1469, 318, 199, 711, 76, 1229, 1233, 1234, 121, 993, 611, 1122, 1251, 870, 871, 1380, 748, 1006, 239, 1262, 1265, 1138, 756, 633, 893], "point_pitch": -0.22207431395980315, "camera_rotation_from_original_to_final": [-0.23729276657104492, -0.0046801031567156315, 1.1508413553237915], "camera_location": [-2.484394073486328, -5.331701278686523, 4.301449775695801], "camera_rotation_original": [1.594873070716858, 5.2980572945671156e-05, -0.07394442707300186], "view_id": 6, "point_location": [-7.102736473083496, -2.8290956020355225, 3.1697468757629395], "camera_distance": 5.373348403728892, "bounding_box_ranges": {"x": [-5.452527668352501, -4.067032337853964], "y": [-3.2495568920385467, -2.484394073486328], "z": [3.3664298712612473, 4.8186530242912]}, "obliqueness_angle": 0.505952775478363, "resolution": 512, "point_uuid": "636", "point_normal": [0.9993122220039368, -0.03661469370126724, -0.005884408485144377], "camera_rotation_final": [1.3585412502288818, -0.021983817219734192, 1.0789427757263184], "vanishing_points_image": {"x": [413.7416859036802, 321.42938884507527], "y": [392.18140215597845, 243.5528043806238], "z": [260.6809362182889, 47.88550423604688]}, "camera_uuid": "c5be5141daf3c047a2d6d480abd9ff63", "field_of_view_rads": 1.183162854774974, "room": "7177ff6aafad58b0656fca6e31b41601"}