{"vanishing_points_gaussian_sphere": {"x": [-0.0037415394545392486, 0.18009716322169367, 0.9836417095070791], "y": [0.9998171923735075, 0.01911779743398499, 0.00030274680791412845], "z": [-0.01875053910869529, 0.9834630250399716, -0.18013577008013026]}, "nonfixated_points_in_view": [2, 131, 514, 1283, 1411, 266, 656, 1177, 283, 1056, 803, 676, 1060, 41, 169, 812, 1454, 559, 432, 1207, 700, 705, 850, 212, 1494, 1247, 480, 102, 1127, 745, 620, 1261, 110, 111, 1134, 125], "point_pitch": 0.17330487171677156, "camera_rotation_from_original_to_final": [-0.04498814046382904, -0.17849841713905334, -2.6762850284576416], "camera_location": [-0.3368440568447113, -10.415435791015625, 4.328280448913574], "camera_rotation_original": [1.5721080303192139, -0.020286651328206062, -2.0281968116760254], "view_id": 4, "point_location": [-5.076635837554932, -10.416894912719727, 5.196285247802734], "camera_distance": 4.81861620517692, "bounding_box_ranges": {"x": [-11.312393032925488, -9.869236119170454], "y": [-2.0121670319660514, -0.3368440568447113], "z": [3.7317455624729847, 5.21067333297439]}, "obliqueness_angle": 1.400511622428894, "resolution": 512, "point_uuid": "400", "point_normal": [-0.010838724672794342, -0.0015812707133591175, -0.9999400973320007], "camera_rotation_final": [1.7519530057907104, 0.018751638010144234, -4.708646774291992], "vanishing_points_image": {"x": [254.38951346981568, 178.48002218951234], "y": [474.73080536195647, 251.81758419301104], "z": [252.23743665702145, 58.65410473055605]}, "camera_uuid": "b87171fb6c278f89d23d6a3ee7d4a1a2", "field_of_view_rads": 1.0588960847141224, "room": "c6b90c3c2e476767ef8ca0b4e5cf1d4d"}