{"vanishing_points_gaussian_sphere": {"x": [-0.15519797067785637, 0.2914909901805273, 0.9438996729213603], "y": [0.9878765585256178, 0.049346406079797116, 0.14718980033477033], "z": [-0.003673555914508795, 0.9552999187954448, -0.295615578304594]}, "nonfixated_points_in_view": [516, 7, 521, 13, 1037, 542, 552, 45, 557, 47, 64, 578, 67, 1091, 1095, 75, 589, 590, 591, 1114, 1121, 618, 1131, 623, 118, 632, 647, 138, 653, 148, 661, 664, 1185, 675, 681, 170, 193, 1218, 709, 712, 201, 1227, 204, 210, 213, 214, 1242, 1244, 735, 228, 1258, 245, 762, 263, 781, 1294, 1300, 1306, 1313, 802, 806, 1342, 1346, 843, 844, 332, 338, 340, 341, 1366, 1373, 1375, 352, 1382, 1386, 374, 888, 1400, 383, 1407, 386, 391, 1438, 931, 420, 1447, 424, 435, 1462, 951, 440, 1466, 461, 463, 467, 468, 981, 994, 999, 489, 490], "point_pitch": 0.2887879172947745, "camera_rotation_from_original_to_final": [0.16030436754226685, -0.24065467715263367, -0.42409756779670715], "camera_location": [-6.116707801818848, -5.171044826507568, 1.5127230882644653], "camera_rotation_original": [1.5826430320739746, -0.00107341050170362, -1.010670781135559], "view_id": 1, "point_location": [-0.9277105331420898, -4.36188268661499, 3.137840509414673], "camera_distance": 5.497403350082841, "bounding_box_ranges": {"x": [-6.4415640373623075, 1.0800429060722454], "y": [-6.116707801818848, 1.4911740122384503], "z": [-0.020677104625949516, 5.467725740413679]}, "obliqueness_angle": 1.318258285522461, "resolution": 512, "point_uuid": "1172", "point_normal": [-0.38505151867866516, 0.9199392199516296, -0.07380528002977371], "camera_rotation_final": [1.8708982467651367, 0.003673564177006483, -1.41496741771698], "vanishing_points_image": {"x": [191.81752198041914, 135.4532300361006], "y": [488.86668828423683, 244.36784407590184], "z": [255.30108701231867, 74.2492560573053]}, "camera_uuid": "676a1ae5fa5b4d774f8408cdbebb47fb", "field_of_view_rads": 1.0603379658610383, "room": "8de55a2e5745f73de25402626a4c3d61"}