{"vanishing_points_gaussian_sphere": {"x": [-0.3339612038943135, -0.18630569944547856, 0.9239913964142696], "y": [0.9424531088939387, -0.0825101544199687, 0.3239972406576061], "z": [0.015876140261743533, 0.9790210726903298, 0.20313957615064948]}, "nonfixated_points_in_view": [0, 1284, 1273, 650, 906, 912, 1040, 147, 406, 920, 1176, 410, 26, 1434, 1055, 36, 804, 678, 1320, 685, 943, 48, 688, 50, 818, 1329, 694, 829, 319, 192, 576, 577, 706, 1217, 197, 841, 209, 465, 722, 1109, 1365, 343, 88, 1368, 223, 743, 360, 1383, 1132, 625, 501, 757, 631, 760, 885], "point_pitch": -0.1977960308406015, "camera_rotation_from_original_to_final": [-0.17563560605049133, -0.12987492978572845, 1.3022832870483398], "camera_location": [0.4931855797767639, -7.2360944747924805, 1.5182243585586548], "camera_rotation_original": [1.5842092037200928, -0.010877704247832298, 0.6175836324691772], "view_id": 1, "point_location": [-2.6047823429107666, -8.322395324707031, 0.8371357321739197], "camera_distance": 3.3528101272851942, "bounding_box_ranges": {"x": [-11.573305955668529, -6.283643991093991], "y": [-3.5512448325739525, 0.4931855797767639], "z": [-0.04519005824076894, 2.42740605314999]}, "obliqueness_angle": 0.6419892907142639, "resolution": 512, "point_uuid": "1490", "point_normal": [0.5877068638801575, 0.8088119029998779, -0.020589977502822876], "camera_rotation_final": [1.3662068843841553, -0.015876807272434235, 1.9113439321517944], "vanishing_points_image": {"x": [132.29521498976996, 325.01073007084074], "y": [480.12548731267606, 275.6218022871425], "z": [259.52157391667475, 38.83795578645349]}, "camera_uuid": "c61bffa72844e019185a72c8df1f3454", "field_of_view_rads": 1.1418775561380778, "room": "856e4980d5eb3351797f528948f684e5"}