{"vanishing_points_gaussian_sphere": {"x": [0.2198492569134347, -0.20168408946982042, 0.9544578735016753], "y": [0.9755236154624141, 0.04993465954594301, -0.21414996019418472], "z": [-0.004469889232488468, 0.9781769051816549, 0.2077256899362451]}, "nonfixated_points_in_view": [130, 892, 393, 1289, 780, 1165, 14, 1169, 274, 787, 1298, 792, 667, 1316, 1448, 42, 556, 825, 1468, 702, 1216, 1476, 453, 70, 1223, 584, 585, 460, 979, 84, 865, 868, 358, 1384, 877, 1401, 251, 508, 382], "point_pitch": -0.2103699882838388, "camera_rotation_from_original_to_final": [-0.20119164884090424, 0.05444679036736488, 3.1379048824310303], "camera_location": [-5.588504314422607, -6.667678356170654, 1.5075440406799316], "camera_rotation_original": [1.5696860551834106, -0.004471865016967058, -0.2234717458486557], "view_id": 3, "point_location": [-6.679366111755371, -11.5295991897583, 0.4494076371192932], "camera_distance": 5.093908658511362, "bounding_box_ranges": {"x": [-11.626302165480334, -6.667678356170654], "y": [-7.282403621966379, -3.936919718093712], "z": [-0.010400855515113938, 2.4298216168329247]}, "obliqueness_angle": 0.32071730494499207, "resolution": 512, "point_uuid": "765", "point_normal": [-0.031614016741514206, 0.9994611144065857, 0.008840012364089489], "camera_rotation_final": [1.3615448474884033, 0.004469904117286205, 2.9199304580688477], "vanishing_points_image": {"x": [346.8450348417748, 339.3389131814611], "y": [446.3480733805603, 246.2565493148221], "z": [254.9225180316644, 20.207137502420288]}, "camera_uuid": "a16f93f6e5a1a0a39d5df06bb9e95552", "field_of_view_rads": 1.0698415126962444, "room": "ade82d56fe033105b37cc8ef1783cd93"}