{"vanishing_points_gaussian_sphere": {"x": [0.5094334413778057, -0.020873488630583636, 0.8602568606400967], "y": [0.8604218009261341, -0.0019619886350006758, -0.5095787231543565], "z": [0.01232449986790702, 0.9997801998804463, 0.016960502056865424]}, "nonfixated_points_in_view": [1409, 899, 264, 1296, 18, 23, 1434, 1051, 540, 796, 1307, 547, 675, 293, 804, 553, 809, 1065, 685, 176, 304, 1076, 1204, 694, 1332, 1208, 443, 575, 1087, 577, 706, 1219, 580, 1477, 839, 1224, 458, 1354, 719, 336, 337, 464, 722, 849, 1361, 1238, 347, 861, 606, 1376, 227, 997, 1254, 231, 1255, 1256, 234, 364, 1004, 750, 624, 628, 885, 630, 1273, 1278, 127], "point_pitch": -0.011232181391443774, "camera_rotation_from_original_to_final": [0.004733193200081587, 0.027627350762486458, 1.350440263748169], "camera_location": [-6.732573986053467, -9.080721855163574, 1.502792477607727], "camera_rotation_original": [1.58157217502594, -0.008283889852464199, -1.885231852531433], "view_id": 4, "point_location": [-0.5369672179222107, 1.3785325288772583, 1.2965819835662842], "camera_distance": 12.158291931287614, "bounding_box_ranges": {"x": [-9.080721855163574, -5.9327890634469345], "y": [-6.732573986053467, -2.4487984678505823], "z": [-0.019381851853426016, 2.42862207461937]}, "obliqueness_angle": 0.4053918421268463, "resolution": 512, "point_uuid": "1203", "point_normal": [-0.12949411571025848, -0.990690290927887, 0.04200036823749542], "camera_rotation_final": [1.5538337230682373, -0.012324811890721321, -0.5345712304115295], "vanishing_points_image": {"x": [485.6902311031648, 265.4113107583222], "y": [432.18650599153955, 256.4017517013444], "z": [259.1937432593386, -3.080799092141268]}, "camera_uuid": "6fe7ddd5d030b288cf1811fb32bc13b1", "field_of_view_rads": 0.9243656888194649, "room": "ade82d56fe033105b37cc8ef1783cd93"}