{"vanishing_points_gaussian_sphere": {"x": [0.21650616287843477, 0.06023618061173701, 0.9744212046035159], "y": [0.9762662761499644, -0.018886316788360037, -0.21574861550065913], "z": [0.005407354985407487, 0.9980054657082195, -0.06289555571407157]}, "nonfixated_points_in_view": [384, 1282, 5, 390, 645, 1158, 1274, 280, 1049, 1433, 1435, 800, 289, 418, 294, 1323, 1073, 1205, 1214, 1093, 326, 202, 970, 1235, 346, 218, 737, 226, 995, 614, 487, 742, 1129, 107, 876, 365, 238, 112, 497, 1394, 755, 1012, 1396, 1142, 247, 1272, 506, 637], "point_pitch": 0.05481501022842927, "camera_rotation_from_original_to_final": [0.04665479063987732, -0.026694055646657944, 0.25906625390052795], "camera_location": [4.716692924499512, -4.644749641418457, 4.289913177490234], "camera_rotation_original": [1.5800347328186035, -0.0031423436012119055, -0.47769707441329956], "view_id": 2, "point_location": [5.712950706481934, -0.14518558979034424, 4.580344200134277], "camera_distance": 4.617678879959375, "bounding_box_ranges": {"x": [-4.644749641418457, -0.08519843968951157], "y": [4.1777360860787764, 7.503897598229441], "z": [2.763185825501781, 5.206054671678136]}, "obliqueness_angle": 0.9085277318954468, "resolution": 512, "point_uuid": "921", "point_normal": [0.5719048976898193, -0.7750263810157776, 0.2688103914260864], "camera_rotation_final": [1.6337343454360962, -0.00540738133713603, -0.21823756396770477], "vanishing_points_image": {"x": [358.51965432999157, 227.47705944083626], "y": [469.9704025809407, 260.1393551177587], "z": [257.27295644454034, 21.05750173824945]}, "camera_uuid": "3e56251b11c1ca97c045b046c52cd27c", "field_of_view_rads": 0.9702616342995998, "room": "5cd6a063c51df65aa0d61bbfd9882874"}