{"vanishing_points_gaussian_sphere": {"x": [-0.6718919771925507, -0.1026353241565323, 0.7335033477902937], "y": [0.7405548199005855, -0.07728947226741284, 0.6675364381055438], "z": [-0.011820732054167072, 0.9917118168661239, 0.12793726033409983]}, "nonfixated_points_in_view": [516, 1028, 1043, 20, 22, 32, 548, 38, 40, 45, 575, 578, 1095, 589, 590, 594, 87, 1112, 92, 615, 109, 624, 118, 1148, 1150, 128, 647, 653, 1172, 156, 668, 160, 675, 681, 173, 176, 691, 1211, 1213, 709, 204, 213, 729, 1244, 1250, 739, 744, 236, 762, 764, 261, 264, 1294, 271, 1295, 276, 1300, 1306, 1307, 1309, 1313, 293, 1318, 809, 300, 813, 302, 1342, 324, 843, 340, 1369, 1373, 352, 1377, 356, 1390, 370, 888, 1400, 1405, 1415, 919, 1431, 1436, 414, 1441, 931, 424, 945, 435, 1461, 951, 440, 957, 1475, 1479, 461, 1485, 981, 475, 991, 483, 489, 490, 502, 1022], "point_pitch": -0.14414088328811125, "camera_rotation_from_original_to_final": [-0.08551985770463943, 0.11247603595256805, -1.6924796104431152], "camera_location": [-6.215150356292725, 0.12702560424804688, 1.4902317523956299], "camera_rotation_original": [1.5806941986083984, -0.017110392451286316, -0.7174729108810425], "view_id": 3, "point_location": [-2.7858951091766357, -3.641111373901367, 0.8329949378967285], "camera_distance": 5.1371789878367675, "bounding_box_ranges": {"x": [-6.441892389502195, 0.12702560424804688], "y": [-6.215150356292725, 1.491092003108637], "z": [-0.017988177634449654, 5.464850469304654]}, "obliqueness_angle": 1.2926304340362549, "resolution": 512, "point_uuid": "148", "point_normal": [-0.19563983380794525, 0.025320420041680336, 0.9803489446640015], "camera_rotation_final": [1.4424984455108643, 0.01182100735604763, -2.404768943786621], "vanishing_points_image": {"x": [23.702399024116453, 291.4847808669577], "y": [499.36111521543336, 281.3988653641265], "z": [253.23513908560855, 24.039303468798646]}, "camera_uuid": "7d18db1fca787c6dcd4baad30e113130", "field_of_view_rads": 1.0581018947617054, "room": "8de55a2e5745f73de25402626a4c3d61"}