{"vanishing_points_gaussian_sphere": {"x": [0.41565482824232836, -0.05124318117136964, 0.9080777500535286], "y": [0.9095210992282777, 0.0251308104885089, -0.4148973516699958], "z": [-0.0015600696862797271, 0.9983699608600155, 0.057052497184129566]}, "nonfixated_points_in_view": [256, 131, 266, 268, 396, 656, 1056, 419, 1187, 1315, 308, 444, 1345, 72, 713, 1352, 717, 1230, 1488, 1362, 723, 1115, 476, 348, 96, 1381, 998, 1003, 621, 622, 1134, 1261, 243, 883, 629, 246], "point_pitch": -0.05544952949019866, "camera_rotation_from_original_to_final": [-0.012742362916469574, 0.05598278343677521, 2.4225993156433105], "camera_location": [-2.806222438812256, -9.90909194946289, 4.287649154663086], "camera_rotation_original": [1.5709993839263916, -0.0022501780185848475, -1.2808427810668945], "view_id": 1, "point_location": [-7.285558700561523, -7.862499237060547, 4.006221771240234], "camera_distance": 4.932767619163541, "bounding_box_ranges": {"x": [-9.962755793343685, -6.088130953416272], "y": [-7.2841793747876, -2.806222438812256], "z": [2.7651382284219435, 5.212400491597669]}, "obliqueness_angle": 0.43601495027542114, "resolution": 512, "point_uuid": "875", "point_normal": [0.9999732971191406, 0.004659553058445454, 0.0056385076604783535], "camera_rotation_final": [1.513712763786316, 0.0015600703191012144, 1.142133116722107], "vanishing_points_image": {"x": [466.94348968159215, 282.00574978133744], "y": [464.70800919623804, 250.23322732040523], "z": [255.55505334712845, -28.74457027076501]}, "camera_uuid": "48bee344cd0412ed9774218b24d4c13a", "field_of_view_rads": 0.8655290140371864, "room": "ef914082afe6874a9bab2b30c864407b"}