{"vanishing_points_gaussian_sphere": {"x": [0.5576474499277599, -0.16610733632376123, 0.8132881865664171], "y": [0.8300700375676473, 0.11585472986748901, -0.5454919012229017], "z": [-0.0036130764607517907, 0.9792783232497062, 0.20248681757520104]}, "nonfixated_points_in_view": [0, 1284, 1286, 1032, 1418, 267, 528, 912, 530, 410, 802, 293, 1061, 167, 1194, 171, 685, 814, 944, 50, 818, 693, 55, 184, 313, 568, 570, 827, 701, 62, 829, 1336, 1474, 708, 197, 71, 327, 328, 458, 1100, 1232, 465, 722, 1365, 88, 1248, 740, 613, 242, 115, 627, 885, 119, 1273, 254], "point_pitch": -0.23661880095931487, "camera_rotation_from_original_to_final": [-0.05005345866084099, -0.2301730364561081, -0.43644022941589355], "camera_location": [3.307429552078247, -10.623159408569336, 1.5089129209518433], "camera_rotation_original": [1.6019235849380493, -0.010716056451201439, 1.4206318855285645], "view_id": 5, "point_location": [-0.4497649669647217, -8.103118896484375, 0.573472797870636], "camera_distance": 4.619757858232939, "bounding_box_ranges": {"x": [-10.623159408569336, -5.945967781970096], "y": [-3.5511374728312948, 3.307429552078247], "z": [-0.09010012633865205, 2.4275137341942643]}, "obliqueness_angle": 0.36201152205467224, "resolution": 512, "point_uuid": "805", "point_normal": [0.6505252718925476, -0.5501450300216675, 0.5236003398895264], "camera_rotation_final": [1.3668982982635498, 0.0036130843218415976, 0.9792429804801941], "vanishing_points_image": {"x": [521.0314534390772, 334.9453422202201], "y": [439.9187393732582, 230.33005059416877], "z": [254.8663264042886, -51.26777857608227]}, "camera_uuid": "6fc923253b31e08cd2b4b232614b75a1", "field_of_view_rads": 0.8521793501465003, "room": "856e4980d5eb3351797f528948f684e5"}