{"vanishing_points_gaussian_sphere": {"x": [0.6445786279391007, 0.13262565599006015, 0.7529467629104681], "y": [0.7644820275044932, -0.12372743616340333, -0.632660059718527], "z": [0.00925321710356585, 0.9834134211579773, -0.1811419914310238]}, "nonfixated_points_in_view": [320, 6, 1479, 236, 473, 1421, 271, 1041, 1047, 696, 345, 798], "point_pitch": 0.19821818272141023, "camera_rotation_from_original_to_final": [-0.0765032023191452, 0.1489057093858719, 1.9758023023605347], "camera_location": [0.30798399448394775, -4.362792491912842, 3.736617088317871], "camera_rotation_original": [1.5856736898422241, -0.011059120297431946, 2.032072067260742], "view_id": 1, "point_location": [3.9072916507720947, -7.387094497680664, 4.602529048919678], "camera_distance": 4.780295083422646, "bounding_box_ranges": {"x": [-5.982520143628596, -4.362792491912842], "y": [0.30798399448394775, 1.4911994267263653], "z": [3.114188448575412, 5.293180738189661]}, "obliqueness_angle": 0.9284378290176392, "resolution": 512, "point_uuid": "92", "point_normal": [-0.976817786693573, -0.2139992117881775, 0.005616749171167612], "camera_rotation_final": [1.752951741218567, -0.009253349155187607, 4.011880874633789], "vanishing_points_image": {"x": [499.61108104893907, 205.875658251555], "y": [392.86065888531533, 278.1501851270331], "z": [257.9994702395597, 43.50029889267327]}, "camera_uuid": "73759aa4f227ecebe2f10f72d0e43db4", "field_of_view_rads": 0.9951649108529494, "room": "8de55a2e5745f73de25402626a4c3d61"}