{"vanishing_points_gaussian_sphere": {"x": [-0.6389071691301703, -0.0873228245749568, 0.7643116861217832], "y": [0.7692793311622319, -0.07592540858482634, 0.6343852480770785], "z": [0.002634365324178792, 0.9932824656861101, 0.11568493194820258]}, "nonfixated_points_in_view": [1026, 516, 13, 1037, 18, 23, 1051, 540, 547, 552, 1065, 45, 557, 47, 1076, 64, 578, 67, 580, 1095, 1096, 589, 590, 1105, 1114, 1120, 1121, 618, 1131, 114, 118, 630, 632, 1152, 647, 1162, 653, 148, 661, 1172, 664, 675, 681, 178, 1202, 1203, 1204, 1208, 1209, 1219, 196, 709, 710, 1227, 719, 720, 213, 214, 1238, 729, 1244, 735, 227, 1254, 231, 1255, 234, 750, 240, 759, 1276, 263, 781, 1294, 1296, 1306, 796, 290, 809, 304, 305, 1332, 315, 1344, 1346, 839, 1354, 843, 844, 332, 336, 849, 337, 1361, 340, 341, 347, 1375, 867, 364, 374, 888, 1400, 1407, 385, 386, 391, 401, 1427, 408, 931, 424, 435, 1462, 951, 440, 1466, 443, 1472, 1477, 1480, 461, 464, 467, 468, 999, 489, 1001], "point_pitch": -0.12754492362472014, "camera_rotation_from_original_to_final": [-0.0694952979683876, 0.10734083503484726, 0.12898200750350952], "camera_location": [-6.116707801818848, -5.171044826507568, 1.5127230882644653], "camera_rotation_original": [1.5826430320739746, -0.00107341050170362, -1.010670781135559], "view_id": 4, "point_location": [1.4198729991912842, 1.0843820571899414, 0.37199753522872925], "camera_distance": 9.86061229287423, "bounding_box_ranges": {"x": [-5.171324004851704, 1.5575800785619558], "y": [-6.116707801818848, 1.4796314887236157], "z": [-0.026583397883475413, 4.83705197026245]}, "obliqueness_angle": 1.4241437911987305, "resolution": 512, "point_uuid": "807", "point_normal": [-0.048271432518959045, 0.009948885068297386, 0.9987847208976746], "camera_rotation_final": [1.4548513889312744, -0.002634368371218443, -0.877716600894928], "vanishing_points_image": {"x": [79.69296521593557, 280.0968156465356], "y": [448.0864295082358, 274.958315989043], "z": [256.47671992012346, 76.25365527101712]}, "camera_uuid": "676a1ae5fa5b4d774f8408cdbebb47fb", "field_of_view_rads": 1.287970285207832, "room": "8de55a2e5745f73de25402626a4c3d61"}