{"vanishing_points_gaussian_sphere": {"x": [-0.04972133808598836, 0.06588771753362106, 0.9965874759483728], "y": [0.9987067610128716, -0.007321134355779381, 0.05031109717471511], "z": [0.01061103416815928, 0.9978001852424936, -0.06543849237205702]}, "nonfixated_points_in_view": [385, 386, 769, 1026, 647, 140, 1296, 18, 914, 148, 277, 789, 23, 1426, 1427, 1051, 417, 546, 547, 931, 295, 47, 305, 435, 1076, 1203, 1204, 1332, 1208, 1209, 443, 704, 1219, 196, 1220, 710, 839, 1096, 1477, 1480, 1229, 719, 336, 337, 464, 978, 1105, 1106, 1238, 600, 347, 1244, 606, 1120, 227, 231, 489, 1001, 1259, 364, 1138, 371, 884, 374, 630, 1147, 252], "point_pitch": 0.05754871765640779, "camera_rotation_from_original_to_final": [-0.0054031857289373875, -0.05606857314705849, 1.4140374660491943], "camera_location": [-1.854644775390625, -5.243408679962158, 1.4990227222442627], "camera_rotation_original": [1.582518458366394, 0.006183302495628595, -1.3640222549438477], "view_id": 1, "point_location": [-2.142538547515869, 0.4593372344970703, 1.8734780550003052], "camera_distance": 5.722273353552171, "bounding_box_ranges": {"x": [-5.243408679962158, 1.5574878747478804], "y": [-6.455538325558124, 0.38804623049346376], "z": [-0.027781051664800882, 4.028927402997299]}, "obliqueness_angle": 0.5316813588142395, "resolution": 512, "point_uuid": "1255", "point_normal": [0.5385579466819763, -0.8410553336143494, 0.05080709978938103], "camera_rotation_final": [1.6362853050231934, -0.010611233301460743, 0.04974465072154999], "vanishing_points_image": {"x": [235.30377700995257, 228.57461390071975], "y": [469.94417905802567, 257.56834232095537], "z": [258.14572099772977, 54.22882717331899]}, "camera_uuid": "614fa69f38f6a61f05c875e475650ac3", "field_of_view_rads": 1.099747921523167, "room": "8de55a2e5745f73de25402626a4c3d61"}