{"vanishing_points_gaussian_sphere": {"x": [0.04236962594458402, -0.3588352505118097, 0.9324387796458504], "y": [0.998657707151408, 0.043040344246447405, -0.028815147305539433], "z": [-0.029792595462776773, 0.9324080607530557, 0.36017719180747315]}, "nonfixated_points_in_view": [768, 1281, 644, 646, 908, 1402, 657, 1170, 1149, 795, 1182, 671, 1058, 1442, 551, 1064, 1192, 1447, 686, 687, 1456, 946, 820, 1465, 570, 1339, 1084, 1085, 958, 832, 1091, 69, 198, 712, 969, 972, 333, 334, 79, 208, 462, 338, 463, 591, 977, 342, 599, 1366, 602, 1242, 860, 605, 222, 94, 994, 228, 1382, 104, 1257, 1002, 1258, 1386, 367, 1009, 372, 1140, 1018, 1021, 510], "point_pitch": -0.3826255043360849, "camera_rotation_from_original_to_final": [-0.10544376075267792, -0.3884028196334839, -1.4384095668792725], "camera_location": [3.307429552078247, -10.623159408569336, 1.5089129209518433], "camera_rotation_original": [1.6019235849380493, -0.010716056451201439, 1.4206318855285645], "view_id": 0, "point_location": [3.411839246749878, -7.24453067779541, 0.20383495092391968], "camera_distance": 3.6234324360639776, "bounding_box_ranges": {"x": [-10.623159408569336, -3.1433610204795697], "y": [0.04968613113214104, 6.507814802609431], "z": [-0.01105845134186767, 2.4277341110993933]}, "obliqueness_angle": 0.3831224739551544, "resolution": 512, "point_uuid": "1463", "point_normal": [-0.23322893679141998, -0.7470270395278931, 0.6225390434265137], "camera_rotation_final": [1.20216703414917, 0.029797004535794258, -0.04240114614367485], "vanishing_points_image": {"x": [269.2652649338009, 368.3456853702627], "y": [420.5236239158098, 248.90932883279103], "z": [249.9275282287308, 65.95205217011146]}, "camera_uuid": "6fc923253b31e08cd2b4b232614b75a1", "field_of_view_rads": 1.3072300772270642, "room": "856e4980d5eb3351797f528948f684e5"}