{"vanishing_points_gaussian_sphere": {"x": [-0.5616784681656984, 0.1368010963426551, 0.8159673758420014], "y": [0.8273352047166642, 0.0997956331180214, 0.5527723678396096], "z": [-0.005810114927419085, 0.9855588727468394, -0.16923342138747097]}, "nonfixated_points_in_view": [256, 998, 621, 723, 246, 1498, 444], "point_pitch": 0.1654014150288443, "camera_rotation_from_original_to_final": [0.16785994172096252, 0.016658760607242584, 0.4889828860759735], "camera_location": [-5.364199638366699, -8.788909912109375, 4.275810241699219], "camera_rotation_original": [1.5721772909164429, 0.007314607501029968, 0.10773365199565887], "view_id": 8, "point_location": [-7.185664176940918, -6.100180149078369, 4.833458423614502], "camera_distance": 3.295143721460502, "bounding_box_ranges": {"x": [-8.788909912109375, -5.98441963122645], "y": [-7.284174779050211, -5.364199638366699], "z": [3.510261407578115, 5.207327738330699]}, "obliqueness_angle": 0.49926328659057617, "resolution": 512, "point_uuid": "308", "point_normal": [0.09621713310480118, -0.990602970123291, -0.09720093756914139], "camera_rotation_final": [1.7408510446548462, 0.005810147617012262, 0.5964245796203613], "vanishing_points_image": {"x": [-10.308758360999308, 191.13846057084663], "y": [576.9268118757839, 217.28885342590948], "z": [254.496374164958, 0.9427762567022526]}, "camera_uuid": "c71ad462c76696bcaee0b134a2de9f61", "field_of_view_rads": 0.8556885793604041, "room": "ef914082afe6874a9bab2b30c864407b"}