{"vanishing_points_gaussian_sphere": {"x": [0.7007026977591705, 0.09313180541021328, 0.7073487090354055], "y": [0.7134527530020945, -0.09278458608593555, -0.6945330732359647], "z": [0.0009479381587016771, 0.9913210818931957, -0.13145955274285512]}, "nonfixated_points_in_view": [1029, 1032, 17, 1052, 542, 544, 551, 1064, 51, 568, 570, 60, 1085, 66, 1091, 69, 79, 591, 85, 599, 604, 98, 613, 104, 623, 1136, 116, 1141, 1149, 643, 654, 1167, 144, 657, 1170, 662, 1185, 165, 1192, 687, 693, 703, 198, 712, 1228, 208, 721, 1242, 222, 228, 740, 746, 747, 1290, 275, 1308, 298, 1333, 824, 1336, 317, 832, 1351, 334, 338, 1366, 860, 1382, 1386, 367, 1391, 372, 1403, 904, 1432, 416, 1442, 420, 1447, 946, 1465, 456, 1483, 972, 463, 977, 994, 1018], "point_pitch": 0.1255205432560782, "camera_rotation_from_original_to_final": [0.117805115878582, -0.045821283012628555, -0.38871219754219055], "camera_location": [-1.2640292644500732, -10.590165138244629, 1.4937529563903809], "camera_rotation_original": [1.576294183731079, -0.003259384771808982, -0.3901067078113556], "view_id": 5, "point_location": [3.6245691776275635, -5.611361026763916, 2.419055223464966], "camera_distance": 7.038683835597445, "bounding_box_ranges": {"x": [-10.590165138244629, -3.166195121220696], "y": [-1.2640292644500732, 6.498261327247612], "z": [-0.007526901903723182, 2.4276866464959967]}, "obliqueness_angle": 1.4436696767807007, "resolution": 512, "point_uuid": "1258", "point_normal": [-0.0007062116637825966, 0.007297624368220568, -0.9999731779098511], "camera_rotation_final": [1.7026375532150269, -0.0009479383006691933, -0.7763823866844177], "vanishing_points_image": {"x": [494.7426714410241, 224.26823117583905], "y": [372.6163229176213, 271.1659618765863], "z": [256.19587569660035, 51.159941935034325]}, "camera_uuid": "bf987798a26d9c5da496954cb31ac414", "field_of_view_rads": 1.0530359802965177, "room": "856e4980d5eb3351797f528948f684e5"}