{"vanishing_points_gaussian_sphere": {"x": [0.5581146366349963, -0.2541809929351965, 0.7898734551839705], "y": [0.8297512604227837, 0.16571979358563171, -0.5329632218462522], "z": [0.004571454974964487, 0.9528530699139366, 0.30339764164376537]}, "nonfixated_points_in_view": [1026, 647, 264, 1162, 1296, 18, 1427, 148, 23, 408, 664, 1306, 1051, 540, 796, 1307, 547, 675, 931, 681, 809, 1065, 47, 304, 305, 178, 1202, 1076, 1203, 1204, 1332, 1208, 1209, 1462, 443, 1466, 1471, 1344, 1219, 196, 580, 710, 839, 1477, 1354, 1227, 719, 336, 337, 464, 467, 720, 849, 214, 978, 1238, 1361, 347, 1244, 606, 1376, 227, 867, 231, 999, 489, 234, 618, 364, 1255, 750, 624, 114, 630, 632, 1276, 1151], "point_pitch": -0.3088354309413095, "camera_rotation_from_original_to_final": [-0.30002930760383606, 0.06675174832344055, -0.3801402449607849], "camera_location": [-5.588504314422607, -6.667678356170654, 1.5075440406799316], "camera_rotation_original": [1.5696860551834106, -0.004471865016967058, -0.2234717458486557], "view_id": 5, "point_location": [-4.097126483917236, -4.457395076751709, 0.6585537791252136], "camera_distance": 2.7982752720483917, "bounding_box_ranges": {"x": [-6.142179835851493, 1.5575626596032377], "y": [-5.698510410259226, 1.479524098889902], "z": [-0.021848505258212914, 3.652561787243548]}, "obliqueness_angle": 0.5745530724525452, "resolution": 512, "point_uuid": "1254", "point_normal": [-0.0950883999466896, -0.9954350590705872, 0.008203625679016113], "camera_rotation_final": [1.262536644935608, -0.004571470897644758, -0.5921189188957214], "vanishing_points_image": {"x": [452.9798545370655, 345.7101271458078], "y": [395.9098286398781, 228.05689339840492], "z": [257.15080984398116, 16.130483898474886]}, "camera_uuid": "a16f93f6e5a1a0a39d5df06bb9e95552", "field_of_view_rads": 1.0799443085710965, "room": "8de55a2e5745f73de25402626a4c3d61"}