{"vanishing_points_gaussian_sphere": {"x": [-0.13660087616048566, 0.20637309362209996, 0.9688912977527622], "y": [0.9906015392263825, 0.021560340002032, 0.135069397797275], "z": [0.00698506367253812, 0.9782358089785105, -0.2073786655315581]}, "nonfixated_points_in_view": [1159, 522, 272, 528, 786, 1045, 793, 1305, 925, 1186, 164, 292, 1317, 941, 430, 814, 1198, 689, 436, 828, 1469, 190, 63, 322, 1474, 711, 458, 1100, 335, 1234, 1363, 852, 981, 854, 859, 1371, 1374, 224, 736, 1248, 611, 1379, 1254, 1006, 756, 757, 1143, 1144, 636], "point_pitch": 0.22016246716049714, "camera_rotation_from_original_to_final": [0.02798575349152088, -0.1956493854522705, 3.069183826446533], "camera_location": [-1.854644775390625, -5.243408679962158, 1.4990227222442627], "camera_rotation_original": [1.582518458366394, 0.006183302495628595, -1.3640222549438477], "view_id": 12, "point_location": [-7.091698169708252, -5.973485469818115, 2.619945764541626], "camera_distance": 5.405202097021379, "bounding_box_ranges": {"x": [-6.441886680725767, -2.3272509578758305], "y": [-7.292402705540901, -1.854644775390625], "z": [-0.019705695880265717, 5.294444634542103]}, "obliqueness_angle": 1.4175165891647339, "resolution": 512, "point_uuid": "106", "point_normal": [0.019390666857361794, 0.9997966885566711, 0.005540851037949324], "camera_rotation_final": [1.7796961069107056, -0.006985120475292206, 1.7078289985656738], "vanishing_points_image": {"x": [206.86449355038354, 181.7673394365149], "y": [453.0074850843681, 251.71215247183912], "z": [257.1736535928092, 91.63357105303437]}, "camera_uuid": "614fa69f38f6a61f05c875e475650ac3", "field_of_view_rads": 1.208276973363444, "room": "8de55a2e5745f73de25402626a4c3d61"}