{"vanishing_points_gaussian_sphere": {"x": [0.1977352543641652, -0.10450493938449905, 0.9746689113877497], "y": [0.9802285151618385, 0.028452334081843424, -0.19581246831831836], "z": [-0.0072682353536558915, 0.9941172880146173, 0.10806475107687302]}, "nonfixated_points_in_view": [256, 2, 131, 514, 1283, 266, 268, 396, 400, 656, 1177, 419, 676, 803, 1060, 1315, 41, 1454, 559, 432, 177, 308, 1207, 1352, 1225, 77, 717, 1230, 1488, 1362, 723, 1494, 601, 1115, 476, 1247, 96, 480, 1381, 102, 998, 1127, 745, 875, 1003, 1261, 110, 111, 622, 1134, 883, 629, 379, 125], "point_pitch": -0.11047427257033782, "camera_rotation_from_original_to_final": [0.10636581480503082, 0.03938326984643936, -2.242492198944092], "camera_location": [-1.9461179971694946, -10.539590835571289, 4.280216217041016], "camera_rotation_original": [1.5751063823699951, -0.006250596605241299, -2.666795015335083], "view_id": 6, "point_location": [-7.27621603012085, -9.468765258789062, 3.689249038696289], "camera_distance": 5.4686246912087535, "bounding_box_ranges": {"x": [-11.752813289116421, -6.085058751784506], "y": [-7.284179314018932, -1.9461179971694946], "z": [2.7651415201951743, 5.212400381692911]}, "obliqueness_angle": 0.22678574919700623, "resolution": 512, "point_uuid": "1056", "point_normal": [0.9999648928642273, 0.004960706923156977, 0.006764071527868509], "camera_rotation_final": [1.462517261505127, 0.007268299348652363, -4.911441326141357], "vanishing_points_image": {"x": [339.15791374119436, 299.9497385674077], "y": [448.4933316697445, 250.4126451164396], "z": [254.34344325514107, 29.42344895131479]}, "camera_uuid": "41fe4d40075167d2675e7ca53b4961cc", "field_of_view_rads": 1.0715269340311977, "room": "ef914082afe6874a9bab2b30c864407b"}