{"vanishing_points_gaussian_sphere": {"x": [-0.6530753264543013, -0.2682229873246167, 0.7082012758017782], "y": [0.7572748481575836, -0.22483829938603853, 0.6131741542800894], "z": [-0.005236632936956325, 0.936751924577608, 0.3499548677695897]}, "nonfixated_points_in_view": [998, 875, 268, 1230, 723, 853, 1498], "point_pitch": -0.36281876166793303, "camera_rotation_from_original_to_final": [-0.356833815574646, -0.03938079625368118, 0.6132959127426147], "camera_location": [-5.364199638366699, -8.788909912109375, 4.275810241699219], "camera_rotation_original": [1.5721772909164429, 0.007314607501029968, 0.10773365199565887], "view_id": 0, "point_location": [-7.2729573249816895, -6.584341049194336, 3.1864306926727295], "camera_distance": 3.1129129878823054, "bounding_box_ranges": {"x": [-8.788909912109375, -6.094190937141248], "y": [-7.284179490144636, -5.364199638366699], "z": [2.767522910006006, 4.618196425458232]}, "obliqueness_angle": 0.33754584193229675, "resolution": 512, "point_uuid": "1187", "point_normal": [0.31717389822006226, -0.8560202717781067, 0.40820345282554626], "camera_rotation_final": [1.2132682800292969, 0.005236656870692968, 0.7116501331329346], "vanishing_points_image": {"x": [-3.843599351980035, 362.7197360429538], "y": [536.6565642129461, 339.3281928783091], "z": [254.3688274352117, -35.79132044946339]}, "camera_uuid": "c71ad462c76696bcaee0b134a2de9f61", "field_of_view_rads": 0.9242158300056741, "room": "ef914082afe6874a9bab2b30c864407b"}