{"vanishing_points_gaussian_sphere": {"x": [-0.07938247343067364, 0.10668608464971147, 0.9911188133892642], "y": [0.996725893334021, 0.023814507145606793, 0.0772681228380106], "z": [-0.01535957256978366, 0.9940075193837955, -0.10822723750954334]}, "nonfixated_points_in_view": [643, 1029, 646, 7, 8, 775, 904, 1290, 1414, 654, 1167, 144, 17, 529, 275, 657, 1299, 662, 1428, 1432, 28, 416, 673, 1443, 165, 422, 677, 1062, 298, 172, 687, 1456, 693, 821, 1463, 1465, 60, 317, 1085, 193, 1351, 456, 1099, 1483, 463, 591, 848, 466, 977, 1366, 91, 604, 94, 740, 613, 1128, 1133, 367, 623, 751, 1136, 1391, 116, 1141, 1399, 1403], "point_pitch": 0.10643465916183992, "camera_rotation_from_original_to_final": [0.09037812054157257, 0.02900485135614872, -1.6106542348861694], "camera_location": [-2.1478989124298096, -7.17814826965332, 1.5089408159255981], "camera_rotation_original": [1.586061954498291, -0.002639547921717167, 0.12005194276571274], "view_id": 12, "point_location": [6.203352928161621, -6.527080059051514, 2.420872688293457], "camera_distance": 8.426085100986715, "bounding_box_ranges": {"x": [-11.532091633593502, -5.607950543165424], "y": [-2.1478989124298096, 6.495794531676779], "z": [-0.015322627247803089, 2.427732026701332]}, "obliqueness_angle": 1.44515061378479, "resolution": 512, "point_uuid": "334", "point_normal": [-0.017271053045988083, 0.0001727883645799011, -0.9998509287834167], "camera_rotation_final": [1.6792488098144531, 0.01536017656326294, -1.4913208484649658], "vanishing_points_image": {"x": [223.85870278457068, 212.8036997679158], "y": [467.7560424201662, 250.94056909821796], "z": [253.0239480510468, 63.40232178362328]}, "camera_uuid": "3dfb7fb5350fdc03281337b3a75a5e86", "field_of_view_rads": 1.1196447590685703, "room": "856e4980d5eb3351797f528948f684e5"}