{"vanishing_points_gaussian_sphere": {"x": [0.3766995285791793, -0.2665731776701013, 0.8871506107280143], "y": [0.9262738880689746, 0.119442079506673, -0.3574217032088377], "z": [-0.010684074588329281, 0.9563850326045396, 0.2919135487780668]}, "nonfixated_points_in_view": [1408, 770, 898, 4, 645, 390, 519, 1158, 1282, 1274, 395, 1035, 143, 1429, 280, 1049, 928, 289, 817, 950, 952, 954, 187, 1214, 1093, 326, 202, 1226, 1235, 982, 857, 346, 218, 730, 608, 225, 226, 610, 737, 995, 614, 742, 1129, 107, 876, 365, 238, 497, 1394, 755, 1011, 1396, 1142, 506, 637], "point_pitch": -0.28847305377456145, "camera_rotation_from_original_to_final": [0.16463719308376312, -0.26269447803497314, -2.5747694969177246], "camera_location": [3.5518953800201416, -7.357985973358154, 4.276762962341309], "camera_rotation_original": [1.5831875801086426, -0.0045831575989723206, 2.16766619682312], "view_id": 0, "point_location": [5.3852219581604, -2.8075144290924072, 2.779447078704834], "camera_distance": 5.129310888292035, "bounding_box_ranges": {"x": [-7.357985973358154, -4.671885625824585], "y": [3.040957670596394, 5.474500749644115], "z": [2.772399138615152, 4.940517102139357]}, "obliqueness_angle": 1.2944409847259521, "resolution": 512, "point_uuid": "90", "point_normal": [0.008645178750157356, 0.017939085140824318, 0.999801754951477], "camera_rotation_final": [1.2745519876480103, 0.01068427786231041, -0.3862539827823639], "vanishing_points_image": {"x": [408.45741650964544, 363.8872015891252], "y": [432.9668885099003, 233.18029900258392], "z": [253.18280483313134, 3.818749369068572]}, "camera_uuid": "4f0e7099dffb9eae50102f6058915b65", "field_of_view_rads": 1.0337122533790435, "room": "77c77478b552f1977cad320741ba92a5"}