{"vanishing_points_gaussian_sphere": {"x": [-0.5907075536812788, -0.14985399077358563, 0.7928482625780985], "y": [0.8068834470049242, -0.11204422852542069, 0.5799872358971317], "z": [0.001920670021356977, 0.9823389803440427, 0.1871000767591923]}, "nonfixated_points_in_view": [1026, 516, 13, 1037, 18, 540, 547, 552, 1065, 45, 47, 1076, 64, 578, 67, 580, 1095, 1096, 589, 590, 1114, 1121, 618, 1131, 114, 630, 632, 647, 1162, 653, 148, 661, 1172, 664, 681, 178, 1202, 1203, 1204, 1219, 196, 710, 1227, 719, 720, 213, 214, 729, 1244, 735, 1254, 1255, 234, 750, 759, 1276, 263, 781, 1294, 1296, 1306, 796, 290, 807, 809, 304, 305, 1332, 1344, 839, 1354, 843, 844, 336, 849, 340, 347, 867, 364, 374, 888, 1400, 1407, 386, 391, 1427, 408, 931, 424, 435, 1462, 951, 1466, 1477, 1480, 461, 467, 468, 999, 489, 1001], "point_pitch": -0.19994883140059905, "camera_rotation_from_original_to_final": [-0.1080576702952385, 0.16869425773620605, 0.062365882098674774], "camera_location": [-6.116707801818848, -5.171044826507568, 1.5127230882644653], "camera_rotation_original": [1.5826430320739746, -0.00107341050170362, -1.010670781135559], "view_id": 5, "point_location": [-2.9075558185577393, -2.823474168777466, 0.7554119229316711], "camera_distance": 4.047624555418397, "bounding_box_ranges": {"x": [-5.171044826507568, 1.5051777876685053], "y": [-6.116707801818848, 1.4797109730290634], "z": [-0.02394290755835282, 4.271343436424246]}, "obliqueness_angle": 0.5018901228904724, "resolution": 512, "point_uuid": "675", "point_normal": [-0.8653761744499207, -0.17736965417861938, 0.4686833918094635], "camera_rotation_final": [1.3825867176055908, -0.0019206712022423744, -0.9388595223426819], "vanishing_points_image": {"x": [41.92583322309744, 310.3075300343255], "y": [504.5834205255183, 290.51841487190893], "z": [256.4634816334388, 18.94935093598754]}, "camera_uuid": "676a1ae5fa5b4d774f8408cdbebb47fb", "field_of_view_rads": 1.0588960847141224, "room": "8de55a2e5745f73de25402626a4c3d61"}