{"vanishing_points_gaussian_sphere": {"x": [0.24228853400154593, 0.22662798566813208, 0.9433642045378798], "y": [0.970201221658569, -0.059020686378032775, -0.23500244269301995], "z": [0.002419872641682819, 0.9721915010384893, -0.23417478413554094]}, "nonfixated_points_in_view": [256, 1056, 1352, 875, 717, 1230, 1488, 723, 308, 629, 246], "point_pitch": 0.23759456078079744, "camera_rotation_from_original_to_final": [0.02081434428691864, -0.23352020978927612, 2.7890372276306152], "camera_location": [-3.781970262527466, -8.79295825958252, 4.280111312866211], "camera_rotation_original": [1.5727763175964355, 0.0018530383240431547, -1.4653403759002686], "view_id": 1, "point_location": [-7.281586170196533, -7.921165466308594, 5.148833751678467], "camera_distance": 3.709718716901136, "bounding_box_ranges": {"x": [-9.65782618149661, -6.087894311118049], "y": [-7.284179591129247, -3.781970262527466], "z": [3.3399182187457748, 5.212401727914058]}, "obliqueness_angle": 0.2300100475549698, "resolution": 512, "point_uuid": "1381", "point_normal": [0.9724648594856262, -0.007354851812124252, -0.2329336702823639], "camera_rotation_final": [1.8071666955947876, -0.0024198750033974648, 1.3260716199874878], "vanishing_points_image": {"x": [370.93886882526783, 148.49031356689], "y": [473.5921335864916, 269.2368799255695], "z": [256.54291862352477, 37.880722789092914]}, "camera_uuid": "719f11efd7d094b502660bf8fb326352", "field_of_view_rads": 0.9443693241653863, "room": "ef914082afe6874a9bab2b30c864407b"}