{"vanishing_points_gaussian_sphere": {"x": [0.20826131379813143, -0.3208873959442806, 0.923936417887711], "y": [0.977627977913542, 0.09679578602314329, -0.186746118055613], "z": [-0.029508676279279517, 0.9421580838332071, 0.33386731360225186]}, "nonfixated_points_in_view": [263, 1166, 1294, 1296, 1427, 288, 547, 557, 178, 1076, 1332, 1081, 1466, 64, 580, 1096, 1227, 589, 336, 720, 467, 1239, 1114, 735, 867, 1255, 618, 114, 370, 118], "point_pitch": -0.3403786857936044, "camera_rotation_from_original_to_final": [0.16099272668361664, -0.3289795517921448, -2.382342576980591], "camera_location": [0.3440798223018646, -5.207657814025879, 4.2956719398498535], "camera_rotation_original": [1.591770052909851, -0.020765699446201324, 2.1472725868225098], "view_id": 11, "point_location": [1.4133477210998535, 0.08260206878185272, 2.3840203285217285], "camera_distance": 5.725783301577029, "bounding_box_ranges": {"x": [-5.207657814025879, 1.5006935324170838], "y": [-3.2276856380595023, 1.4768962986625513], "z": [-0.027438403778595966, 4.726327756043776]}, "obliqueness_angle": 1.1796610355377197, "resolution": 512, "point_uuid": "1462", "point_normal": [-0.6463117003440857, -0.006261625327169895, 0.7630479335784912], "camera_rotation_final": [1.230238676071167, 0.029512960463762283, -0.2098897248506546], "vanishing_points_image": {"x": [327.46924753051206, 366.11925504509605], "y": [421.0911515885075, 239.65418324301606], "z": [249.459835334592, 47.18449940632568]}, "camera_uuid": "65572d2c193d1b3ea0911dbf66b34fb7", "field_of_view_rads": 1.2123661026067083, "room": "8de55a2e5745f73de25402626a4c3d61"}