{"vanishing_points_gaussian_sphere": {"x": [-0.6732413426377594, 0.17568541389511, 0.7182483761957357], "y": [0.7394142890892115, 0.1646227533460744, 0.6528138005369171], "z": [-0.0035501625319209625, 0.9705843520401828, -0.24073514891003245]}, "nonfixated_points_in_view": [1025, 1155, 400, 790, 1303, 407, 1046, 1184, 808, 1195, 565, 438, 1207, 956, 700, 705, 834, 986, 990, 619, 366, 1275], "point_pitch": 0.24300368229416414, "camera_rotation_from_original_to_final": [0.2085171341896057, -0.11929682642221451, -1.8713852167129517], "camera_location": [-6.867229461669922, -9.096433639526367, 4.286715030670166], "camera_rotation_original": [1.574166178703308, -0.001123880734667182, -0.544407844543457], "view_id": 7, "point_location": [-4.627786636352539, -11.560346603393555, 5.112544536590576], "camera_distance": 3.4304468708908717, "bounding_box_ranges": {"x": [-11.66435472314874, -9.096433639526367], "y": [-6.867229461669922, -1.7650999788826969], "z": [2.7993669868547544, 5.208197866857032]}, "obliqueness_angle": 0.723304033279419, "resolution": 512, "point_uuid": "403", "point_normal": [-0.015572714619338512, 0.9943572878837585, -0.10493461042642593], "camera_rotation_final": [1.8139210939407349, 0.003550169989466667, -2.403003215789795], "vanishing_points_image": {"x": [27.067387582268406, 196.25898556806456], "y": [495.22192278251873, 202.73977475102754], "z": [255.3094446845655, 67.20802854728646]}, "camera_uuid": "7f2779005da07c7c8e1ad24c5414740e", "field_of_view_rads": 1.0621366844659983, "room": "ef914082afe6874a9bab2b30c864407b"}