{"vanishing_points_gaussian_sphere": {"x": [-0.561049699051499, -0.1649210990660561, 0.8111869490302878], "y": [0.8277299556342187, -0.10077123057336076, 0.5520038764669185], "z": [-0.009292778916815484, 0.9811453460989226, 0.1930478025993265]}, "nonfixated_points_in_view": [1249, 836, 495], "point_pitch": -0.19948451121779875, "camera_rotation_from_original_to_final": [0.03503239527344704, 0.1938784122467041, -2.466439962387085], "camera_location": [5.573263168334961, -2.3623623847961426, 4.285065650939941], "camera_rotation_original": [1.5725040435791016, -0.010515237227082253, -1.6469796895980835], "view_id": 2, "point_location": [4.190555572509766, -3.3032801151275635, 3.9560060501098633], "camera_distance": 1.7045488027518074, "bounding_box_ranges": {"x": [-4.789535361923334, -2.3623623847961426], "y": [4.181845464539102, 5.573263168334961], "z": [2.7831367646299077, 5.03853275228991]}, "obliqueness_angle": 0.6205266118049622, "resolution": 512, "point_uuid": "785", "point_normal": [0.9999912977218628, 0.0035668043419718742, 0.0021947892382740974], "camera_rotation_final": [1.3765203952789307, 0.009292912669479847, -4.116706371307373], "vanishing_points_image": {"x": [27.966463420905573, 323.0306775676426], "y": [532.2054391816927, 289.6263799659978], "z": [253.51509440038646, -6.360009463290183]}, "camera_uuid": "e3114e1296a47d3a7c2d3fe9ea457ba1", "field_of_view_rads": 0.9744373502513746, "room": "5cd6a063c51df65aa0d61bbfd9882874"}