{"vanishing_points_gaussian_sphere": {"x": [0.14812050591809375, -0.05042725370443173, 0.9876828477858653], "y": [0.9887721894809233, 0.02749057913950788, -0.14688030966632518], "z": [-0.019745202852062577, 0.998349317695166, 0.05393298454496627]}, "nonfixated_points_in_view": [130, 1027, 264, 394, 522, 779, 906, 14, 528, 1169, 274, 147, 786, 149, 406, 1043, 792, 1045, 1305, 667, 156, 1307, 31, 1441, 292, 1317, 1318, 556, 941, 46, 1069, 176, 433, 1071, 1198, 823, 828, 190, 191, 63, 447, 575, 962, 1216, 1474, 70, 1475, 585, 458, 460, 1100, 1485, 335, 594, 851, 852, 469, 470, 1491, 1241, 859, 991, 356, 744, 490, 1135, 368, 624, 1263, 764, 255], "point_pitch": -0.054844899973597094, "camera_rotation_from_original_to_final": [-0.023936329409480095, 0.0697496086359024, -2.5735673904418945], "camera_location": [-6.215150356292725, 0.12702560424804688, 1.4902317523956299], "camera_rotation_original": [1.5806941986083984, -0.017110392451286316, -0.7174729108810425], "view_id": 0, "point_location": [-6.8463311195373535, -4.117299556732178, 1.258468508720398], "camera_distance": 4.297254814354196, "bounding_box_ranges": {"x": [-6.440809025824351, 0.12702560424804688], "y": [-7.41269456738194, -3.0079314728772433], "z": [-0.01978740141203711, 5.478035732795106]}, "obliqueness_angle": 1.4372795820236206, "resolution": 512, "point_uuid": "1159", "point_normal": [0.9895836710929871, -0.004525040276348591, -0.1438881754875183], "camera_rotation_final": [1.5168266296386719, 0.019746486097574234, -3.2902894020080566], "vanishing_points_image": {"x": [306.6298614288687, 273.2368089851488], "y": [415.3663248057695, 251.56917901731694], "z": [252.4891525809929, 78.485889278599]}, "camera_uuid": "7d18db1fca787c6dcd4baad30e113130", "field_of_view_rads": 1.2739206814803523, "room": "8de55a2e5745f73de25402626a4c3d61"}