{"vanishing_points_gaussian_sphere": {"x": [0.03306406221328313, -0.0855742569110149, 0.9957830156937222], "y": [0.9992320980708262, 0.023787977755644066, -0.03113432670336283], "z": [-0.021023367354705395, 0.9960477793100212, 0.08629507145048612]}, "nonfixated_points_in_view": [772, 1029, 646, 1030, 8, 1414, 1290, 654, 1167, 144, 275, 1299, 1403, 662, 1304, 1432, 28, 416, 672, 673, 293, 422, 677, 1061, 1062, 298, 171, 172, 687, 52, 693, 1463, 1465, 314, 827, 60, 317, 701, 831, 1085, 708, 1351, 328, 456, 1099, 1483, 334, 848, 977, 466, 1232, 85, 91, 604, 94, 98, 740, 613, 1383, 1128, 1133, 367, 751, 760, 242, 115, 627, 1141, 119, 248, 507, 254, 1399], "point_pitch": -0.07230155070754485, "camera_rotation_from_original_to_final": [-0.10978369414806366, -0.0027985740453004837, -1.7219723463058472], "camera_location": [-4.210936069488525, -6.891334056854248, 1.5098429918289185], "camera_rotation_original": [1.593726634979248, 0.010752296075224876, 0.11999154835939407], "view_id": 0, "point_location": [6.345810890197754, -7.2214035987854, 0.5949909090995789], "camera_distance": 10.601453486804841, "bounding_box_ranges": {"x": [-10.78098908871381, -6.125834027230274], "y": [-3.1675285202694816, 6.494797014683346], "z": [-0.017980932399150606, 2.4277151437947766]}, "obliqueness_angle": 0.0914565846323967, "resolution": 512, "point_uuid": "17", "point_normal": [-0.9999996423721313, -0.0005980355781503022, 0.0006578954635187984], "camera_rotation_final": [1.4843746423721313, 0.0210249163210392, -1.6038737297058105], "vanishing_points_image": {"x": [273.4571812517028, 301.1815419333205], "y": [516.8394070844602, 249.79038961468515], "z": [250.17531051976476, -19.962880925459388]}, "camera_uuid": "41b233ae6d911bdc4a03358505e283ee", "field_of_view_rads": 0.8996354405984017, "room": "856e4980d5eb3351797f528948f684e5"}