{"vanishing_points_gaussian_sphere": {"x": [0.23085430394390538, 0.2619062511269862, 0.9370759872983532], "y": [0.9729875965177959, -0.06095808887018006, -0.22266398097541074], "z": [-0.0011947272064356583, 0.9631662509774226, -0.26890397097290875]}, "nonfixated_points_in_view": [128, 1028, 1288, 1421, 1043, 148, 276, 1044, 1172, 1300, 1431, 1436, 1053, 414, 286, 31, 1310, 1316, 424, 811, 173, 813, 945, 1461, 702, 1342, 709, 1479, 458, 843, 1485, 846, 339, 1107, 87, 729, 475, 352, 233, 502, 1148, 1405, 255], "point_pitch": 0.2719720164921622, "camera_rotation_from_original_to_final": [0.06931845098733902, -0.2625393569469452, -2.057866096496582], "camera_location": [0.1851605325937271, -0.11082234233617783, 1.8844544887542725], "camera_rotation_original": [1.5717267990112305, -0.0008006416610442102, -1.3258916139602661], "view_id": 1, "point_location": [-0.911489725112915, -4.726047515869141, 3.2088420391082764], "camera_distance": 4.925134360712339, "bounding_box_ranges": {"x": [-6.133830009139659, -0.11082234233617783], "y": [-5.873659321384758, 1.4911214895434808], "z": [0.2759118921553134, 5.4637309267965]}, "obliqueness_angle": 0.5099653601646423, "resolution": 512, "point_uuid": "1277", "point_normal": [0.6089063882827759, 0.7929421067237854, 0.021818343549966812], "camera_rotation_final": [1.8430514335632324, 0.0011947274906560779, -3.3745484352111816], "vanishing_points_image": {"x": [351.5210769690662, 147.6304927169156], "y": [448.5293503058973, 268.06204610219845], "z": [255.76841197909735, 69.29816156983922]}, "camera_uuid": "a5d931f6e602ca2a792cef637b435332", "field_of_view_rads": 1.0542652739617882, "room": "8de55a2e5745f73de25402626a4c3d61"}