{"vanishing_points_gaussian_sphere": {"x": [-0.007885618288100043, 0.11040823079869096, 0.9938550395284603], "y": [0.9998995684642511, -0.0108335850530022, 0.009137090341225873], "z": [0.011775823080308993, 0.9938272767472235, -0.11031171281409287]}, "nonfixated_points_in_view": [67, 1189, 1126, 39, 552, 807, 618, 907, 999, 114, 179, 467, 1462, 471, 664, 445, 1471], "point_pitch": 0.10346086422470613, "camera_rotation_from_original_to_final": [-0.07258233428001404, -0.06535301357507706, 0.7639371156692505], "camera_location": [-2.0300116539001465, -0.3511151969432831, 1.4951437711715698], "camera_rotation_original": [1.5840462446212769, -0.0036451206542551517, -2.3237228393554688], "view_id": 9, "point_location": [1.4366159439086914, -0.31924375891685486, 1.8799171447753906], "camera_distance": 3.4880614866424966, "bounding_box_ranges": {"x": [-2.2121126601628998, 1.4009135477608088], "y": [-2.0300116539001465, 1.4758693702958627], "z": [0.36556522903226657, 3.831090954808233]}, "obliqueness_angle": 0.07888959348201752, "resolution": 512, "point_uuid": "214", "point_normal": [-0.9994869828224182, -0.002098975470289588, -0.03195897489786148], "camera_rotation_final": [1.6813406944274902, -0.011776095256209373, -1.5629100799560547], "vanishing_points_image": {"x": [252.11369655642292, 201.587033016838], "y": [505.04426098335, 258.6983131790617], "z": [258.76698099205214, 22.479067714530842]}, "camera_uuid": "6f269c44fb405f239d56a612bcda89ad", "field_of_view_rads": 0.9531603897541907, "room": "8de55a2e5745f73de25402626a4c3d61"}