{"vanishing_points_gaussian_sphere": {"x": [-0.391107217198198, -0.21944752611347687, 0.8937997135478152], "y": [0.9203092547557741, -0.08467827506378961, 0.3819168304004067], "z": [-0.008125285616731266, 0.9719425770151734, 0.23507787373283437]}, "nonfixated_points_in_view": [256, 2, 131, 514, 1283, 1411, 139, 270, 400, 656, 403, 1303, 1177, 413, 1056, 1440, 419, 676, 803, 1060, 1315, 41, 1454, 559, 432, 177, 434, 1207, 700, 189, 1352, 713, 1225, 77, 717, 1101, 1230, 1488, 1362, 1494, 601, 348, 480, 1125, 102, 1127, 1381, 745, 875, 1260, 1261, 110, 111, 366, 622, 629, 125, 1406], "point_pitch": -0.2253257473323007, "camera_rotation_from_original_to_final": [-0.16073521971702576, 0.18734489381313324, 2.7455339431762695], "camera_location": [-1.9361746311187744, -7.597706317901611, 4.284103870391846], "camera_rotation_original": [1.5789034366607666, -0.011993302032351494, -0.7884991765022278], "view_id": 3, "point_location": [-7.259520053863525, -9.87234878540039, 2.8840131759643555], "camera_distance": 5.955858919448019, "bounding_box_ranges": {"x": [-11.994316423590991, -6.41703632458276], "y": [-7.2841782349088815, -1.9361746311187744], "z": [2.765143279700633, 5.212394682491105]}, "obliqueness_angle": 0.3885079324245453, "resolution": 512, "point_uuid": "1134", "point_normal": [0.9922922849655151, 0.026460738852620125, 0.1210617870092392], "camera_rotation_final": [1.3334896564483643, 0.008125375024974346, 1.9726446866989136], "vanishing_points_image": {"x": [137.8486205881391, 322.2939132255602], "y": [446.0682961518349, 273.48831208561734], "z": [254.46152720453938, 71.968658331386]}, "camera_uuid": "c967c3a72b851ec8965ae56c4998c340", "field_of_view_rads": 1.3074020465729717, "room": "ef914082afe6874a9bab2b30c864407b"}