{"vanishing_points_gaussian_sphere": {"x": [0.6876812443449981, 0.2564318125636551, 0.6792181031755806], "y": [0.7260019992534565, -0.23779919006305997, -0.6452694338687807], "z": [-0.003950095707574031, 0.9368533880552876, -0.349700051520199]}, "nonfixated_points_in_view": [272, 528, 793, 281, 1305, 1186, 292, 1316, 1317, 1448, 811, 1069, 430, 814, 1071, 689, 828, 1469, 702, 1474, 1476, 709, 458, 1100, 1371, 352, 1248, 611, 106, 1006, 1135, 1143], "point_pitch": 0.36170442501572175, "camera_rotation_from_original_to_final": [0.1642349809408188, -0.31246963143348694, -2.806615114212036], "camera_location": [-1.9384469985961914, -2.428041458129883, 1.5036466121673584], "camera_rotation_original": [1.5763559341430664, -0.0021221297793090343, -1.119526982307434], "view_id": 4, "point_location": [-5.303568363189697, -5.970208644866943, 3.3273539543151855], "camera_distance": 5.215064546289874, "bounding_box_ranges": {"x": [-6.1365837716622735, -2.428041458129883], "y": [-7.247464538893068, -1.9384469985961914], "z": [0.6682110703694837, 5.47786992690518]}, "obliqueness_angle": 0.8213546872138977, "resolution": 512, "point_uuid": "255", "point_normal": [0.0010641631670296192, 0.9999922513961792, -0.003804558888077736], "camera_rotation_final": [1.92805016040802, 0.003950105980038643, -3.899890422821045], "vanishing_points_image": {"x": [505.4720017435506, 162.9735315350726], "y": [387.5023890249719, 299.07310673200857], "z": [255.1945085558144, 64.95972037136583]}, "camera_uuid": "a7a591d05adb833dd3d4b184074676ca", "field_of_view_rads": 0.9813982817741549, "room": "8de55a2e5745f73de25402626a4c3d61"}