{"vanishing_points_gaussian_sphere": {"x": [0.16543168994861202, -0.358774818271042, 0.91864736745681], "y": [0.9861011779939347, 0.07470952121322232, -0.14840132815802437], "z": [-0.015389045445408919, 0.9304295337179876, 0.3661475932811894]}, "nonfixated_points_in_view": [3, 643, 1029, 646, 7, 8, 137, 775, 904, 12, 1287, 654, 1167, 144, 17, 529, 275, 657, 1299, 665, 538, 28, 415, 416, 544, 673, 1188, 165, 422, 677, 1062, 298, 43, 172, 429, 1070, 687, 1456, 821, 566, 1463, 1464, 1465, 317, 1085, 193, 1351, 456, 1099, 1414, 1483, 334, 463, 591, 977, 466, 1484, 1366, 91, 604, 94, 1378, 1128, 363, 1133, 623, 751, 241, 1391, 1141, 1271, 1403, 894], "point_pitch": -0.3731338222834726, "camera_rotation_from_original_to_final": [-0.3896377384662628, -0.027849186211824417, -1.8490487337112427], "camera_location": [-2.1478989124298096, -7.17814826965332, 1.5089408159255981], "camera_rotation_original": [1.586061954498291, -0.002639547921717167, 0.12005194276571274], "view_id": 3, "point_location": [1.6232045888900757, -7.787344455718994, 0.0058818780817091465], "camera_distance": 4.105061145151682, "bounding_box_ranges": {"x": [-11.694859873716387, -5.606399213237921], "y": [-2.1478989124298096, 6.499136205367604], "z": [-0.020316340103189834, 2.427731840340769]}, "obliqueness_angle": 1.196112871170044, "resolution": 512, "point_uuid": "662", "point_normal": [0.005019126459956169, 0.03115471825003624, 0.9995020031929016], "camera_rotation_final": [1.1958839893341064, 0.01538965292274952, -1.7370119094848633], "vanishing_points_image": {"x": [328.77419177229393, 413.8267588032082], "y": [474.3393896374362, 239.45805519167487], "z": [251.51951645705742, -14.892319376109263]}, "camera_uuid": "3dfb7fb5350fdc03281337b3a75a5e86", "field_of_view_rads": 0.987420006839762, "room": "856e4980d5eb3351797f528948f684e5"}