{"vanishing_points_gaussian_sphere": {"x": [0.01071395844346362, 0.2521425643928859, 0.9676307861554692], "y": [0.9998649141779082, -0.014763837032575684, -0.007223746401950538], "z": [0.012464529292190744, 0.9675774678739966, -0.2522666826437237]}, "nonfixated_points_in_view": [7, 1170, 542, 1438, 806, 1447, 1192, 170, 946, 820, 1465, 193, 1091, 69, 198, 712, 201, 75, 1483, 334, 463, 208, 591, 210, 338, 721, 1366, 599, 1242, 860, 222, 994, 228, 1382, 1386, 1133, 367, 623, 1010, 372, 245, 1018, 383], "point_pitch": 0.2686909000065665, "camera_rotation_from_original_to_final": [-0.20832212269306183, 0.11548986285924911, 2.035135507583618], "camera_location": [0.13430264592170715, -5.5853047370910645, 1.5091227293014526], "camera_rotation_original": [1.588117241859436, -0.006452574394643307, 2.6567111015319824], "view_id": 7, "point_location": [3.6245691776275635, -5.611361026763916, 2.419055223464966], "camera_distance": 3.6070233033213976, "bounding_box_ranges": {"x": [-7.09511619521013, -3.737774493235495], "y": [0.13430264592170715, 6.509444963030104], "z": [-0.0188137697147992, 2.427734277452845]}, "obliqueness_angle": 1.3150203227996826, "resolution": 512, "point_uuid": "1258", "point_normal": [-0.0007062116637825966, 0.007297624368220568, -0.9999731779098511], "camera_rotation_final": [1.825838565826416, -0.012464852072298527, 4.701673984527588], "vanishing_points_image": {"x": [260.14591220718546, 158.4299990350191], "y": [454.99892557727173, 258.93838464098536], "z": [258.21086008478807, 84.37872554055073]}, "camera_uuid": "caab66acefae8cc00595de890566047d", "field_of_view_rads": 1.1397867195356945, "room": "856e4980d5eb3351797f528948f684e5"}