{"vanishing_points_gaussian_sphere": {"x": [-0.13191903017263024, -0.13002571126324416, 0.9826956211812486], "y": [0.9911786055666274, -0.030045263770166312, 0.12908235352664288], "z": [0.012741324315342775, 0.991055294388496, 0.13284224523555246]}, "nonfixated_points_in_view": [3, 136, 137, 1160, 1291, 12, 1422, 1428, 278, 665, 285, 926, 287, 1439, 1443, 1188, 934, 296, 682, 43, 1066, 174, 1070, 1328, 1330, 181, 1078, 1080, 65, 195, 1347, 1221, 1484, 847, 1360, 1236, 86, 89, 1113, 1117, 607, 1378, 99, 357, 486, 617, 362, 363, 1130, 241, 1395, 117, 1269, 1271, 894], "point_pitch": -0.1352657516810556, "camera_rotation_from_original_to_final": [0.04313443601131439, -0.1403130143880844, 1.4978734254837036], "camera_location": [2.5174548625946045, -7.046302795410156, 1.517836332321167], "camera_rotation_original": [1.5836472511291504, 0.0011349497362971306, 1.7721537351608276], "view_id": 8, "point_location": [3.123018503189087, -11.6564302444458, 0.8946322202682495], "camera_distance": 4.691307451159132, "bounding_box_ranges": {"x": [-11.70258744244619, -7.046302795410156], "y": [0.413608719460806, 6.214957399434902], "z": [-0.02680391553862327, 2.4249745976040007]}, "obliqueness_angle": 0.07343831658363342, "resolution": 512, "point_uuid": "973", "point_normal": [-0.06595509499311447, 0.99311363697052, 0.09682584553956985], "camera_rotation_final": [1.437549352645874, -0.012741669081151485, 3.2739081382751465], "vanishing_points_image": {"x": [202.92673133390727, 308.31155427949557], "y": [472.82859102130095, 262.57265216739046], "z": [258.7928837379468, 38.761811362839666]}, "camera_uuid": "3d5b30db610d18db270d0baeb235eacb", "field_of_view_rads": 1.1179038049633039, "room": "856e4980d5eb3351797f528948f684e5"}