{"vanishing_points_gaussian_sphere": {"x": [0.238642730244974, -0.21576791657261712, 0.9468335933410563], "y": [0.971049049241625, 0.04232897938843727, -0.2350999818606319], "z": [0.010648533615515071, 0.9755267621556291, 0.21962273345442604]}, "nonfixated_points_in_view": [387, 1159, 522, 779, 399, 272, 527, 528, 786, 1045, 279, 793, 669, 1186, 1317, 1324, 941, 46, 430, 814, 689, 1198, 436, 692, 823, 442, 186, 828, 1469, 190, 63, 1215, 322, 1474, 452, 711, 1353, 458, 76, 1100, 335, 1234, 1363, 852, 854, 729, 859, 1371, 1374, 224, 736, 1248, 611, 1251, 1376, 1254, 871, 1379, 106, 368, 756, 757, 1143, 1144, 636, 893], "point_pitch": -0.21355096896621184, "camera_rotation_from_original_to_final": [-0.06543157994747162, 0.22458301484584808, 2.6859326362609863], "camera_location": [-1.854644775390625, -5.243408679962158, 1.4990227222442627], "camera_rotation_original": [1.582518458366394, 0.006183302495628595, -1.3640222549438477], "view_id": 10, "point_location": [-6.627525329589844, -4.0582966804504395, 0.39192911982536316], "camera_distance": 5.040886281307658, "bounding_box_ranges": {"x": [-6.44188331293724, -0.03776442458201501], "y": [-7.4310035942410435, -1.854644775390625], "z": [-0.04046279579995726, 3.547593281691455]}, "obliqueness_angle": 0.40923765301704407, "resolution": 512, "point_uuid": "925", "point_normal": [0.980218231678009, -0.10893964767456055, -0.16524101793766022], "camera_rotation_final": [1.3493558168411255, -0.010648734867572784, 1.3298144340515137], "vanishing_points_image": {"x": [355.4599245088722, 345.9263123235287], "y": [446.695799277578, 247.68738328575034], "z": [258.62527425744355, 15.49502639471918]}, "camera_uuid": "614fa69f38f6a61f05c875e475650ac3", "field_of_view_rads": 1.0560010989501214, "room": "8de55a2e5745f73de25402626a4c3d61"}