{"vanishing_points_gaussian_sphere": {"x": [0.6670258639232055, -0.21844786205742203, 0.7122899889932771], "y": [0.7443513515882603, 0.2363300049691879, -0.624571208222084], "z": [-0.03189925149954871, 0.9467991657758287, 0.32024018710955593]}, "nonfixated_points_in_view": [768, 654, 1170, 28, 671, 1064, 686, 560, 1465, 1085, 969, 333, 79, 208, 591, 342, 1366, 1242, 228, 1382, 1386, 372, 1141], "point_pitch": -0.31804244121047454, "camera_rotation_from_original_to_final": [-0.09983252733945847, -0.3462204039096832, -2.129999876022339], "camera_location": [3.307429552078247, -10.623159408569336, 1.5089129209518433], "camera_rotation_original": [1.6019235849380493, -0.010716056451201439, 1.4206318855285645], "view_id": 4, "point_location": [5.77769136428833, -7.805957794189453, 0.24232012033462524], "camera_distance": 3.955132815135959, "bounding_box_ranges": {"x": [-10.623159408569336, -4.6346460426772], "y": [3.307429552078247, 6.505514155772132], "z": [-0.023800114303275333, 2.427731885602964]}, "obliqueness_angle": 0.8950909376144409, "resolution": 512, "point_uuid": "977", "point_normal": [-0.9996418952941895, 0.009673763997852802, 0.024953076615929604], "camera_rotation_final": [1.2446411848068237, 0.031904663890600204, -0.7306656241416931], "vanishing_points_image": {"x": [506.28542232809446, 337.96730946853637], "y": [393.0347065940007, 212.49176585599128], "z": [246.82419323599729, -16.34639626578325]}, "camera_uuid": "6fc923253b31e08cd2b4b232614b75a1", "field_of_view_rads": 0.9744373502513746, "room": "856e4980d5eb3351797f528948f684e5"}