{"vanishing_points_gaussian_sphere": {"x": [-0.46119210437858205, 0.20173227500600094, 0.8640636157597184], "y": [0.8872899811746033, 0.10015410489837964, 0.4502062245007019], "z": [0.0042816078787169766, 0.9743065454429153, -0.2251853088926215]}, "nonfixated_points_in_view": [513, 833, 1154, 103, 968, 74, 810, 588, 205, 397, 942, 976, 1008, 1359, 1459, 1237, 182, 250, 1116, 830, 159], "point_pitch": 0.23340506950882478, "camera_rotation_from_original_to_final": [-0.1980414092540741, -0.10281946510076523, 1.5867435932159424], "camera_location": [-1.9461179971694946, -10.539590835571289, 4.280216217041016], "camera_rotation_original": [1.5751063823699951, -0.006250596605241299, -2.666795015335083], "view_id": 3, "point_location": [-0.9982067346572876, -10.045697212219238, 4.527253150939941], "camera_distance": 1.0970387147112397, "bounding_box_ranges": {"x": [-10.715398840221898, -9.683927919990598], "y": [-1.9461179971694946, 0.8270490032419529], "z": [3.551070051525994, 5.223632311359422]}, "obliqueness_angle": 1.3632439374923706, "resolution": 512, "point_uuid": "212", "point_normal": [0.0007313713431358337, 0.04065174609422684, -0.9991731643676758], "camera_rotation_final": [1.7979316711425781, -0.0042816209606826305, -1.0914533138275146], "vanishing_points_image": {"x": [74.32773217044112, 176.53385227802605], "y": [512.184263904523, 227.08284080200974], "z": [256.8609967085668, 60.074835313311524]}, "camera_uuid": "41fe4d40075167d2675e7ca53b4961cc", "field_of_view_rads": 1.0393186010711637, "room": "c6b90c3c2e476767ef8ca0b4e5cf1d4d"}