{"vanishing_points_gaussian_sphere": {"x": [-0.18000130728773667, 0.3835552889432041, 0.905806198752471], "y": [0.9836616741210431, 0.0673408758332932, 0.16695783092563166], "z": [0.003039776322793808, 0.9210594697226125, -0.38941008332374655]}, "nonfixated_points_in_view": [263, 907, 664, 552, 1065, 305, 178, 179, 1076, 1203, 1462, 1471, 64, 67, 580, 1477, 1227, 336, 720, 467, 214, 471, 1114, 999, 618, 114], "point_pitch": 0.39123936096695466, "camera_rotation_from_original_to_final": [0.20085890591144562, -0.33974385261535645, -0.35992780327796936], "camera_location": [-4.307779312133789, 0.3686792552471161, 1.49626624584198], "camera_rotation_original": [1.5781090259552002, -0.005691109225153923, -1.0627084970474243], "view_id": 11, "point_location": [-0.8074266314506531, 1.013863444328308, 3.0010831356048584], "camera_distance": 3.864350478550902, "bounding_box_ranges": {"x": [-2.675702315815096, 1.50170453524739], "y": [-4.307779312133789, 1.4762254580192895], "z": [0.3640554452122198, 4.366045363541946]}, "obliqueness_angle": 1.163413405418396, "resolution": 512, "point_uuid": "1296", "point_normal": [0.028386438265442848, -0.31259503960609436, -0.9494622349739075], "camera_rotation_final": [1.9707893133163452, -0.003039781004190445, -1.3898077011108398], "vanishing_points_image": {"x": [195.25228475395133, 126.5558985936037], "y": [454.1626648538073, 242.43390531542389], "z": [256.4697853562698, 113.65391753178824]}, "camera_uuid": "5fb98853d32c905b4569c0e295d9d2d9", "field_of_view_rads": 1.2123661026067083, "room": "8de55a2e5745f73de25402626a4c3d61"}