{"vanishing_points_gaussian_sphere": {"x": [0.07826117883145042, -0.10532909587925238, 0.9913531002872645], "y": [0.9969313624398304, 0.00652754177087613, -0.07800801101356893], "z": [0.0017454144995853063, 0.994415995828551, 0.10551673217331889]}, "nonfixated_points_in_view": [772, 1029, 646, 1030, 8, 1414, 1290, 654, 144, 17, 1299, 662, 1304, 1432, 28, 416, 672, 673, 677, 422, 1061, 298, 171, 172, 685, 687, 562, 693, 1463, 1465, 827, 60, 317, 701, 831, 708, 1351, 456, 1483, 334, 977, 466, 722, 85, 91, 604, 740, 613, 874, 1004, 751, 1007, 242, 115, 627, 1141, 119, 248, 1273, 1403, 254, 1399], "point_pitch": -0.10997800429793791, "camera_rotation_from_original_to_final": [-0.10142489522695541, 0.025777209550142288, -1.4272998571395874], "camera_location": [-5.588504314422607, -6.667678356170654, 1.5075440406799316], "camera_rotation_original": [1.5696860551834106, -0.004471865016967058, -0.2234717458486557], "view_id": 1, "point_location": [5.93907356262207, -7.574766159057617, 0.2805810570716858], "camera_distance": 11.628125478144254, "bounding_box_ranges": {"x": [-6.441889593175726, -5.953997875464929], "y": [-4.698651623517488, -1.719307468128799], "z": [-0.02597755147324457, 2.426111716046272]}, "obliqueness_angle": 1.48054039478302, "resolution": 512, "point_uuid": "1128", "point_normal": [-0.006788418162614107, 0.9986158609390259, 0.05215819925069809], "camera_rotation_final": [1.4650826454162598, -0.001745415385812521, -1.6491377353668213], "vanishing_points_image": {"x": [281.9714699618045, 290.95413039488625], "y": [416.5858758910125, 254.94854244516299], "z": [256.3083877434844, 80.30207546045007]}, "camera_uuid": "a16f93f6e5a1a0a39d5df06bb9e95552", "field_of_view_rads": 1.3058182171466934, "room": "8de55a2e5745f73de25402626a4c3d61"}