{"vanishing_points_gaussian_sphere": {"x": [-0.12213675493994404, -0.23326864455325644, 0.964711538523836], "y": [0.9924659772061506, -0.03819388749324751, 0.11641525263638736], "z": [0.009690055778002119, 0.9716619609856298, 0.23617607074506836]}, "nonfixated_points_in_view": [514, 131, 1283, 266, 656, 1177, 1056, 803, 1060, 41, 1454, 559, 432, 177, 1352, 1225, 1494, 601, 480, 102, 1127, 745, 1261, 110, 1134, 125], "point_pitch": -0.23822276195022063, "camera_rotation_from_original_to_final": [-0.043658483773469925, 0.23527373373508453, -3.1236722469329834], "camera_location": [-3.072143316268921, -10.485207557678223, 4.283509254455566], "camera_rotation_original": [1.5707898139953613, 0.009692680090665817, -1.4714287519454956], "view_id": 0, "point_location": [-7.26476526260376, -10.9911470413208, 3.257091760635376], "camera_distance": 4.34598535885651, "bounding_box_ranges": {"x": [-11.781024094427304, -8.64200659153197], "y": [-7.284179521778702, -3.072143316268921], "z": [2.76590360194365, 5.21240173683767]}, "obliqueness_angle": 0.16200311481952667, "resolution": 512, "point_uuid": "1247", "point_normal": [0.9931781888008118, 0.011839541606605053, 0.11600438505411148], "camera_rotation_final": [1.3323562145233154, -0.009690207429230213, 1.6932445764541626], "vanishing_points_image": {"x": [201.86486043488335, 359.39255071305496], "y": [497.78241997676594, 265.3047124622183], "z": [258.5209562233938, 3.213295392734471]}, "camera_uuid": "2c5b1635a824be2ef248c2dd24c5c6fe", "field_of_view_rads": 1.0177555871225314, "room": "ef914082afe6874a9bab2b30c864407b"}