{"vanishing_points_gaussian_sphere": {"x": [-0.029553842135269418, -0.28646454621821, 0.9576349169568947], "y": [0.999415312745094, -0.02494769141037274, 0.02338044789816585], "z": [0.01719311099451196, 0.9577659820923314, 0.2870343541826353]}, "nonfixated_points_in_view": [1273, 650, 906, 912, 147, 406, 920, 1434, 1055, 804, 678, 171, 685, 943, 818, 694, 313, 701, 829, 577, 706, 1217, 708, 328, 841, 209, 722, 1490, 1109, 1365, 343, 743, 360, 1383, 1132, 501, 757, 631, 760, 885], "point_pitch": -0.2895642956111093, "camera_rotation_from_original_to_final": [-0.24697838723659515, -0.1801665723323822, 1.0008889436721802], "camera_location": [0.4931855797767639, -7.2360944747924805, 1.5182243585586548], "camera_rotation_original": [1.5842092037200928, -0.010877704247832298, 0.6175836324691772], "view_id": 1, "point_location": [-3.392768144607544, -7.330968856811523, 0.3534768521785736], "camera_distance": 4.05786561136609, "bounding_box_ranges": {"x": [-8.823888302443423, -5.769854680932234], "y": [-3.551165212088275, 0.4931855797767639], "z": [-0.08606922689060093, 1.9653233687487213]}, "obliqueness_angle": 1.1182208061218262, "resolution": 512, "point_uuid": "576", "point_normal": [0.440222829580307, 0.8977002501487732, -0.01838851347565651], "camera_rotation_final": [1.2796225547790527, -0.017193958163261414, 1.6003588438034058], "vanishing_points_image": {"x": [238.7641092719622, 423.0669956709837], "y": [563.3707595307325, 263.6726769737822], "z": [262.1016241418818, -83.8993957796894]}, "camera_uuid": "c61bffa72844e019185a72c8df1f3454", "field_of_view_rads": 0.7971502097395305, "room": "856e4980d5eb3351797f528948f684e5"}