{"vanishing_points_gaussian_sphere": {"x": [-0.17506699998733274, 0.07491783433814875, 0.9817020238410008], "y": [0.9845561703637477, 0.014164384397258006, 0.17449503607070851], "z": [-0.0008324146240754512, 0.9970891075088166, -0.07624053235100875]}, "nonfixated_points_in_view": [0, 521, 522, 528, 530, 535, 1048, 26, 29, 34, 36, 37, 48, 50, 57, 572, 1084, 63, 66, 579, 1091, 1100, 79, 591, 594, 85, 1109, 97, 1133, 625, 115, 631, 1143, 639, 1152, 138, 141, 658, 1176, 677, 678, 1198, 688, 689, 192, 1218, 197, 200, 712, 728, 221, 222, 223, 224, 1248, 1252, 229, 1258, 760, 248, 773, 774, 777, 272, 786, 1304, 1308, 797, 805, 1317, 299, 301, 814, 1329, 818, 1336, 315, 829, 319, 322, 1346, 841, 330, 852, 1365, 1368, 1383, 1386, 367, 373, 392, 398, 911, 401, 402, 920, 410, 1442, 436, 948, 958, 1472, 1474, 965, 966, 967, 1478, 971, 1490, 981, 994, 997, 488, 1002, 1013, 1018, 1019, 1021], "point_pitch": 0.07163913647202058, "camera_rotation_from_original_to_final": [-0.07442393898963928, -0.010743973776698112, -1.466072916984558], "camera_location": [6.898015022277832, -5.4319539070129395, 1.5056571960449219], "camera_rotation_original": [1.5721105337142944, -0.004563433583825827, -3.0698022842407227], "view_id": 3, "point_location": [1.6430937051773071, -6.366002082824707, 1.9137619733810425], "camera_distance": 5.35286784715181, "bounding_box_ranges": {"x": [-6.1069284062183975, -4.679583768815372], "y": [4.192396551134285, 6.898015022277832], "z": [0.0019875776127669664, 2.4287595421671178]}, "obliqueness_angle": 0.17974750697612762, "resolution": 512, "point_uuid": "644", "point_normal": [0.9998313784599304, 0.01676037721335888, 0.007505942601710558], "camera_rotation_final": [1.647110939025879, 0.0008324147202074528, -4.536415100097656], "vanishing_points_image": {"x": [194.68300843264646, 229.7601248853922], "y": [448.3574050869559, 253.23263709138698], "z": [255.85700743190074, 84.71957317562722]}, "camera_uuid": "7aee671bd52588b571fedb6abd1f939e", "field_of_view_rads": 1.2451127494364607, "room": "8efc299ca974ee46c0bc622cd51b4dc7"}