{"vanishing_points_gaussian_sphere": {"x": [0.24724311188128847, -0.056490234006521964, 0.9673053794377167], "y": [0.9688965001407278, 0.025239613997808077, -0.24617581908118094], "z": [-0.010507884768368114, 0.9980840722840587, 0.06097351072855046]}, "nonfixated_points_in_view": [1038, 527, 1042, 23, 1051, 1068, 46, 1072, 54, 63, 76, 1105, 1106, 600, 1120, 611, 1137, 1138, 1145, 121, 634, 636, 640, 642, 133, 1159, 140, 152, 1180, 164, 1191, 168, 683, 1200, 692, 1204, 1208, 1209, 186, 190, 1215, 1219, 1220, 710, 199, 1229, 1234, 1238, 1241, 227, 1251, 231, 1255, 1259, 1262, 239, 1265, 756, 252, 766, 1280, 257, 258, 779, 279, 281, 793, 286, 1317, 295, 297, 1324, 823, 826, 318, 1353, 335, 337, 1361, 1363, 347, 1371, 1374, 1379, 1380, 368, 884, 893, 394, 399, 1426, 409, 925, 414, 421, 1446, 939, 953, 442, 443, 452, 978, 993, 493, 494, 1006], "point_pitch": -0.07823614676925139, "camera_rotation_from_original_to_final": [0.03108012117445469, -0.07586930692195892, -0.8387752771377563], "camera_location": [0.27477186918258667, -2.2696449756622314, 2.261363983154297], "camera_rotation_original": [1.5901278257369995, -0.005768735893070698, 2.1587343215942383], "view_id": 1, "point_location": [-7.183542728424072, -0.37152957916259766, 1.7912324666976929], "camera_distance": 7.710403305998301, "bounding_box_ranges": {"x": [-5.090368605452142, 1.557613432770507], "y": [-7.431105455608112, 0.27477186918258667], "z": [-0.03892140570394126, 5.110638497789142]}, "obliqueness_angle": 1.0380463600158691, "resolution": 512, "point_uuid": "871", "point_normal": [0.28253015875816345, -0.9589589834213257, -0.023966964334249496], "camera_rotation_final": [1.5097815990447998, 0.010508078150451183, 1.3209482431411743], "vanishing_points_image": {"x": [344.7136661494064, 276.2693442993172], "y": [415.8349981209813, 251.83632136628833], "z": [253.9919718339974, 65.26885159436375]}, "camera_uuid": "72c78639c6d82fd06b6c6cb47f559896", "field_of_view_rads": 1.2091558674279148, "room": "8de55a2e5745f73de25402626a4c3d61"}