{"vanishing_points_gaussian_sphere": {"x": [-0.3566368794537763, 0.14882083521413658, 0.9223136642268939], "y": [0.9341587949865613, 0.043544630202693446, 0.3541909244034444], "z": [0.012549181755336442, 0.9879049671839278, -0.15455191312498864]}, "nonfixated_points_in_view": [3, 643, 771, 774, 775, 1160, 137, 1286, 1291, 12, 1164, 1422, 529, 530, 1403, 1428, 665, 28, 285, 797, 287, 926, 929, 1439, 35, 1188, 165, 422, 934, 296, 1062, 298, 43, 682, 1066, 1070, 1328, 1330, 181, 821, 1078, 1084, 317, 958, 65, 66, 195, 1347, 1221, 1351, 1484, 973, 847, 1236, 1442, 89, 1113, 1117, 1443, 351, 607, 1378, 99, 617, 362, 363, 1130, 751, 241, 1395, 116, 117, 1013, 1141, 1146, 1271, 894, 1399], "point_pitch": 0.1416652957585196, "camera_rotation_from_original_to_final": [-0.11177017539739609, 0.0806356742978096, 0.8784364461898804], "camera_location": [1.9597357511520386, -5.512042045593262, 1.5149836540222168], "camera_rotation_original": [1.5890778303146362, 0.002467385260388255, 2.6240296363830566], "view_id": 6, "point_location": [4.02657413482666, -10.894088745117188, 2.416851758956909], "camera_distance": 5.835376033303283, "bounding_box_ranges": {"x": [-11.703213845702114, -5.512042045593262], "y": [0.5559786375844515, 6.510230204990801], "z": [-0.034749061029433204, 2.4244800131032824]}, "obliqueness_angle": 1.3597567081451416, "resolution": 512, "point_uuid": "1080", "point_normal": [-0.22260573506355286, -0.021689997985959053, -0.9746673107147217], "camera_rotation_final": [1.7259825468063354, -0.012549511156976223, 3.5062882900238037], "vanishing_points_image": {"x": [129.3050969531228, 203.13154366511864], "y": [473.3034007098488, 245.87067693792446], "z": [258.22989141488637, 80.45701656123688]}, "camera_uuid": "5090c6fc5c0dcfff7ec7ff2b1a5d94fb", "field_of_view_rads": 1.1787825698238799, "room": "856e4980d5eb3351797f528948f684e5"}