{"vanishing_points_gaussian_sphere": {"x": [0.330951154971755, 0.08961740552194761, 0.9393828046384373], "y": [0.9436377925502311, -0.02682549425973276, -0.3298910567576031], "z": [-0.004364572577989902, 0.9956149423774414, -0.09344429902875628]}, "nonfixated_points_in_view": [897, 515, 260, 1156, 1416, 909, 271, 1041, 1171, 532, 791, 536, 922, 33, 545, 163, 674, 1314, 425, 696, 61, 963, 68, 836, 1097, 78, 1108, 597, 1495, 345, 1249, 1387, 495, 504], "point_pitch": 0.08386416832474275, "camera_rotation_from_original_to_final": [0.007843079045414925, -0.09273979067802429, -1.8320088386535645], "camera_location": [5.573263168334961, -2.3623623847961426, 4.285065650939941], "camera_rotation_original": [1.5725040435791016, -0.010515237227082253, -1.6469796895980835], "view_id": 3, "point_location": [2.3769214153289795, -11.464111328125, 5.190456390380859], "camera_distance": 9.689075055827074, "bounding_box_ranges": {"x": [-4.789541995897525, -2.3623623847961426], "y": [4.180506772678634, 6.049975739480284], "z": [3.055269918530124, 5.206054648763596]}, "obliqueness_angle": 1.2559330463409424, "resolution": 512, "point_uuid": "350", "point_normal": [-0.010045966133475304, 0.23655210435390472, -0.9715669751167297], "camera_rotation_final": [1.664378046989441, 0.0043645864352583885, -3.478907346725464], "vanishing_points_image": {"x": [394.77663447186575, 218.42103482159564], "y": [436.1278334827245, 261.1206280643446], "z": [255.07276156855653, 44.48503009270197]}, "camera_uuid": "e3114e1296a47d3a7c2d3fe9ea457ba1", "field_of_view_rads": 1.0445862180288632, "room": "5cd6a063c51df65aa0d61bbfd9882874"}