{"vanishing_points_gaussian_sphere": {"x": [0.08645025050067585, 0.03142233518279559, 0.9957605088775265], "y": [0.9959616584506897, -0.027027291380176753, -0.08561483759724527], "z": [0.024222491294704725, 0.9991407119982205, -0.03363195717122159]}, "nonfixated_points_in_view": [1160, 12, 917, 537, 285, 926, 287, 1439, 1443, 1188, 43, 821, 1078, 1080, 1347, 973, 848, 1113, 607, 362, 363, 241, 1395, 894], "point_pitch": 0.0475333491947989, "camera_rotation_from_original_to_final": [0.025526810437440872, -0.023886635899543762, 2.453827142715454], "camera_location": [5.059991836547852, -7.579131126403809, 1.5203824043273926], "camera_rotation_original": [1.596900224685669, 0.009909546934068203, 0.6009308099746704], "view_id": 10, "point_location": [4.7128214836120605, -11.617010116577148, 1.6567615270614624], "camera_distance": 4.055070007341081, "bounding_box_ranges": {"x": [-11.703085904196595, -7.579131126403809], "y": [2.8846226174749248, 6.386179574212172], "z": [-0.024179371939781674, 2.4258894418907153]}, "obliqueness_angle": 0.11817731708288193, "resolution": 512, "point_uuid": "1070", "point_normal": [0.014097816310822964, 0.9980787634849548, 0.060334526002407074], "camera_rotation_final": [1.6044445037841797, -0.024224860593676567, 3.055008888244629], "vanishing_points_image": {"x": [306.9021308067312, 237.49844787650318], "y": [538.3680237099153, 263.6625869966965], "z": [263.0429313137569, -34.51014289847034]}, "camera_uuid": "e2c81e729be96548bbabfecfc7939d49", "field_of_view_rads": 0.8171620769161015, "room": "856e4980d5eb3351797f528948f684e5"}