{"vanishing_points_gaussian_sphere": {"x": [0.6255870809515252, 0.05272968183148323, 0.7783703391063282], "y": [0.7801424803216995, -0.03677925095080425, -0.6245198132141241], "z": [-0.004302853013583868, 0.9979312939042689, -0.06414528901248463]}, "nonfixated_points_in_view": [1027, 1159, 394, 272, 528, 786, 1043, 1300, 1045, 281, 793, 1305, 925, 1186, 292, 293, 1316, 1317, 811, 941, 430, 814, 1069, 689, 1071, 1198, 436, 828, 1469, 702, 63, 190, 191, 1342, 1474, 1476, 709, 1349, 458, 1100, 722, 852, 981, 729, 1241, 1371, 1374, 352, 1248, 611, 106, 1006, 1135, 1143, 122, 1278, 255], "point_pitch": 0.06830044189957185, "camera_rotation_from_original_to_final": [0.03137706592679024, -0.04995078593492508, -2.6988048553466797], "camera_location": [-1.9384469985961914, -2.428041458129883, 1.5036466121673584], "camera_rotation_original": [1.5763559341430664, -0.0021221297793090343, -1.119526982307434], "view_id": 4, "point_location": [-7.224667549133301, -9.016522407531738, 2.0466010570526123], "camera_distance": 8.464455601375267, "bounding_box_ranges": {"x": [-6.441892094729392, -2.428041458129883], "y": [-7.248394189342831, -1.9384469985961914], "z": [-0.017818255712303527, 5.477786930691922]}, "obliqueness_angle": 1.0726630687713623, "resolution": 512, "point_uuid": "1448", "point_normal": [0.6966789960861206, -0.004264387767761946, -0.7173703908920288], "camera_rotation_final": [1.6349862813949585, 0.004302866291254759, -3.817483901977539], "vanishing_points_image": {"x": [438.24431973799307, 240.63893311101782], "y": [361.7864076107163, 260.98722339936444], "z": [255.25813984451622, 83.94544398315072]}, "camera_uuid": "a7a591d05adb833dd3d4b184074676ca", "field_of_view_rads": 1.2471764028265238, "room": "8de55a2e5745f73de25402626a4c3d61"}