{"vanishing_points_gaussian_sphere": {"x": [-0.21707425322801316, 0.022954656230037597, 0.9758851635017622], "y": [0.976116923870611, 0.013945275575409678, 0.21679778647970963], "z": [-0.00863246887491098, 0.9996392414498777, -0.025433588709362565]}, "nonfixated_points_in_view": [1028, 10, 522, 14, 1041, 1043, 31, 548, 38, 40, 1069, 1071, 578, 70, 585, 590, 1107, 87, 92, 109, 624, 1150, 128, 147, 148, 1172, 156, 670, 160, 675, 173, 1198, 1211, 1216, 709, 204, 207, 211, 729, 1245, 1250, 739, 233, 236, 1263, 762, 764, 765, 255, 261, 264, 1289, 780, 1295, 786, 787, 1298, 1300, 1305, 1306, 1313, 292, 293, 809, 300, 813, 825, 828, 1341, 1342, 324, 846, 852, 1369, 352, 865, 1377, 356, 358, 1384, 877, 1390, 888, 1401, 1405, 391, 906, 1421, 406, 919, 1431, 1436, 424, 433, 435, 1461, 951, 440, 1468, 957, 447, 962, 1479, 458, 460, 461, 1485, 979, 1491, 1493, 475, 991, 483, 489, 1005, 502, 508, 1022], "point_pitch": 0.022068456807408765, "camera_rotation_from_original_to_final": [0.021332409232854843, -0.00886579044163227, -1.8601807355880737], "camera_location": [-4.307779312133789, 0.3686792552471161, 1.49626624584198], "camera_rotation_original": [1.5781090259552002, -0.005691109225153923, -1.0627084970474243], "view_id": 6, "point_location": [-2.9162943363189697, -5.894894123077393, 1.6595066785812378], "camera_distance": 6.418350820580373, "bounding_box_ranges": {"x": [-6.441763668924164, 0.3686792552471161], "y": [-7.117128030956642, 1.4912067601380325], "z": [-0.017920021401262143, 5.478074880229961]}, "obliqueness_angle": 0.39459022879600525, "resolution": 512, "point_uuid": "981", "point_normal": [0.15585288405418396, 0.9830942153930664, 0.09610303491353989], "camera_rotation_final": [1.596233606338501, 0.00863257609307766, -2.9227681159973145], "vanishing_points_image": {"x": [180.38984328994871, 248.00455545063915], "y": [451.2637962469439, 253.2103675471923], "z": [254.47967130084095, 79.94605186485605]}, "camera_uuid": "5fb98853d32c905b4569c0e295d9d2d9", "field_of_view_rads": 1.244962116149314, "room": "8de55a2e5745f73de25402626a4c3d61"}