{"vanishing_points_gaussian_sphere": {"x": [0.47122871264207633, -0.14299538902161046, 0.8703423574089968], "y": [0.8819566509794158, 0.06543313093137805, -0.46676650604953474], "z": [0.009796232687343977, 0.9875580104961306, 0.15694970445993198]}, "nonfixated_points_in_view": [1025, 1410, 10, 1275, 400, 403, 149, 790, 1046, 1303, 413, 670, 30, 1184, 1440, 169, 555, 812, 1201, 565, 438, 1207, 312, 700, 189, 956, 1341, 1088, 705, 835, 77, 850, 726, 217, 985, 986, 990, 991, 1125, 619, 1005, 366, 878, 761, 379, 764], "point_pitch": -0.13561491569014983, "camera_rotation_from_original_to_final": [-0.1819157749414444, 0.0035266203340142965, 2.723618984222412], "camera_location": [-2.484394073486328, -5.331701278686523, 4.301449775695801], "camera_rotation_original": [1.594873070716858, 5.2980572945671156e-05, -0.07394442707300186], "view_id": 4, "point_location": [-6.049511909484863, -11.979291915893555, 3.10268235206604], "camera_distance": 7.637903403571581, "bounding_box_ranges": {"x": [-11.994486477694528, -5.957519733490042], "y": [-6.3673039572230525, -1.7836065042693454], "z": [2.7651449558251873, 5.212401956049437]}, "obliqueness_angle": 0.7974228858947754, "resolution": 512, "point_uuid": "1260", "point_normal": [-0.25053107738494873, 0.9598010182380676, -0.12655527889728546], "camera_rotation_final": [1.4131873846054077, -0.009796389378607273, 2.650883674621582], "vanishing_points_image": {"x": [400.34210925788386, 299.8009304437446], "y": [379.7164199629188, 246.82137121274008], "z": [257.83920463475107, 70.58981958068404]}, "camera_uuid": "c5be5141daf3c047a2d6d480abd9ff63", "field_of_view_rads": 1.2739206814803523, "room": "ef914082afe6874a9bab2b30c864407b"}