{"vanishing_points_gaussian_sphere": {"x": [-0.6739389872447686, 0.059007017496672226, 0.7364267875068391], "y": [0.7387802050884968, 0.04954974985943895, 0.6721224820360241], "z": [0.0031701799466523468, 0.9970270779547638, -0.07698672472635391]}, "nonfixated_points_in_view": [1026, 516, 13, 18, 23, 540, 547, 552, 1065, 45, 557, 47, 1076, 64, 578, 67, 580, 1095, 1096, 589, 590, 1105, 1114, 1120, 1121, 618, 114, 630, 632, 647, 1162, 653, 148, 661, 664, 675, 681, 178, 1202, 1203, 1204, 1208, 1209, 1219, 196, 710, 1227, 719, 214, 1238, 729, 1244, 735, 227, 1254, 231, 1255, 234, 750, 240, 759, 1276, 263, 781, 1294, 1296, 1306, 796, 290, 807, 809, 304, 305, 1332, 1344, 839, 1354, 843, 844, 332, 336, 849, 340, 341, 347, 1375, 867, 364, 374, 1400, 1407, 385, 386, 391, 1427, 408, 931, 424, 435, 1462, 951, 1466, 443, 1477, 1480, 461, 464, 467, 468, 999, 489, 1001], "point_pitch": 0.06559832493332429, "camera_rotation_from_original_to_final": [0.03290427103638649, -0.05635640397667885, 0.17861758172512054], "camera_location": [-6.116707801818848, -5.171044826507568, 1.5127230882644653], "camera_rotation_original": [1.5826430320739746, -0.00107341050170362, -1.010670781135559], "view_id": 7, "point_location": [1.0611931085586548, 1.3800870180130005, 2.2631075382232666], "camera_distance": 9.746930975109642, "bounding_box_ranges": {"x": [-5.171044826507568, 1.5575881774923444], "y": [-6.116707801818848, 1.479316571771296], "z": [-0.027362299579251737, 4.874546521703253]}, "obliqueness_angle": 0.9282069802284241, "resolution": 512, "point_uuid": "720", "point_normal": [0.09013155102729797, -0.9950787425041199, 0.04116539657115936], "camera_rotation_final": [1.6478596925735474, -0.0031701852567493916, -0.8312641382217407], "vanishing_points_image": {"x": [36.130516052373814, 236.74923289521772], "y": [485.35172923466513, 240.61745356043193], "z": [256.62920907861536, 58.1126561799873]}, "camera_uuid": "676a1ae5fa5b4d774f8408cdbebb47fb", "field_of_view_rads": 1.111442862804828, "room": "8de55a2e5745f73de25402626a4c3d61"}