{"vanishing_points_gaussian_sphere": {"x": [-0.2643652104030431, 0.30503680936327104, 0.9149117883501284], "y": [0.9643696010762126, 0.0935608118946143, 0.24746241532347352], "z": [-0.010114744122390554, 0.9477335698449729, -0.31890244988121763]}, "nonfixated_points_in_view": [130, 135, 1159, 393, 906, 14, 1295, 528, 274, 147, 1043, 1300, 534, 1174, 792, 667, 1307, 1054, 161, 1441, 292, 293, 550, 1317, 1318, 42, 556, 173, 1069, 176, 433, 437, 184, 828, 957, 1342, 447, 831, 1216, 962, 1474, 1475, 70, 585, 458, 1100, 851, 1491, 981, 470, 1492, 1373, 352, 739, 356, 744, 490, 1135, 624, 1268, 1143, 507, 1023], "point_pitch": 0.3255630294468741, "camera_rotation_from_original_to_final": [0.2217460423707962, -0.2260989397764206, -2.049038887023926], "camera_location": [-6.425679683685303, -2.262380838394165, 1.4977667331695557], "camera_rotation_original": [1.5803217887878418, -0.003540406469255686, -0.8513162136077881], "view_id": 6, "point_location": [-5.425463676452637, -5.960350036621094, 2.786733388900757], "camera_distance": 4.04188611558902, "bounding_box_ranges": {"x": [-6.4418085419382605, -2.262380838394165], "y": [-7.249136465769439, -0.783800313678964], "z": [-0.016417914926889488, 5.478499379237685]}, "obliqueness_angle": 0.46485769748687744, "resolution": 512, "point_uuid": "1305", "point_normal": [0.007423365022987127, 0.9984228014945984, 0.05564846470952034], "camera_rotation_final": [1.8953847885131836, 0.01011491660028696, -2.874032974243164], "vanishing_points_image": {"x": [173.12740753358858, 160.3777691055608], "y": [443.17499875496236, 237.84073323096823], "z": [254.51630685997213, 116.98058644504947]}, "camera_uuid": "928222235a04d0c536e00fac4a58b265", "field_of_view_rads": 1.2903351025042764, "room": "8de55a2e5745f73de25402626a4c3d61"}