{"vanishing_points_gaussian_sphere": {"x": [0.10058760771383121, 0.0631011333718839, 0.9929251634144399], "y": [0.9949161023046273, -0.001456986794209372, -0.10069670582720101], "z": [-0.004907397413778548, 0.9980060742083012, -0.06292688848145934]}, "nonfixated_points_in_view": [0, 641, 772, 1273, 1284, 392, 650, 906, 657, 147, 406, 1048, 410, 1055, 1441, 802, 36, 805, 678, 1061, 171, 685, 943, 50, 818, 693, 568, 570, 827, 701, 829, 576, 577, 1217, 708, 197, 71, 328, 841, 714, 1232, 465, 1365, 343, 88, 740, 613, 631, 360, 743, 1383, 1132, 753, 115, 501, 757, 119, 760, 885, 254], "point_pitch": 0.05103798309830232, "camera_rotation_from_original_to_final": [-0.013733438216149807, 0.04834865406155586, -0.3026001453399658], "camera_location": [2.5174548625946045, -7.046302795410156, 1.517836332321167], "camera_rotation_original": [1.5836472511291504, 0.0011349497362971306, 1.7721537351608276], "view_id": 2, "point_location": [-3.3957364559173584, -6.446620464324951, 1.8925857543945312], "camera_distance": 5.955324322399065, "bounding_box_ranges": {"x": [-9.356707036201094, -6.120801652586668], "y": [-3.5506484353114294, 2.5174548625946045], "z": [-0.09628085498131436, 2.4276359063686725]}, "obliqueness_angle": 0.3652592599391937, "resolution": 512, "point_uuid": "912", "point_normal": [0.9655017256736755, 0.25933969020843506, -0.02343849465250969], "camera_rotation_final": [1.6337655782699585, 0.004907417111098766, 1.4700371026992798], "vanishing_points_image": {"x": [305.9212959257644, 224.68311689775086], "y": [492.7152411793563, 256.3466533304542], "z": [254.81103106099098, 14.202133814483824]}, "camera_uuid": "3d5b30db610d18db270d0baeb235eacb", "field_of_view_rads": 0.9467147207793454, "room": "856e4980d5eb3351797f528948f684e5"}