{"vanishing_points_gaussian_sphere": {"x": [-0.4506491903310986, -0.16946236966486786, 0.8764689455545434], "y": [0.8926990587930574, -0.08766189599556926, 0.4420450004472978], "z": [0.001922936274241986, 0.9816302242993692, 0.19078366035396094]}, "nonfixated_points_in_view": [1038, 527, 1042, 669, 297, 939, 1324, 46, 815, 563, 1331, 1334, 823, 953, 442, 826, 318, 1215, 704, 452, 1353, 337, 978, 1361, 871, 1259, 493, 1137, 1138, 634, 635, 766], "point_pitch": -0.19234494765731291, "camera_rotation_from_original_to_final": [0.18001523613929749, 0.06524594873189926, -2.9984548091888428], "camera_location": [-3.8966617584228516, -5.1063923835754395, 1.5070674419403076], "camera_rotation_original": [1.5701526403427124, 0.0018522855825722218, -2.8113532066345215], "view_id": 0, "point_location": [-6.748442649841309, 0.5480045080184937, 0.27625760436058044], "camera_distance": 6.45133731270732, "bounding_box_ranges": {"x": [-5.1063923835754395, 1.5442746904380789], "y": [-7.4311475421713284, -3.8966617584228516], "z": [-0.03478960292310518, 3.1198928726297304]}, "obliqueness_angle": 1.31191086769104, "resolution": 512, "point_uuid": "526", "point_normal": [0.8669390678405762, 0.24021334946155548, 0.43670862913131714], "camera_rotation_final": [1.3788355588912964, -0.0019229374593123794, -5.815691947937012], "vanishing_points_image": {"x": [24.66968986083859, 342.98957719792855], "y": [586.4678336437847, 288.45151496174947], "z": [256.612990037794, -56.922251430423195]}, "camera_uuid": "62e24ad43a6e699e9b1ae0325438e489", "field_of_view_rads": 0.8354978613378929, "room": "8de55a2e5745f73de25402626a4c3d61"}