{"vanishing_points_gaussian_sphere": {"x": [-0.1307680866889543, -0.0317160667145901, 0.9909055447497839], "y": [0.9912348457290762, -0.023128993831873564, 0.130071250692764], "z": [0.01879329976786518, 0.9992292733684702, 0.03446260476740452]}, "nonfixated_points_in_view": [1033, 530, 1048, 26, 1055, 34, 36, 1061, 1063, 48, 50, 55, 568, 572, 1084, 576, 577, 1089, 1094, 71, 88, 97, 100, 1132, 115, 119, 641, 134, 650, 657, 146, 658, 1176, 678, 1194, 171, 685, 688, 701, 192, 1217, 707, 708, 197, 714, 1232, 209, 722, 728, 1243, 221, 223, 743, 753, 757, 758, 1273, 254, 772, 1284, 774, 777, 802, 805, 1320, 301, 1329, 827, 829, 327, 328, 841, 330, 1365, 343, 1368, 360, 885, 388, 392, 906, 398, 911, 912, 406, 410, 933, 428, 943, 944, 948, 958, 965, 971, 465, 472, 501, 1013], "point_pitch": -0.05512528022262053, "camera_rotation_from_original_to_final": [-0.033773135393857956, -0.057914670556783676, 1.1017415523529053], "camera_location": [5.059991836547852, -7.579131126403809, 1.5203824043273926], "camera_rotation_original": [1.596900224685669, 0.009909546934068203, 0.6009308099746704], "view_id": 3, "point_location": [-2.8059401512145996, -8.611652374267578, 1.246813178062439], "camera_distance": 7.938124898187889, "bounding_box_ranges": {"x": [-12.06264235876828, -6.089812579968646], "y": [-3.5507738070153714, 5.059991836547852], "z": [-0.10375285148736119, 2.4267601154607212]}, "obliqueness_angle": 0.1485394835472107, "resolution": 512, "point_uuid": "818", "point_normal": [0.9959468245506287, -0.007607612293213606, 0.08962225168943405], "camera_rotation_final": [1.5363208055496216, -0.018794406205415726, 1.7019633054733276], "vanishing_points_image": {"x": [187.75328774729437, 272.55233576986393], "y": [535.1664903471521, 262.51393568449055], "z": [261.03539465936257, -11.729127335145785]}, "camera_uuid": "e2c81e729be96548bbabfecfc7939d49", "field_of_view_rads": 0.9049364389694879, "room": "856e4980d5eb3351797f528948f684e5"}