{"vanishing_points_gaussian_sphere": {"x": [0.11892670981763287, 0.0656608772296092, 0.9907295730386728], "y": [0.9929029852976416, -0.00818160876146621, -0.11864536680842405], "z": [0.0003154028911470004, 0.9978084538023881, -0.06616789282955719]}, "nonfixated_points_in_view": [769, 516, 1285, 263, 647, 1415, 1162, 907, 1294, 1296, 20, 664, 668, 1309, 414, 931, 1059, 1189, 39, 552, 681, 1065, 44, 1455, 305, 178, 179, 945, 1076, 1203, 1462, 445, 1213, 1471, 64, 450, 67, 196, 580, 1477, 1480, 1227, 589, 336, 720, 849, 467, 340, 468, 471, 1112, 1496, 1114, 1244, 1126, 615, 999, 618, 113, 114, 370, 626, 118], "point_pitch": 0.056955293813024, "camera_rotation_from_original_to_final": [0.03337442874908447, -0.04884181544184685, -0.6279350519180298], "camera_location": [-4.307779312133789, 0.3686792552471161, 1.49626624584198], "camera_rotation_original": [1.5781090259552002, -0.005691109225153923, -1.0627084970474243], "view_id": 11, "point_location": [1.4366159439086914, -0.31924375891685486, 1.8799171447753906], "camera_distance": 5.7981465556805025, "bounding_box_ranges": {"x": [-4.832829694342351, 1.4174010026673454], "y": [-4.307779312133789, 1.4766490740461418], "z": [-0.02490307347399795, 5.086250805357957]}, "obliqueness_angle": 0.12588495016098022, "resolution": 512, "point_uuid": "214", "point_normal": [-0.9994869828224182, -0.002098975470289588, -0.03195897489786148], "camera_rotation_final": [1.6370126008987427, -0.0003154028963763267, -1.6900051832199097], "vanishing_points_image": {"x": [300.2989152501216, 231.54203223057775], "y": [432.1853463626493, 257.45178289801447], "z": [256.05738802742434, 74.44726057272193]}, "camera_uuid": "5fb98853d32c905b4569c0e295d9d2d9", "field_of_view_rads": 1.1956594865228904, "room": "8de55a2e5745f73de25402626a4c3d61"}