{"vanishing_points_gaussian_sphere": {"x": [0.6581246255395434, -0.024884483182728203, 0.7524976676077904], "y": [0.7528311099000126, 0.03612636276067822, -0.65722158050417], "z": [-0.01083038434918122, 0.9990373608681572, 0.04250946205771853]}, "nonfixated_points_in_view": [133, 905, 140, 1426, 794, 1051, 155, 1179, 286, 168, 175, 691, 1208, 569, 318, 457, 1229, 1486, 337, 1106, 1361, 600, 1120, 1124, 1259, 882, 1138, 884, 377], "point_pitch": -0.05009095271560149, "camera_rotation_from_original_to_final": [0.018133599311113358, -0.054081030189991, -1.3155652284622192], "camera_location": [3.5518953800201416, -7.357985973358154, 4.276762962341309], "camera_rotation_original": [1.5831875801086426, -0.0045831575989723206, 2.16766619682312], "view_id": 4, "point_location": [-2.931335687637329, -1.6956164836883545, 3.910517692565918], "camera_distance": 8.615616676844027, "bounding_box_ranges": {"x": [-7.357985973358154, -4.705665427663336], "y": [0.9297735671724974, 3.5518953800201416], "z": [2.777638183086709, 5.213169096540374]}, "obliqueness_angle": 0.819069504737854, "resolution": 512, "point_uuid": "523", "point_normal": [0.9882696270942688, 0.08422380685806274, -0.12739545106887817], "camera_rotation_final": [1.5282715559005737, 0.010830596089363098, 0.8524198532104492], "vanishing_points_image": {"x": [576.7055037618921, 268.12626059757076], "y": [428.2302470661364, 247.73512850086803], "z": [252.6365588313578, -54.25707677767187]}, "camera_uuid": "4f0e7099dffb9eae50102f6058915b65", "field_of_view_rads": 0.7971502097395305, "room": "77c77478b552f1977cad320741ba92a5"}