{"vanishing_points_gaussian_sphere": {"x": [0.42440614257695747, 0.01556969813523974, 0.9053380642847868], "y": [0.9054708129803287, -0.008872151178160793, -0.42431579251097223], "z": [0.001425827370267226, 0.9998394218240494, -0.017863302686256667]}, "nonfixated_points_in_view": [0, 1032, 528, 530, 26, 34, 1061, 1066, 1067, 48, 50, 55, 568, 570, 62, 71, 1100, 88, 99, 100, 613, 617, 115, 627, 119, 134, 657, 658, 1176, 167, 1194, 171, 685, 688, 693, 184, 701, 192, 708, 197, 1231, 1232, 722, 1243, 223, 1248, 740, 242, 758, 1273, 254, 1284, 774, 1286, 267, 784, 802, 293, 805, 296, 1320, 301, 814, 1329, 818, 1336, 313, 827, 829, 327, 328, 1368, 858, 863, 885, 1418, 398, 912, 410, 933, 428, 944, 1474, 965, 458, 465, 980, 984, 996], "point_pitch": -0.015024467310633227, "camera_rotation_from_original_to_final": [-0.011169709265232086, -0.011723939329385757, -0.28815701603889465], "camera_location": [3.307429552078247, -10.623159408569336, 1.5089129209518433], "camera_rotation_original": [1.6019235849380493, -0.010716056451201439, 1.4206318855285645], "view_id": 1, "point_location": [-2.6229171752929688, -7.8437113761901855, 1.6259251832962036], "camera_distance": 6.550422378623793, "bounding_box_ranges": {"x": [-11.55330797352274, -5.949919301174402], "y": [-3.5492476403922963, 3.307429552078247], "z": [-0.094976512615052, 2.426669772589564]}, "obliqueness_angle": 0.5257154107093811, "resolution": 512, "point_uuid": "1365", "point_normal": [0.7936251759529114, -0.36565330624580383, 0.48626822233200073], "camera_rotation_final": [1.5886605978012085, -0.0014258278533816338, 1.1324899196624756], "vanishing_points_image": {"x": [399.36329274264057, 250.74059640578324], "y": [394.108875199093, 257.3532438619186], "z": [256.26128322507464, 72.77917387573714]}, "camera_uuid": "6fc923253b31e08cd2b4b232614b75a1", "field_of_view_rads": 1.2110989936805492, "room": "856e4980d5eb3351797f528948f684e5"}