{"vanishing_points_gaussian_sphere": {"x": [-0.005222710069106316, 0.015003183350132692, 0.9998738059319768], "y": [0.9999444987299353, -0.009070753982803829, 0.005359186684761299], "z": [0.009150014167897763, 0.9998463011441038, -0.01495497673624137]}, "nonfixated_points_in_view": [1051, 23], "point_pitch": 0.016418174901280835, "camera_rotation_from_original_to_final": [0.0006962192128412426, -0.008360587991774082, 1.0679852962493896], "camera_location": [-4.307779312133789, 0.3686792552471161, 1.49626624584198], "camera_rotation_original": [1.5781090259552002, -0.005691109225153923, -1.0627084970474243], "view_id": 11, "point_location": [-4.31368350982666, 1.470236897468567, 1.512742042541504], "camera_distance": 1.1016966569718294, "bounding_box_ranges": {"x": [0.3686792552471161, 1.5573508511207246], "y": [-4.804037981378217, -3.8203650492297223], "z": [1.0369416017620823, 1.9618858225204068]}, "obliqueness_angle": 0.11925830692052841, "resolution": 512, "point_uuid": "337", "point_normal": [0.01691446639597416, -0.994480550289154, 0.10354860126972198], "camera_rotation_final": [1.5857524871826172, -0.009150141850113869, 0.005222952459007502], "vanishing_points_image": {"x": [252.7950528071413, 246.79320702744272], "y": [563.674112909396, 258.7909910886287], "z": [258.7869949567883, -48.542326134155985]}, "camera_uuid": "5fb98853d32c905b4569c0e295d9d2d9", "field_of_view_rads": 0.7903533319716802, "room": "8de55a2e5745f73de25402626a4c3d61"}