{"vanishing_points_gaussian_sphere": {"x": [0.4338987198944138, -0.12162789567431416, 0.8927141512644613], "y": [0.9009090655389087, 0.04786654492020076, -0.4313602317173115], "z": [0.009734295238961918, 0.9914209241645249, 0.13034490640205382]}, "nonfixated_points_in_view": [7, 654, 144, 17, 28, 1438, 422, 806, 1062, 170, 687, 193, 456, 1483, 334, 591, 1366, 474, 604, 623, 1391, 1141], "point_pitch": -0.1235021789881845, "camera_rotation_from_original_to_final": [0.11807287484407425, 0.056741952896118164, 0.6571038961410522], "camera_location": [3.8354318141937256, -5.580057144165039, 1.5235874652862549], "camera_rotation_original": [1.571001648902893, -0.012118679471313953, -2.674816608428955], "view_id": 8, "point_location": [6.354461193084717, -6.797253608703613, 1.1557847261428833], "camera_distance": 2.8217645484118017, "bounding_box_ranges": {"x": [-10.18299250972565, -5.036877657447588], "y": [3.8354318141937256, 6.5102209937356985], "z": [-0.018849092763708664, 2.427728381024634]}, "obliqueness_angle": 0.45821061730384827, "resolution": 512, "point_uuid": "1465", "point_normal": [-0.9993853569030762, 0.000256289669778198, 0.035056136548519135], "camera_rotation_final": [1.4400732517242432, -0.009734448976814747, -2.01963472366333], "vanishing_points_image": {"x": [397.75447337459354, 295.7357666857555], "y": [390.0416613050266, 248.87818110899198], "z": [257.883437316227, 64.17520746793177]}, "camera_uuid": "c83171f93afe09cc67e6fc1972ae2a82", "field_of_view_rads": 1.231712405534622, "room": "856e4980d5eb3351797f528948f684e5"}