{"vanishing_points_gaussian_sphere": {"x": [-0.48198905242795687, 0.2089338192743105, 0.8509014117411312], "y": [0.8761646624826082, 0.12013706501313841, 0.46680035328474895], "z": [-0.004694417571735505, 0.9705224081768946, -0.2409651793728369]}, "nonfixated_points_in_view": [256, 998, 1352, 875, 268, 621, 717, 1230, 656, 1261, 1488, 723, 308, 629, 246, 853, 1498, 444], "point_pitch": 0.22853024403122468, "camera_rotation_from_original_to_final": [0.012911375612020493, 0.23101401329040527, -0.9507113695144653], "camera_location": [-5.609722137451172, -10.968703269958496, 4.285808086395264], "camera_rotation_original": [1.5832164287567139, -0.00936906412243843, 1.4556810855865479], "view_id": 5, "point_location": [-7.281586170196533, -7.921165466308594, 5.148833751678467], "camera_distance": 3.581540122937903, "bounding_box_ranges": {"x": [-10.968703269958496, -6.085941030996081], "y": [-7.284179564458323, -5.565219473950364], "z": [3.2245589940731367, 5.212402298835077]}, "obliqueness_angle": 1.0282317399978638, "resolution": 512, "point_uuid": "1381", "point_normal": [0.9724648594856262, -0.007354851812124252, -0.2329336702823639], "camera_rotation_final": [1.8141592741012573, 0.004694434814155102, 0.5029295086860657], "vanishing_points_image": {"x": [42.94212517711708, 163.64313984109302], "y": [546.2717227686946, 216.1988138497533], "z": [254.93594441117497, 36.01748316591084]}, "camera_uuid": "84fae33197a8eefa4becf372ea5729e2", "field_of_view_rads": 0.9336696496065873, "room": "ef914082afe6874a9bab2b30c864407b"}