{"vanishing_points_gaussian_sphere": {"x": [0.4054772554651967, -0.05114120939411203, 0.9126734202342695], "y": [0.9140846768274427, 0.029364256929613402, -0.40445882856508586], "z": [-0.006115463161643789, 0.9982596441390783, 0.058653934170176]}, "nonfixated_points_in_view": [482, 902], "point_pitch": -0.04645018180343108, "camera_rotation_from_original_to_final": [-0.03671857714653015, 0.0624983087182045, -2.5868563652038574], "camera_location": [7.219512939453125, -9.547077178955078, 1.4965308904647827], "camera_rotation_original": [1.5844197273254395, 0.001260085846297443, -0.9731268286705017], "view_id": 0, "point_location": [6.4710612297058105, -11.235981941223145, 1.3879915475845337], "camera_distance": 1.8505026579665846, "bounding_box_ranges": {"x": [-11.553844550249035, -10.092003181382614], "y": [6.467526907158609, 6.51022985498601], "z": [0.5826658690994944, 2.38771271793014]}, "obliqueness_angle": 1.1572163105010986, "resolution": 512, "point_uuid": "666", "point_normal": [0.9999949932098389, -0.002898302162066102, 0.0013421861222013831], "camera_rotation_final": [1.5121076107025146, 0.006115501280874014, -3.5591018199920654], "vanishing_points_image": {"x": [429.3039494175637, 277.85812754360757], "y": [432.6733523952812, 250.3245064227999], "z": [254.53604286496466, 17.03047471183819]}, "camera_uuid": "7526e205b6c8b20a721e7467dec89a0d", "field_of_view_rads": 1.0070001765099665, "room": "856e4980d5eb3351797f528948f684e5"}