{"vanishing_points_gaussian_sphere": {"x": [0.013212730631211056, -0.1917712760736906, 0.9813507025637346], "y": [0.9999028709056912, -0.0018193946275661145, -0.013818051879553], "z": [0.004435369637797029, 0.9814379590561279, 0.19172861033220523]}, "nonfixated_points_in_view": [512, 1, 1024, 902, 9, 265, 1168, 1425, 918, 666, 541, 1181, 801, 306, 59, 955, 449, 451, 1350, 82, 1110, 983, 478, 353, 482, 355, 609, 101, 873, 1385, 491, 369, 499, 886, 1398, 1016, 123, 1279], "point_pitch": -0.19462208350631194, "camera_rotation_from_original_to_final": [0.19375242292881012, 0.013803265988826752, -0.08453892171382904], "camera_location": [6.898015022277832, -5.4319539070129395, 1.5056571960449219], "camera_rotation_original": [1.5721105337142944, -0.004563433583825827, -3.0698022842407227], "view_id": 3, "point_location": [6.8231706619262695, -10.747462272644043, 0.46715453267097473], "camera_distance": 5.416522748613988, "bounding_box_ranges": {"x": [-6.106922102180659, -5.4319539070129395], "y": [6.565343682245679, 6.898015022277832], "z": [0.9537971495019963, 1.7151341923089711]}, "obliqueness_angle": 0.35962456464767456, "resolution": 512, "point_uuid": "1470", "point_normal": [-0.28698790073394775, 0.9579342007637024, -0.00038993911584839225], "camera_rotation_final": [1.3778712749481201, -0.004435384180396795, -3.154805898666382], "vanishing_points_image": {"x": [262.1894776026991, 345.83487601686903], "y": [492.9319836150471, 256.4311146518635], "z": [257.1704485093153, -2.991400936141757]}, "camera_uuid": "7aee671bd52588b571fedb6abd1f939e", "field_of_view_rads": 0.9848085260269561, "room": "8efc299ca974ee46c0bc622cd51b4dc7"}