{"vanishing_points_gaussian_sphere": {"x": [-0.20770168360214264, -0.3584176445576713, 0.9101630637960246], "y": [0.9780052780381198, -0.09427875041004706, 0.18605696265042068], "z": [0.019122938017350738, 0.9287886246562513, 0.37011620330746625]}, "nonfixated_points_in_view": [1347, 1439, 363, 1070, 529, 1113, 926, 287], "point_pitch": -0.3588626821849008, "camera_rotation_from_original_to_final": [-0.324701189994812, -0.2487420290708542, 2.7889795303344727], "camera_location": [5.059991836547852, -7.579131126403809, 1.5203824043273926], "camera_rotation_original": [1.596900224685669, 0.009909546934068203, 0.6009308099746704], "view_id": 0, "point_location": [5.592426776885986, -10.18372631072998, 0.46122822165489197], "camera_distance": 2.8616796700706675, "bounding_box_ranges": {"x": [-11.670361469194447, -7.579131126403809], "y": [4.045131316900408, 6.4924867806633255], "z": [-0.03218741043201878, 1.7170376295022813]}, "obliqueness_angle": 0.44806525111198425, "resolution": 512, "point_uuid": "775", "point_normal": [-0.41136160492897034, 0.9113817811012268, -0.012848940677940845], "camera_rotation_final": [1.19158935546875, -0.01912410371005535, 3.350856304168701], "vanishing_points_image": {"x": [147.66856392764456, 442.9407001195971], "y": [562.4739457503042, 285.5437880422656], "z": [262.6692036813355, -67.91887214818857]}, "camera_uuid": "e2c81e729be96548bbabfecfc7939d49", "field_of_view_rads": 0.8463136776824562, "room": "856e4980d5eb3351797f528948f684e5"}