{"vanishing_points_gaussian_sphere": {"x": [-0.40250085038760347, -0.014492957989495764, 0.9153048779537728], "y": [0.9154188422540055, -0.005076024086199939, 0.40247059175275457], "z": [-0.0011868797715705278, 0.9998820871223723, 0.015310230834863589]}, "nonfixated_points_in_view": [1280, 642, 1028, 1159, 394, 779, 1420, 272, 1148, 404, 149, 1044, 279, 1172, 409, 793, 1277, 1431, 669, 1405, 1312, 930, 1186, 164, 421, 1317, 1191, 683, 173, 46, 430, 1072, 689, 436, 1461, 1206, 1211, 1469, 191, 1215, 322, 709, 199, 455, 1353, 1355, 1357, 335, 1233, 1234, 725, 1241, 603, 1371, 993, 1122, 611, 1379, 1380, 870, 359, 106, 748, 505, 1006, 239, 1390, 633, 1265, 883, 756, 249, 636, 125], "point_pitch": -0.019945545992579028, "camera_rotation_from_original_to_final": [0.01045149564743042, -0.01716604270040989, -0.17333362996578217], "camera_location": [0.21503694355487823, -3.282130241394043, 2.989867687225342], "camera_rotation_original": [1.575566053390503, 0.00037009804509580135, 2.1583032608032227], "view_id": 2, "point_location": [-3.166926622390747, -4.769219398498535, 2.9332971572875977], "camera_distance": 3.694903481033934, "bounding_box_ranges": {"x": [-6.440446713198462, -1.4989753865242064], "y": [-7.431133770227592, 0.21503694355487823], "z": [-0.022975786494444664, 5.47601434789428]}, "obliqueness_angle": 1.4185258150100708, "resolution": 512, "point_uuid": "1190", "point_normal": [0.5259494781494141, -0.826826810836792, 0.199335515499115], "camera_rotation_final": [1.555485486984253, 0.001186880050227046, 1.9850437641143799], "vanishing_points_image": {"x": [131.20991787254138, 260.49335055078103], "y": [448.7045376032273, 257.06855226181], "z": [255.79888935796203, 86.57514895769307]}, "camera_uuid": "41fbfac86809ed0f1940b75ebedda277", "field_of_view_rads": 1.3013062182197903, "room": "8de55a2e5745f73de25402626a4c3d61"}