{"vanishing_points_gaussian_sphere": {"x": [0.38363249855805837, -0.14533847657786336, 0.9119774302449196], "y": [0.9234690315814398, 0.05441599693775662, -0.37979447993264465], "z": [0.005572590074581794, 0.9878844196075248, 0.15509132708364048]}, "nonfixated_points_in_view": [897, 132, 519, 1161, 11, 652, 525, 150, 162, 549, 1452, 817, 1457, 307, 691, 696, 952, 316, 838, 1479, 982, 473, 608, 887, 504, 381], "point_pitch": -0.12673954566451506, "camera_rotation_from_original_to_final": [0.08447057753801346, -0.15610606968402863, 2.1624398231506348], "camera_location": [0.3440798223018646, -5.207657814025879, 4.2956719398498535], "camera_rotation_original": [1.591770052909851, -0.020765699446201324, 2.1472725868225098], "view_id": 3, "point_location": [5.116965293884277, -7.195333957672119, 3.483992099761963], "camera_distance": 5.233556558192423, "bounding_box_ranges": {"x": [-5.982650558793069, -4.91238217205412], "y": [0.3440798223018646, 1.4912103422386602], "z": [3.053436794909594, 4.925217241806376]}, "obliqueness_angle": 0.13631761074066162, "resolution": 512, "point_uuid": "1047", "point_normal": [-0.913968563079834, 0.4052261710166931, 0.02128947712481022], "camera_rotation_final": [1.4150739908218384, -0.005572618916630745, 4.318655967712402], "vanishing_points_image": {"x": [389.15387740269387, 306.44510505466036], "y": [402.5410215563048, 247.3649775925806], "z": [257.1406661562412, 53.787687835836216]}, "camera_uuid": "65572d2c193d1b3ea0911dbf66b34fb7", "field_of_view_rads": 1.1914742416169344, "room": "8de55a2e5745f73de25402626a4c3d61"}