{"vanishing_points_gaussian_sphere": {"x": [-0.5337026894986904, -0.2253872390787019, 0.815084064181324], "y": [0.8456711653321837, -0.14074699680913866, 0.5148111916177763], "z": [-0.001311238945038625, 0.9640492079503454, 0.2657205398585903]}, "nonfixated_points_in_view": [256, 2, 131, 514, 1283, 1411, 266, 400, 656, 1430, 1303, 1177, 413, 1056, 1440, 419, 676, 803, 1060, 1315, 41, 169, 812, 1454, 559, 432, 177, 434, 1201, 1207, 189, 1352, 1225, 717, 1101, 1230, 1488, 850, 1494, 480, 1125, 102, 1127, 1381, 745, 875, 1260, 1261, 110, 111, 366, 622, 883, 629, 379, 125], "point_pitch": -0.2706494768473764, "camera_rotation_from_original_to_final": [0.17510847747325897, 0.206146240234375, -1.8782180547714233], "camera_location": [-2.9783132076263428, -7.1683149337768555, 4.279703140258789], "camera_rotation_original": [1.5714958906173706, -0.0020283132325857878, -2.2531356811523438], "view_id": 2, "point_location": [-7.259520053863525, -9.87234878540039, 2.8840131759643555], "camera_distance": 5.252473986223994, "bounding_box_ranges": {"x": [-11.995017200476365, -6.93960491268172], "y": [-7.284179637375319, -2.9783132076263428], "z": [2.7662321711628364, 5.212399854553368]}, "obliqueness_angle": 0.5460310578346252, "resolution": 512, "point_uuid": "1134", "point_normal": [0.9922922849655151, 0.026460738852620125, 0.1210617870092392], "camera_rotation_final": [1.301844835281372, 0.0013112393207848072, -4.149415493011475], "vanishing_points_image": {"x": [91.88377481267646, 325.30769436019517], "y": [463.4720141211341, 290.53004442692867], "z": [255.7245121641631, 53.455810061584025]}, "camera_uuid": "e17726a518b6f85be09164e3bce92661", "field_of_view_rads": 1.2249205991250935, "room": "ef914082afe6874a9bab2b30c864407b"}