{"vanishing_points_gaussian_sphere": {"x": [0.16822104057288326, -0.09959489245839727, 0.9807051233193272], "y": [0.985748372266055, 0.01563155358575467, -0.1674986600164868], "z": [0.0013520663442774486, 0.9949052778675446, 0.10080505933684436]}, "nonfixated_points_in_view": [772, 1029, 646, 1030, 8, 1414, 1290, 654, 144, 17, 1299, 662, 1304, 1432, 28, 416, 672, 673, 677, 422, 1061, 171, 172, 685, 687, 562, 693, 1463, 1465, 827, 60, 317, 701, 831, 708, 1351, 456, 1483, 334, 977, 466, 722, 85, 91, 604, 740, 613, 1128, 874, 1004, 751, 1007, 242, 115, 627, 1141, 119, 248, 1273, 1403, 254, 1399], "point_pitch": -0.10538165172072844, "camera_rotation_from_original_to_final": [-0.09671594202518463, 0.02511836588382721, -1.5178561210632324], "camera_location": [-5.588504314422607, -6.667678356170654, 1.5075440406799316], "camera_rotation_original": [1.5696860551834106, -0.004471865016967058, -0.2234717458486557], "view_id": 6, "point_location": [1.999193787574768, -7.963612079620361, 0.727616012096405], "camera_distance": 7.736982229808474, "bounding_box_ranges": {"x": [-6.441889021289578, -6.070781101538445], "y": [-4.230570783695497, -1.717613370243102], "z": [-0.01467335856139701, 2.421829440900915]}, "obliqueness_angle": 0.07483849674463272, "resolution": 512, "point_uuid": "298", "point_normal": [-0.9793153405189514, 0.12281670421361923, 0.16080345213413239], "camera_rotation_final": [1.4698196649551392, -0.0013520667562261224, -1.739821195602417], "vanishing_points_image": {"x": [325.46540550614037, 297.1268386368443], "y": [447.4235351732549, 252.96449181979708], "z": [256.29965157121234, 35.50421517238442]}, "camera_uuid": "a16f93f6e5a1a0a39d5df06bb9e95552", "field_of_view_rads": 1.0928653510614659, "room": "8de55a2e5745f73de25402626a4c3d61"}