{"vanishing_points_gaussian_sphere": {"x": [0.09334699967669109, -0.03878049333994853, 0.9948780885051546], "y": [0.9956243286275054, 0.00795658443033912, -0.09310686875430976], "z": [-0.004305101205455687, 0.9992160757816665, 0.039353525929676114]}, "nonfixated_points_in_view": [771, 518, 775, 1287, 649, 1291, 12, 654, 1039, 144, 529, 1424, 1428, 665, 538, 28, 285, 415, 1439, 1443, 422, 934, 1062, 43, 1067, 429, 174, 1070, 1460, 1333, 566, 695, 1080, 1464, 317, 65, 195, 1347, 1228, 1484, 975, 848, 977, 724, 216, 89, 1113, 1370, 604, 1117, 1378, 99, 1253, 617, 746, 1264, 241, 116, 1141, 1271, 1404, 1399], "point_pitch": -0.0440881689402719, "camera_rotation_from_original_to_final": [-0.0386224240064621, 0.02404991164803505, -1.2746145725250244], "camera_location": [-1.2640292644500732, -10.590165138244629, 1.4937529563903809], "camera_rotation_original": [1.576294183731079, -0.003259384771808982, -0.3901067078113556], "view_id": 2, "point_location": [4.845059394836426, -11.16189193725586, 1.2520999908447266], "camera_distance": 6.1405403938847, "bounding_box_ranges": {"x": [-11.668741566637696, -7.309253286605019], "y": [-1.2640292644500732, 6.509872151195523], "z": [-0.03081419963670179, 2.421776239136718]}, "obliqueness_angle": 0.3651168942451477, "resolution": 512, "point_uuid": "3", "point_normal": [-0.9444544315338135, -0.17659656703472137, 0.2771632671356201], "camera_rotation_final": [1.5314322710037231, 0.004305114503949881, -1.6642802953720093], "vanishing_points_image": {"x": [299.80567574803194, 274.19882505578477], "y": [480.3638370303574, 254.20698454113935], "z": [254.9643027241473, 15.614160437427383]}, "camera_uuid": "bf987798a26d9c5da496954cb31ac414", "field_of_view_rads": 0.9945032563772946, "room": "856e4980d5eb3351797f528948f684e5"}