{"vanishing_points_gaussian_sphere": {"x": [0.693427019898503, 0.17443317629322413, 0.6990937241049573], "y": [0.7205216288267322, -0.17157149458694823, -0.671871866234979], "z": [0.002747811411619592, 0.9696062547516171, -0.24465518649517407]}, "nonfixated_points_in_view": [130, 780, 14, 1169, 274, 1298, 534, 667, 1054, 161, 550, 1318, 556, 1216, 1475, 453, 70, 584, 585, 460, 851, 1492, 744, 1023], "point_pitch": 0.23385389248398347, "camera_rotation_from_original_to_final": [-0.06920349597930908, -0.22627761960029602, -0.44262632727622986], "camera_location": [-6.732573986053467, -9.080721855163574, 1.502792477607727], "camera_rotation_original": [1.58157217502594, -0.008283889852464199, -1.885231852531433], "view_id": 5, "point_location": [-4.2010297775268555, -11.513689994812012, 2.388733386993408], "camera_distance": 3.6211795652687724, "bounding_box_ranges": {"x": [-11.624713462949778, -9.080721855163574], "y": [-6.732573986053467, -2.8064200666187356], "z": [0.19737789108285064, 2.4273973160684017]}, "obliqueness_angle": 0.7998954653739929, "resolution": 512, "point_uuid": "792", "point_normal": [0.0057413624599576, 0.8530306220054626, -0.52182936668396], "camera_rotation_final": [1.81796133518219, -0.0027478148695081472, -2.3370344638824463], "vanishing_points_image": {"x": [446.9335274827144, 207.97022800675646], "y": [352.5959326116971, 279.00154203031485], "z": [256.43849508663055, 101.27046620559751]}, "camera_uuid": "6fe7ddd5d030b288cf1811fb32bc13b1", "field_of_view_rads": 1.2410229795680108, "room": "ade82d56fe033105b37cc8ef1783cd93"}