{"vanishing_points_gaussian_sphere": {"x": [-0.5219313848474747, -0.04751075771825454, 0.851663288754561], "y": [0.8528507049062929, -0.011187477361485407, 0.5220349753523472], "z": [-0.015274313471870485, 0.9988080737816067, 0.04635867876287533]}, "nonfixated_points_in_view": [928, 610, 1090, 361, 457, 1035, 175, 1266, 595, 1497, 954, 380, 799], "point_pitch": -0.04172198375197844, "camera_rotation_from_original_to_final": [0.055156122893095016, -0.03336348384618759, -2.4258363246917725], "camera_location": [3.9411685466766357, -6.047142028808594, 4.286668300628662], "camera_rotation_original": [1.584341049194336, -0.008459939621388912, 2.9743051528930664], "view_id": 3, "point_location": [3.204885959625244, -4.845948696136475, 4.221283435821533], "camera_distance": 1.410408665793061, "bounding_box_ranges": {"x": [-6.047142028808594, -4.671978117005526], "y": [1.658233467270783, 3.9411685466766357], "z": [2.8762307702028345, 5.213333430404003]}, "obliqueness_angle": 0.7627780437469482, "resolution": 512, "point_uuid": "232", "point_normal": [0.9468522071838379, -0.2773221731185913, -0.16298259794712067], "camera_rotation_final": [1.5244156122207642, 0.01527490746229887, 0.549185037612915], "vanishing_points_image": {"x": [60.417614287009336, 273.8036186581951], "y": [504.31012676550495, 259.2572687175323], "z": [252.63564014163643, 35.999945933495276]}, "camera_uuid": "6d257e4888f9878e655953370ee5e983", "field_of_view_rads": 1.073343209190144, "room": "77c77478b552f1977cad320741ba92a5"}