{"vanishing_points_gaussian_sphere": {"x": [0.4831916789597766, 0.026690571105461077, 0.8751076589757951], "y": [0.875467859925131, -0.004402343276946351, -0.4832562939184375], "z": [-0.0090458621558953, 0.9996340494339597, -0.025493912805222535]}, "nonfixated_points_in_view": [1281, 1402, 1170, 1052, 542, 551, 1064, 1192, 1447, 946, 51, 820, 712, 75, 972, 462, 79, 208, 210, 338, 599, 1242, 605, 222, 228, 1382, 104, 1002, 747, 1386, 1009, 372, 245, 1140, 1018, 383], "point_pitch": 0.03469605843094392, "camera_rotation_from_original_to_final": [-0.010281172581017017, 0.010808447375893593, -2.27659273147583], "camera_location": [2.5174548625946045, -7.046302795410156, 1.517836332321167], "camera_rotation_original": [1.5836472511291504, 0.0011349497362971306, 1.7721537351608276], "view_id": 4, "point_location": [3.863420248031616, -4.60895299911499, 1.5888423919677734], "camera_distance": 2.7851999114394195, "bounding_box_ranges": {"x": [-7.046302795410156, -3.1395376057352498], "y": [2.050622791886066, 6.506423613601417], "z": [-0.016060300914685965, 2.427734006757837]}, "obliqueness_angle": 1.0411874055862427, "resolution": 512, "point_uuid": "860", "point_normal": [-0.013758476823568344, -0.5452808141708374, -0.8381405472755432], "camera_rotation_final": [1.5962940454483032, 0.009045985527336597, -0.5043191313743591], "vanishing_points_image": {"x": [409.0330157154095, 247.5467530479239], "y": [381.601640517344, 256.63159547370736], "z": [254.40890660457842, 80.17252148195334]}, "camera_uuid": "3d5b30db610d18db270d0baeb235eacb", "field_of_view_rads": 1.2461486832926263, "room": "856e4980d5eb3351797f528948f684e5"}