{"vanishing_points_gaussian_sphere": {"x": [-0.2029976325133923, 0.17759669246265022, 0.9629389264227949], "y": [0.9791738548210571, 0.04007607473505655, 0.19902881768402658], "z": [-0.003243952655180087, 0.9832869993344553, -0.18203338625376927]}, "nonfixated_points_in_view": [452, 76, 1324, 1102, 368, 823, 186], "point_pitch": 0.19173486629990144, "camera_rotation_from_original_to_final": [0.09396754950284958, -0.14899834990501404, 2.8311212062835693], "camera_location": [-4.307779312133789, 0.3686792552471161, 1.49626624584198], "camera_rotation_original": [1.5781090259552002, -0.005691109225153923, -1.0627084970474243], "view_id": 0, "point_location": [-7.185127258300781, -0.2260369062423706, 2.04019832611084], "camera_distance": 2.988089756034707, "bounding_box_ranges": {"x": [-1.8442334532820919, 1.1338772752162638], "y": [-7.235828440784399, -4.307779312133789], "z": [0.7192212054423932, 3.7252262231781637]}, "obliqueness_angle": 1.4328985214233398, "resolution": 512, "point_uuid": "953", "point_normal": [0.33032292127609253, -0.045227136462926865, 0.942783772945404], "camera_rotation_final": [1.753851294517517, 0.003243958344683051, 1.775215744972229], "vanishing_points_image": {"x": [145.59986533764322, 159.4141505952182], "y": [562.6450852907868, 243.44948989932212], "z": [255.1615134910551, 1.8431207230113291]}, "camera_uuid": "5fb98853d32c905b4569c0e295d9d2d9", "field_of_view_rads": 0.8521793501465003, "room": "8de55a2e5745f73de25402626a4c3d61"}