{"vanishing_points_gaussian_sphere": {"x": [-0.06344974439805479, -0.11002005922696095, 0.991902070016752], "y": [0.9979196199622759, 0.004385276863762022, 0.06432108084582443], "z": [-0.011426374322961863, 0.9939196928899862, 0.10951293099587554]}, "nonfixated_points_in_view": [513, 1025, 1154, 1155, 1410, 10, 524, 397, 407, 30, 159, 166, 808, 810, 1195, 942, 1326, 1459, 565, 182, 312, 574, 830, 1088, 833, 834, 968, 74, 586, 588, 205, 1359, 976, 212, 1237, 598, 1116, 990, 1119, 869, 103, 619, 1005, 1008, 250], "point_pitch": -0.09918229182692961, "camera_rotation_from_original_to_final": [-0.03483601287007332, -0.11894212663173676, -2.960780620574951], "camera_location": [-5.609722137451172, -10.968703269958496, 4.285808086395264], "camera_rotation_original": [1.5832164287567139, -0.00936906412243843, 1.4556810855865479], "view_id": 1, "point_location": [0.7751743793487549, -10.554665565490723, 3.5808701515197754], "camera_distance": 6.437022899799406, "bounding_box_ranges": {"x": [-11.666987823711526, -8.971777990344393], "y": [-5.609722137451172, -1.7647428275379182], "z": [2.765136966565546, 5.207859422294423]}, "obliqueness_angle": 1.2150412797927856, "resolution": 512, "point_uuid": "19", "point_normal": [-0.2266184538602829, -0.5385765433311462, 0.8115291595458984], "camera_rotation_final": [1.461056113243103, 0.011426622979342937, -1.507299780845642], "vanishing_points_image": {"x": [221.8561256229447, 315.2045108587814], "y": [535.6712908349556, 254.77100718672776], "z": [252.72115881112092, -29.20900290626772]}, "camera_uuid": "84fae33197a8eefa4becf372ea5729e2", "field_of_view_rads": 0.8818396726673443, "room": "ef914082afe6874a9bab2b30c864407b"}