{"vanishing_points_gaussian_sphere": {"x": [0.34486477546363925, 0.10589974172814985, 0.9326593865642081], "y": [0.9386426446915305, -0.03438270011092844, -0.34317315672932747], "z": [-0.00427460067179001, 0.9937822068416164, -0.11125939580144956]}, "nonfixated_points_in_view": [515, 260, 1156, 1416, 269, 271, 1423, 1041, 532, 791, 25, 33, 545, 163, 674, 1314, 935, 564, 573, 959, 68, 1097, 1104, 81, 1108, 597, 1495, 220, 989, 350, 1387], "point_pitch": 0.12026293674973054, "camera_rotation_from_original_to_final": [0.09426573663949966, -0.040365856140851974, -3.017955780029297], "camera_location": [4.716692924499512, -4.644749641418457, 4.289913177490234], "camera_rotation_original": [1.5800347328186035, -0.0031423436012119055, -0.47769707441329956], "view_id": 2, "point_location": [2.1851067543029785, -11.524967193603516, 5.11067008972168], "camera_distance": 7.376988886311461, "bounding_box_ranges": {"x": [-11.594036245730141, -5.923448190706522], "y": [1.4052783988937785, 5.040021864649629], "z": [2.7656272995028766, 5.205770905403596]}, "obliqueness_angle": 0.37343814969062805, "resolution": 512, "point_uuid": "425", "point_normal": [-0.005025113467127085, 0.9722554683685303, -0.23386768996715546], "camera_rotation_final": [1.682287573814392, 0.004274613689631224, -3.4936907291412354], "vanishing_points_image": {"x": [453.6005583640246, 195.32158461833188], "y": [500.9843053695541, 264.97383253471685], "z": [254.76178426352828, -31.867069141122958]}, "camera_uuid": "3e56251b11c1ca97c045b046c52cd27c", "field_of_view_rads": 0.7928719880591044, "room": "77c77478b552f1977cad320741ba92a5"}