{"vanishing_points_gaussian_sphere": {"x": [-0.5814598614318167, 0.0357888194996393, 0.812787542930202], "y": [0.8135741173984431, 0.024032165071100068, 0.5809643797526144], "z": [0.001258984923253771, 0.9990703756196646, -0.04309059660929961]}, "nonfixated_points_in_view": [0, 644, 773, 774, 392, 521, 522, 777, 398, 911, 402, 530, 658, 920, 1048, 410, 26, 1176, 797, 1304, 1308, 34, 1442, 36, 677, 678, 805, 301, 48, 688, 50, 689, 818, 948, 1329, 1336, 572, 829, 958, 319, 192, 1084, 66, 579, 1091, 197, 965, 1218, 841, 330, 971, 591, 594, 1490, 85, 981, 1109, 728, 1365, 1368, 221, 223, 994, 1383, 1258, 1133, 367, 760, 625, 115, 1013, 631, 248, 1019, 1021, 639], "point_pitch": 0.038524941602025464, "camera_rotation_from_original_to_final": [-0.041445910930633545, -0.006288650445640087, -1.0218122005462646], "camera_location": [6.898015022277832, -5.4319539070129395, 1.5056571960449219], "camera_rotation_original": [1.5721105337142944, -0.004563433583825827, -3.0698022842407227], "view_id": 9, "point_location": [-1.8489652872085571, -11.684123992919922, 1.9693846702575684], "camera_distance": 10.761707456136271, "bounding_box_ranges": {"x": [-6.106919820314168, -5.4319539070129395], "y": [4.192396497965076, 6.898015022277832], "z": [0.003086317540366826, 2.424260115384954]}, "obliqueness_angle": 1.5161582231521606, "resolution": 512, "point_uuid": "97", "point_normal": [0.0013059190241619945, 0.01801478862762451, -0.9998369216918945], "camera_rotation_final": [1.6139003038406372, -0.001258985255844891, -4.091866493225098], "vanishing_points_image": {"x": [72.6597476117419, 244.71541849237155], "y": [470.62008171443176, 249.6603376127215], "z": [256.2306744180685, 72.94778607045652]}, "camera_uuid": "7aee671bd52588b571fedb6abd1f939e", "field_of_view_rads": 1.1996362163841983, "room": "8efc299ca974ee46c0bc622cd51b4dc7"}