{"vanishing_points_gaussian_sphere": {"x": [-0.38852163620001373, -0.035141296161214565, 0.920769258559697], "y": [0.9214351777733328, -0.01791335108225956, 0.38811895729895807], "z": [0.0028550597701072072, 0.9992217977792086, 0.039340150947798844]}, "nonfixated_points_in_view": [256, 509, 1026, 517, 648, 268, 396, 270, 910, 16, 22, 284, 1057, 930, 419, 1187, 1315, 936, 1321, 940, 1199, 561, 434, 690, 180, 308, 697, 1083, 444, 1212, 1345, 835, 710, 455, 72, 713, 1096, 715, 1355, 1357, 974, 1230, 80, 1481, 1362, 723, 1488, 853, 87, 1369, 1115, 348, 476, 988, 96, 354, 998, 1255, 875, 1003, 621, 240, 880, 243, 500, 883, 246, 759, 761, 1020, 253, 1406], "point_pitch": -0.048613115153040454, "camera_rotation_from_original_to_final": [-0.016392624005675316, 0.03790467604994774, 1.8702808618545532], "camera_location": [-3.072143316268921, -10.485207557678223, 4.283509254455566], "camera_rotation_original": [1.5707898139953613, 0.009692680090665817, -1.4714287519454956], "view_id": 1, "point_location": [-4.870738506317139, -6.218238830566406, 4.101201057434082], "camera_distance": 4.634134501212277, "bounding_box_ranges": {"x": [-10.485207557678223, -5.957602679860196], "y": [-7.284149270072241, -2.1080793007753833], "z": [2.7651368959222817, 5.212402341492645]}, "obliqueness_angle": 0.5027320981025696, "resolution": 512, "point_uuid": "329", "point_normal": [0.0235487949103117, -0.9256049990653992, 0.3777576684951782], "camera_rotation_final": [1.531445860862732, -0.002855063648894429, 0.39902836084365845], "vanishing_points_image": {"x": [126.44347703187925, 267.71822549644605], "y": [461.72647425198886, 259.9994680570985], "z": [256.5240483182997, 72.5921049299221]}, "camera_uuid": "2c5b1635a824be2ef248c2dd24c5c6fe", "field_of_view_rads": 1.2366019201935605, "room": "ef914082afe6874a9bab2b30c864407b"}