{"vanishing_points_gaussian_sphere": {"x": [0.5462519200598379, -0.22302355613343386, 0.8073842537729713], "y": [0.8376089896769552, 0.1402930865565394, -0.5279479427716237], "z": [0.004474398651299714, 0.9646648865145018, 0.26344190342971796]}, "nonfixated_points_in_view": [643, 388, 644, 774, 1029, 136, 520, 521, 1030, 1286, 1414, 1422, 784, 530, 660, 917, 662, 797, 416, 544, 673, 1319, 296, 682, 1066, 172, 684, 174, 1330, 181, 1078, 695, 314, 1084, 62, 958, 65, 66, 1218, 1221, 1351, 973, 847, 1360, 980, 1236, 862, 607, 863, 99, 996, 357, 617, 362, 1130, 751, 117, 758, 1013, 248, 1269, 890, 1403], "point_pitch": -0.278113647303309, "camera_rotation_from_original_to_final": [-0.06938486546278, 0.24557103216648102, -2.4269442558288574], "camera_location": [3.2709619998931885, -3.7192935943603516, 1.5157769918441772], "camera_rotation_original": [1.5592020750045776, -0.004284437280148268, -1.3022267818450928], "view_id": 0, "point_location": [1.6539257764816284, -6.192206859588623, 0.7088881731033325], "camera_distance": 3.062870538444027, "bounding_box_ranges": {"x": [-12.049632775911803, -3.7192935943603516], "y": [-1.6147354198861885, 3.709021310482431], "z": [-0.017447144550366334, 2.4267160077148358]}, "obliqueness_angle": 1.032401204109192, "resolution": 512, "point_uuid": "1021", "point_normal": [0.9998417496681213, -0.017092281952500343, -0.004955438897013664], "camera_rotation_final": [1.3042051792144775, -0.0044744135811924934, -3.719482183456421], "vanishing_points_image": {"x": [419.6498659113202, 322.8149139911567], "y": [374.38492946660915, 236.17143158521455], "z": [256.9205949210807, 57.52291642315281]}, "camera_uuid": "2d006a1a730dfc7454d6b6a574948a71", "field_of_view_rads": 1.243429542734397, "room": "856e4980d5eb3351797f528948f684e5"}