{"vanishing_points_gaussian_sphere": {"x": [0.07118768731956636, 0.08873735269707218, 0.9935079241809837], "y": [0.9974441248400507, -0.00021547082487854407, -0.07145048211446119], "z": [-0.006126254659820143, 0.9960550365359532, -0.08852588997126201]}, "nonfixated_points_in_view": [7, 521, 1037, 1039, 542, 45, 557, 64, 578, 67, 1095, 75, 589, 590, 591, 1114, 1121, 1131, 623, 624, 118, 632, 1152, 138, 653, 148, 1172, 1185, 1188, 170, 193, 1218, 709, 712, 201, 714, 204, 210, 213, 729, 1242, 1244, 228, 1254, 1258, 245, 760, 762, 263, 781, 1294, 1300, 1306, 1313, 802, 806, 1328, 315, 829, 1342, 1344, 1346, 843, 332, 338, 1366, 1373, 352, 1382, 1383, 1386, 374, 888, 1400, 383, 386, 391, 401, 408, 1438, 420, 1447, 424, 435, 951, 440, 1472, 1478, 458, 461, 463, 981, 994, 488, 489, 490], "point_pitch": 0.0784471789982657, "camera_rotation_from_original_to_final": [0.04696270823478699, -0.06121106818318367, -0.6330069899559021], "camera_location": [-6.116707801818848, -5.171044826507568, 1.5127230882644653], "camera_rotation_original": [1.5826430320739746, -0.00107341050170362, -1.010670781135559], "view_id": 2, "point_location": [4.053504467010498, -5.902459621429443, 2.4189329147338867], "camera_distance": 10.23666881743286, "bounding_box_ranges": {"x": [-6.441644519795864, -0.6857635538412463], "y": [-6.116707801818848, 1.4909812942514487], "z": [-0.10465016233498187, 5.463286683856994]}, "obliqueness_angle": 1.4832087755203247, "resolution": 512, "point_uuid": "1091", "point_normal": [0.0009278958896175027, -0.001794035080820322, -0.9999980330467224], "camera_rotation_final": [1.6594399213790894, 0.006126292981207371, -1.6420456171035767], "vanishing_points_image": {"x": [282.6573761403652, 222.77086898571105], "y": [437.4833955917351, 256.0392045789594], "z": [254.8944508414081, 76.25105571012897]}, "camera_uuid": "676a1ae5fa5b4d774f8408cdbebb47fb", "field_of_view_rads": 1.1933003681274454, "room": "8de55a2e5745f73de25402626a4c3d61"}