{"vanishing_points_gaussian_sphere": {"x": [-0.365283936863993, 0.3332263417819265, 0.869211050672837], "y": [0.9308961459397781, 0.1306531875647467, 0.3411189089652442], "z": [0.00010461171022166371, 0.9337504750851835, -0.357924628007887]}, "nonfixated_points_in_view": [1026, 516, 263, 647, 1415, 1162, 907, 13, 781, 1294, 1296, 1427, 20, 661, 664, 796, 290, 547, 931, 807, 552, 681, 1065, 45, 557, 47, 305, 178, 179, 1076, 1202, 1203, 1204, 1462, 1466, 445, 1471, 64, 450, 67, 580, 325, 710, 839, 1354, 1227, 844, 589, 719, 336, 720, 849, 467, 340, 468, 214, 1496, 1114, 347, 1244, 735, 1126, 615, 999, 489, 234, 618, 364, 114, 370, 1407], "point_pitch": 0.35588260094193025, "camera_rotation_from_original_to_final": [0.24310660362243652, -0.263429194688797, -0.37724944949150085], "camera_location": [-6.425679683685303, -2.262380838394165, 1.4977667331695557], "camera_rotation_original": [1.5803217887878418, -0.003540406469255686, -0.8513162136077881], "view_id": 4, "point_location": [-1.4034440517425537, -0.291421115398407, 3.5658271312713623], "camera_distance": 5.7779242151096035, "bounding_box_ranges": {"x": [-3.8530428877596097, 1.5530099389035308], "y": [-6.425679683685303, 1.4774756063532477], "z": [0.36108825062666083, 4.75819161061449]}, "obliqueness_angle": 1.1119221448898315, "resolution": 512, "point_uuid": "1096", "point_normal": [0.0010683737928047776, -0.30041155219078064, -0.9538090825080872], "camera_rotation_final": [1.9368406534194946, -0.00010461171041242778, -1.196858525276184], "vanishing_points_image": {"x": [114.20989206263367, 126.65349937239341], "y": [502.3104793649685, 221.4298179233027], "z": [256.0194736471917, 82.18076620317743]}, "camera_uuid": "928222235a04d0c536e00fac4a58b265", "field_of_view_rads": 1.0560010989501214, "room": "8de55a2e5745f73de25402626a4c3d61"}