{"vanishing_points_gaussian_sphere": {"x": [-0.10884865895085, -0.3223590629230046, 0.9403385581778533], "y": [0.9940482902725138, -0.03954985509430402, 0.10150766260884779], "z": [0.004468338717428174, 0.9457909089822242, 0.3247454240411779]}, "nonfixated_points_in_view": [1279, 837, 881, 1110, 123, 1311], "point_pitch": -0.3534017046305795, "camera_rotation_from_original_to_final": [0.328874796628952, -0.021026823669672012, -1.458325982093811], "camera_location": [9.521198272705078, -7.487616062164307, 1.5325249433517456], "camera_rotation_original": [-1.572507381439209, -3.1185641288757324, -0.011458786204457283], "view_id": 0, "point_location": [6.499975204467773, -7.813750743865967, 0.4891470968723297], "camera_distance": 3.2129098537994354, "bounding_box_ranges": {"x": [-9.528895440382396, -6.4969701143243395], "y": [6.477762675195207, 9.521198272705078], "z": [-0.01834272797763692, 1.914007464453749]}, "obliqueness_angle": 0.34264281392097473, "resolution": 512, "point_uuid": "733", "point_normal": [0.999976396560669, -0.003542526625096798, 0.005891738459467888], "camera_rotation_final": [-1.90154230594635, -3.1371243000030518, -1.4617304801940918], "vanishing_points_image": {"x": [201.66488706036102, 416.91531360939075], "y": [532.9639582058122, 267.0194690947879], "z": [257.4108794153959, -42.63378967824932]}, "camera_uuid": "0cc55cb7b667b337a397194e0a67a643", "field_of_view_rads": 0.901477537732726, "room": "8868fae7afbf71557a2e4faceeb9d9d6"}