{"vanishing_points_gaussian_sphere": {"x": [-0.49548344746077233, 0.2483630437544864, 0.8323532614157256], "y": [0.8686152138298678, 0.13953262687347825, 0.475434807666708], "z": [0.0019399988868892678, 0.9585647836921581, -0.28486802535476863]}, "nonfixated_points_in_view": [385, 779, 140, 527, 1180, 168, 297, 1324, 46, 692, 823, 953, 318, 704, 452, 76, 1229, 606, 1251, 871, 1259, 1137, 1138, 634, 1147, 893], "point_pitch": 0.28858335415390535, "camera_rotation_from_original_to_final": [-0.2758300006389618, -0.08917780220508575, -2.9410412311553955], "camera_location": [-3.8966617584228516, -5.1063923835754395, 1.5070674419403076], "camera_rotation_original": [1.5701526403427124, 0.0018522855825722218, -2.8113532066345215], "view_id": 0, "point_location": [-6.994704723358154, 0.3174094557762146, 3.3633322715759277], "camera_distance": 6.516227145466844, "bounding_box_ranges": {"x": [-5.1063923835754395, 1.5450121600904039], "y": [-7.23727862545933, -3.8501472795101765], "z": [0.33767247585060445, 4.5062721276098445]}, "obliqueness_angle": 1.0369511842727661, "resolution": 512, "point_uuid": "121", "point_normal": [-0.031150970607995987, -0.30316588282585144, -0.9524285197257996], "camera_rotation_final": [1.8596656322479248, -0.0019400001037865877, -5.7647929191589355], "vanishing_points_image": {"x": [32.08727301180184, 143.76285727575382], "y": [556.637070462807, 207.70625668382692], "z": [256.44802418627484, 34.62863215656149]}, "camera_uuid": "62e24ad43a6e699e9b1ae0325438e489", "field_of_view_rads": 0.9033994970833992, "room": "8de55a2e5745f73de25402626a4c3d61"}