{"vanishing_points_gaussian_sphere": {"x": [-0.155247072528234, 0.3141186387333942, 0.9366044134380815], "y": [0.9878536547320405, 0.04303327864123265, 0.14930938939643626], "z": [0.0065957034472336066, 0.9484079384577427, -0.31698403582258006]}, "nonfixated_points_in_view": [1298, 780, 787, 492, 508], "point_pitch": 0.32630939880875154, "camera_rotation_from_original_to_final": [0.25613170862197876, 0.19152013957500458, 1.0987563133239746], "camera_location": [-5.388822078704834, -10.731203079223633, 1.4981894493103027], "camera_rotation_original": [1.5747919082641602, -0.006452437024563551, 0.6547536253929138], "view_id": 5, "point_location": [-6.454673767089844, -10.901116371154785, 1.8589156866073608], "camera_distance": 1.1379955190364404, "bounding_box_ranges": {"x": [-11.622883871115413, -9.779661813593469], "y": [-7.272306242843766, -5.388822078704834], "z": [0.9915749622676205, 2.4264694548900043]}, "obliqueness_angle": 1.0953675508499146, "resolution": 512, "point_uuid": "1468", "point_normal": [0.3550363779067993, 0.9337740540504456, 0.044892095029354095], "camera_rotation_final": [1.893351435661316, -0.006595751270651817, 1.7266772985458374], "vanishing_points_image": {"x": [198.66116890287157, 139.98367017504702], "y": [465.6423689571203, 246.86747471639714], "z": [257.1180425926707, 95.234665581041]}, "camera_uuid": "71b3547b15480cf3650f1acaad8a6075", "field_of_view_rads": 1.1552903651461317, "room": "ade82d56fe033105b37cc8ef1783cd93"}