{"vanishing_points_gaussian_sphere": {"x": [-0.6503381481402531, 0.006754516205235374, 0.7596148165908426], "y": [0.7596370976092579, 0.001265892195636026, 0.6503459675070893], "z": [0.003431181908524275, 0.999976386735098, -0.005954239072154831]}, "nonfixated_points_in_view": [1026, 1162, 1296, 18, 1427, 23, 664, 1051, 796, 290, 546, 547, 295, 807, 1065, 305, 178, 1202, 1076, 1203, 1204, 1462, 1208, 1209, 443, 1219, 1220, 710, 839, 1096, 1480, 1354, 1227, 719, 336, 337, 464, 467, 720, 849, 1105, 1238, 1361, 347, 606, 227, 231, 999, 234, 618, 364, 114, 371, 630, 1151], "point_pitch": -0.003611012301172778, "camera_rotation_from_original_to_final": [-0.00227122800424695, 0.0027579774614423513, -0.011461122892796993], "camera_location": [-6.425679683685303, -2.262380838394165, 1.4977667331695557], "camera_rotation_original": [1.5803217887878418, -0.003540406469255686, -0.8513162136077881], "view_id": 11, "point_location": [-2.1547887325286865, 1.3941526412963867, 1.531244158744812], "camera_distance": 5.622443332662613, "bounding_box_ranges": {"x": [-2.262380838394165, 1.5575906659379615], "y": [-6.425679683685303, 1.4796339299156536], "z": [-0.025248363823703875, 3.728392721491295]}, "obliqueness_angle": 0.8417671322822571, "resolution": 512, "point_uuid": "580", "point_normal": [-0.02124599553644657, -0.9996330142021179, 0.01681044138967991], "camera_rotation_final": [1.576750636100769, -0.003431188641116023, -0.8627617955207825], "vanishing_points_image": {"x": [-39.43582666822651, 252.9315561688267], "y": [573.1496298534388, 255.47148810590758], "z": [256.96383617339905, -24.898372565351252]}, "camera_uuid": "928222235a04d0c536e00fac4a58b265", "field_of_view_rads": 0.8528771108854818, "room": "8de55a2e5745f73de25402626a4c3d61"}