{"vanishing_points_gaussian_sphere": {"x": [-0.28779091125543443, 0.14153267348315715, 0.9471773296144058], "y": [0.9575821433624911, 0.02746034114082651, 0.2868490341237475], "z": [0.014588698093526703, 0.9895526423597379, -0.14343199743012885]}, "nonfixated_points_in_view": [1183, 1217, 706, 804, 743, 360, 553, 760, 209, 628, 501, 694, 343, 757, 699, 1055], "point_pitch": 0.14915533463028474, "camera_rotation_from_original_to_final": [0.1291796714067459, 0.0034818234853446484, 1.7440309524536133], "camera_location": [-2.1478989124298096, -7.17814826965332, 1.5089408159255981], "camera_rotation_original": [1.586061954498291, -0.002639547921717167, 0.12005194276571274], "view_id": 3, "point_location": [-3.043301582336426, -7.449317455291748, 1.6445324420928955], "camera_distance": 0.9453379138966762, "bounding_box_ranges": {"x": [-8.171276295967305, -6.662223362070736], "y": [-3.5512016787335963, -2.1478989124298096], "z": [0.7495657366861787, 2.423715727955935]}, "obliqueness_angle": 1.2867977619171143, "resolution": 512, "point_uuid": "1383", "point_normal": [-0.007432861719280481, 0.9999686479568481, -0.002765011042356491], "camera_rotation_final": [1.7147401571273804, -0.014589215628802776, 1.8627476692199707], "vanishing_points_image": {"x": [159.6753120331607, 208.62848798488517], "y": [452.96822352560423, 250.35159202851995], "z": [258.39840539131654, 93.3159566938851]}, "camera_uuid": "3dfb7fb5350fdc03281337b3a75a5e86", "field_of_view_rads": 1.2565563871796654, "room": "856e4980d5eb3351797f528948f684e5"}