{"vanishing_points_gaussian_sphere": {"x": [-0.6106079779255691, 0.2146458881884916, 0.7622893413772891], "y": [0.7919072434240106, 0.173259295632843, 0.5855460138105254], "z": [-0.006388670145861881, 0.9612015184968159, -0.2757731417908254]}, "nonfixated_points_in_view": [516, 1028, 10, 1041, 20, 1059, 548, 38, 40, 44, 45, 578, 589, 590, 1107, 87, 1112, 1114, 92, 615, 109, 113, 626, 118, 1150, 128, 647, 148, 1172, 668, 670, 160, 675, 1189, 681, 173, 179, 1211, 1213, 709, 204, 207, 211, 729, 1244, 1245, 1250, 739, 233, 236, 762, 764, 261, 263, 1294, 1295, 1300, 1306, 1309, 1313, 293, 300, 813, 1341, 1342, 324, 846, 340, 1369, 352, 1377, 356, 1390, 370, 888, 1405, 391, 1415, 1421, 919, 1431, 1436, 414, 931, 945, 435, 1461, 951, 440, 957, 450, 1479, 461, 1485, 981, 1493, 1496, 475, 991, 483, 489, 1005, 502, 1022], "point_pitch": 0.2726877490666251, "camera_rotation_from_original_to_final": [0.14547854661941528, -0.23106475174427032, -1.439047932624817], "camera_location": [-4.307779312133789, 0.3686792552471161, 1.49626624584198], "camera_rotation_original": [1.5781090259552002, -0.005691109225153923, -1.0627084970474243], "view_id": 0, "point_location": [-0.9590483903884888, -3.9908461570739746, 3.0734095573425293], "camera_distance": 5.718989549632963, "bounding_box_ranges": {"x": [-6.441894359085782, 0.3686792552471161], "y": [-4.347155361101397, 1.4910558283150852], "z": [-0.02124710103669769, 5.46592904605769]}, "obliqueness_angle": 0.9972876310348511, "resolution": 512, "point_uuid": "424", "point_normal": [-0.6144068837165833, 0.4692828953266144, 0.6342537999153137], "camera_rotation_final": [1.850196123123169, 0.006388713605701923, -2.4847488403320312], "vanishing_points_image": {"x": [51.82344654004082, 184.22619544938183], "y": [487.7117283503114, 205.30440253297678], "z": [254.83816615630553, 81.19735260968687]}, "camera_uuid": "5fb98853d32c905b4569c0e295d9d2d9", "field_of_view_rads": 1.1079007401815149, "room": "8de55a2e5745f73de25402626a4c3d61"}