{"vanishing_points_gaussian_sphere": {"x": [0.18987917592152415, -0.21150462998858496, 0.9587552816254806], "y": [0.9818035242818404, 0.04367111034065623, -0.1848098315279036], "z": [-0.0027817726579913277, 0.9764008529364393, 0.2159482255677811]}, "nonfixated_points_in_view": [1026, 517, 648, 910, 16, 22, 284, 1057, 930, 936, 1321, 427, 555, 940, 1199, 690, 180, 58, 1083, 1212, 1341, 710, 455, 1096, 1481, 715, 1355, 1357, 974, 83, 87, 1369, 988, 1119, 354, 1255, 240, 500, 759, 253, 1020, 509], "point_pitch": -0.22694866260024504, "camera_rotation_from_original_to_final": [-0.028742598369717598, 0.21588681638240814, 1.2786369323730469], "camera_location": [-3.072143316268921, -10.485207557678223, 4.283509254455566], "camera_rotation_original": [1.5707898139953613, 0.009692680090665817, -1.4714287519454956], "view_id": 1, "point_location": [-1.966030240058899, -4.746920585632324, 2.991028308868408], "camera_distance": 5.985142412108675, "bounding_box_ranges": {"x": [-10.485207557678223, -5.957606209515296], "y": [-4.526313595389054, -1.7641658868263492], "z": [2.765137524910668, 5.210599177371928]}, "obliqueness_angle": 0.790804922580719, "resolution": 512, "point_uuid": "561", "point_normal": [0.5368708968162537, -0.8432151675224304, -0.027528421953320503], "camera_rotation_final": [1.3531326055526733, 0.0027817762456834316, -0.1910398304462433], "vanishing_points_image": {"x": [339.47351215769703, 348.9803608904332], "y": [461.70038542456234, 246.85034428292312], "z": [255.28626278723988, 5.4785847040830165]}, "camera_uuid": "2c5b1635a824be2ef248c2dd24c5c6fe", "field_of_view_rads": 1.0198536291530655, "room": "ef914082afe6874a9bab2b30c864407b"}