{"vanishing_points_gaussian_sphere": {"x": [0.2757043297633354, 0.1448667549108663, 0.9502635139114545], "y": [0.9612417826257637, -0.04035234525842614, -0.2727378293647382], "z": [-0.001165282881662975, 0.9886279945225807, -0.15037729403758382]}, "nonfixated_points_in_view": [769, 516, 261, 1285, 263, 647, 1415, 1162, 907, 1421, 1294, 1296, 1041, 20, 664, 1306, 668, 1309, 414, 160, 846, 931, 1059, 1189, 39, 424, 552, 681, 1065, 44, 45, 1455, 305, 178, 179, 435, 945, 1076, 951, 1203, 1462, 445, 1213, 1471, 64, 450, 578, 196, 1477, 1479, 1480, 1227, 461, 589, 207, 336, 590, 720, 211, 340, 467, 214, 468, 471, 849, 1112, 1114, 92, 1244, 1496, 1377, 1126, 615, 999, 489, 618, 236, 113, 114, 370, 626, 118], "point_pitch": 0.1417570869114737, "camera_rotation_from_original_to_final": [0.0762198343873024, -0.12205704301595688, -0.7917444109916687], "camera_location": [-4.307779312133789, 0.3686792552471161, 1.49626624584198], "camera_rotation_original": [1.5781090259552002, -0.005691109225153923, -1.0627084970474243], "view_id": 8, "point_location": [1.446426272392273, -1.282850742340088, 2.4068567752838135], "camera_distance": 6.055378467141232, "bounding_box_ranges": {"x": [-5.989507038456199, 1.419340987719309], "y": [-4.307779312133789, 1.4910935348812409], "z": [-0.02247220386970783, 5.461646865830923]}, "obliqueness_angle": 0.30803894996643066, "resolution": 512, "point_uuid": "67", "point_normal": [-0.9999181628227234, 0.0032329419627785683, -0.012385547161102295], "camera_rotation_final": [1.7217463254928589, 0.0011652831453830004, -1.85011887550354], "vanishing_points_image": {"x": [347.17177444913784, 208.09448065161118], "y": [402.81837493088074, 262.1633460619122], "z": [255.81188916366835, 96.40644396568203]}, "camera_uuid": "5fb98853d32c905b4569c0e295d9d2d9", "field_of_view_rads": 1.2708638095004532, "room": "8de55a2e5745f73de25402626a4c3d61"}