{"vanishing_points_gaussian_sphere": {"x": [-0.5558539637017537, 0.18720077666863322, 0.809927305535324], "y": [0.8312750145582629, 0.12853586630336186, 0.54079606252709], "z": [-0.002867264935320539, 0.9738759676099954, -0.22706249911309853]}, "nonfixated_points_in_view": [1027, 1159, 394, 779, 272, 528, 786, 1043, 1045, 281, 793, 1305, 925, 164, 292, 1316, 1317, 1448, 811, 941, 430, 814, 1069, 689, 1071, 1198, 436, 828, 1469, 702, 63, 190, 191, 1474, 1476, 1349, 458, 1100, 335, 1234, 1363, 852, 1241, 859, 1371, 1374, 736, 1248, 611, 1379, 106, 1006, 1135, 756, 1143, 122, 636, 255], "point_pitch": 0.23427565495041414, "camera_rotation_from_original_to_final": [0.10331445187330246, -0.1986069530248642, -3.013855457305908], "camera_location": [-1.9384469985961914, -2.428041458129883, 1.5036466121673584], "camera_rotation_original": [1.5763559341430664, -0.0021221297793090343, -1.119526982307434], "view_id": 8, "point_location": [-7.233041286468506, -5.963289737701416, 2.987981081008911], "camera_distance": 6.537121465311077, "bounding_box_ranges": {"x": [-6.110613146725564, -2.1245566432528973], "y": [-7.410022309884832, -1.9384469985961914], "z": [-0.019613042223561417, 5.478193990461732]}, "obliqueness_angle": 0.576252818107605, "resolution": 512, "point_uuid": "1186", "point_normal": [0.43012234568595886, 0.902729868888855, -0.008587784133851528], "camera_rotation_final": [1.7998576164245605, 0.0028672688640654087, -4.1229963302612305], "vanishing_points_image": {"x": [77.18148457267183, 195.77741069291181], "y": [474.09916512059493, 222.27642520482516], "z": [255.50709787853486, 88.58417296370233]}, "camera_uuid": "a7a591d05adb833dd3d4b184074676ca", "field_of_view_rads": 1.1787825698238799, "room": "8de55a2e5745f73de25402626a4c3d61"}