{"vanishing_points_gaussian_sphere": {"x": [-0.2012748592279966, -0.05487552435151577, 0.977996476409755], "y": [0.9794652576595179, -0.023172368158925687, 0.2002769342482589], "z": [0.011672192627111673, 0.9982242825042142, 0.05841268473732563]}, "nonfixated_points_in_view": [256, 1280, 642, 259, 764, 1288, 1420, 15, 272, 276, 149, 1044, 1305, 27, 412, 156, 31, 164, 292, 1069, 1197, 1071, 1072, 1199, 690, 947, 180, 309, 437, 1206, 1082, 828, 321, 455, 711, 73, 715, 718, 1233, 1234, 725, 344, 603, 988, 1371, 993, 1122, 356, 1380, 359, 616, 106, 748, 1006, 1263, 1393, 756, 120, 636, 511], "point_pitch": -0.08555762370559172, "camera_rotation_from_original_to_final": [0.035773567855358124, -0.07149500399827957, -0.3763713240623474], "camera_location": [0.3440798223018646, -5.207657814025879, 4.2956719398498535], "camera_rotation_original": [1.591770052909851, -0.020765699446201324, 2.1472725868225098], "view_id": 3, "point_location": [-3.361143112182617, -5.966423988342285, 4.074370384216309], "camera_distance": 3.788585127421359, "bounding_box_ranges": {"x": [-6.440620111083287, -1.8925520607955404], "y": [-7.430997103839086, 0.3440798223018646], "z": [-0.023606892441322747, 5.460052335850595]}, "obliqueness_angle": 1.3588837385177612, "resolution": 512, "point_uuid": "991", "point_normal": [0.010410211980342865, 0.9999438524246216, -0.001998920924961567], "camera_rotation_final": [1.5123463869094849, -0.011672457680106163, 1.7734695672988892], "vanishing_points_image": {"x": [180.57195838034153, 276.5646813047726], "y": [464.43903157335166, 260.9312887216125], "z": [258.30245533283295, 59.09039646273064]}, "camera_uuid": "65572d2c193d1b3ea0911dbf66b34fb7", "field_of_view_rads": 1.1784199475506023, "room": "8de55a2e5745f73de25402626a4c3d61"}