{"vanishing_points_gaussian_sphere": {"x": [-0.2925064481440514, -0.07340807639008698, 0.9534417822367859], "y": [0.9562022369903641, -0.011162463978269374, 0.2924938997185369], "z": [-0.010828654984577718, 0.9972395167253658, 0.07345805954818017]}, "nonfixated_points_in_view": [896, 387, 899, 1159, 522, 779, 272, 1042, 1045, 669, 925, 804, 553, 939, 1324, 685, 46, 815, 941, 1198, 563, 1331, 694, 1334, 953, 442, 318, 63, 1215, 577, 322, 706, 452, 1474, 1224, 1353, 458, 842, 209, 1363, 852, 859, 861, 1374, 224, 1379, 484, 871, 1004, 1007, 628, 1144, 1273, 635], "point_pitch": -0.06821052630874114, "camera_rotation_from_original_to_final": [0.08256737142801285, -0.010001465678215027, -2.9748687744140625], "camera_location": [-3.8659191131591797, -9.080220222473145, 1.4999077320098877], "camera_rotation_original": [1.5778414011001587, -0.009793577715754509, -3.0118231773376465], "view_id": 4, "point_location": [-6.7888407707214355, 0.44761499762535095, 0.7658337354660034], "camera_distance": 9.993096424367074, "bounding_box_ranges": {"x": [-7.828600100455748, -6.0842315786770556], "y": [-3.551267360915497, -3.3782277274772676], "z": [-0.045853634369983104, 2.3785185402389635]}, "obliqueness_angle": 1.4758117198944092, "resolution": 512, "point_uuid": "1137", "point_normal": [0.0481334887444973, -0.007753286510705948, 0.998810887336731], "camera_rotation_final": [1.497267723083496, 0.010828866623342037, -5.986320495605469], "vanishing_points_image": {"x": [136.21453942364616, 286.0616287134987], "y": [496.00458939709074, 258.80175310214355], "z": [253.59104823697606, 34.15325214496939]}, "camera_uuid": "0ea84965dc118f5aeb7a085f7794bb81", "field_of_view_rads": 1.0768948950274149, "room": "856e4980d5eb3351797f528948f684e5"}