{"vanishing_points_gaussian_sphere": {"x": [-0.09378775869074195, -0.11381411067349678, 0.9890653186374337], "y": [0.995588855954699, -0.008141399339799507, 0.09346950045658509], "z": [-0.002585772337388843, 0.9934687040004788, 0.11407562383361423]}, "nonfixated_points_in_view": [1280, 257, 642, 1159, 394, 779, 1420, 399, 272, 527, 1042, 1148, 788, 1044, 279, 152, 409, 793, 669, 1405, 1312, 1186, 164, 421, 1190, 1191, 1317, 683, 1068, 173, 46, 430, 1072, 689, 1324, 436, 692, 1206, 823, 953, 186, 826, 1211, 1469, 191, 1215, 1343, 322, 452, 709, 199, 455, 1353, 76, 1357, 335, 1233, 1234, 725, 603, 1371, 993, 1122, 611, 1251, 1379, 870, 359, 871, 1380, 106, 748, 1006, 239, 368, 633, 1265, 756, 249, 636, 893], "point_pitch": -0.11834995349379973, "camera_rotation_from_original_to_final": [0.06437790393829346, -0.10028854757547379, -0.49663662910461426], "camera_location": [0.21503694355487823, -3.282130241394043, 2.989867687225342], "camera_rotation_original": [1.575566053390503, 0.00037009804509580135, 2.1583032608032227], "view_id": 1, "point_location": [-7.2034101486206055, -3.983194589614868, 2.1342475414276123], "camera_distance": 7.500462170109615, "bounding_box_ranges": {"x": [-6.4414914369155785, 0.37630303464363557], "y": [-7.431105044579581, 0.21503694355487823], "z": [-0.04352866624518348, 5.478233650170099]}, "obliqueness_angle": 0.23852817714214325, "resolution": 512, "point_uuid": "1241", "point_normal": [0.9441863298416138, 0.322448194026947, 0.0673743486404419], "camera_rotation_final": [1.4564714431762695, 0.0025857752189040184, 1.6647224426269531], "vanishing_points_image": {"x": [216.38878631417384, 304.0693335813256], "y": [478.9622597196668, 257.8232674896117], "z": [255.41458870307284, 31.081590109055796]}, "camera_uuid": "41fbfac86809ed0f1940b75ebedda277", "field_of_view_rads": 1.0802166483043967, "room": "8de55a2e5745f73de25402626a4c3d61"}