{"vanishing_points_gaussian_sphere": {"x": [-0.024711779594701874, 0.08777245697920781, 0.9958339840280086], "y": [0.9996471977933791, 0.01187186845430481, 0.023760022795624506], "z": [-0.00973693448205285, 0.9960698040475059, -0.0880348656593251]}, "nonfixated_points_in_view": [15, 527, 1044, 27, 31, 1068, 1069, 46, 1071, 1072, 1082, 1083, 73, 76, 1107, 603, 1122, 616, 120, 636, 642, 149, 153, 156, 160, 164, 1190, 679, 1191, 1197, 1199, 690, 692, 1206, 186, 1212, 715, 718, 1234, 725, 1251, 239, 1263, 1265, 756, 764, 1277, 255, 1280, 1288, 779, 276, 788, 1305, 292, 1321, 1324, 819, 309, 823, 828, 321, 1356, 344, 356, 1380, 870, 359, 871, 368, 1393, 893, 1420, 404, 412, 932, 947, 437, 953, 1469, 455, 988, 991, 993, 1006, 511], "point_pitch": 0.07027275959518953, "camera_rotation_from_original_to_final": [-0.06645345687866211, 0.02702641487121582, -0.9090932011604309], "camera_location": [1.7699029445648193, -5.448235511779785, 4.298521995544434], "camera_rotation_original": [1.5894720554351807, -0.008107524365186691, 2.503649950027466], "view_id": 1, "point_location": [-7.228151798248291, -5.662923336029053, 5.093977451324463], "camera_distance": 9.03569705786044, "bounding_box_ranges": {"x": [-6.054871130550011, -2.62123445609647], "y": [-3.248310154344704, 1.035815692435842], "z": [2.7646249818848303, 5.458208464855295]}, "obliqueness_angle": 0.10340668261051178, "resolution": 512, "point_uuid": "1233", "point_normal": [0.9986552000045776, -0.04955695569515228, -0.015232875011861324], "camera_rotation_final": [1.6589494943618774, 0.009737088344991207, 1.595511794090271], "vanishing_points_image": {"x": [246.2070550604512, 221.21695917882892], "y": [457.28985308591194, 253.60946995870415], "z": [254.14433613072103, 66.16912971349903]}, "camera_uuid": "3d44530aec2e5604a8aef567eab9ad28", "field_of_view_rads": 1.143325862146593, "room": "7177ff6aafad58b0656fca6e31b41601"}