{"vanishing_points_gaussian_sphere": {"x": [-0.4339435673248124, 0.08364217175715219, 0.897049032930287], "y": [0.9008615600558862, 0.05342629906023431, 0.43080631400015634], "z": [-0.011892434195360775, 0.9950626199754835, -0.09853401613877084]}, "nonfixated_points_in_view": [130, 135, 393, 1165, 14, 782, 1169, 274, 534, 1174, 792, 667, 1054, 161, 550, 1318, 42, 556, 433, 562, 1210, 1216, 1475, 70, 584, 585, 458, 460, 1358, 851, 1367, 744, 874, 1007, 1268, 1023], "point_pitch": 0.09894938866165681, "camera_rotation_from_original_to_final": [0.057223089039325714, -0.06664728373289108, -1.6844006776809692], "camera_location": [-6.116707801818848, -5.171044826507568, 1.5127230882644653], "camera_rotation_original": [1.5826430320739746, -0.00107341050170362, -1.010670781135559], "view_id": 0, "point_location": [-3.5335206985473633, -10.549898147583008, 2.1035497188568115], "camera_distance": 5.996164911699029, "bounding_box_ranges": {"x": [-6.085873187993568, -5.171044826507568], "y": [-6.146326061522226, -4.95309052199545], "z": [1.5127230882644653, 2.2407093357005796]}, "obliqueness_angle": 1.235214352607727, "resolution": 512, "point_uuid": "1492", "point_normal": [-0.9610745906829834, -0.12168754637241364, -0.24804791808128357], "camera_rotation_final": [1.6694974899291992, 0.011892714537680149, -2.6926932334899902], "vanishing_points_image": {"x": [51.49370012272901, 216.58162317002203], "y": [554.4084700080381, 238.30265240780466], "z": [253.05432800551034, 9.53001376549969]}, "camera_uuid": "676a1ae5fa5b4d774f8408cdbebb47fb", "field_of_view_rads": 0.9152667176098305, "room": "8de55a2e5745f73de25402626a4c3d61"}