{"vanishing_points_gaussian_sphere": {"x": [0.07850224853878204, -0.1620616493692219, 0.9836530987996138], "y": [0.9968928448793264, 0.01917967739312934, -0.07639892540801066], "z": [-0.006484813240070214, 0.9865942234671876, 0.16306374648712857]}, "nonfixated_points_in_view": [515, 260, 1156, 1416, 269, 909, 271, 1423, 913, 1297, 532, 1047, 25, 411, 33, 545, 163, 674, 1314, 935, 425, 564, 573, 959, 963, 68, 1097, 1098, 78, 1104, 1108, 597, 1495, 473, 220, 989, 350, 1387, 1397], "point_pitch": -0.1565074165675302, "camera_rotation_from_original_to_final": [-0.14962485432624817, 0.08777352422475815, -2.7487735748291016], "camera_location": [4.716692924499512, -4.644749641418457, 4.289913177490234], "camera_rotation_original": [1.5800347328186035, -0.0031423436012119055, -0.47769707441329956], "view_id": 0, "point_location": [4.183314323425293, -11.51213550567627, 3.1514816284179688], "camera_distance": 6.981511794315466, "bounding_box_ranges": {"x": [-11.596671351124492, -5.744827624385449], "y": [1.3985389855370163, 5.479974229932699], "z": [2.765626032617845, 5.2046825014942835]}, "obliqueness_angle": 0.9496062994003296, "resolution": 512, "point_uuid": "81", "point_normal": [0.8509141206741333, 0.5253022313117981, 0.0017136663664132357], "camera_rotation_final": [1.4069976806640625, 0.006484858691692352, -3.220177412033081], "vanishing_points_image": {"x": [297.22386974066217, 341.10340083129194], "y": [512.2396376766259, 251.07008841400108], "z": [254.11586500593603, -30.650768890261908]}, "camera_uuid": "3e56251b11c1ca97c045b046c52cd27c", "field_of_view_rads": 0.8944833217499031, "room": "77c77478b552f1977cad320741ba92a5"}