{"vanishing_points_gaussian_sphere": {"x": [0.4754065429492068, -0.1357797695102485, 0.8692252142643057], "y": [0.8797402581728819, 0.06577851890276432, -0.47088243182440964], "z": [0.0067599608722996715, 0.9885530034564168, 0.15072246775548268]}, "nonfixated_points_in_view": [1030, 520, 1033, 530, 1048, 537, 26, 544, 34, 1063, 1066, 1067, 48, 1078, 55, 1080, 572, 1084, 62, 1089, 66, 579, 1094, 93, 607, 97, 99, 617, 1130, 116, 117, 643, 134, 136, 1160, 1164, 146, 658, 660, 1176, 1178, 1188, 677, 682, 684, 174, 688, 181, 695, 192, 1221, 1231, 1236, 215, 728, 221, 223, 1269, 1271, 774, 1286, 777, 784, 278, 1304, 285, 797, 805, 1319, 296, 301, 1329, 1330, 1336, 314, 317, 319, 1351, 330, 847, 1368, 862, 351, 357, 362, 890, 1403, 900, 398, 911, 1422, 1428, 917, 416, 944, 958, 965, 971, 973, 980, 472, 984, 996, 486, 1013], "point_pitch": -0.16136293014022307, "camera_rotation_from_original_to_final": [0.13784024119377136, 0.06329872459173203, -0.9592763781547546], "camera_location": [3.8354318141937256, -5.580057144165039, 1.5235874652862549], "camera_rotation_original": [1.571001648902893, -0.012118679471313953, -2.674816608428955], "view_id": 1, "point_location": [0.6118060946464539, -11.5307035446167, 0.4917522072792053], "camera_distance": 6.845921507221309, "bounding_box_ranges": {"x": [-12.05337424727961, -5.580057144165039], "y": [-3.5477103351071912, 4.46714851949373], "z": [-0.024666722327151502, 2.4250268201820924]}, "obliqueness_angle": 0.41213130950927734, "resolution": 512, "point_uuid": "1360", "point_normal": [0.12169909477233887, 0.9922864437103271, -0.023599928244948387], "camera_rotation_final": [1.4194937944412231, -0.006760012358427048, -3.637031078338623], "vanishing_points_image": {"x": [417.95285298263127, 302.254981921564], "y": [393.1519381578957, 245.74509660907546], "z": [257.4081264403797, 50.08052085216242]}, "camera_uuid": "c83171f93afe09cc67e6fc1972ae2a82", "field_of_view_rads": 1.1730986164022017, "room": "856e4980d5eb3351797f528948f684e5"}