{"vanishing_points_gaussian_sphere": {"x": [-0.6150772275830781, 0.10419782170692775, 0.7815515453636092], "y": [0.7883486398787213, 0.09843678022604843, 0.6073027435308512], "z": [-0.013653794713730431, 0.9896731855770672, -0.14269043289462463]}, "nonfixated_points_in_view": [1027, 1159, 394, 779, 1420, 528, 786, 1042, 1045, 279, 281, 1305, 925, 31, 1186, 164, 292, 1316, 1317, 1448, 809, 811, 939, 941, 46, 430, 1069, 689, 1071, 1198, 692, 54, 828, 1469, 190, 191, 63, 702, 1474, 1476, 1349, 1223, 1353, 458, 76, 1100, 335, 1234, 852, 469, 1241, 1374, 736, 1248, 611, 1379, 1256, 106, 1006, 1135, 624, 1263, 1265, 756, 1143, 122, 251, 636, 893, 382, 255], "point_pitch": 0.14164121548203035, "camera_rotation_from_original_to_final": [-0.07650163769721985, -0.10655135661363602, -1.7226792573928833], "camera_location": [-2.0300116539001465, -0.3511151969432831, 1.4951437711715698], "camera_rotation_original": [1.5840462446212769, -0.0036451206542551517, -2.3237228393554688], "view_id": 5, "point_location": [-6.859612464904785, -4.103945732116699, 2.3769001960754395], "camera_distance": 6.179504464159978, "bounding_box_ranges": {"x": [-6.4416410235696135, -0.3511151969432831], "y": [-7.4311276431461, -2.0300116539001465], "z": [-0.02144850202649029, 5.47842146328427]}, "obliqueness_angle": 0.8539695739746094, "resolution": 512, "point_uuid": "793", "point_normal": [0.9789471626281738, -0.19336271286010742, -0.06537111848592758], "camera_rotation_final": [1.7139889001846313, 0.01365421898663044, -4.049832344055176], "vanishing_points_image": {"x": [24.73437732498689, 216.8221975423764], "y": [515.3284690720062, 223.6190733070513], "z": [253.08067442470445, 44.397416072620594]}, "camera_uuid": "6f269c44fb405f239d56a612bcda89ad", "field_of_view_rads": 1.019138813451826, "room": "8de55a2e5745f73de25402626a4c3d61"}