{"vanishing_points_gaussian_sphere": {"x": [-0.5602096318986142, 0.07020773691893589, 0.8253702454079265], "y": [0.8283500879304763, 0.04610953470499146, 0.558309987941163], "z": [0.001140242777483345, 0.9964661481886933, -0.08398759051429994]}, "nonfixated_points_in_view": [0, 644, 774, 392, 521, 777, 398, 911, 530, 658, 920, 1048, 410, 26, 1176, 797, 1304, 1308, 34, 1442, 36, 677, 678, 805, 48, 688, 50, 818, 948, 1329, 1336, 572, 829, 958, 319, 192, 1084, 66, 579, 1091, 197, 965, 1218, 841, 330, 971, 591, 1490, 85, 1109, 1365, 728, 1368, 221, 223, 97, 1383, 1258, 1133, 367, 760, 625, 115, 1013, 631, 248, 1021], "point_pitch": 0.07947667042282625, "camera_rotation_from_original_to_final": [-0.08231708407402039, -0.009329303167760372, -1.0473270416259766], "camera_location": [6.898015022277832, -5.4319539070129395, 1.5056571960449219], "camera_rotation_original": [1.5721105337142944, -0.004563433583825827, -3.0698022842407227], "view_id": 9, "point_location": [-1.6417690515518188, -11.20857048034668, 2.3746445178985596], "camera_distance": 10.346610909665888, "bounding_box_ranges": {"x": [-6.1069089936966945, -5.4319539070129395], "y": [4.1927937969981635, 6.898015022277832], "z": [1.1397023632145984, 2.424034403143984]}, "obliqueness_angle": 1.128267526626587, "resolution": 512, "point_uuid": "301", "point_normal": [-0.004840527661144733, 0.6613231897354126, -0.7500854730606079], "camera_rotation_final": [1.6548830270767212, -0.0011402430245652795, -4.1177496910095215], "vanishing_points_image": {"x": [47.91005347696178, 229.9213262516541], "y": [506.69377945707635, 242.04530416230037], "z": [256.2387282015392, 47.37375289779661]}, "camera_uuid": "7aee671bd52588b571fedb6abd1f939e", "field_of_view_rads": 1.0612102982019918, "room": "8efc299ca974ee46c0bc622cd51b4dc7"}