{"vanishing_points_gaussian_sphere": {"x": [0.15095619580473457, -0.2227682980893948, 0.963112928121369], "y": [0.9884923014700405, 0.024400313904801702, -0.14929030315398822], "z": [0.009756888982929651, 0.9745660111289034, 0.22388812623646018]}, "nonfixated_points_in_view": [3, 643, 771, 900, 136, 137, 520, 1160, 12, 1164, 1422, 146, 530, 660, 917, 278, 1428, 537, 1178, 285, 797, 287, 926, 929, 1439, 1443, 1188, 934, 1063, 296, 1319, 682, 1066, 684, 1067, 174, 1070, 1330, 181, 1078, 695, 1080, 317, 1347, 1221, 1094, 973, 847, 848, 1360, 980, 1236, 215, 472, 1113, 1370, 351, 607, 99, 996, 357, 486, 617, 362, 363, 1130, 241, 1395, 117, 1269, 1271, 1403, 894], "point_pitch": -0.23300497134658293, "camera_rotation_from_original_to_final": [0.20343314111232758, 0.09917054325342178, -0.6106710433959961], "camera_location": [3.8354318141937256, -5.580057144165039, 1.5235874652862549], "camera_rotation_original": [1.571001648902893, -0.012118679471313953, -2.674816608428955], "view_id": 2, "point_location": [3.1634089946746826, -9.915461540222168, 0.5157662630081177], "camera_distance": 4.501449636244769, "bounding_box_ranges": {"x": [-12.034101505265951, -5.580057144165039], "y": [-0.8933686083436676, 5.865279034737247], "z": [-0.025437617745595276, 2.4259648450719724]}, "obliqueness_angle": 1.3287628889083862, "resolution": 512, "point_uuid": "862", "point_normal": [0.9944599866867065, 0.10126286000013351, -0.028199242427945137], "camera_rotation_final": [1.3449833393096924, -0.009757043793797493, -3.293135404586792], "vanishing_points_image": {"x": [326.94329288980407, 360.6920699986496], "y": [480.1145597001302, 250.46787233528562], "z": [258.67690467028154, -11.382391175397293]}, "camera_uuid": "c83171f93afe09cc67e6fc1972ae2a82", "field_of_view_rads": 0.9674414785637226, "room": "856e4980d5eb3351797f528948f684e5"}