{"vanishing_points_gaussian_sphere": {"x": [0.4515296571129622, 0.07368866306594946, 0.8892080463440509], "y": [0.8921794678199099, -0.024225120579835176, -0.451030975359204], "z": [-0.011694697432306625, 0.9969870232196834, -0.07668187258747255]}, "nonfixated_points_in_view": [1027, 528, 1045, 31, 40, 1069, 1071, 63, 1100, 611, 106, 1135, 624, 1143, 122, 1148, 636, 639, 128, 1159, 148, 156, 1186, 164, 173, 1198, 689, 190, 191, 702, 709, 722, 1234, 729, 1241, 736, 1248, 1250, 1252, 1256, 1263, 756, 762, 251, 764, 255, 773, 1288, 1295, 786, 1300, 281, 793, 1305, 1313, 292, 293, 1316, 1317, 809, 299, 300, 811, 828, 1342, 1349, 335, 852, 1374, 352, 1379, 382, 394, 1420, 1436, 925, 417, 1448, 941, 430, 437, 1469, 1474, 1476, 1478, 458, 469, 981, 475, 483, 1006, 502], "point_pitch": 0.06954629818466707, "camera_rotation_from_original_to_final": [-0.03226622939109802, -0.056824564933776855, -1.285722017288208], "camera_location": [-2.0300116539001465, -0.3511151969432831, 1.4951437711715698], "camera_rotation_original": [1.5840462446212769, -0.0036451206542551517, -2.3237228393554688], "view_id": 3, "point_location": [-7.243412494659424, -10.629344940185547, 2.381498336791992], "camera_distance": 11.558857150620241, "bounding_box_ranges": {"x": [-6.441877163702064, -0.3511151969432831], "y": [-7.249527933107088, -0.9385565666937534], "z": [-0.01842027523054862, 5.478321378796402]}, "obliqueness_angle": 1.0439180135726929, "resolution": 512, "point_uuid": "1223", "point_normal": [0.9954266548156738, 0.05377216264605522, -0.07895887643098831], "camera_rotation_final": [1.6475588083267212, 0.01169496402144432, -3.6101062297821045], "vanishing_points_image": {"x": [396.3189511750744, 233.10025077639438], "y": [381.6510722346334, 259.41177138194803], "z": [254.05606476122023, 90.27718260680088]}, "camera_uuid": "6f269c44fb405f239d56a612bcda89ad", "field_of_view_rads": 1.2762232538666896, "room": "8de55a2e5745f73de25402626a4c3d61"}