{"vanishing_points_gaussian_sphere": {"x": [0.23372386571206955, -0.16511598407043632, 0.9581804978192042], "y": [0.9721269052639803, 0.05843935870417976, -0.22705532677327883], "z": [-0.0185049900968016, 0.9845412907332509, 0.1741723634300851]}, "nonfixated_points_in_view": [263, 1166, 1294, 1296, 1427, 661, 547, 557, 178, 1076, 1332, 1462, 1081, 1466, 64, 67, 580, 1227, 589, 336, 720, 1239, 1114, 735, 867, 618, 114], "point_pitch": -0.17402033408614592, "camera_rotation_from_original_to_final": [0.05875597521662712, -0.18315863609313965, -2.272706985473633], "camera_location": [0.30798399448394775, -4.362792491912842, 3.736617088317871], "camera_rotation_original": [1.5856736898422241, -0.011059120297431946, 2.032072067260742], "view_id": 3, "point_location": [1.4703363180160522, 0.5423705577850342, 2.8449854850769043], "camera_distance": 5.119247121041557, "bounding_box_ranges": {"x": [-4.362792491912842, 1.4223395843001008], "y": [-2.298521660379142, 1.4760167694257154], "z": [-0.028199536605993836, 4.4692951829201375]}, "obliqueness_angle": 1.38131582736969, "resolution": 512, "point_uuid": "467", "point_normal": [-0.9991434216499329, 0.04108787328004837, 0.004923033993691206], "camera_rotation_final": [1.3957008123397827, 0.018506046384572983, -0.23594704270362854], "vanishing_points_image": {"x": [338.49241249361813, 314.2773856907191], "y": [416.5075196731412, 246.3510987443046], "z": [252.27323071591454, 57.72060498142516]}, "camera_uuid": "73759aa4f227ecebe2f10f72d0e43db4", "field_of_view_rads": 1.2163475873343492, "room": "8de55a2e5745f73de25402626a4c3d61"}