{"vanishing_points_gaussian_sphere": {"x": [-0.13888867810171998, 0.11096946054771911, 0.9840709902852056], "y": [0.990258183278638, 0.005595362347257842, 0.13913095403214323], "z": [0.00993305314836586, 0.9938080653455934, -0.11066554888130559]}, "nonfixated_points_in_view": [256, 1280, 642, 1288, 1420, 15, 276, 149, 1305, 27, 156, 31, 164, 292, 1197, 1071, 1072, 1199, 690, 947, 180, 309, 1206, 1082, 828, 321, 711, 73, 715, 718, 1233, 1234, 725, 344, 603, 1371, 991, 1122, 356, 359, 616, 106, 748, 1006, 1263, 756, 120, 764], "point_pitch": 0.08310611645248933, "camera_rotation_from_original_to_final": [-0.058131199330091476, 0.06948360800743103, -0.43776997923851013], "camera_location": [0.3440798223018646, -5.207657814025879, 4.2956719398498535], "camera_rotation_original": [1.591770052909851, -0.020765699446201324, 2.1472725868225098], "view_id": 1, "point_location": [-5.096354007720947, -5.976842880249023, 4.9074859619140625], "camera_distance": 5.528497442073943, "bounding_box_ranges": {"x": [-6.4411022708128804, -3.1340526926804158], "y": [-7.2461168300480505, 0.3440798223018646], "z": [1.9369871453466914, 5.459338961778648]}, "obliqueness_angle": 1.4352600574493408, "resolution": 512, "point_uuid": "1044", "point_normal": [-0.003819154342636466, 0.9999901652336121, 0.002255489816889167], "camera_rotation_final": [1.681694507598877, -0.009933216497302055, 1.7101423740386963], "vanishing_points_image": {"x": [176.00877754287427, 192.08850681033366], "y": [567.3662092537749, 254.24065401035242], "z": [258.753608470451, -19.500217895078645]}, "camera_uuid": "65572d2c193d1b3ea0911dbf66b34fb7", "field_of_view_rads": 0.8248598747456757, "room": "8de55a2e5745f73de25402626a4c3d61"}