{"vanishing_points_gaussian_sphere": {"x": [-0.16022550400736088, -0.027550276087956713, 0.9866958853431307], "y": [0.986997524857668, -0.017427564256144244, 0.15978787791611399], "z": [0.01279350579099288, 0.9994684898942915, 0.029984394574520054]}, "nonfixated_points_in_view": [3, 771, 900, 775, 136, 137, 1160, 1291, 12, 1422, 529, 660, 1428, 278, 665, 285, 926, 287, 1439, 35, 1188, 1443, 934, 296, 682, 43, 1066, 174, 1070, 1328, 1330, 181, 821, 949, 1078, 1080, 317, 65, 195, 1347, 1221, 1484, 973, 847, 848, 1360, 1236, 86, 215, 89, 1113, 1370, 1117, 1378, 99, 357, 486, 617, 362, 363, 1130, 241, 1395, 117, 1269, 1271, 1146, 894], "point_pitch": -0.0316445072505136, "camera_rotation_from_original_to_final": [0.02222992666065693, -0.03918498381972313, 1.5296858549118042], "camera_location": [2.5174548625946045, -7.046302795410156, 1.517836332321167], "camera_rotation_original": [1.5836472511291504, 0.0011349497362971306, 1.7721537351608276], "view_id": 2, "point_location": [3.265641927719116, -11.66639232635498, 1.3774381875991821], "camera_distance": 4.682384404431655, "bounding_box_ranges": {"x": [-11.702594219419574, -7.046302795410156], "y": [0.13594072011623703, 6.510049382563181], "z": [-0.03424726945872922, 2.423869722468686]}, "obliqueness_angle": 0.18362551927566528, "resolution": 512, "point_uuid": "607", "point_normal": [0.01950300671160221, 0.9975712895393372, 0.06686665862798691], "camera_rotation_final": [1.5408049821853638, -0.01279385481029749, 3.302525043487549], "vanishing_points_image": {"x": [202.38684033862327, 265.218615723941], "y": [437.8560438226698, 259.2110596118717], "z": [258.20190950551864, 83.97997637879632]}, "camera_uuid": "3d5b30db610d18db270d0baeb235eacb", "field_of_view_rads": 1.2934166607892428, "room": "856e4980d5eb3351797f528948f684e5"}