{"vanishing_points_gaussian_sphere": {"x": [0.22144392816791134, -0.2810295380629283, 0.9338013629320221], "y": [0.975121346145198, 0.07367918976976102, -0.20906873818638821], "z": [-0.010047236910809963, 0.9568666446955963, 0.2903537106693307]}, "nonfixated_points_in_view": [640, 1145, 258, 1159, 394, 779, 140, 1038, 399, 527, 1042, 1426, 23, 279, 793, 1051, 1180, 925, 414, 164, 1446, 168, 297, 939, 1068, 1324, 46, 1200, 692, 54, 823, 1208, 953, 186, 443, 826, 318, 190, 1215, 452, 1353, 76, 1229, 335, 337, 978, 1105, 1106, 1234, 1238, 1361, 600, 1241, 1363, 1371, 1374, 227, 1251, 1379, 231, 871, 1259, 493, 494, 368, 1137, 1138, 1265, 756, 884, 121, 634, 636, 893, 766], "point_pitch": -0.3121059378001352, "camera_rotation_from_original_to_final": [0.16499222815036774, -0.2687852382659912, -0.8329252004623413], "camera_location": [0.27477186918258667, -2.2696449756622314, 2.261363983154297], "camera_rotation_original": [1.5901278257369995, -0.005768735893070698, 2.1587343215942383], "view_id": 5, "point_location": [-7.065999984741211, -0.6261197328567505, -0.02115713246166706], "camera_distance": 7.861170781616391, "bounding_box_ranges": {"x": [-4.527041098303387, 1.546336322082701], "y": [-7.43114150609072, 0.27477186918258667], "z": [-0.036792239734892096, 3.963752486217629]}, "obliqueness_angle": 0.9502764940261841, "resolution": 512, "point_uuid": "442", "point_normal": [0.27369534969329834, -0.7830153703689575, 0.5585497617721558], "camera_rotation_final": [1.2761845588684082, 0.01004740595817566, 1.3474899530410767], "vanishing_points_image": {"x": [348.6531732273257, 373.5840705480808], "y": [452.9173932013153, 241.12111949963818], "z": [253.3783481424748, 6.322278777848933]}, "camera_uuid": "72c78639c6d82fd06b6c6cb47f559896", "field_of_view_rads": 1.041952977020348, "room": "8de55a2e5745f73de25402626a4c3d61"}