{"vanishing_points_gaussian_sphere": {"x": [-0.5410895072247351, -0.19929631881031512, 0.8170086428428713], "y": [0.8409441496718449, -0.1350695627113872, 0.5239934640447841], "z": [0.00592303165541989, 0.9705860036790207, 0.24068179648323432]}, "nonfixated_points_in_view": [1184, 1025, 1348, 680, 587, 1195, 565, 438, 407, 790, 985, 986, 1275, 956, 543], "point_pitch": -0.23856417735549407, "camera_rotation_from_original_to_final": [-0.24174845218658447, -0.03897770866751671, -2.6726768016815186], "camera_location": [-5.364199638366699, -8.788909912109375, 4.275810241699219], "camera_rotation_original": [1.5721772909164429, 0.007314607501029968, 0.10773365199565887], "view_id": 2, "point_location": [-3.595895528793335, -11.546043395996094, 3.4635887145996094], "camera_distance": 3.374668643721053, "bounding_box_ranges": {"x": [-11.665594372756694, -8.788909912109375], "y": [-5.364199638366699, -1.9612302548986973], "z": [2.7651424554166795, 5.042274184920367]}, "obliqueness_angle": 0.6311380863189697, "resolution": 512, "point_uuid": "619", "point_normal": [0.004871375858783722, 0.9995928406715393, -0.0281157735735178], "camera_rotation_final": [1.327723741531372, -0.005923066288232803, -2.5698492527008057], "vanishing_points_image": {"x": [-0.4588502707647198, 350.4599813946507], "y": [575.4545097459861, 307.30968680192194], "z": [257.88768623021815, -53.32838805797395]}, "camera_uuid": "c71ad462c76696bcaee0b134a2de9f61", "field_of_view_rads": 0.8566124298631637, "room": "ef914082afe6874a9bab2b30c864407b"}