{"vanishing_points_gaussian_sphere": {"x": [-0.34702573393295827, 0.05148504269926066, 0.9364413651513622], "y": [0.9378084068382451, 0.009032069310110392, 0.34703575289513033], "z": [0.009409147241074358, 0.9986329215994397, -0.05141746635106708]}, "nonfixated_points_in_view": [1280, 642, 259, 764, 1028, 1159, 1288, 779, 1420, 270, 15, 272, 528, 276, 149, 404, 1044, 409, 793, 930, 419, 164, 421, 1317, 173, 814, 1072, 437, 1206, 1461, 191, 321, 711, 1352, 73, 842, 715, 1355, 717, 1233, 1234, 725, 1241, 603, 348, 988, 1371, 991, 224, 993, 1122, 611, 356, 1379, 870, 359, 616, 1380, 748, 1006, 1263, 880, 1393, 756, 636, 509, 1406], "point_pitch": 0.035470322766576245, "camera_rotation_from_original_to_final": [-0.017751239240169525, 0.03200916573405266, -0.10677135735750198], "camera_location": [0.30798399448394775, -4.362792491912842, 3.736617088317871], "camera_rotation_original": [1.5856736898422241, -0.011059120297431946, 2.032072067260742], "view_id": 1, "point_location": [-4.025896072387695, -5.968883991241455, 3.9745781421661377], "camera_distance": 4.628030902651655, "bounding_box_ranges": {"x": [-6.441726907085289, -2.2225853765724537], "y": [-7.43112111292266, 0.30798399448394775], "z": [-0.022311570242407708, 5.461022776934925]}, "obliqueness_angle": 1.226090431213379, "resolution": 512, "point_uuid": "156", "point_normal": [-0.00964281614869833, 0.9999526739120483, 0.0013485339004546404], "camera_rotation_final": [1.6222387552261353, -0.009409286081790924, 1.9252105951309204], "vanishing_points_image": {"x": [142.63413921865964, 239.18094131862475], "y": [453.1209157121359, 254.10152077950875], "z": [257.5935961149061, 86.86484850283676]}, "camera_uuid": "73759aa4f227ecebe2f10f72d0e43db4", "field_of_view_rads": 1.270017148652288, "room": "8de55a2e5745f73de25402626a4c3d61"}