{"vanishing_points_gaussian_sphere": {"x": [-0.042262665913228845, 0.1926874687280634, 0.9803496348064187], "y": [0.9991042601782623, 0.010244351041210468, 0.041057649292084476], "z": [-0.0021317512880631145, 0.9812067023145103, -0.1929478244747263]}, "nonfixated_points_in_view": [131, 1283, 1411, 266, 396, 400, 656, 1177, 1056, 803, 676, 1060, 41, 1454, 559, 432, 177, 1352, 1225, 717, 1230, 1488, 1362, 1494, 480, 1381, 1127, 875, 1261, 110, 1134, 883, 629, 125], "point_pitch": 0.19491417805222078, "camera_rotation_from_original_to_final": [0.06032677739858627, -0.18450701236724854, 2.888343095779419], "camera_location": [-2.806222438812256, -9.90909194946289, 4.287649154663086], "camera_rotation_original": [1.5709993839263916, -0.0022501780185848475, -1.2808427810668945], "view_id": 7, "point_location": [-7.262059688568115, -10.095705032348633, 5.16462516784668], "camera_distance": 4.545151027694278, "bounding_box_ranges": {"x": [-11.935305852758393, -7.568930230064495], "y": [-7.284179338874548, -2.806222438812256], "z": [2.7925641323480237, 5.212385031753738]}, "obliqueness_angle": 0.25571149587631226, "resolution": 512, "point_uuid": "745", "point_normal": [0.9010987281799316, 0.01106197014451027, -0.4334728419780731], "camera_rotation_final": [1.7649623155593872, 0.0021317529026418924, 1.6130716800689697], "vanishing_points_image": {"x": [237.27232164221292, 170.6152080106763], "y": [486.4451050896946, 253.63712292464226], "z": [255.56077548954207, 53.83287295502451]}, "camera_uuid": "48bee344cd0412ed9774218b24d4c13a", "field_of_view_rads": 1.0309675835103704, "room": "ef914082afe6874a9bab2b30c864407b"}