{"vanishing_points_gaussian_sphere": {"x": [-0.6490636287579572, 0.10956216201984198, 0.7528031206611], "y": [0.7606421408544098, 0.10885601445511744, 0.6399796103575234], "z": [-0.011829597625155928, 0.9880012655712973, -0.15399207722977748]}, "nonfixated_points_in_view": [105, 954, 225, 887], "point_pitch": 0.16539211670425935, "camera_rotation_from_original_to_final": [-0.1283475160598755, -0.059195924550294876, -2.7342634201049805], "camera_location": [4.8224005699157715, -9.461613655090332, 4.288321018218994], "camera_rotation_original": [1.5853524208068848, -0.00664387596771121, -2.8390679359436035], "view_id": 1, "point_location": [4.189009666442871, -8.716561317443848, 4.440727710723877], "camera_distance": 0.9897044134938188, "bounding_box_ranges": {"x": [-9.461613655090332, -7.250034460966859], "y": [4.1848953846479855, 4.8224005699157715], "z": [3.4702267355185494, 5.2011714193151]}, "obliqueness_angle": 0.870026707649231, "resolution": 512, "point_uuid": "922", "point_normal": [0.9999801516532898, -0.006251223385334015, -0.0008642905158922076], "camera_rotation_final": [1.725414514541626, 0.01182987354695797, -5.576772689819336], "vanishing_points_image": {"x": [39.42329775812845, 219.4417787572632], "y": [488.75254667199073, 222.69062463916111], "z": [253.71447829669688, 65.11452723022188]}, "camera_uuid": "1955ab56dcf3a4b1d94fa400e9c09bfa", "field_of_view_rads": 1.1029684729730944, "room": "b80a98836bb3f1f478d8093ef8f4a998"}