{"vanishing_points_gaussian_sphere": {"x": [0.6151022138595919, -0.1015296134508101, 0.7818829861926643], "y": [0.78843442281362, 0.07352173897084047, -0.6107091900579665], "z": [0.00451967118084434, 0.9921120357556563, 0.12527282658735042]}, "nonfixated_points_in_view": [1026, 13, 18, 23, 1051, 540, 547, 1065, 557, 47, 1076, 1081, 64, 580, 1096, 1120, 618, 624, 114, 630, 632, 1151, 647, 1162, 148, 661, 664, 675, 681, 178, 1203, 1204, 1208, 1209, 1219, 196, 710, 1227, 719, 720, 214, 1238, 1244, 735, 227, 1254, 231, 1255, 234, 750, 240, 759, 1276, 264, 1296, 1306, 1307, 796, 290, 809, 304, 305, 1332, 1344, 839, 1354, 844, 336, 337, 849, 1361, 341, 347, 1375, 867, 364, 1407, 385, 1427, 408, 931, 1462, 1466, 443, 1471, 1477, 464, 467, 999, 489], "point_pitch": -0.1265004118296762, "camera_rotation_from_original_to_final": [-0.12144576758146286, 0.027441440150141716, -0.4412807524204254], "camera_location": [-5.588504314422607, -6.667678356170654, 1.5075440406799316], "camera_rotation_original": [1.5696860551834106, -0.004471865016967058, -0.2234717458486557], "view_id": 5, "point_location": [-0.04048847779631615, 0.4353770613670349, 0.3694935142993927], "camera_distance": 9.084549421454081, "bounding_box_ranges": {"x": [-6.1023061088646475, 1.5575514425241357], "y": [-5.321436773504657, 1.4774375143821672], "z": [-0.024066647496367555, 4.2261765937217435]}, "obliqueness_angle": 1.4454874992370605, "resolution": 512, "point_uuid": "1202", "point_normal": [0.00022643199190497398, 0.0001966175332199782, 0.9999999403953552], "camera_rotation_final": [1.4451922178268433, -0.004519686568528414, -0.6625235676765442], "vanishing_points_image": {"x": [483.8879467954402, 293.6154964604328], "y": [392.2919338590823, 243.29073757426843], "z": [257.0880073769848, 17.171737830728333]}, "camera_uuid": "a16f93f6e5a1a0a39d5df06bb9e95552", "field_of_view_rads": 1.0319856049102254, "room": "8de55a2e5745f73de25402626a4c3d61"}