{"vanishing_points_gaussian_sphere": {"x": [-0.16081161786306597, 0.0398926983183922, 0.9861785822969089], "y": [0.9869350518857166, -0.003564557668213462, 0.16107916466125585], "z": [0.009941172948964426, 0.99919761136099, -0.03879827999913203]}, "nonfixated_points_in_view": [7, 1170, 542, 1438, 420, 806, 1192, 170, 946, 820, 1465, 193, 323, 1091, 69, 198, 712, 201, 75, 1483, 334, 463, 208, 591, 210, 338, 721, 1366, 599, 1242, 860, 222, 994, 228, 1382, 1257, 1258, 1386, 1133, 367, 623, 1010, 372, 245, 1018, 383], "point_pitch": 0.054392770924840406, "camera_rotation_from_original_to_final": [-0.01738513819873333, 0.013103143312036991, 2.2172610759735107], "camera_location": [0.13430264592170715, -5.5853047370910645, 1.5091227293014526], "camera_rotation_original": [1.588117241859436, -0.006452574394643307, 2.6567111015319824], "view_id": 3, "point_location": [4.451500415802002, -4.880148410797119, 1.6789700984954834], "camera_distance": 4.3777037936034535, "bounding_box_ranges": {"x": [-7.0922117315590345, -3.7392728222597835], "y": [0.13430264592170715, 6.510019456719392], "z": [-0.016411079798715256, 2.4277337903071667]}, "obliqueness_angle": 0.8635387420654297, "resolution": 512, "point_uuid": "1447", "point_normal": [-0.5200923681259155, -0.8539191484451294, 0.018062276765704155], "camera_rotation_final": [1.6096062660217285, -0.009941336698830128, 4.873909950256348], "vanishing_points_image": {"x": [161.13515695735634, 232.4667838380663], "y": [576.9777091853954, 257.1592896132489], "z": [258.916169100458, -37.107183071979904]}, "camera_uuid": "caab66acefae8cc00595de890566047d", "field_of_view_rads": 0.8088959259021369, "room": "856e4980d5eb3351797f528948f684e5"}