{"vanishing_points_gaussian_sphere": {"x": [0.1935831030236977, -0.010350204675793, 0.9810292837050716], "y": [0.9810806530474399, 0.004607464718589989, -0.19354462918116833], "z": [-0.0025168312866491764, 0.9999358202064952, 0.01104631287979852]}, "nonfixated_points_in_view": [1279, 1412, 837, 1110, 123, 733, 1311], "point_pitch": -0.03400103648635344, "camera_rotation_from_original_to_final": [0.009045169688761234, -0.025649679824709892, -1.754362940788269], "camera_location": [9.521198272705078, -7.487616062164307, 1.5325249433517456], "camera_rotation_original": [-1.572507381439209, -3.1185641288757324, -0.011458786204457283], "view_id": 0, "point_location": [6.518918037414551, -6.895304203033447, 1.4987196922302246], "camera_distance": 3.0603369588425586, "bounding_box_ranges": {"x": [-8.958008056222853, -6.259661369026883], "y": [6.466332450086716, 9.521198272705078], "z": [-0.014743160856551418, 2.4394574675974505]}, "obliqueness_angle": 1.1565582752227783, "resolution": 512, "point_uuid": "881", "point_normal": [0.21775703132152557, -0.9759985208511353, -0.002970406785607338], "camera_rotation_final": [-1.5818428993225098, -3.1441094875335693, -1.7656099796295166], "vanishing_points_image": {"x": [320.7961613642939, 259.4644218521699], "y": [408.54633257575006, 255.2835942252965], "z": [255.56840841562476, 84.52887787680879]}, "camera_uuid": "0cc55cb7b667b337a397194e0a67a643", "field_of_view_rads": 1.28774317918193, "room": "8868fae7afbf71557a2e4faceeb9d9d6"}