{"vanishing_points_gaussian_sphere": {"x": [0.2657944889301393, 0.33420008680634306, 0.9042475278556192], "y": [0.9639839754683266, -0.08300158886764779, -0.2526769306559798], "z": [-0.009390670617529736, 0.9388402623578086, -0.34422489317490435]}, "nonfixated_points_in_view": [704, 1251, 452, 953, 1051, 76, 1324, 1102, 368, 337, 1138, 692, 823, 121, 186, 443, 893, 318], "point_pitch": 0.361462072530065, "camera_rotation_from_original_to_final": [-0.22660353779792786, -0.25355949997901917, -2.6296815872192383], "camera_location": [-2.0300116539001465, -0.3511151969432831, 1.4951437711715698], "camera_rotation_original": [1.5840462446212769, -0.0036451206542551517, -2.3237228393554688], "view_id": 12, "point_location": [-6.160857200622559, 0.8031800389289856, 3.067654848098755], "camera_distance": 4.568268095346495, "bounding_box_ranges": {"x": [-1.6574646288695019, 1.5374282971571795], "y": [-7.237279797314864, -2.0300116539001465], "z": [0.8170111497493324, 4.017755168368986]}, "obliqueness_angle": 0.2836346924304962, "resolution": 512, "point_uuid": "168", "point_normal": [0.9871764779090881, -0.07407806813716888, -0.14140447974205017], "camera_rotation_final": [1.9222255945205688, 0.009390808641910553, -4.981429100036621], "vanishing_points_image": {"x": [376.796869015644, 104.11451782368034], "y": [469.10471960168064, 274.34888418507245], "z": [254.00510749172608, 56.55892894940085]}, "camera_uuid": "6f269c44fb405f239d56a612bcda89ad", "field_of_view_rads": 0.9496719435737964, "room": "8de55a2e5745f73de25402626a4c3d61"}