{"vanishing_points_gaussian_sphere": {"x": [0.6925787030399492, 0.02083977682638112, 0.7210412219820228], "y": [0.7210729500138819, -0.04731596484154402, -0.6912416366433604], "z": [0.019711439667855265, 0.9986625572098619, -0.04779702891686996]}, "nonfixated_points_in_view": [193, 1438, 806], "point_pitch": 0.05000789562729402, "camera_rotation_from_original_to_final": [-0.01859232783317566, -0.05642841011285782, -0.5059319138526917], "camera_location": [6.297464370727539, -3.5494730472564697, 1.5135247707366943], "camera_rotation_original": [1.5593078136444092, -0.016167335212230682, -1.8285197019577026], "view_id": 1, "point_location": [7.560600757598877, -4.76040506362915, 1.5972564220428467], "camera_distance": 1.751822185115119, "bounding_box_ranges": {"x": [-5.960293584080517, -3.5494730472564697], "y": [6.297464370727539, 7.605950008127439], "z": [0.32803501735360685, 2.428708963702325]}, "obliqueness_angle": 0.35067397356033325, "resolution": 512, "point_uuid": "703", "point_normal": [-0.9126042127609253, 0.40823084115982056, 0.02238859422504902], "camera_rotation_final": [1.6186208724975586, -0.019712716341018677, -2.336040735244751], "vanishing_points_image": {"x": [519.2736226855943, 248.07806489434574], "y": [386.26305954533314, 264.54770983363096], "z": [260.67978822352535, 18.902692382847377]}, "camera_uuid": "2b99eef0440d6d0ed631659e27399caa", "field_of_view_rads": 0.9693332361353002, "room": "8efc299ca974ee46c0bc622cd51b4dc7"}