{"vanishing_points_gaussian_sphere": {"x": [0.35969207489462046, -0.1505478912456837, 0.9208457762836731], "y": [0.9329994300803035, 0.045801904849245165, -0.35695132578827826], "z": [0.01156177874860222, 0.9875411474736931, 0.15693567892136537]}, "nonfixated_points_in_view": [522, 526, 527, 528, 1045, 1068, 46, 563, 63, 76, 1100, 611, 106, 1137, 1143, 1144, 1145, 121, 634, 635, 636, 1159, 1180, 669, 1186, 164, 168, 1198, 689, 692, 186, 190, 1215, 711, 1234, 729, 224, 736, 1248, 1251, 1254, 1265, 756, 757, 766, 258, 779, 272, 786, 788, 279, 793, 1305, 292, 1317, 297, 809, 1324, 814, 1331, 1334, 823, 826, 828, 318, 322, 1353, 1363, 852, 854, 859, 1371, 1374, 1376, 1379, 871, 368, 893, 387, 399, 925, 941, 430, 436, 953, 442, 1469, 1474, 452, 458, 493, 1006], "point_pitch": -0.1511203487727304, "camera_rotation_from_original_to_final": [-0.052586108446121216, 0.1619940996170044, 2.562128782272339], "camera_location": [-1.854644775390625, -5.243408679962158, 1.4990227222442627], "camera_rotation_original": [1.582518458366394, 0.006183302495628595, -1.3640222549438477], "view_id": 3, "point_location": [-7.068042278289795, -3.222517967224121, 0.6105260252952576], "camera_distance": 5.661531548493099, "bounding_box_ranges": {"x": [-6.44180451016271, 1.3971733752134785], "y": [-7.43113775150692, -1.854644775390625], "z": [-0.03268061012472745, 4.434281977820145]}, "obliqueness_angle": 0.3554328382015228, "resolution": 512, "point_uuid": "335", "point_normal": [0.9986147880554199, -0.03178214654326439, 0.04193529859185219], "camera_rotation_final": [1.4131985902786255, -0.011562036350369453, 1.2028326988220215], "vanishing_points_image": {"x": [372.91161700155175, 304.9329585781482], "y": [394.8484633194656, 249.1837856483206], "z": [258.2003637187972, 68.05749054978973]}, "camera_uuid": "614fa69f38f6a61f05c875e475650ac3", "field_of_view_rads": 1.260951108753809, "room": "8de55a2e5745f73de25402626a4c3d61"}