{"vanishing_points_gaussian_sphere": {"x": [-0.6275639531070868, 0.2867201583549597, 0.7238473841587832], "y": [0.778547263065246, 0.2248275925997198, 0.5859323448824353], "z": [0.005257749919960997, 0.9312594184214844, -0.36431888733231765]}, "nonfixated_points_in_view": [160, 232, 1486, 498, 691, 882, 1246], "point_pitch": 0.37921841541794343, "camera_rotation_from_original_to_final": [0.17881932854652405, -0.32301467657089233, -3.0116758346557617], "camera_location": [3.5659539699554443, -4.741698265075684, 4.287182807922363], "camera_rotation_original": [1.576193928718567, 0.006192484870553017, -1.0516655445098877], "view_id": 0, "point_location": [1.7572145462036133, -6.205818176269531, 5.197537899017334], "camera_distance": 2.4987860712612737, "bounding_box_ranges": {"x": [-7.182996167966926, -4.688868569763021], "y": [0.9297171395125439, 3.5659539699554443], "z": [3.6879221397986566, 5.212107126861544]}, "obliqueness_angle": 1.1819655895233154, "resolution": 512, "point_uuid": "872", "point_normal": [0.025281958281993866, -0.005785691551864147, -0.9996637105941772], "camera_rotation_final": [1.943703055381775, -0.005257774144411087, -4.033957481384277], "vanishing_points_image": {"x": [58.91127289910097, 165.95449823947342], "y": [476.65877530508806, 192.27852335833353], "z": [256.89125151986, 98.14038615624386]}, "camera_uuid": "cb2f6552a3a803bf140924ce8faafd94", "field_of_view_rads": 1.1368573434980993, "room": "77c77478b552f1977cad320741ba92a5"}