{"vanishing_points_gaussian_sphere": {"x": [-0.1955899433874521, 0.0464868264412304, 0.9795833548060707], "y": [0.9806001514830378, -0.003928015475239794, 0.1959793703578766], "z": [0.012958277552853784, 0.9989111800665008, -0.04481670872580902]}, "nonfixated_points_in_view": [897, 898, 1163, 271, 143, 273, 1041, 1171, 1297, 663, 157, 1437, 1445, 1449, 1322, 696, 961, 1473, 1222, 78, 593, 595, 345, 479, 992, 1388, 496, 503, 504], "point_pitch": 0.055395201840672925, "camera_rotation_from_original_to_final": [0.02463093400001526, -0.04832921922206879, -2.42411470413208], "camera_location": [3.2557625770568848, -1.4835596084594727, 4.28309440612793], "camera_rotation_original": [1.5702217817306519, 0.01670633628964424, -0.5212826728820801], "view_id": 0, "point_location": [5.270411491394043, -11.55359172821045, 4.743805408477783], "camera_distance": 10.279913081262508, "bounding_box_ranges": {"x": [-4.782185846182306, -1.4835596084594727], "y": [2.4210030676788707, 4.085734735967852], "z": [2.7935320599902496, 5.220767003707825]}, "obliqueness_angle": 1.2828612327575684, "resolution": 512, "point_uuid": "1397", "point_normal": [0.008640151470899582, 0.24729220569133759, -0.9689024686813354], "camera_rotation_final": [1.6156318187713623, -0.012958640232682228, -2.9447169303894043], "vanishing_points_image": {"x": [191.25282717488585, 240.6112201192317], "y": [439.61251507951783, 256.735501416749], "z": [258.14064531980836, 90.98466259949124]}, "camera_uuid": "3ea7b8e6b9055350134bfd13c0ae414e", "field_of_view_rads": 1.297023249575747, "room": "b882b325a4c32027bb7a3589209866b9"}