{"vanishing_points_gaussian_sphere": {"x": [0.6748585799322271, -0.22315171496594982, 0.7033983289712974], "y": [0.7378807676120689, 0.21683407927393922, -0.6391517463432664], "z": [-0.009892920705337028, 0.9503611388168072, 0.31099169755274725]}, "nonfixated_points_in_view": [640, 257, 258, 133, 523, 140, 527, 914, 1426, 788, 23, 1179, 168, 1068, 1324, 692, 823, 1208, 953, 186, 443, 318, 710, 839, 76, 1229, 337, 1106, 600, 1120, 1251, 871, 1255, 368, 1137, 1138, 884, 893], "point_pitch": -0.33192913135024504, "camera_rotation_from_original_to_final": [0.132980078458786, -0.3048771321773529, -1.222747564315796], "camera_location": [0.30798399448394775, -4.362792491912842, 3.736617088317871], "camera_rotation_original": [1.5856736898422241, -0.011059120297431946, 2.032072067260742], "view_id": 3, "point_location": [-6.006031513214111, 1.3745170831680298, 0.9450177550315857], "camera_distance": 8.97644353643327, "bounding_box_ranges": {"x": [-4.362792491912842, 1.5576074853861028], "y": [-7.370992449435021, 0.30798399448394775], "z": [-0.035772624366054995, 4.174491736491076]}, "obliqueness_angle": 0.3261735737323761, "resolution": 512, "point_uuid": "1259", "point_normal": [0.8254477381706238, -0.564139187335968, 0.01957028917968273], "camera_rotation_final": [1.2545440196990967, 0.009893082082271576, 0.8299785256385803], "vanishing_points_image": {"x": [577.2941702930182, 362.24054763688287], "y": [428.59113216602344, 205.28226770948794], "z": [252.38432494882753, -91.33898729927408]}, "camera_uuid": "73759aa4f227ecebe2f10f72d0e43db4", "field_of_view_rads": 0.7862435454615878, "room": "8de55a2e5745f73de25402626a4c3d61"}