{"vanishing_points_gaussian_sphere": {"x": [0.5414461867977519, -0.0873243117310831, 0.8361880717774363], "y": [0.8407232576767758, 0.061584570552674835, -0.5379514333759066], "z": [-0.004520044637382013, 0.9942745120189572, 0.10676031072426136]}, "nonfixated_points_in_view": [640, 257, 258, 133, 523, 140, 399, 527, 1042, 1426, 788, 23, 152, 279, 1051, 669, 1446, 1191, 168, 297, 1068, 1324, 46, 692, 823, 1208, 953, 186, 443, 826, 1209, 1215, 1219, 452, 710, 839, 1353, 76, 1229, 337, 978, 1105, 1106, 1361, 600, 1120, 1251, 871, 1255, 1259, 239, 368, 1137, 1138, 371, 884, 1265, 121, 634, 893, 766], "point_pitch": -0.10853223403426604, "camera_rotation_from_original_to_final": [0.05864718556404114, -0.09525100886821747, -1.1621923446655273], "camera_location": [0.21503694355487823, -3.282130241394043, 2.989867687225342], "camera_rotation_original": [1.575566053390503, 0.00037009804509580135, 2.1583032608032227], "view_id": 3, "point_location": [-7.026959419250488, 1.376920461654663, 2.0652449131011963], "camera_distance": 8.660727117750861, "bounding_box_ranges": {"x": [-3.282130241394043, 1.557532366501745], "y": [-7.431109676493549, 0.21503694355487823], "z": [-0.04743469525112509, 4.320740796352666]}, "obliqueness_angle": 0.9888360500335693, "resolution": 512, "point_uuid": "318", "point_normal": [0.012295232154428959, -0.9998223185539246, 0.014289600774645805], "camera_rotation_final": [1.4638310670852661, 0.004520060028880835, 0.9986334443092346], "vanishing_points_image": {"x": [508.79506264719015, 296.7707273464052], "y": [435.9972403878827, 242.8148613128815], "z": [254.70272151518162, -29.362432436630872]}, "camera_uuid": "41fbfac86809ed0f1940b75ebedda277", "field_of_view_rads": 0.8805775910854974, "room": "8de55a2e5745f73de25402626a4c3d61"}