{"vanishing_points_gaussian_sphere": {"x": [0.5082184121394573, -0.16059138115234417, 0.846123190712813], "y": [0.8612281308105676, 0.09432125131845713, -0.4993892352166357], "z": [0.0003902088984543563, 0.9825038981344059, 0.1862416115901938]}, "nonfixated_points_in_view": [1026, 517, 13, 910, 16, 1296, 915, 1427, 661, 664, 1050, 290, 547, 424, 936, 557, 1199, 305, 178, 690, 1332, 1466, 64, 455, 1096, 1354, 1227, 844, 1356, 467, 341, 214, 87, 735, 1375, 354, 867, 240, 114, 500, 759, 1020, 1407], "point_pitch": -0.18522576888534026, "camera_rotation_from_original_to_final": [0.12067127972841263, 0.14456802606582642, 1.7285410165786743], "camera_location": [-2.9783132076263428, -7.1683149337768555, 4.279703140258789], "camera_rotation_original": [1.5714958906173706, -0.0020283132325857878, -2.2531356811523438], "view_id": 8, "point_location": [1.4603873491287231, 0.3522478938102722, 2.6243386268615723], "camera_distance": 8.88825950596428, "bounding_box_ranges": {"x": [-7.1683149337768555, -5.957585945670375], "y": [-2.9783132076263428, -2.1151234698969255], "z": [3.2343768701025786, 4.6447156274180275]}, "obliqueness_angle": 1.0559418201446533, "resolution": 512, "point_uuid": "618", "point_normal": [-0.9999194145202637, 0.00994228757917881, 0.007901915349066257], "camera_rotation_final": [1.3834608793258667, -0.00039020890835672617, -0.5331149101257324], "vanishing_points_image": {"x": [502.4944213946069, 333.88950308090295], "y": [448.8414804270679, 234.88010262406814], "z": [256.1204020495594, -47.159367979824566]}, "camera_uuid": "e17726a518b6f85be09164e3bce92661", "field_of_view_rads": 0.8580295857381095, "room": "ef914082afe6874a9bab2b30c864407b"}