{"vanishing_points_gaussian_sphere": {"x": [0.49532917306268687, -0.020862193956322474, 0.8684548227607258], "y": [0.8685952324046691, 0.02781225495093889, -0.4947411451642393], "z": [-0.013832301215404292, 0.9993954409230977, 0.03189702345382038]}, "nonfixated_points_in_view": [1029, 8, 12, 1039, 17, 529, 538, 28, 544, 1062, 43, 1067, 1070, 566, 1080, 60, 1085, 65, 1099, 91, 604, 94, 607, 613, 1128, 617, 1130, 116, 1141, 1146, 643, 646, 137, 654, 1167, 144, 662, 665, 673, 1188, 165, 677, 172, 174, 687, 693, 1221, 1228, 1231, 740, 746, 237, 751, 241, 1269, 758, 1271, 775, 1287, 1290, 275, 1299, 285, 298, 1328, 821, 317, 1351, 848, 863, 1378, 362, 363, 1391, 1399, 378, 1403, 1404, 894, 1414, 1424, 1428, 1432, 415, 416, 1443, 422, 429, 944, 1456, 1463, 1464, 456, 1483, 1484, 975, 977], "point_pitch": -0.02492932876082854, "camera_rotation_from_original_to_final": [-0.048804257065057755, 0.010703523643314838, -2.209113836288452], "camera_location": [-2.1478989124298096, -7.17814826965332, 1.5089408159255981], "camera_rotation_original": [1.586061954498291, -0.002639547921717167, 0.12005194276571274], "view_id": 1, "point_location": [4.845059394836426, -11.16189193725586, 1.2520999908447266], "camera_distance": 8.052182516136526, "bounding_box_ranges": {"x": [-11.704311988773009, -6.83656315385938], "y": [-2.1478989124298096, 6.498857415106883], "z": [-0.02476567022689552, 2.423703233198151]}, "obliqueness_angle": 0.7352138757705688, "resolution": 512, "point_uuid": "3", "point_normal": [-0.9444544315338135, -0.17659656703472137, 0.2771632671356201], "camera_rotation_final": [1.5388908386230469, 0.013832742348313332, -2.089064598083496], "vanishing_points_image": {"x": [436.2853101836332, 263.5932275203397], "y": [399.39377023754395, 251.40855861575244], "z": [253.10542403380558, 46.86444265696911]}, "camera_uuid": "3dfb7fb5350fdc03281337b3a75a5e86", "field_of_view_rads": 1.1122819165952462, "room": "856e4980d5eb3351797f528948f684e5"}