{"vanishing_points_gaussian_sphere": {"x": [-0.26208763242149946, -0.026247515532041545, 0.9646870688778245], "y": [0.9649967183957048, 0.0027753362806388015, 0.2622472707084867], "z": [-0.009560670332876237, 0.9996516220348591, 0.024601385039494272]}, "nonfixated_points_in_view": [513, 1154, 1410, 901, 524, 397, 1293, 19, 159, 1443, 166, 810, 1451, 942, 1326, 1074, 1459, 182, 183, 1467, 830, 574, 1088, 833, 968, 74, 586, 588, 205, 1359, 976, 212, 1236, 598, 1116, 734, 612, 869, 103, 1008, 244, 250], "point_pitch": -0.026198311648096606, "camera_rotation_from_original_to_final": [-0.0025689792819321156, 0.024463200941681862, 0.16603504121303558], "camera_location": [-3.072143316268921, -10.485207557678223, 4.283509254455566], "camera_rotation_original": [1.5707898139953613, 0.009692680090665817, -1.4714287519454956], "view_id": 1, "point_location": [-1.3265553712844849, -10.010674476623535, 4.238993167877197], "camera_distance": 1.809486253073187, "bounding_box_ranges": {"x": [-10.87744522680498, -9.067102058624812], "y": [-3.072143316268921, -1.7641976244384057], "z": [3.3739803362634926, 5.165620869173337]}, "obliqueness_angle": 0.5834199786186218, "resolution": 512, "point_uuid": "1237", "point_normal": [-0.9429087042808533, 0.26748207211494446, -0.19843506813049316], "camera_rotation_final": [1.5461913347244263, 0.009560815989971161, -1.3055990934371948], "vanishing_points_image": {"x": [162.39237807280992, 265.3746030201837], "y": [461.3402943479801, 255.40944009661666], "z": [254.21034251393772, 68.87567225521182]}, "camera_uuid": "2c5b1635a824be2ef248c2dd24c5c6fe", "field_of_view_rads": 1.2110989936805492, "room": "ef914082afe6874a9bab2b30c864407b"}