{"vanishing_points_gaussian_sphere": {"x": [-0.24162293136985133, 0.11867095651252713, 0.9630864774861301], "y": [0.9700438533358681, 0.05527805219853091, 0.23655709575161232], "z": [-0.02516508775150826, 0.9913937366281564, -0.12847247694708971]}, "nonfixated_points_in_view": [768, 1281, 644, 908, 141, 657, 1170, 795, 542, 671, 1182, 1058, 1442, 1447, 552, 1064, 1192, 686, 687, 1456, 946, 820, 1463, 1465, 570, 1339, 1085, 1471, 66, 1091, 1346, 712, 969, 75, 972, 333, 334, 79, 208, 462, 338, 463, 1483, 214, 599, 1366, 602, 1242, 860, 94, 994, 228, 1382, 999, 1002, 1258, 1386, 367, 1009, 116, 372, 1013, 1140, 1018, 1021], "point_pitch": 0.12785966793564363, "camera_rotation_from_original_to_final": [-0.11977415531873703, 0.01589452661573887, -2.3917465209960938], "camera_location": [5.132575988769531, -10.393342971801758, 1.5002893209457397], "camera_rotation_original": [1.587233543395996, -0.019086314365267754, 2.634567975997925], "view_id": 3, "point_location": [3.4268767833709717, -3.4489901065826416, 2.4266414642333984], "camera_distance": 7.210518639861222, "bounding_box_ranges": {"x": [-10.393342971801758, -3.1291275591094765], "y": [0.23641406045541213, 6.497685833280364], "z": [-0.017150046119501883, 2.427734030550992]}, "obliqueness_angle": 1.4328036308288574, "resolution": 512, "point_uuid": "605", "point_normal": [0.001019876915961504, -0.009186220355331898, -0.9999573826789856], "camera_rotation_final": [1.699665904045105, 0.025167744606733322, 0.244116872549057], "vanishing_points_image": {"x": [170.28006814464945, 213.89941688153706], "y": [458.3560398833454, 244.4687195358305], "z": [251.65072752037395, 84.65780013296167]}, "camera_uuid": "3d449594a2cb2c364ffe85b6c45b4104", "field_of_view_rads": 1.2159529124845032, "room": "856e4980d5eb3351797f528948f684e5"}