{"vanishing_points_gaussian_sphere": {"x": [-0.12972751667329402, 0.2414465100147062, 0.9617038807343448], "y": [0.9915024718145374, 0.022123221455466403, 0.1281928682029338], "z": [0.009675732708306213, 0.9701619173489293, -0.2422648020708057]}, "nonfixated_points_in_view": [256, 1280, 642, 1288, 1420, 15, 276, 149, 1044, 156, 31, 164, 1197, 1071, 1072, 690, 180, 309, 1206, 73, 715, 1233, 725, 603, 991, 1122, 359, 616, 748, 1006, 1263, 756, 764], "point_pitch": 0.21682830254105134, "camera_rotation_from_original_to_final": [-0.13234345614910126, 0.18123716115951538, -0.4549994170665741], "camera_location": [0.3440798223018646, -5.207657814025879, 4.2956719398498535], "camera_rotation_original": [1.591770052909851, -0.020765699446201324, 2.1472725868225098], "view_id": 1, "point_location": [-3.9880707263946533, -5.785122394561768, 5.38699197769165], "camera_distance": 4.5046612916436075, "bounding_box_ranges": {"x": [-6.440565182097026, -2.9275674246154164], "y": [-7.24677221489162, 0.3440798223018646], "z": [2.809297861602638, 5.458415014888653]}, "obliqueness_angle": 1.4659329652786255, "resolution": 512, "point_uuid": "321", "point_normal": [-0.14451448619365692, 0.03161075711250305, -0.9889976382255554], "camera_rotation_final": [1.8155075311660767, -0.009675883688032627, 1.7008966207504272], "vanishing_points_image": {"x": [187.6923646264371, 128.8670632781868], "y": [545.5950146454644, 249.53831702539713], "z": [258.3591488339055, 19.453949689155102]}, "camera_uuid": "65572d2c193d1b3ea0911dbf66b34fb7", "field_of_view_rads": 0.8758598298147253, "room": "8de55a2e5745f73de25402626a4c3d61"}