{"vanishing_points_gaussian_sphere": {"x": [-0.1510374465001662, -0.10851369046652456, 0.982554053849479], "y": [0.9881718054164116, 0.01010812180555544, 0.15301734821135057], "z": [-0.02653625321666771, 0.9940435628557229, 0.10570346451427945]}, "nonfixated_points_in_view": [768, 1281, 644, 646, 774, 908, 1402, 657, 1149, 795, 1182, 671, 1058, 1442, 551, 1192, 1447, 686, 1456, 946, 1463, 568, 570, 1339, 1084, 958, 832, 66, 1091, 69, 198, 712, 969, 972, 333, 462, 79, 599, 602, 1242, 860, 605, 222, 94, 994, 228, 104, 1257, 1002, 1258, 1386, 367, 1009, 116, 1013, 1140, 1018, 1021, 510], "point_pitch": -0.1254182298991342, "camera_rotation_from_original_to_final": [-0.057679515331983566, -0.1298595666885376, -1.264122724533081], "camera_location": [3.307429552078247, -10.623159408569336, 1.5089129209518433], "camera_rotation_original": [1.6019235849380493, -0.010716056451201439, 1.4206318855285645], "view_id": 4, "point_location": [2.369870662689209, -4.602911949157715, 0.8612525463104248], "camera_distance": 6.127141123335593, "bounding_box_ranges": {"x": [-10.623159408569336, -3.1463402116154677], "y": [-0.2708106176543619, 5.740384630408076], "z": [-0.01369570258375441, 2.4277317966479166]}, "obliqueness_angle": 0.10583978146314621, "resolution": 512, "point_uuid": "820", "point_normal": [0.08608665317296982, -0.9959769248962402, 0.02488427609205246], "camera_rotation_final": [1.464857578277588, 0.02653936855494976, 0.15167149901390076], "vanishing_points_image": {"x": [192.87634263545837, 301.3515414560672], "y": [483.50372246214863, 253.6728385436016], "z": [250.04323451290514, 32.86057110095183]}, "camera_uuid": "6fc923253b31e08cd2b4b232614b75a1", "field_of_view_rads": 1.0838276590702276, "room": "856e4980d5eb3351797f528948f684e5"}