{"vanishing_points_gaussian_sphere": {"x": [-0.5966907210538349, 0.031915364416914074, 0.801836387876224], "y": [0.8024645930605022, 0.019646496531826887, 0.596376216878463], "z": [0.0032802884777538947, 0.9992974655667654, -0.037333832100954034]}, "nonfixated_points_in_view": [864, 481, 903, 778, 459, 1034, 1325, 1389, 752, 531, 1302, 1017], "point_pitch": 0.014776782193456128, "camera_rotation_from_original_to_final": [-0.01889815740287304, 0.0027668422553688288, -0.36403536796569824], "camera_location": [0.2899336814880371, -8.048778533935547, 4.322153091430664], "camera_rotation_original": [1.5907143354415894, -0.01110281702131033, 2.574305772781372], "view_id": 2, "point_location": [-1.4562894105911255, -9.347554206848145, 4.403458118438721], "camera_distance": 2.1777795886362568, "bounding_box_ranges": {"x": [-9.362299988390514, -8.048778533935547], "y": [-1.8900972449807825, 0.2899336814880371], "z": [3.094110926931597, 5.216928588633969]}, "obliqueness_angle": 0.7887083292007446, "resolution": 512, "point_uuid": "1092", "point_normal": [0.25572872161865234, 0.8649433255195618, 0.4318286180496216], "camera_rotation_final": [1.6081390380859375, -0.0032802943605929613, 2.2101712226867676], "vanishing_points_image": {"x": [48.75090783608019, 244.91480951839816], "y": [493.92202057614344, 250.1750275432501], "z": [256.6700532528578, 51.876941337172006]}, "camera_uuid": "62e6bdd9a68e459d349568347b61a59b", "field_of_view_rads": 1.1029684729730944, "room": "9be1cd563f04d329bc30a6918cfb1205"}