{"vanishing_points_gaussian_sphere": {"x": [-0.3096379601143991, -0.07757923807558936, 0.9476844387641937], "y": [0.9508527436783101, -0.02719389126990247, 0.3084470004993252], "z": [0.0018421443004934465, 0.9966152487781891, 0.08218669239703233]}, "nonfixated_points_in_view": [1147, 140, 526, 527, 1038, 18, 1042, 23, 1051, 295, 168, 297, 939, 1324, 815, 563, 1331, 1334, 823, 1208, 953, 442, 443, 826, 1209, 318, 704, 1219, 452, 76, 464, 337, 978, 1361, 600, 606, 227, 1251, 231, 871, 493, 1137, 1138, 371, 121, 634, 635, 766], "point_pitch": -0.0829520662638803, "camera_rotation_from_original_to_final": [0.07605018466711044, 0.029936041682958603, 3.127305269241333], "camera_location": [-3.8966617584228516, -5.1063923835754395, 1.5070674419403076], "camera_rotation_original": [1.5701526403427124, 0.0018522855825722218, -2.8113532066345215], "view_id": 9, "point_location": [-6.006031513214111, 1.3745170831680298, 0.9450177550315857], "camera_distance": 6.838678719357045, "bounding_box_ranges": {"x": [-5.1063923835754395, 1.5575165814461807], "y": [-7.237432144829111, -3.048826024942626], "z": [-0.03448692410146231, 3.577256873198257]}, "obliqueness_angle": 0.6586140394210815, "resolution": 512, "point_uuid": "1259", "point_normal": [0.8254477381706238, -0.564139187335968, 0.01957028917968273], "camera_rotation_final": [1.4885166883468628, -0.0018421453423798084, 0.3148128092288971], "vanishing_points_image": {"x": [95.17157909539232, 296.29527371279], "y": [563.243176976629, 264.78699420459213], "z": [256.5250152418235, -28.03757279063817]}, "camera_uuid": "62e24ad43a6e699e9b1ae0325438e489", "field_of_view_rads": 0.8760433980541886, "room": "8de55a2e5745f73de25402626a4c3d61"}