{"vanishing_points_gaussian_sphere": {"x": [-0.5542064706793569, 0.23824126193526415, 0.7975564487662451], "y": [0.8323511405064509, 0.16649012150413514, 0.528651698511552], "z": [-0.0068386222838857326, 0.9568292117995935, -0.2905702887292973]}, "nonfixated_points_in_view": [516, 1028, 10, 1041, 20, 1059, 548, 38, 40, 44, 45, 578, 589, 590, 1107, 87, 1112, 1114, 92, 615, 109, 113, 626, 118, 1150, 128, 647, 148, 1172, 156, 668, 670, 160, 675, 681, 173, 1211, 1213, 709, 204, 207, 211, 729, 1244, 1245, 1250, 739, 233, 236, 762, 764, 261, 263, 1294, 1295, 1300, 1306, 1309, 1313, 293, 300, 813, 1341, 1342, 324, 846, 340, 1369, 352, 1377, 356, 370, 888, 1405, 391, 1415, 1421, 919, 1431, 1436, 414, 931, 424, 945, 435, 1461, 951, 440, 957, 450, 1479, 461, 1485, 981, 1493, 1496, 475, 991, 483, 489, 1005, 502, 1022], "point_pitch": 0.2885771552708487, "camera_rotation_from_original_to_final": [0.15385155379772186, -0.24418185651302338, -1.5105398893356323], "camera_location": [-4.307779312133789, 0.3686792552471161, 1.49626624584198], "camera_rotation_original": [1.5781090259552002, -0.005691109225153923, -1.0627084970474243], "view_id": 4, "point_location": [-0.9779316782951355, -4.654932498931885, 3.3264968395233154], "camera_distance": 6.298754030723365, "bounding_box_ranges": {"x": [-6.441852201555755, 0.3686792552471161], "y": [-4.8598965974766015, 1.491022642313836], "z": [-0.021365551216630196, 5.465551080430069]}, "obliqueness_angle": 0.3723922371864319, "resolution": 512, "point_uuid": "1390", "point_normal": [-0.5866297483444214, 0.8063749670982361, 0.07499989867210388], "camera_rotation_final": [1.8656262159347534, 0.0068386755883693695, -2.5541677474975586], "vanishing_points_image": {"x": [79.1790609861588, 179.98853879205527], "y": [473.0290576653383, 212.58900141754526], "z": [254.85461420693534, 95.74278150045716]}, "camera_uuid": "5fb98853d32c905b4569c0e295d9d2d9", "field_of_view_rads": 1.1768649542644802, "room": "8de55a2e5745f73de25402626a4c3d61"}