{"vanishing_points_gaussian_sphere": {"x": [0.4520774389221724, 0.3086868215260698, 0.8368622559499872], "y": [0.8919470120771358, -0.14853735221627276, -0.42704470801456934], "z": [-0.007517769897998155, 0.9394940666192158, -0.3424826739019793]}, "nonfixated_points_in_view": [128, 1028, 261, 1400, 263, 1415, 521, 653, 781, 1037, 1294, 1295, 20, 1172, 1300, 1436, 1053, 1309, 1310, 32, 1313, 293, 38, 424, 1452, 45, 173, 302, 557, 813, 435, 437, 1461, 951, 440, 957, 1342, 831, 450, 578, 1218, 325, 709, 1095, 843, 204, 461, 589, 590, 213, 981, 1496, 1114, 475, 1244, 1373, 352, 1121, 483, 356, 739, 489, 490, 1131, 1390, 370, 626, 118, 502, 888, 762, 507, 381, 1022], "point_pitch": 0.3427308360722403, "camera_rotation_from_original_to_final": [0.23725713789463043, -0.24618065357208252, -1.2187590599060059], "camera_location": [-6.425679683685303, -2.262380838394165, 1.4977667331695557], "camera_rotation_original": [1.5803217887878418, -0.003540406469255686, -0.8513162136077881], "view_id": 4, "point_location": [-1.6086797714233398, -4.720460414886475, 3.4691052436828613], "camera_distance": 5.756024521709853, "bounding_box_ranges": {"x": [-6.441888802622476, -1.733711158031587], "y": [-6.425679683685303, 1.4910286594837832], "z": [0.12206679312796398, 5.46559332132892]}, "obliqueness_angle": 0.6244348287582397, "resolution": 512, "point_uuid": "1431", "point_normal": [-0.5600475072860718, 0.8278470635414124, 0.03187502548098564], "camera_rotation_final": [1.9203647375106812, 0.007517840713262558, -2.0399036407470703], "vanishing_points_image": {"x": [433.87235878598426, 134.54546955075392], "y": [424.18530914039616, 284.0081665873996], "z": [254.5312786069549, 72.45420743058183]}, "camera_uuid": "928222235a04d0c536e00fac4a58b265", "field_of_view_rads": 1.0200446895025146, "room": "8de55a2e5745f73de25402626a4c3d61"}