{"vanishing_points_gaussian_sphere": {"x": [0.5356807373671315, -0.06438542454179773, 0.8419623891364619], "y": [0.8443281479006096, 0.026086028828431192, -0.5351910852795368], "z": [0.01249505008123991, 0.9975840998164189, 0.0683362094129648]}, "nonfixated_points_in_view": [1409, 899, 264, 782, 1296, 18, 23, 1434, 1051, 540, 796, 1307, 547, 675, 293, 804, 553, 809, 1065, 685, 176, 304, 562, 1203, 1076, 1204, 694, 1332, 184, 1208, 1210, 443, 575, 1087, 577, 706, 1219, 580, 1477, 839, 1224, 458, 1354, 1358, 719, 336, 337, 464, 722, 849, 1361, 1238, 347, 861, 606, 1376, 227, 997, 1254, 231, 1255, 1256, 874, 364, 1004, 750, 1007, 624, 242, 628, 885, 630, 1273, 507, 1278, 127], "point_pitch": -0.06304673751326995, "camera_rotation_from_original_to_final": [0.020490247756242752, 0.07658994942903519, 1.3198308944702148], "camera_location": [-6.732573986053467, -9.080721855163574, 1.502792477607727], "camera_rotation_original": [1.58157217502594, -0.008283889852464199, -1.885231852531433], "view_id": 0, "point_location": [-0.0863078385591507, 1.3751832246780396, 0.654157817363739], "camera_distance": 12.418493587974204, "bounding_box_ranges": {"x": [-9.080721855163574, -5.932661030846393], "y": [-6.987614210335254, -2.448935359302321], "z": [-0.018062541819834743, 2.428837099639098]}, "obliqueness_angle": 0.7661483883857727, "resolution": 512, "point_uuid": "234", "point_normal": [0.10428719222545624, -0.9468337893486023, -0.304351806640625], "camera_rotation_final": [1.5024014711380005, -0.012495375238358974, -0.5653632283210754], "vanishing_points_image": {"x": [416.10946979106063, 275.2441420169911], "y": [371.27475903534065, 252.4385165946874], "z": [258.2389279421815, 77.24770199133786]}, "camera_uuid": "6fe7ddd5d030b288cf1811fb32bc13b1", "field_of_view_rads": 1.2736443447991577, "room": "ade82d56fe033105b37cc8ef1783cd93"}