{"vanishing_points_gaussian_sphere": {"x": [-0.1412494816594932, 0.011363491714848541, 0.989908811450313], "y": [0.9899399588195746, 0.00991743999638457, 0.14114008047403506], "z": [-0.008213517104351089, 0.9998862512505934, -0.01265000777912219]}, "nonfixated_points_in_view": [3, 643, 644, 771, 774, 775, 137, 1029, 1160, 12, 1164, 1286, 1414, 1422, 529, 530, 1403, 1428, 662, 665, 285, 797, 287, 416, 673, 926, 1442, 1188, 165, 934, 1062, 296, 1443, 298, 43, 172, 682, 1066, 1070, 1328, 1330, 181, 821, 1080, 1084, 317, 958, 65, 66, 1221, 1351, 973, 847, 848, 1236, 1113, 351, 607, 1378, 99, 617, 362, 363, 1130, 751, 241, 1395, 116, 117, 1013, 1269, 248, 1271, 1021, 894, 1399], "point_pitch": 0.011347965398107007, "camera_rotation_from_original_to_final": [-0.014396500773727894, 0.012380014173686504, 0.9903318285942078], "camera_location": [2.0380539894104004, -3.850883722305298, 1.5039372444152832], "camera_rotation_original": [1.5646412372589111, 0.005592518951743841, 2.2927701473236084], "view_id": 7, "point_location": [3.152707815170288, -11.668705940246582, 1.6038397550582886], "camera_distance": 7.897517380678404, "bounding_box_ranges": {"x": [-11.702716651535335, -3.850883722305298], "y": [0.8995309272167578, 6.509806027992665], "z": [-0.024086022957005362, 2.427709883045053]}, "obliqueness_angle": 0.11536504328250885, "resolution": 512, "point_uuid": "1078", "point_normal": [-0.10697029531002045, 0.9866592288017273, -0.12272370606660843], "camera_rotation_final": [1.5834470987319946, 0.008213609457015991, 3.283320903778076], "vanishing_points_image": {"x": [193.70018056459466, 250.98799235456727], "y": [493.25900201378516, 253.6230862335534], "z": [254.18188473014806, 34.66869473606135]}, "camera_uuid": "46dec00679fa99b86c497ab5e0e1ad5c", "field_of_view_rads": 1.0430947587974642, "room": "856e4980d5eb3351797f528948f684e5"}