{"vanishing_points_gaussian_sphere": {"x": [-0.19494831615747588, 0.24881517734475855, 0.9487287080879662], "y": [0.9808129931490913, 0.050454130337075416, 0.1883089302233168], "z": [-0.0010131620232790863, 0.9672359527306799, -0.25387710658483725]}, "nonfixated_points_in_view": [3, 1146, 775, 1287, 649, 1290, 12, 654, 1039, 144, 17, 1170, 275, 1428, 1432, 665, 28, 285, 1438, 415, 1443, 422, 806, 1062, 1064, 43, 429, 1070, 687, 1460, 566, 824, 1080, 1464, 1465, 317, 703, 1351, 456, 1483, 1484, 334, 463, 208, 591, 338, 466, 724, 848, 1231, 1366, 216, 1113, 604, 94, 98, 1378, 1382, 746, 237, 367, 623, 241, 1391, 116, 372, 1141, 1271, 378, 1403, 1399, 383], "point_pitch": 0.2715069810536246, "camera_rotation_from_original_to_final": [-0.056309886276721954, 0.2353871762752533, 3.1104938983917236], "camera_location": [-2.125469923019409, -10.290050506591797, 1.5054166316986084], "camera_rotation_original": [1.585587501525879, -0.0013757790438830853, 1.7914842367172241], "view_id": 2, "point_location": [1.255810022354126, -9.618914604187012, 2.4102370738983154], "camera_distance": 3.564011416305374, "bounding_box_ranges": {"x": [-11.679490674944669, -4.664887090943375], "y": [-2.125469923019409, 6.505089318661669], "z": [0.10147979636025917, 2.427081737215408]}, "obliqueness_angle": 1.3398106098175049, "resolution": 512, "point_uuid": "1228", "point_normal": [0.02651304192841053, -0.001611498766578734, -0.9996472597122192], "camera_rotation_final": [1.827483057975769, 0.0010131621966138482, -1.3745914697647095], "vanishing_points_image": {"x": [149.75456795170234, 120.39751551476056], "y": [566.1756137688986, 240.0442154072285], "z": [255.74245432937994, 10.12873126884995]}, "camera_uuid": "2b230e47a809ba0986cefc4de1b011af", "field_of_view_rads": 0.8404156309745672, "room": "856e4980d5eb3351797f528948f684e5"}