{"vanishing_points_gaussian_sphere": {"x": [0.012120267168641289, 0.04510275757918527, 0.9989088248596636], "y": [0.9999195922890676, 0.0031791379851793256, -0.012276075844340921], "z": [-0.0037293538616731997, 0.9989772942066424, -0.04506059896794524]}, "nonfixated_points_in_view": [516, 1028, 521, 13, 1037, 20, 1053, 32, 546, 38, 552, 1065, 45, 557, 47, 64, 578, 67, 1095, 1096, 589, 590, 1114, 1121, 1126, 615, 618, 1131, 109, 114, 626, 118, 1150, 128, 647, 1162, 653, 148, 661, 1172, 664, 675, 681, 178, 179, 1202, 1218, 709, 1227, 204, 720, 213, 214, 729, 1244, 735, 234, 750, 762, 261, 1285, 263, 1294, 1296, 1309, 1310, 290, 807, 813, 302, 304, 305, 325, 1354, 843, 844, 849, 340, 1390, 370, 888, 1400, 381, 1407, 1415, 907, 1427, 919, 1431, 1436, 931, 424, 1452, 435, 1461, 1462, 951, 440, 1466, 445, 1471, 450, 461, 467, 468, 1496, 483, 999, 489, 502, 1022], "point_pitch": 0.035623029866490796, "camera_rotation_from_original_to_final": [0.028899798169732094, -0.021946143358945847, -0.7319212555885315], "camera_location": [-6.425679683685303, -2.262380838394165, 1.4977667331695557], "camera_rotation_original": [1.5803217887878418, -0.003540406469255686, -0.8513162136077881], "view_id": 1, "point_location": [1.4434971809387207, -2.3590891361236572, 1.85274338722229], "camera_distance": 7.877772990938516, "bounding_box_ranges": {"x": [-5.990453908425875, 1.4263108389528467], "y": [-6.425679683685303, 1.4906437884424886], "z": [-0.02315373608518742, 5.462695916857108]}, "obliqueness_angle": 0.23979806900024414, "resolution": 512, "point_uuid": "781", "point_normal": [-0.9685311913490295, -0.20411862432956696, -0.1424187570810318], "camera_rotation_final": [1.6158725023269653, 0.0037293625064194202, -1.5829169750213623], "vanishing_points_image": {"x": [260.9551620267041, 237.56051607226468], "y": [459.37464778555704, 255.35339193972848], "z": [255.25364282573022, 56.07424928853095]}, "camera_uuid": "928222235a04d0c536e00fac4a58b265", "field_of_view_rads": 1.1179038049633039, "room": "8de55a2e5745f73de25402626a4c3d61"}