{"vanishing_points_gaussian_sphere": {"x": [0.6591268407228511, -0.01887592851986687, 0.7517948570994791], "y": [0.752020698403576, 0.02197235682856867, -0.65877316635394], "z": [-0.0040837496631692186, 0.9995803693840286, 0.02867765908817588]}, "nonfixated_points_in_view": [640, 704, 258, 1219, 1446, 168, 1051, 1259, 719, 464, 337, 978, 371, 1105, 1106, 1138, 1361, 1209, 443, 318], "point_pitch": -0.01556055148574309, "camera_rotation_from_original_to_final": [0.03431835025548935, 0.02530810609459877, -3.107887029647827], "camera_location": [-2.0300116539001465, -0.3511151969432831, 1.4951437711715698], "camera_rotation_original": [1.5840462446212769, -0.0036451206542551517, -2.3237228393554688], "view_id": 13, "point_location": [-4.114411354064941, 1.475376009941101, 1.415632724761963], "camera_distance": 2.7725646208536077, "bounding_box_ranges": {"x": [-0.3511151969432831, 1.5575681067128926], "y": [-7.237321881210032, -2.0300116539001465], "z": [-0.03143894402230693, 3.3039991436036713]}, "obliqueness_angle": 0.7459903955459595, "resolution": 512, "point_uuid": "23", "point_normal": [0.10569848865270615, -0.9902507662773132, 0.09072643518447876], "camera_rotation_final": [1.542114496231079, 0.004083761014044285, 0.8511319160461426], "vanishing_points_image": {"x": [500.5143728000036, 263.00234846754427], "y": [386.96940969898526, 252.1733678213352], "z": [255.04076982789428, 21.209004262612385]}, "camera_uuid": "6f269c44fb405f239d56a612bcda89ad", "field_of_view_rads": 1.0100793665961174, "room": "8de55a2e5745f73de25402626a4c3d61"}