{"vanishing_points_gaussian_sphere": {"x": [-0.6106524073037706, 0.19126488262572255, 0.7684538906975996], "y": [0.7918987543971793, 0.14747009032228692, 0.5925782102343391], "z": [1.5437157343802746e-05, 0.9703969894504543, -0.24151538797184138]}, "nonfixated_points_in_view": [1183, 743, 458, 106, 811, 1069, 689, 122, 539, 1055], "point_pitch": 0.24588783184555574, "camera_rotation_from_original_to_final": [-0.23241057991981506, -0.07687966525554657, -1.235398769378662], "camera_location": [-3.8966617584228516, -5.1063923835754395, 1.5070674419403076], "camera_rotation_original": [1.5701526403427124, 0.0018522855825722218, -2.8113532066345215], "view_id": 3, "point_location": [-6.81381893157959, -7.355900287628174, 2.4238927364349365], "camera_distance": 3.7961375536828044, "bounding_box_ranges": {"x": [-6.104048693478808, -5.1063923835754395], "y": [-7.241986270934335, -3.8966617584228516], "z": [0.6692480173816308, 4.440014214685655]}, "obliqueness_angle": 1.3231103420257568, "resolution": 512, "point_uuid": "699", "point_normal": [0.0051500084809958935, -0.0005203498294577003, -0.9999866485595703], "camera_rotation_final": [1.8147234916687012, -1.5437157344422303e-05, -4.05550479888916], "vanishing_points_image": {"x": [26.424236774313517, 184.0936570758026], "y": [516.5121776266643, 207.48653265163327], "z": [256.0031886602359, 55.55724850378423]}, "camera_uuid": "62e24ad43a6e699e9b1ae0325438e489", "field_of_view_rads": 1.0101548784112544, "room": "8de55a2e5745f73de25402626a4c3d61"}