{"vanishing_points_gaussian_sphere": {"x": [0.6610115752419676, 0.1083192526079243, 0.742516421980412], "y": [0.7502513807697065, -0.07739145566534032, -0.6566075146106299], "z": [-0.013658808486885997, 0.9910991383834719, -0.13242331685265332]}, "nonfixated_points_in_view": [3, 771, 775, 1287, 1291, 12, 654, 1039, 144, 529, 530, 275, 1403, 1424, 1428, 665, 28, 285, 544, 929, 1442, 1443, 165, 422, 934, 296, 1062, 1066, 43, 1070, 560, 1328, 1330, 821, 566, 1078, 1080, 1333, 317, 65, 66, 195, 1221, 1228, 973, 1484, 847, 848, 975, 977, 89, 1113, 1370, 1117, 607, 1378, 99, 1253, 617, 362, 363, 746, 1130, 751, 241, 116, 1013, 1141, 375, 1271, 1404, 894, 1399], "point_pitch": 0.14339263836411043, "camera_rotation_from_original_to_final": [0.08337899297475815, 0.08903436362743378, -2.9070780277252197], "camera_location": [0.4931855797767639, -7.2360944747924805, 1.5182243585586548], "camera_rotation_original": [1.5842092037200928, -0.010877704247832298, 0.6175836324691772], "view_id": 1, "point_location": [5.283266067504883, -11.471962928771973, 2.372506618499756], "camera_distance": 6.451143408495111, "bounding_box_ranges": {"x": [-11.704599341066809, -7.2360944747924805], "y": [0.4931855797767639, 6.510162402121009], "z": [-0.029197939545311025, 2.4212054536508054]}, "obliqueness_angle": 1.23494553565979, "resolution": 512, "point_uuid": "137", "point_normal": [0.12163986265659332, 0.766636312007904, 0.6304542422294617], "camera_rotation_final": [1.7036222219467163, 0.01365923322737217, -2.2930445671081543], "vanishing_points_image": {"x": [431.87380125044837, 227.17975022178754], "y": [350.48738165485827, 265.74675448217624], "z": [253.8569426124651, 100.49724642296448]}, "camera_uuid": "c61bffa72844e019185a72c8df1f3454", "field_of_view_rads": 1.3062513442437014, "room": "856e4980d5eb3351797f528948f684e5"}