{"vanishing_points_gaussian_sphere": {"x": [-0.27477982120605693, -0.12759344062169697, 0.9530036535965039], "y": [0.9614207665478546, -0.04974818646079358, 0.27054616536627857], "z": [0.012890287370846333, 0.9905781301109872, 0.13634078127001253]}, "nonfixated_points_in_view": [257, 140, 1426, 27, 1057, 168, 940, 1197, 947, 1208, 318, 73, 715, 1229, 718, 1361, 344, 600, 988, 1120, 738, 870, 1262, 500, 884, 120, 633], "point_pitch": -0.13019089301558928, "camera_rotation_from_original_to_final": [-0.10320845991373062, 0.10185381025075912, 1.0598125457763672], "camera_location": [-1.9361746311187744, -7.597706317901611, 4.284103870391846], "camera_rotation_original": [1.5789034366607666, -0.011993302032351494, -0.7884991765022278], "view_id": 7, "point_location": [-4.484962463378906, 1.3804436922073364, 2.9996497631073], "camera_distance": 9.420898418519439, "bounding_box_ranges": {"x": [-7.597706317901611, -5.957621386615389], "y": [-4.0864399744686075, -1.7652697932282049], "z": [2.7686769920931926, 5.202622948252009]}, "obliqueness_angle": 0.6916429400444031, "resolution": 512, "point_uuid": "606", "point_normal": [0.0030179619789123535, -0.8762573003768921, -0.4818340837955475], "camera_rotation_final": [1.4340181350708008, -0.012890644371509552, 0.2783844470977783], "vanishing_points_image": {"x": [166.53817536038753, 297.5414129027443], "y": [445.49711664890634, 265.8054236197563], "z": [258.3577305929713, 74.81580333320079]}, "camera_uuid": "c967c3a72b851ec8965ae56c4998c340", "field_of_view_rads": 1.2882859088678003, "room": "ef914082afe6874a9bab2b30c864407b"}