{"vanishing_points_gaussian_sphere": {"x": [0.13635924254513365, -0.011834082652106354, 0.9905887701060923], "y": [0.9903681276951797, 0.025876701729416023, -0.13601973369019357], "z": [-0.024023501369737164, 0.999595093423027, 0.015248625726546092]}, "nonfixated_points_in_view": [519, 1161, 11, 1421, 150, 1309, 160, 162, 1445, 817, 1457, 819, 952, 194, 838, 982, 608, 992, 233, 118, 887, 504], "point_pitch": -0.013687773546900317, "camera_rotation_from_original_to_final": [-0.03745280206203461, 0.02681230939924717, -1.6337056159973145], "camera_location": [-2.484394073486328, -5.331701278686523, 4.301449775695801], "camera_rotation_original": [1.594873070716858, 5.2980572945671156e-05, -0.07394442707300186], "view_id": 1, "point_location": [1.4767941236495972, -5.875620365142822, 4.24047327041626], "camera_distance": 3.998822258190337, "bounding_box_ranges": {"x": [-5.985085582736519, -4.106630152638695], "y": [-2.484394073486328, 1.4853513200223762], "z": [2.707075070474627, 5.4587528628367945]}, "obliqueness_angle": 0.656906008720398, "resolution": 512, "point_uuid": "1479", "point_normal": [-0.7015426158905029, 0.7126269340515137, 0.0009052325622178614], "camera_rotation_final": [1.5555427074432373, 0.0240258127450943, -1.707621455192566], "vanishing_points_image": {"x": [332.12881308012953, 262.6069204359126], "y": [517.2907319072, 249.17289990949257], "z": [249.17876825608428, -27.82497943904655]}, "camera_uuid": "c5be5141daf3c047a2d6d480abd9ff63", "field_of_view_rads": 0.8527867408650274, "room": "7177ff6aafad58b0656fca6e31b41601"}