{"vanishing_points_gaussian_sphere": {"x": [0.1720658434957202, 0.19549530972862383, 0.9654920659312617], "y": [0.9850418850529401, -0.024928182105019393, -0.17050240593108734], "z": [-0.009264458616487581, 0.9803877649231698, -0.1968603570948071]}, "nonfixated_points_in_view": [1027, 10, 522, 14, 528, 1043, 31, 40, 1069, 1071, 63, 70, 585, 1100, 611, 106, 1135, 624, 1143, 1150, 1159, 147, 156, 670, 1186, 164, 173, 190, 191, 1216, 729, 1241, 1248, 739, 1263, 764, 765, 255, 264, 1289, 780, 1295, 786, 787, 1298, 1300, 292, 1317, 300, 825, 828, 1341, 1342, 852, 352, 865, 356, 358, 1384, 877, 1401, 1405, 394, 906, 1420, 406, 925, 433, 1468, 957, 1469, 447, 962, 1474, 458, 460, 1485, 979, 1491, 469, 981, 475, 991, 1005, 1006, 508], "point_pitch": 0.19834573666122957, "camera_rotation_from_original_to_final": [0.10680985450744629, -0.15916979312896729, -2.2606866359710693], "camera_location": [-4.307779312133789, 0.3686792552471161, 1.49626624584198], "camera_rotation_original": [1.5781090259552002, -0.005691109225153923, -1.0627084970474243], "view_id": 7, "point_location": [-5.425463676452637, -5.960350036621094, 2.786733388900757], "camera_distance": 6.555237138912095, "bounding_box_ranges": {"x": [-6.4418130866399235, 0.3686792552471161], "y": [-7.249022358842954, -2.128282921222964], "z": [-0.012419933948841333, 5.47822129428414]}, "obliqueness_angle": 0.3035545349121094, "resolution": 512, "point_uuid": "1305", "point_normal": [0.007423365022987127, 0.9984228014945984, 0.05564846470952034], "camera_rotation_final": [1.7689595222473145, 0.00926459114998579, -3.3145265579223633], "vanishing_points_image": {"x": [341.471810387109, 158.88986061832964], "y": [489.2150036450377, 261.9019074911457], "z": [253.83289649469, 26.671784517773194]}, "camera_uuid": "5fb98853d32c905b4569c0e295d9d2d9", "field_of_view_rads": 0.9243656888194649, "room": "8de55a2e5745f73de25402626a4c3d61"}