{"vanishing_points_gaussian_sphere": {"x": [0.689416500203134, -0.06872722640844439, 0.7210973981355532], "y": [0.7242441173322498, 0.08359861334986088, -0.6844572523946335], "z": [-0.01324189402209704, 0.994126672107827, 0.10740955286437358]}, "nonfixated_points_in_view": [3, 771, 775, 1287, 137, 1291, 12, 1039, 529, 530, 275, 1428, 285, 544, 929, 1443, 165, 422, 934, 296, 1062, 1066, 43, 1070, 1328, 1330, 821, 566, 1078, 1080, 1333, 317, 65, 195, 1221, 1484, 973, 847, 848, 89, 1113, 1370, 1117, 607, 1378, 99, 1253, 617, 362, 363, 1130, 751, 241, 116, 375, 1271, 894, 1399], "point_pitch": -0.09654168685409026, "camera_rotation_from_original_to_final": [-0.11273245513439178, -0.050336308777332306, -2.946162462234497], "camera_location": [0.4931855797767639, -7.2360944747924805, 1.5182243585586548], "camera_rotation_original": [1.5842092037200928, -0.010877704247832298, 0.6175836324691772], "view_id": 1, "point_location": [5.106510162353516, -11.615007400512695, 0.8310569524765015], "camera_distance": 6.397643516286554, "bounding_box_ranges": {"x": [-11.70474167086181, -7.2360944747924805], "y": [0.4931855797767639, 6.510125701784262], "z": [-0.026483785204705845, 2.4238828963622847]}, "obliqueness_angle": 1.029427170753479, "resolution": 512, "point_uuid": "665", "point_normal": [-0.9522178769111633, -0.21651425957679749, -0.21541288495063782], "camera_rotation_final": [1.4631696939468384, 0.013242281042039394, -2.3315629959106445], "vanishing_points_image": {"x": [508.9648193298311, 281.2178043408157], "y": [382.6031197886518, 241.38635660710204], "z": [252.71670890916116, 9.509034262758176]}, "camera_uuid": "c61bffa72844e019185a72c8df1f3454", "field_of_view_rads": 0.9988202055924038, "room": "856e4980d5eb3351797f528948f684e5"}