{"vanishing_points_gaussian_sphere": {"x": [0.6064084145185515, -0.0960994422760583, 0.7893248583411822], "y": [0.795151463586291, 0.07113142652059119, -0.6022246010565537], "z": [0.001727645124484697, 0.9928268818658046, 0.11954830775442858]}, "nonfixated_points_in_view": [643, 1029, 904, 1032, 1290, 1167, 657, 1170, 275, 662, 1052, 1308, 542, 416, 544, 1185, 1442, 420, 551, 1064, 1447, 298, 946, 51, 693, 568, 824, 570, 1336, 60, 703, 832, 66, 1091, 69, 198, 1351, 712, 972, 79, 208, 463, 338, 591, 721, 85, 1366, 599, 1242, 860, 222, 98, 994, 228, 613, 740, 1382, 104, 1258, 747, 1386, 367, 623, 1136, 372, 1018, 1403, 1149], "point_pitch": -0.1259886463496347, "camera_rotation_from_original_to_final": [-0.11543445289134979, 0.048950303345918655, -0.26457226276397705], "camera_location": [-1.2640292644500732, -10.590165138244629, 1.4937529563903809], "camera_rotation_original": [1.576294183731079, -0.003259384771808982, -0.3901067078113556], "view_id": 4, "point_location": [3.0937905311584473, -4.8784499168396, 0.6286768913269043], "camera_distance": 7.236203368394678, "bounding_box_ranges": {"x": [-10.590165138244629, -3.167726261042626], "y": [-1.2640292644500732, 6.499141429664062], "z": [-0.01960808139496456, 2.427734182386322]}, "obliqueness_angle": 1.036962866783142, "resolution": 512, "point_uuid": "1192", "point_normal": [-0.1489507257938385, -0.644580066204071, -0.7498868107795715], "camera_rotation_final": [1.4509612321853638, -0.0017276459839195013, -0.6515370607376099], "vanishing_points_image": {"x": [550.7439115802522, 302.7089915624176], "y": [435.8093758440467, 239.9148917014146], "z": [256.54062933468475, -54.68379089737563]}, "camera_uuid": "bf987798a26d9c5da496954cb31ac414", "field_of_view_rads": 0.8206935212927983, "room": "856e4980d5eb3351797f528948f684e5"}