{"vanishing_points_gaussian_sphere": {"x": [0.5499196613437235, -0.28765983109411286, 0.7841174578100599], "y": [0.8352174813056894, 0.18979688501721653, -0.5161287643206315], "z": [-0.00035353781268202195, 0.9387379634448945, 0.34463155833200626]}, "nonfixated_points_in_view": [1184, 803, 1283, 1125, 102, 1127, 1225, 1260, 366, 559, 432, 790, 1303, 1430, 1494, 379], "point_pitch": -0.34915797313186125, "camera_rotation_from_original_to_final": [-0.040326304733753204, 0.35161980986595154, -2.2652907371520996], "camera_location": [-3.781970262527466, -8.79295825958252, 4.280111312866211], "camera_rotation_original": [1.5727763175964355, 0.0018530383240431547, -1.4653403759002686], "view_id": 2, "point_location": [-5.550583839416504, -11.479886054992676, 3.0991644859313965], "camera_distance": 3.4266909149501905, "bounding_box_ranges": {"x": [-11.990531889811917, -8.79295825958252], "y": [-7.284176809142069, -3.6623854183895608], "z": [2.765654336740207, 4.99601189120558]}, "obliqueness_angle": 1.057286024093628, "resolution": 512, "point_uuid": "1440", "point_normal": [-0.3253974914550781, 0.9256154894828796, -0.1932680755853653], "camera_rotation_final": [1.2189500331878662, 0.0003535378200467676, -3.723860740661621], "vanishing_points_image": {"x": [458.4900144706232, 361.92136898421654], "y": [404.61501852416194, 222.22835583066748], "z": [255.90438254368226, 2.109940737113422]}, "camera_uuid": "719f11efd7d094b502660bf8fb326352", "field_of_view_rads": 1.0388517963227366, "room": "ef914082afe6874a9bab2b30c864407b"}