{"vanishing_points_gaussian_sphere": {"x": [0.21608579079980034, 0.27439755156682805, 0.9370234333828342], "y": [0.9763302339931819, -0.06985149000211933, -0.20469500124649526], "z": [0.009284675828685455, 0.9590759891888723, -0.2829965401840498]}, "nonfixated_points_in_view": [161, 1492, 1054, 550, 1023], "point_pitch": 0.27700288692978425, "camera_rotation_from_original_to_final": [-0.08871033042669296, -0.2618534564971924, 0.11075248569250107], "camera_location": [-6.732573986053467, -9.080721855163574, 1.502792477607727], "camera_rotation_original": [1.58157217502594, -0.008283889852464199, -1.885231852531433], "view_id": 4, "point_location": [-3.67517352104187, -9.748618125915527, 2.4261772632598877], "camera_distance": 3.2628855508504326, "bounding_box_ranges": {"x": [-11.370499003509085, -8.450434352179613], "y": [-6.732573986053467, -2.8116812971629535], "z": [1.1246670428253904, 2.426817704587756]}, "obliqueness_angle": 1.2649495601654053, "resolution": 512, "point_uuid": "534", "point_normal": [-0.018092429265379906, 0.005874713882803917, -0.9998190402984619], "camera_rotation_final": [1.857725977897644, -0.009284809231758118, -1.7886096239089966], "vanishing_points_image": {"x": [380.67640409024943, 97.6790854507564], "y": [527.6001275313517, 275.4316153820584], "z": [258.4942687202145, -1.6496244221890077]}, "camera_uuid": "6fe7ddd5d030b288cf1811fb32bc13b1", "field_of_view_rads": 0.7908410667821796, "room": "ade82d56fe033105b37cc8ef1783cd93"}