{"vanishing_points_gaussian_sphere": {"x": [-0.04410892703183881, -0.04210294198898439, 0.9981391410179105], "y": [0.9989076987416399, 0.013563758663321384, 0.04471502930340507], "z": [-0.015421152705978847, 0.9990212043429286, 0.04145867005131125]}, "nonfixated_points_in_view": [643, 1029, 646, 7, 8, 775, 904, 1290, 1414, 654, 1167, 144, 17, 529, 275, 657, 1299, 662, 1428, 1432, 28, 416, 673, 1443, 165, 422, 677, 1062, 298, 43, 172, 687, 1456, 693, 821, 1463, 60, 317, 1085, 193, 1351, 456, 1099, 1483, 334, 463, 591, 848, 466, 977, 1366, 91, 604, 94, 740, 613, 1128, 1133, 367, 623, 751, 1136, 1391, 116, 1141, 1399, 1403], "point_pitch": -0.04294948180648284, "camera_rotation_from_original_to_final": [-0.05849525332450867, 0.011135275475680828, -1.6466827392578125], "camera_location": [-2.1478989124298096, -7.17814826965332, 1.5089408159255981], "camera_rotation_original": [1.586061954498291, -0.002639547921717167, 0.12005194276571274], "view_id": 15, "point_location": [6.354461193084717, -6.797253608703613, 1.1557847261428833], "camera_distance": 8.518211701133328, "bounding_box_ranges": {"x": [-11.531499177878416, -5.609439446896048], "y": [-2.1478989124298096, 6.496514671082071], "z": [-0.01302430913603747, 2.427697917822135]}, "obliqueness_angle": 0.045445557683706284, "resolution": 512, "point_uuid": "1465", "point_normal": [-0.9993853569030762, 0.000256289669778198, 0.035056136548519135], "camera_rotation_final": [1.5293208360671997, 0.015421763993799686, -1.526667833328247], "vanishing_points_image": {"x": [236.8416240257267, 274.2870916734325], "y": [478.30790519701503, 252.98137197376758], "z": [252.57371326242628, 34.036495179247915]}, "camera_uuid": "3dfb7fb5350fdc03281337b3a75a5e86", "field_of_view_rads": 1.0635473124828614, "room": "856e4980d5eb3351797f528948f684e5"}