{"vanishing_points_gaussian_sphere": {"x": [0.15691986234254682, -0.02558649379006913, 0.9872798428702608], "y": [0.9874476947544492, 0.02226208351629906, -0.1563695934689277], "z": [-0.01797795668368801, 0.9994247000014779, 0.028758687390688712]}, "nonfixated_points_in_view": [899, 773, 521, 522, 141, 639, 272, 528, 402, 786, 408, 793, 29, 925, 1186, 292, 37, 1317, 299, 941, 430, 814, 1198, 689, 436, 57, 828, 1469, 190, 63, 1087, 322, 1474, 966, 967, 1478, 1100, 1234, 852, 981, 1371, 1374, 224, 352, 1248, 611, 1252, 997, 1254, 106, 1143, 1019, 127], "point_pitch": -0.03289775451156096, "camera_rotation_from_original_to_final": [0.03321796655654907, -0.0367557629942894, -1.2109596729278564], "camera_location": [1.9597357511520386, -5.512042045593262, 1.5149836540222168], "camera_rotation_original": [1.5890778303146362, 0.002467385260388255, 2.6240296363830566], "view_id": 14, "point_location": [-6.8463311195373535, -4.117299556732178, 1.258468508720398], "camera_distance": 8.91952425933147, "bounding_box_ranges": {"x": [-6.1421671438591625, -4.358245404475114], "y": [-3.551268751328189, 1.9597357511520386], "z": [-0.07206850276651802, 2.4277342659467123]}, "obliqueness_angle": 0.2304423302412033, "resolution": 512, "point_uuid": "1159", "point_normal": [0.9895836710929871, -0.004525040276348591, -0.1438881754875183], "camera_rotation_final": [1.5420290231704712, 0.01797892525792122, 1.413199543952942], "vanishing_points_image": {"x": [319.49369282414045, 266.35293399383096], "y": [443.6432832496437, 251.76956788175508], "z": [252.26283167138237, 48.244558077469534]}, "camera_uuid": "5090c6fc5c0dcfff7ec7ff2b1a5d94fb", "field_of_view_rads": 1.1168216118412302, "room": "856e4980d5eb3351797f528948f684e5"}