{"vanishing_points_gaussian_sphere": {"x": [-0.6515329587447176, -0.05464302764358476, 0.7566498154359761], "y": [0.7586051277039887, -0.05324275140691533, 0.6493715959632331], "z": [0.0048024879561683305, 0.9970854271087126, 0.07614188831955122]}, "nonfixated_points_in_view": [388, 774, 520, 776, 398, 911, 1040, 146, 530, 658, 24, 1176, 26, 797, 34, 1442, 1063, 1067, 301, 48, 688, 1329, 695, 1336, 572, 1084, 958, 319, 192, 66, 323, 579, 965, 1094, 330, 971, 591, 1236, 472, 728, 1368, 221, 223, 863, 97, 99, 617, 1133, 367, 1013, 758, 890], "point_pitch": -0.0861576040599008, "camera_rotation_from_original_to_final": [0.07848556339740753, -0.0002273363061249256, -0.9356905221939087], "camera_location": [8.056329727172852, -4.2689995765686035, 1.4923113584518433], "camera_rotation_original": [1.572834849357605, -0.010850214399397373, -3.067706823348999], "view_id": 5, "point_location": [0.3411653935909271, -10.890302658081055, 0.7159305214881897], "camera_distance": 10.196478847859769, "bounding_box_ranges": {"x": [-6.106872225975382, -4.550444533974191], "y": [4.194198448783359, 7.605955981274919], "z": [-0.01255863292786677, 2.4238214853404982]}, "obliqueness_angle": 0.8667041063308716, "resolution": 512, "point_uuid": "980", "point_normal": [0.016609901562333107, 0.9921005964279175, -0.12434056401252747], "camera_rotation_final": [1.494579792022705, -0.0048025064170360565, -4.0027756690979], "vanishing_points_image": {"x": [16.454568729658146, 276.09029235914437], "y": [512.7585181078966, 274.0206136921355], "z": [257.1411381136647, 19.078597210856763]}, "camera_uuid": "bd5b2b073675437662294c1b37a7fa10", "field_of_view_rads": 1.0209903334312176, "room": "8efc299ca974ee46c0bc622cd51b4dc7"}