{"vanishing_points_gaussian_sphere": {"x": [-0.6859311927837084, -0.2244311907530606, 0.6921914759540763], "y": [0.7275663975322544, -0.19575934620084748, 0.6575145744064951], "z": [-0.012063828092971995, 0.9546250148577609, 0.2975660347881848]}, "nonfixated_points_in_view": [896, 387, 1159, 522, 779, 272, 1042, 1045, 669, 925, 1055, 804, 939, 1324, 941, 46, 815, 1198, 1331, 694, 953, 442, 63, 1215, 1217, 322, 706, 452, 1474, 1353, 842, 209, 1363, 852, 343, 859, 1374, 224, 1379, 484, 743, 871, 1268, 757, 1144], "point_pitch": -0.3021959503504892, "camera_rotation_from_original_to_final": [0.3094595670700073, 0.018165377900004387, -2.512223720550537], "camera_location": [-3.8659191131591797, -9.080220222473145, 1.4999077320098877], "camera_rotation_original": [1.5778414011001587, -0.009793577715754509, -3.0118231773376465], "view_id": 0, "point_location": [-5.353203296661377, -7.514497756958008, 0.8268193602561951], "camera_distance": 2.2619789975246993, "bounding_box_ranges": {"x": [-9.080220222473145, -5.932664110323243], "y": [-7.294081966468617, -3.8659191131591797], "z": [-0.010512054055865194, 2.2106424853156526]}, "obliqueness_angle": 0.6572785377502441, "resolution": 512, "point_uuid": "1224", "point_normal": [0.12263789772987366, -0.9883214831352234, 0.09044734388589859], "camera_rotation_final": [1.2686314582824707, 0.01206412073224783, -5.527234077453613], "vanishing_points_image": {"x": [-16.984889362006587, 345.3184687059806], "y": [538.0754387521806, 331.89534598730023], "z": [252.31177774992017, -35.85339787230108]}, "camera_uuid": "0ea84965dc118f5aeb7a085f7794bb81", "field_of_view_rads": 0.9142220034206807, "room": "ade82d56fe033105b37cc8ef1783cd93"}