{"vanishing_points_gaussian_sphere": {"x": [0.7019512374585608, -0.18734213297343572, 0.6871443701605645], "y": [0.7122223512361973, 0.18200447987185267, -0.6779481482430343], "z": [0.001944898449295725, 0.9652861205464108, 0.26118752430099346]}, "nonfixated_points_in_view": [1159, 779, 1147, 526, 527, 1038, 1042, 279, 281, 793, 1180, 925, 168, 297, 939, 1324, 46, 815, 563, 692, 1331, 1334, 823, 953, 442, 826, 318, 190, 704, 1215, 452, 711, 1353, 842, 76, 335, 1371, 1374, 736, 1251, 1379, 871, 1259, 493, 1137, 1138, 1144, 121, 634, 635, 893, 766], "point_pitch": -0.2640024860713144, "camera_rotation_from_original_to_final": [0.2487902045249939, 0.08813919126987457, -2.6681551933288574], "camera_location": [-3.8966617584228516, -5.1063923835754395, 1.5070674419403076], "camera_rotation_original": [1.5701526403427124, 0.0018522855825722218, -2.8113532066345215], "view_id": 0, "point_location": [-7.210262775421143, -1.8371410369873047, 0.24754884839057922], "camera_distance": 4.8222757604344935, "bounding_box_ranges": {"x": [-5.1063923835754395, 1.548427874952976], "y": [-7.431118035309083, -3.8966617584228516], "z": [-0.03189361207025132, 3.692317202427126]}, "obliqueness_angle": 0.9170592427253723, "resolution": 512, "point_uuid": "669", "point_normal": [-0.13517676293849945, -0.9813149571418762, 0.13692420721054077], "camera_rotation_final": [1.3065435886383057, -0.001944899675436318, -5.4905242919921875], "vanishing_points_image": {"x": [439.04015490188675, 304.85116117646544], "y": [347.04787970663693, 232.73321826999793], "z": [256.3829134170745, 65.95357006590687]}, "camera_uuid": "62e24ad43a6e699e9b1ae0325438e489", "field_of_view_rads": 1.2841790527294865, "room": "8de55a2e5745f73de25402626a4c3d61"}