{"vanishing_points_gaussian_sphere": {"x": [0.2718123390584742, -0.0945869566715801, 0.9576906389660337], "y": [0.9621675537672483, 0.007319022365989055, -0.27236011159704654], "z": [0.018752354868405808, 0.9954896983591618, 0.09299790130790368]}, "nonfixated_points_in_view": [130, 135, 892, 393, 1289, 780, 1165, 1169, 274, 787, 1298, 21, 534, 1174, 792, 667, 1054, 161, 550, 1318, 42, 556, 816, 825, 1468, 1216, 1475, 453, 70, 1223, 584, 585, 460, 851, 84, 979, 1118, 868, 358, 744, 1384, 492, 877, 879, 1268, 1401, 251, 508, 765, 382, 1023], "point_pitch": -0.07612804969283538, "camera_rotation_from_original_to_final": [-0.1117791160941124, -0.043092358857393265, 2.7482218742370605], "camera_location": [-4.210936069488525, -6.891334056854248, 1.5098429918289185], "camera_rotation_original": [1.593726634979248, 0.010752296075224876, 0.11999154835939407], "view_id": 5, "point_location": [-5.534913539886475, -11.546788215637207, 1.0577670335769653], "camera_distance": 4.861125695078029, "bounding_box_ranges": {"x": [-11.517417603814547, -8.614418883948195], "y": [-3.5512628346257076, -3.504155829971163], "z": [-0.01754664411387319, 2.3930899569845354]}, "obliqueness_angle": 0.2634282112121582, "resolution": 512, "point_uuid": "14", "point_normal": [0.06252948939800262, 0.9962238073348999, -0.060234472155570984], "camera_rotation_final": [1.4776474237442017, -0.018753454089164734, 2.866267204284668], "vanishing_points_image": {"x": [347.86881165162544, 287.96908329202995], "y": [405.1657511351867, 254.8653250002836], "z": [259.4641780935556, 72.10023756396582]}, "camera_uuid": "41b233ae6d911bdc4a03358505e283ee", "field_of_view_rads": 1.2568196062491592, "room": "856e4980d5eb3351797f528948f684e5"}