{"vanishing_points_gaussian_sphere": {"x": [-0.4934893946414958, 0.25124397599269777, 0.8326732143546777], "y": [0.8695978823398225, 0.16053947985982822, 0.466933184124273], "z": [-0.016362775023398442, 0.9545174382554342, -0.2977057602059744]}, "nonfixated_points_in_view": [1284, 1418, 267, 912, 920, 802, 293, 1061, 167, 171, 685, 50, 693, 568, 313, 570, 827, 701, 829, 708, 197, 71, 328, 1232, 88, 740, 613, 1136, 242, 115, 627, 885, 631, 1273, 254], "point_pitch": 0.28028376499680085, "camera_rotation_from_original_to_final": [-0.031081970781087875, 0.2770043611526489, -1.0692431926727295], "camera_location": [0.5467849373817444, -10.360032081604004, 1.5205349922180176], "camera_rotation_original": [1.5957993268966675, -0.011342709884047508, 1.5803825855255127], "view_id": 7, "point_location": [-0.8564311861991882, -7.857702732086182, 2.4151933193206787], "camera_distance": 3.0051757054841337, "bounding_box_ranges": {"x": [-10.360032081604004, -5.960079703258005], "y": [-3.5511687868203174, 0.8351856958448807], "z": [0.4060540209147492, 2.4257510952440784]}, "obliqueness_angle": 1.2716584205627441, "resolution": 512, "point_uuid": "119", "point_normal": [0.008165457285940647, 0.0081691425293684, -0.9999333620071411], "camera_rotation_final": [1.8731266260147095, 0.01636350527405739, 0.5161731243133545], "vanishing_points_image": {"x": [86.00698408084808, 169.45361891404994], "y": [484.08834626274603, 213.89181963899915], "z": [253.13642704351247, 88.95435408875278]}, "camera_uuid": "08b7810ec5503ef8e7e738fee540560e", "field_of_view_rads": 1.1338525014733087, "room": "856e4980d5eb3351797f528948f684e5"}