{"vanishing_points_gaussian_sphere": {"x": [0.049855234890921085, 0.12249450200096046, 0.9912161986839743], "y": [0.9980976814880235, 0.029929894083606395, -0.053900089502487876], "z": [-0.03626946046198075, 0.9920177913826349, -0.1207693165423901]}, "nonfixated_points_in_view": [898, 6, 395, 1035, 791, 162, 674, 1445, 1449, 950, 954, 1090, 68, 838, 1226, 206, 597, 730, 92, 477, 992, 610, 232, 105, 236, 1011, 504], "point_pitch": 0.13056655327347322, "camera_rotation_from_original_to_final": [-0.11791565269231796, -0.021094977855682373, -2.7765519618988037], "camera_location": [3.7044036388397217, -10.948698043823242, 4.2955145835876465], "camera_rotation_original": [1.5925167798995972, -0.030547533184289932, 2.7276031970977783], "view_id": 1, "point_location": [4.036098003387451, -4.848876953125, 5.038712501525879], "camera_distance": 6.15387531230124, "bounding_box_ranges": {"x": [-10.948698043823242, -4.67422459676371], "y": [2.1978954429513564, 4.1745567566794834], "z": [2.7656263285633567, 5.2049967027856825]}, "obliqueness_angle": 0.13321715593338013, "resolution": 512, "point_uuid": "887", "point_normal": [0.008048663847148418, -0.9999622702598572, -0.0032682267483323812], "camera_rotation_final": [1.691941261291504, 0.036277417093515396, -0.049908775836229324], "vanishing_points_image": {"x": [278.4362556705975, 200.8740343687248], "y": [476.6131757462536, 249.38448620210264], "z": [248.2360026723625, 43.64438778080952]}, "camera_uuid": "7932379097c760f1e8c634ee2e00522a", "field_of_view_rads": 1.026904961004582, "room": "77c77478b552f1977cad320741ba92a5"}