{"vanishing_points_gaussian_sphere": {"x": [-0.5470190951302377, 0.05969793973126732, 0.8349887816939446], "y": [0.8371169412672893, 0.0362572181048316, 0.5458210702955655], "z": [0.0023100229855955072, 0.9975578029002333, -0.06980754734744214]}, "nonfixated_points_in_view": [896, 387, 1159, 779, 1147, 1038, 528, 1042, 788, 793, 1180, 669, 925, 1446, 168, 297, 939, 1068, 1324, 46, 815, 563, 692, 1334, 442, 826, 318, 1215, 704, 322, 1474, 452, 1353, 842, 76, 1374, 1251, 484, 1379, 871, 1259, 493, 494, 1137, 1138, 1143, 1144, 121, 634, 635, 636, 893, 766], "point_pitch": 0.07385106483963533, "camera_rotation_from_original_to_final": [0.06969114392995834, -0.01361925434321165, 0.8020386099815369], "camera_location": [-5.588504314422607, -6.667678356170654, 1.5075440406799316], "camera_rotation_original": [1.5696860551834106, -0.004471865016967058, -0.2234717458486557], "view_id": 10, "point_location": [-6.8527045249938965, -4.7337236404418945, 1.6692278385162354], "camera_distance": 2.3161443414305154, "bounding_box_ranges": {"x": [-6.137990938647469, 1.5330650567118118], "y": [-7.375986087797525, -5.442743919884978], "z": [-0.04248727807861574, 4.322936553514131]}, "obliqueness_angle": 0.07349921762943268, "resolution": 512, "point_uuid": "272", "point_normal": [0.5782973170280457, -0.8157982230186462, -0.0067465887404978275], "camera_rotation_final": [1.6406608819961548, -0.0023100250400602818, 0.5788009166717529], "vanishing_points_image": {"x": [76.61689146100036, 236.4233488415629], "y": [475.9264427510184, 246.47454350909214], "z": [256.42637870018734, 71.87308783738682]}, "camera_uuid": "a16f93f6e5a1a0a39d5df06bb9e95552", "field_of_view_rads": 1.1807327423007064, "room": "8de55a2e5745f73de25402626a4c3d61"}