{"vanishing_points_gaussian_sphere": {"x": [0.6337819738852444, -0.20057160595996426, 0.7470551789933353], "y": [0.7732772197959371, 0.1405092327176565, -0.6183037254179871], "z": [0.01904602118000943, 0.9695505074021344, 0.24414967268762497]}, "nonfixated_points_in_view": [1024, 353, 482, 355, 902, 9, 491, 369, 1425, 59, 478], "point_pitch": -0.25974444945785, "camera_rotation_from_original_to_final": [0.2448813021183014, -0.006072364281862974, -0.6810493469238281], "camera_location": [9.521198272705078, -7.487616062164307, 1.5325249433517456], "camera_rotation_original": [-1.572507381439209, -3.1185641288757324, -0.011458786204457283], "view_id": 2, "point_location": [6.8231706619262695, -10.747462272644043, 0.46715453267097473], "camera_distance": 4.363595389427549, "bounding_box_ranges": {"x": [-11.651781481191186, -7.487616062164307], "y": [6.466449490366473, 9.521198272705078], "z": [-0.028316636298748143, 2.3938474133951337]}, "obliqueness_angle": 1.0026284456253052, "resolution": 512, "point_uuid": "1470", "point_normal": [-0.28698790073394775, 0.9579342007637024, -0.00038993911584839225], "camera_rotation_final": [-1.817484736442566, -3.1225454807281494, -0.6865814924240112], "vanishing_points_image": {"x": [547.6553266708867, 348.29952833551187], "y": [426.2853035561828, 225.05811171821853], "z": [262.2543005186817, -62.379370894425]}, "camera_uuid": "0cc55cb7b667b337a397194e0a67a643", "field_of_view_rads": 0.8356977629823725, "room": "8868fae7afbf71557a2e4faceeb9d9d6"}