{"vanishing_points_gaussian_sphere": {"x": [0.662947448584127, -0.21817734476175316, 0.7161699006859389], "y": [0.7486239491491696, 0.20331696933707344, -0.6310502299658001], "z": [-0.007928630152665962, 0.9544950791975298, 0.2981212515262936]}, "nonfixated_points_in_view": [0, 644, 1284, 646, 1032, 1418, 267, 528, 657, 530, 912, 410, 802, 293, 805, 167, 1061, 1194, 171, 685, 814, 944, 50, 818, 693, 55, 184, 313, 568, 570, 827, 701, 62, 829, 958, 1336, 1474, 708, 197, 71, 327, 328, 458, 1100, 1232, 465, 722, 1365, 88, 1248, 740, 613, 242, 115, 627, 885, 119, 1273, 1021, 254], "point_pitch": -0.33468441565963225, "camera_rotation_from_original_to_final": [-0.07067331671714783, -0.3270963132381439, -0.5634145140647888], "camera_location": [3.307429552078247, -10.623159408569336, 1.5089129209518433], "camera_rotation_original": [1.6019235849380493, -0.010716056451201439, 1.4206318855285645], "view_id": 6, "point_location": [1.3293347358703613, -8.880168914794922, 0.6854877471923828], "camera_distance": 2.762047075020291, "bounding_box_ranges": {"x": [-10.623159408569336, -4.871658590508639], "y": [-3.551232517691675, 3.307429552078247], "z": [-0.08898301255673724, 2.427719814648124]}, "obliqueness_angle": 1.0613963603973389, "resolution": 512, "point_uuid": "1286", "point_normal": [0.48516348004341125, 0.1818992793560028, 0.8552947044372559], "camera_rotation_final": [1.268062710762024, 0.007928713224828243, 0.8460196256637573], "vanishing_points_image": {"x": [478.9795008056433, 329.3830042275258], "y": [378.86493801533055, 222.63140838139708], "z": [253.98830130903318, 13.819892669563776]}, "camera_uuid": "6fc923253b31e08cd2b4b232614b75a1", "field_of_view_rads": 1.0702946597235812, "room": "856e4980d5eb3351797f528948f684e5"}