{"vanishing_points_gaussian_sphere": {"x": [0.3001050157539435, -0.3113888473854535, 0.9016506891492315], "y": [0.9537882420677126, 0.11281519628373682, -0.27849725453017404], "z": [-0.01499896038757292, 0.9435622487209949, 0.33085542760527814]}, "nonfixated_points_in_view": [640, 257, 258, 642, 1280, 517, 1324, 1288, 511, 523, 1420, 527, 788, 153, 1277, 27, 412, 1305, 31, 164, 292, 1190, 1191, 168, 297, 1321, 1068, 1069, 46, 1071, 1072, 1197, 1199, 947, 692, 437, 823, 953, 186, 826, 828, 1082, 318, 1083, 1343, 1469, 455, 76, 1229, 718, 1356, 1234, 725, 344, 993, 1251, 1380, 870, 871, 1006, 239, 368, 1137, 1263, 1265, 756, 1393, 120, 634, 635, 636, 893, 255], "point_pitch": -0.35101644595595793, "camera_rotation_from_original_to_final": [0.2770181894302368, -0.22761136293411255, -1.2683165073394775], "camera_location": [1.7699029445648193, -5.448235511779785, 4.298521995544434], "camera_rotation_original": [1.5894720554351807, -0.008107524365186691, 2.503649950027466], "view_id": 15, "point_location": [-7.074354648590088, -2.716465711593628, 1.0531730651855469], "camera_distance": 9.808962336109058, "bounding_box_ranges": {"x": [-5.987069789780145, -2.6213048053573673], "y": [-3.2488895783478497, 0.21193739918390442], "z": [2.7070546846930448, 4.583544397675896]}, "obliqueness_angle": 0.4685157239437103, "resolution": 512, "point_uuid": "779", "point_normal": [0.9996983408927917, 0.02318267896771431, -0.008108853362500668], "camera_rotation_final": [1.2335469722747803, 0.01499952282756567, 1.2659581899642944], "vanishing_points_image": {"x": [424.6199024846228, 430.9599451012985], "y": [514.332779304275, 225.44409469700085], "z": [250.45446736712861, -92.86119479074803]}, "camera_uuid": "3d44530aec2e5604a8aef567eab9ad28", "field_of_view_rads": 0.7864400674385095, "room": "7177ff6aafad58b0656fca6e31b41601"}