{"vanishing_points_gaussian_sphere": {"x": [0.31708710899626896, 0.09342308933734214, 0.943783816181998], "y": [0.9482594707020165, -0.014319818818329732, -0.31717332645249596], "z": [-0.016116498761195492, 0.9955235151254225, -0.09312995919682981]}, "nonfixated_points_in_view": [772, 1029, 646, 1030, 8, 1414, 1290, 654, 1167, 144, 17, 275, 1299, 662, 1304, 1432, 28, 416, 672, 673, 677, 422, 1061, 1062, 298, 171, 172, 687, 52, 693, 1463, 1465, 314, 827, 60, 317, 701, 831, 1085, 708, 1351, 328, 456, 1099, 1483, 334, 1232, 977, 466, 85, 91, 604, 94, 98, 740, 613, 1383, 1128, 874, 1133, 367, 751, 760, 242, 115, 627, 1007, 1141, 119, 248, 1403, 254, 1399], "point_pitch": 0.11281319061783357, "camera_rotation_from_original_to_final": [0.06919083744287491, 0.013765894807875156, -2.0139567852020264], "camera_location": [-4.210936069488525, -6.891334056854248, 1.5098429918289185], "camera_rotation_original": [1.593726634979248, 0.010752296075224876, 0.11999154835939407], "view_id": 2, "point_location": [4.907398700714111, -9.955692291259766, 2.4096131324768066], "camera_distance": 9.66146496192451, "bounding_box_ranges": {"x": [-10.767485818619553, -6.130492269654238], "y": [-3.5512689095712, 6.496856780014807], "z": [-0.01856317607382113, 2.4273898251076305]}, "obliqueness_angle": 1.474884271621704, "resolution": 512, "point_uuid": "848", "point_normal": [-0.0013294671662151814, 0.004355818964540958, -0.9999896287918091], "camera_rotation_final": [1.6640735864639282, 0.016117196530103683, -1.8934962749481201], "vanishing_points_image": {"x": [363.7234549771203, 224.26153548180645], "y": [402.84297463250374, 258.2174993832915], "z": [253.2371391623952, 85.33681976403064]}, "camera_uuid": "41b233ae6d911bdc4a03358505e283ee", "field_of_view_rads": 1.239374180420738, "room": "856e4980d5eb3351797f528948f684e5"}