{"vanishing_points_gaussian_sphere": {"x": [0.5195890794275896, -0.1763143927322428, 0.8360265686298793], "y": [0.8539617338618003, 0.07525079314716733, -0.5148656865926006], "z": [0.027866568488740494, 0.9814532862272064, 0.18966523485994916]}, "nonfixated_points_in_view": [388, 134, 136, 520, 1033, 1160, 12, 398, 911, 784, 1422, 146, 1428, 917, 537, 1178, 285, 1439, 34, 1443, 1188, 1063, 296, 1319, 682, 1066, 428, 301, 1067, 1070, 1327, 1330, 181, 1078, 695, 1080, 572, 1089, 1347, 965, 1094, 1221, 330, 971, 973, 847, 980, 1236, 215, 472, 728, 1113, 1243, 221, 862, 607, 863, 97, 99, 100, 357, 486, 996, 1253, 617, 362, 363, 1130, 117, 758, 375, 1269, 894], "point_pitch": -0.18920759757491545, "camera_rotation_from_original_to_final": [-0.1588088423013687, -0.1532474011182785, 2.004316806793213], "camera_location": [5.059991836547852, -7.579131126403809, 1.5203824043273926], "camera_rotation_original": [1.596900224685669, 0.009909546934068203, 0.6009308099746704], "view_id": 6, "point_location": [2.733907461166382, -11.356171607971191, 0.6635032892227173], "camera_distance": 4.517847418438071, "bounding_box_ranges": {"x": [-12.052373541320335, -7.579131126403809], "y": [-3.4249176526737664, 5.319010653504281], "z": [-0.026814614019332383, 2.425252673984617]}, "obliqueness_angle": 1.4709463119506836, "resolution": 512, "point_uuid": "174", "point_normal": [-0.7904928922653198, 0.6119253635406494, -0.02585635520517826], "camera_rotation_final": [1.3799000978469849, -0.0278701763600111, 2.5949864387512207], "vanishing_points_image": {"x": [423.0331201216315, 312.6800656643159], "y": [383.0601200618598, 244.80350906498978], "z": [261.75983771761304, 53.14001534236757]}, "camera_uuid": "e2c81e729be96548bbabfecfc7939d49", "field_of_view_rads": 1.2000243835339153, "room": "856e4980d5eb3351797f528948f684e5"}