{"vanishing_points_gaussian_sphere": {"x": [-0.21341979182419046, 0.1509762983270333, 0.965224403857044], "y": [0.9768195290626156, 0.04976501259978095, 0.20819954650006703], "z": [-0.0166012077756147, 0.9872839514873167, -0.15809743526060308]}, "nonfixated_points_in_view": [768, 1153, 7, 654, 144, 17, 1170, 542, 1438, 1442, 806, 1447, 1064, 170, 687, 560, 1465, 1085, 703, 193, 66, 1091, 456, 712, 75, 1483, 334, 79, 208, 591, 210, 338, 466, 977, 1366, 1242, 91, 94, 994, 228, 1382, 1128, 1258, 747, 1386, 1133, 367, 623, 1391, 1010, 372, 245, 1013, 1141, 1018, 383], "point_pitch": 0.15403182903793855, "camera_rotation_from_original_to_final": [0.10300540179014206, 0.10638061165809631, -1.9682036638259888], "camera_location": [0.4931855797767639, -7.2360944747924805, 1.5182243585586548], "camera_rotation_original": [1.5842092037200928, -0.010877704247832298, 0.6175836324691772], "view_id": 11, "point_location": [6.005781650543213, -6.047022819519043, 2.4211509227752686], "camera_distance": 5.71120683945536, "bounding_box_ranges": {"x": [-8.70963313654788, -4.353433706061667], "y": [0.4931855797767639, 6.509418278440876], "z": [-0.01780912665296641, 2.427732193925773]}, "obliqueness_angle": 1.4079864025115967, "resolution": 512, "point_uuid": "463", "point_normal": [-0.0010865529766306281, -0.014224606566131115, -0.9998982548713684], "camera_rotation_final": [1.7295819520950317, 0.01660197041928768, -1.3556921482086182], "vanishing_points_image": {"x": [147.66391844483206, 179.36146320520908], "y": [542.3579869987263, 241.41121629221027], "z": [251.95933127844333, 15.698966726414747]}, "camera_uuid": "c61bffa72844e019185a72c8df1f3454", "field_of_view_rads": 0.9069790739998703, "room": "856e4980d5eb3351797f528948f684e5"}