{"vanishing_points_gaussian_sphere": {"x": [-0.2726580441430917, 0.11693904842552699, 0.9549779316389443], "y": [0.9620780358215147, 0.04135634752592151, 0.2696210405534618], "z": [-0.00796517130262365, 0.9922776383012204, -0.12378063084938774]}, "nonfixated_points_in_view": [3, 643, 644, 771, 774, 775, 137, 1160, 1286, 12, 1164, 1422, 529, 530, 1403, 1428, 665, 28, 285, 797, 287, 416, 673, 926, 1442, 1188, 165, 422, 934, 296, 1062, 298, 43, 172, 682, 1066, 1070, 1328, 1330, 181, 821, 1078, 1084, 317, 958, 65, 66, 1221, 1351, 973, 847, 848, 1236, 1113, 1443, 351, 607, 1378, 99, 617, 362, 363, 1130, 751, 241, 1395, 116, 117, 1013, 1141, 248, 1269, 1271, 894, 1399], "point_pitch": 0.12171121040848298, "camera_rotation_from_original_to_final": [-0.08817348629236221, 0.09602780640125275, 1.1198623180389404], "camera_location": [2.0380539894104004, -3.850883722305298, 1.5039372444152832], "camera_rotation_original": [1.5646412372589111, 0.005592518951743841, 2.2927701473236084], "view_id": 1, "point_location": [4.02657413482666, -10.894088745117188, 2.416851758956909], "camera_distance": 7.375253511371296, "bounding_box_ranges": {"x": [-11.703493362054695, -3.850883722305298], "y": [0.9000240711704579, 6.51005277663865], "z": [-0.025468545592258085, 2.4277311727411304]}, "obliqueness_angle": 1.4101556539535522, "resolution": 512, "point_uuid": "1080", "point_normal": [-0.22260573506355286, -0.021689997985959053, -0.9746673107147217], "camera_rotation_final": [1.6948992013931274, 0.00796525552868843, 3.4177563190460205], "vanishing_points_image": {"x": [114.46724085712198, 195.29866904450617], "y": [557.6012895706361, 243.03522242340918], "z": [253.96553798963808, 2.5527002299962187]}, "camera_uuid": "46dec00679fa99b86c497ab5e0e1ad5c", "field_of_view_rads": 0.881877933300202, "room": "856e4980d5eb3351797f528948f684e5"}