{"vanishing_points_gaussian_sphere": {"x": [0.031978268355954284, 0.1888187452248074, 0.9814911470842129], "y": [0.9994671865281518, 0.0003815964097295741, -0.03263736260301368], "z": [-0.006537079352056793, 0.9820118817182965, -0.18870593726122012]}, "nonfixated_points_in_view": [1038, 527, 528, 1042, 1044, 1068, 1069, 46, 1071, 1072, 54, 63, 76, 1106, 600, 603, 1120, 611, 106, 1137, 1138, 1145, 121, 634, 636, 640, 642, 133, 1159, 140, 152, 1180, 1186, 164, 1191, 168, 683, 1200, 689, 692, 1206, 186, 190, 1215, 199, 1229, 1233, 1234, 725, 1241, 227, 1251, 743, 1259, 748, 1262, 239, 1263, 756, 249, 766, 1280, 257, 258, 779, 279, 281, 793, 286, 1317, 297, 1324, 814, 823, 826, 318, 1353, 335, 1363, 1371, 1374, 1379, 1380, 359, 871, 368, 884, 893, 394, 1420, 399, 1426, 409, 925, 414, 421, 1446, 939, 430, 953, 442, 1469, 452, 993, 493, 494, 1006], "point_pitch": 0.17076297203568025, "camera_rotation_from_original_to_final": [-0.10543686151504517, 0.13482438027858734, -0.6271131634712219], "camera_location": [0.27477186918258667, -2.2696449756622314, 2.261363983154297], "camera_rotation_original": [1.5901278257369995, -0.005768735893070698, 2.1587343215942383], "view_id": 7, "point_location": [-7.104187488555908, -2.024273157119751, 3.6800763607025146], "camera_distance": 7.518110912488816, "bounding_box_ranges": {"x": [-6.115838477170119, 1.54398710393663], "y": [-7.431102126698695, 0.27477186918258667], "z": [-0.04610622743637793, 5.476673336168517]}, "obliqueness_angle": 0.19444356858730316, "resolution": 512, "point_uuid": "1265", "point_normal": [0.9999560713768005, 0.009376255795359612, -7.083592936396599e-05], "camera_rotation_final": [1.7606446743011475, 0.006537125911563635, 1.5388119220733643], "vanishing_points_image": {"x": [267.56779063699713, 187.69687336448985], "y": [437.16275708103245, 255.93083208872622], "z": [254.89958468477374, 90.69362138965849]}, "camera_uuid": "72c78639c6d82fd06b6c6cb47f559896", "field_of_view_rads": 1.214497877219609, "room": "8de55a2e5745f73de25402626a4c3d61"}