{"vanishing_points_gaussian_sphere": {"x": [0.3945574438207838, -0.16050969689463931, 0.9047436436518358], "y": [0.9187994941844235, 0.05660923085732008, -0.39064419164783476], "z": [0.011485339004865642, 0.9854095758538851, 0.16981182174221457]}, "nonfixated_points_in_view": [1409, 899, 264, 1296, 18, 23, 1434, 1051, 796, 1307, 547, 675, 804, 809, 1065, 685, 176, 304, 1203, 1076, 1204, 694, 1332, 1208, 443, 575, 1087, 577, 706, 1219, 580, 1477, 839, 1224, 458, 1354, 719, 336, 209, 337, 464, 849, 1361, 1238, 347, 606, 1376, 227, 997, 1254, 231, 1255, 1256, 234, 364, 1004, 750, 624, 628, 630, 1273, 127], "point_pitch": -0.1633823355052133, "camera_rotation_from_original_to_final": [0.053453728556632996, 0.17347559332847595, 1.4824683666229248], "camera_location": [-6.732573986053467, -9.080721855163574, 1.502792477607727], "camera_rotation_original": [1.58157217502594, -0.008283889852464199, -1.885231852531433], "view_id": 2, "point_location": [-3.497304916381836, -1.5877419710159302, 0.09643050283193588], "camera_distance": 8.281881927275458, "bounding_box_ranges": {"x": [-9.080721855163574, -5.932805563369211], "y": [-7.141589433979388, -2.871705422647655], "z": [-0.017956415137934, 2.428291214445532]}, "obliqueness_angle": 1.4030572175979614, "resolution": 512, "point_uuid": "540", "point_normal": [-0.5858762264251709, -0.08287288248538971, -0.8061520457267761], "camera_rotation_final": [1.400146245956421, -0.011485591530799866, -0.4056144952774048], "vanishing_points_image": {"x": [420.01130473814425, 322.721348749338], "y": [430.97867704666095, 245.21918396044018], "z": [258.8571128681857, 10.867803343652472]}, "camera_uuid": "6fe7ddd5d030b288cf1811fb32bc13b1", "field_of_view_rads": 1.024460394200322, "room": "ade82d56fe033105b37cc8ef1783cd93"}