{"vanishing_points_gaussian_sphere": {"x": [-0.27535491564470604, 0.23226573365919367, 0.9328624225458186], "y": [0.96134262996254, 0.0663909293400982, 0.26723134606191884], "z": [0.00013508147053317333, 0.9703838794359244, -0.2415680199941245]}, "nonfixated_points_in_view": [7, 654, 17, 1170, 542, 1438, 806, 1064, 170, 687, 1465, 703, 456, 712, 1483, 334, 79, 208, 591, 210, 338, 1366, 1242, 228, 1382, 1386, 747, 367, 623, 1391, 372, 383], "point_pitch": 0.25688167015579744, "camera_rotation_from_original_to_final": [-0.045787133276462555, 0.22663287818431854, -3.0693187713623047], "camera_location": [2.5174548625946045, -7.046302795410156, 1.517836332321167], "camera_rotation_original": [1.5836472511291504, 0.0011349497362971306, 1.7721537351608276], "view_id": 6, "point_location": [6.005781650543213, -6.047022819519043, 2.4211509227752686], "camera_distance": 3.7393798170611805, "bounding_box_ranges": {"x": [-8.120756025439409, -4.614169854072593], "y": [2.5174548625946045, 6.505232454528996], "z": [0.20014797691452857, 2.427700417586873]}, "obliqueness_angle": 1.3218753337860107, "resolution": 512, "point_uuid": "463", "point_normal": [-0.0010865529766306281, -0.014224606566131115, -0.9998982548713684], "camera_rotation_final": [1.8147777318954468, -0.00013508147094398737, -1.291837453842163], "vanishing_points_image": {"x": [145.2667455045372, 162.59494661411776], "y": [494.09115491921693, 239.557274430491], "z": [256.02586124932236, 70.22071180147744]}, "camera_uuid": "3d5b30db610d18db270d0baeb235eacb", "field_of_view_rads": 1.0757323642643482, "room": "856e4980d5eb3351797f528948f684e5"}