{"vanishing_points_gaussian_sphere": {"x": [-0.2526523860328184, -0.03907231352396994, 0.9667678760425423], "y": [0.9675567348537658, -0.011089065955699126, 0.252410375094507], "z": [0.0008582954288914815, 0.9991748530322982, 0.04060635906901767]}, "nonfixated_points_in_view": [450, 1059], "point_pitch": -0.020462199053492114, "camera_rotation_from_original_to_final": [0.029197843745350838, -0.05259491875767708, 2.8081085681915283], "camera_location": [0.27477186918258667, -2.2696449756622314, 2.261363983154297], "camera_rotation_original": [1.5901278257369995, -0.005768735893070698, 2.1587343215942383], "view_id": 6, "point_location": [1.4534955024719238, -1.9618958234786987, 2.211854934692383], "camera_distance": 1.2192415512180133, "bounding_box_ranges": {"x": [-2.4990078147350454, -1.2758032905866776], "y": [0.27477186918258667, 1.462275758355649], "z": [1.5390088274112401, 2.8440468336977283]}, "obliqueness_angle": 0.25568392872810364, "resolution": 512, "point_uuid": "179", "point_normal": [-0.9999195337295532, -0.005044218152761459, -0.011641605757176876], "camera_rotation_final": [1.5301787853240967, -0.0008582955342717469, 4.967809677124023], "vanishing_points_image": {"x": [122.47247601927891, 276.6498318221956], "y": [558.3307174308676, 259.4649805486925], "z": [256.2391995715543, -22.461458267185883]}, "camera_uuid": "72c78639c6d82fd06b6c6cb47f559896", "field_of_view_rads": 0.8767676174953601, "room": "8de55a2e5745f73de25402626a4c3d61"}