{"vanishing_points_gaussian_sphere": {"x": [-0.2533143997784401, -0.25612708544086804, 0.932861581891148], "y": [0.9673778358674098, -0.07051185442398179, 0.24332735369904077], "z": [0.0034550741490594773, 0.9640679408056558, 0.2656333337014897]}, "nonfixated_points_in_view": [896, 385, 387, 1159, 264, 779, 1147, 1038, 272, 528, 18, 23, 793, 1051, 1180, 669, 925, 1446, 168, 297, 809, 939, 1324, 46, 815, 563, 692, 1334, 1208, 1209, 442, 443, 826, 318, 1215, 704, 322, 1219, 452, 1474, 1353, 842, 76, 1229, 719, 464, 337, 978, 1361, 1238, 606, 1374, 1376, 227, 484, 1251, 1379, 231, 871, 1259, 493, 494, 1137, 1138, 1144, 121, 634, 635, 893, 766, 1151], "point_pitch": -0.26581399043532805, "camera_rotation_from_original_to_final": [-0.2612115442752838, 0.059502676129341125, 0.47069236636161804], "camera_location": [-5.588504314422607, -6.667678356170654, 1.5075440406799316], "camera_rotation_original": [1.5696860551834106, -0.004471865016967058, -0.2234717458486557], "view_id": 6, "point_location": [-6.984805107116699, -1.3145792484283447, -0.016756299883127213], "camera_distance": 5.738363505605541, "bounding_box_ranges": {"x": [-6.089001476049583, 1.5574529273172226], "y": [-7.378140722104276, -2.6535398607261973], "z": [-0.04136144298516364, 3.661801796581992]}, "obliqueness_angle": 1.3068315982818604, "resolution": 512, "point_uuid": "1042", "point_normal": [-0.009733015671372414, 0.002510109916329384, 0.9999495148658752], "camera_rotation_final": [1.3019338846206665, -0.003455081023275852, 0.256106436252594], "vanishing_points_image": {"x": [166.5331804885942, 346.4602175998005], "y": [463.5525960136289, 271.12844091813406], "z": [256.7508260462895, 46.49731232349111]}, "camera_uuid": "a16f93f6e5a1a0a39d5df06bb9e95552", "field_of_view_rads": 1.1933003681274454, "room": "8de55a2e5745f73de25402626a4c3d61"}