{"vanishing_points_gaussian_sphere": {"x": [0.12497370711417763, 0.06827104086618198, 0.9898083842386808], "y": [0.9921594512561698, -0.009699060486341997, -0.12460157105244839], "z": [0.0010935324393072231, 0.9976196636016806, -0.06894788598698144]}, "nonfixated_points_in_view": [1026, 517, 648, 910, 16, 153, 284, 1057, 930, 1321, 427, 555, 940, 1199, 180, 1077, 697, 58, 1083, 1212, 1341, 835, 710, 455, 1096, 1481, 715, 1355, 1357, 974, 80, 336, 83, 87, 988, 354, 1255, 240, 880, 500, 759, 253, 1020, 509], "point_pitch": 0.07097967068222566, "camera_rotation_from_original_to_final": [0.02080431580543518, -0.06559353321790695, 1.1549739837646484], "camera_location": [-2.806222438812256, -9.90909194946289, 4.287649154663086], "camera_rotation_original": [1.5709993839263916, -0.0022501780185848475, -1.2808427810668945], "view_id": 3, "point_location": [-2.034268617630005, -3.776855707168579, 4.714807033538818], "camera_distance": 6.1953773807817925, "bounding_box_ranges": {"x": [-9.90909194946289, -5.957581370647999], "y": [-4.98476507985675, -1.764212689859516], "z": [2.7651387110493877, 5.212402113335081]}, "obliqueness_angle": 1.1621886491775513, "resolution": 512, "point_uuid": "936", "point_normal": [-0.33401796221733093, -0.2970644533634186, -0.8945304751396179], "camera_rotation_final": [1.6397989988327026, -0.001093532657250762, -0.12530140578746796], "vanishing_points_image": {"x": [298.74102227628515, 232.65129613366787], "y": [417.33700404574614, 257.57718334380996], "z": [256.182604775802, 89.41132968760978]}, "camera_uuid": "48bee344cd0412ed9774218b24d4c13a", "field_of_view_rads": 1.275414179250757, "room": "ef914082afe6874a9bab2b30c864407b"}