{"vanishing_points_gaussian_sphere": {"x": [0.28746954600591795, 0.007211125292659758, 0.9577626322796087], "y": [0.9576801816992389, 0.012962968348250394, -0.28754239866863995], "z": [-0.014488950951129035, 0.9998899745090036, -0.0031794931545697513]}, "nonfixated_points_in_view": [1280, 642, 1020, 1277, 794, 155, 27, 412, 1312, 164, 932, 1190, 679, 1321, 1068, 1197, 46, 175, 1072, 561, 690, 691, 819, 309, 947, 1199, 1082, 1083, 455, 73, 457, 1481, 76, 1356, 1486, 592, 344, 988, 993, 1122, 1124, 872, 377, 1006, 239, 1265, 882, 1393, 120, 505, 636, 893, 638, 511], "point_pitch": -0.0035344799372811764, "camera_rotation_from_original_to_final": [0.0064000277779996395, -0.02435462735593319, -1.6951707601547241], "camera_location": [3.9411685466766357, -6.047142028808594, 4.286668300628662], "camera_rotation_original": [1.584341049194336, -0.008459939621388912, 2.9743051528930664], "view_id": 3, "point_location": [-6.19744873046875, -3.0032951831817627, 4.320324897766113], "camera_distance": 10.585731005095269, "bounding_box_ranges": {"x": [-6.53765124264325, -4.762262832124452], "y": [0.9297766752292613, 3.9411685466766357], "z": [2.77894639070635, 5.213113619479121]}, "obliqueness_angle": 1.2824628353118896, "resolution": 512, "point_uuid": "1380", "point_normal": [0.1781078726053238, -0.3856528401374817, -0.9052897691726685], "camera_rotation_final": [1.5739761590957642, 0.014489457942545414, 1.2791810035705566], "vanishing_points_image": {"x": [385.4425629737609, 252.75295504245318], "y": [452.4731681525041, 253.34057829668942], "z": [252.60555343104176, 21.747492364631242]}, "camera_uuid": "6d257e4888f9878e655953370ee5e983", "field_of_view_rads": 0.9987505538850123, "room": "77c77478b552f1977cad320741ba92a5"}