{"vanishing_points_gaussian_sphere": {"x": [-0.10865804511383183, -0.021228454431621885, 0.993852495068803], "y": [0.9940523864985624, -0.009661580848499123, 0.10847353019064453], "z": [0.007299460839900559, 0.9997279662878059, 0.022152004277136865]}, "nonfixated_points_in_view": [1159, 522, 272, 528, 786, 1045, 793, 1305, 925, 1186, 164, 292, 1317, 941, 430, 814, 1198, 436, 828, 1469, 190, 63, 322, 1474, 711, 458, 1100, 335, 1234, 1363, 852, 981, 854, 859, 1371, 1374, 224, 736, 1248, 611, 1379, 1254, 106, 1006, 756, 757, 1143, 1144], "point_pitch": -0.01109282573195891, "camera_rotation_from_original_to_final": [-0.020155880600214005, 0.030385101214051247, 3.0433692932128906], "camera_location": [-1.854644775390625, -5.243408679962158, 1.4990227222442627], "camera_rotation_original": [1.582518458366394, 0.006183302495628595, -1.3640222549438477], "view_id": 5, "point_location": [-7.212451457977295, -5.828183650970459, 1.3796021938323975], "camera_distance": 5.390947585370662, "bounding_box_ranges": {"x": [-6.441854241101125, -3.12373278551958], "y": [-7.292725104494165, -1.854644775390625], "z": [-0.017389944973093804, 4.242371599052008]}, "obliqueness_angle": 0.12229925394058228, "resolution": 512, "point_uuid": "689", "point_normal": [0.9997926354408264, -0.01341409981250763, 0.015322649851441383], "camera_rotation_final": [1.5486419200897217, -0.007299525663256645, 1.6796722412109375], "vanishing_points_image": {"x": [204.28294034762106, 266.1039296539695], "y": [507.66941622690973, 258.4460727070287], "z": [257.7673862178869, 13.940282439104978]}, "camera_uuid": "614fa69f38f6a61f05c875e475650ac3", "field_of_view_rads": 0.9818426967432192, "room": "8de55a2e5745f73de25402626a4c3d61"}