{"vanishing_points_gaussian_sphere": {"x": [0.01786010340226134, -0.07817378146896614, 0.9967797533042607], "y": [0.9997913672611028, -0.008486430478661917, -0.018579624536182747], "z": [0.009911541587221377, 0.996903626429643, 0.07800590333296331]}, "nonfixated_points_in_view": [3, 1029, 1030, 520, 12, 529, 530, 544, 35, 1066, 43, 1070, 1078, 1080, 1084, 62, 65, 66, 1091, 89, 1113, 607, 99, 617, 1130, 1133, 116, 117, 643, 644, 136, 137, 1160, 660, 662, 673, 1188, 682, 172, 684, 174, 181, 695, 1221, 721, 1236, 751, 241, 1269, 758, 1271, 248, 771, 774, 775, 1286, 784, 285, 797, 287, 1319, 296, 1330, 821, 314, 317, 1351, 847, 848, 1360, 1370, 862, 863, 357, 362, 363, 1395, 890, 1403, 894, 388, 1414, 1422, 1428, 917, 926, 416, 1442, 422, 934, 958, 980, 996, 1002, 1013, 1021], "point_pitch": -0.08547453483077483, "camera_rotation_from_original_to_final": [-0.023112677037715912, 0.06260586529970169, -1.8584237098693848], "camera_location": [3.2709619998931885, -3.7192935943603516, 1.5157769918441772], "camera_rotation_original": [1.5592020750045776, -0.004284437280148268, -1.3022267818450928], "view_id": 3, "point_location": [3.123018503189087, -11.6564302444458, 0.8946322202682495], "camera_distance": 7.962778820345788, "bounding_box_ranges": {"x": [-12.048955819006169, -3.7192935943603516], "y": [-1.6402229868277853, 6.391006740067415], "z": [-0.03210726930297558, 2.4276851343299013]}, "obliqueness_angle": 0.08670911937952042, "resolution": 512, "point_uuid": "973", "point_normal": [-0.06595509499311447, 0.99311363697052, 0.09682584553956985], "camera_rotation_final": [1.4927072525024414, -0.009911703877151012, -3.159454584121704], "vanishing_points_image": {"x": [262.5966876553151, 284.8737420814895], "y": [439.52774903923614, 257.5578204954835], "z": [257.9108535295022, 63.806202862267114]}, "camera_uuid": "2d006a1a730dfc7454d6b6a574948a71", "field_of_view_rads": 1.2091558674279148, "room": "856e4980d5eb3351797f528948f684e5"}