{"vanishing_points_gaussian_sphere": {"x": [0.5557802307856161, -0.08403448311531543, 0.8270710614665641], "y": [0.831309112918511, 0.04925344477819813, -0.5536237503540826], "z": [0.0057873868477786436, 0.9952448461685309, 0.09723272251897198]}, "nonfixated_points_in_view": [1030, 520, 1033, 530, 1048, 537, 26, 544, 34, 1063, 1066, 48, 1078, 55, 572, 1084, 62, 1089, 579, 1094, 93, 97, 99, 617, 1130, 117, 643, 134, 136, 146, 658, 660, 1176, 1178, 677, 682, 684, 174, 688, 181, 695, 192, 1221, 1231, 1236, 215, 728, 221, 223, 1269, 774, 1286, 777, 784, 278, 1304, 797, 805, 1319, 296, 301, 1329, 1330, 1336, 314, 319, 1351, 330, 847, 1360, 1368, 862, 357, 362, 890, 1403, 900, 398, 911, 1422, 917, 416, 944, 958, 965, 971, 973, 980, 472, 984, 996, 486, 1013], "point_pitch": -0.10803787311049895, "camera_rotation_from_original_to_final": [0.09002409130334854, 0.0382545031607151, -1.0552395582199097], "camera_location": [3.8354318141937256, -5.580057144165039, 1.5235874652862549], "camera_rotation_original": [1.571001648902893, -0.012118679471313953, -2.674816608428955], "view_id": 1, "point_location": [0.22283510863780975, -10.976997375488281, 0.8891081809997559], "camera_distance": 6.525364676786164, "bounding_box_ranges": {"x": [-12.054279477230892, -5.580057144165039], "y": [-3.546300095556964, 3.8354318141937256], "z": [-0.016060405323832905, 2.4249884771532795]}, "obliqueness_angle": 1.462019443511963, "resolution": 512, "point_uuid": "1067", "point_normal": [0.0019296585815027356, 0.012416202574968338, 0.9999210834503174], "camera_rotation_final": [1.4734081029891968, -0.005787419155240059, -3.730905055999756], "vanishing_points_image": {"x": [480.6924747163669, 289.9737092591449], "y": [410.3699510610906, 246.8538812556649], "z": [257.4422945848784, 7.97160825563789]}, "camera_uuid": "c83171f93afe09cc67e6fc1972ae2a82", "field_of_view_rads": 0.9900529647185008, "room": "856e4980d5eb3351797f528948f684e5"}