{"vanishing_points_gaussian_sphere": {"x": [-0.2835524993535117, 0.14331735213172855, 0.9481867520105557], "y": [0.9589238625959438, 0.05056023535139767, 0.2791212789188364], "z": [-0.007937622720461744, 0.988384438960449, -0.15176690998497072]}, "nonfixated_points_in_view": [3, 1029, 12, 529, 530, 28, 1062, 1066, 43, 1070, 1078, 1080, 1084, 65, 66, 1091, 1113, 604, 607, 99, 617, 1130, 116, 117, 1141, 643, 644, 1160, 137, 1164, 144, 662, 665, 673, 1188, 165, 682, 172, 687, 181, 1221, 1236, 1258, 751, 241, 1269, 1271, 248, 771, 774, 775, 1286, 285, 797, 287, 296, 298, 1328, 1330, 821, 317, 1351, 847, 848, 351, 1378, 362, 363, 367, 1395, 1399, 1403, 894, 1414, 1422, 926, 416, 1442, 1443, 422, 934, 958, 973, 474, 1013, 1021], "point_pitch": 0.14987845818069978, "camera_rotation_from_original_to_final": [-0.10706572234630585, 0.11713654547929764, 1.1289700269699097], "camera_location": [2.0380539894104004, -3.850883722305298, 1.5039372444152832], "camera_rotation_original": [1.5646412372589111, 0.005592518951743841, 2.2927701473236084], "view_id": 8, "point_location": [3.7081291675567627, -9.524197578430176, 2.41200852394104], "camera_distance": 5.983329970545696, "bounding_box_ranges": {"x": [-11.703350961131223, -3.850883722305298], "y": [0.8964593317642469, 6.509330002089465], "z": [-0.0255927123619637, 2.4277340247545247]}, "obliqueness_angle": 1.4064253568649292, "resolution": 512, "point_uuid": "1428", "point_normal": [-0.002451112726703286, 0.011803384870290756, -0.9999274015426636], "camera_rotation_final": [1.7231568098068237, 0.00793770607560873, 3.429098606109619], "vanishing_points_image": {"x": [143.731850422794, 199.25574994818066], "y": [488.0574860472465, 243.76453317384357], "z": [254.46376749631412, 64.70994317300578]}, "camera_uuid": "46dec00679fa99b86c497ab5e0e1ad5c", "field_of_view_rads": 1.1023474092169268, "room": "856e4980d5eb3351797f528948f684e5"}