{"vanishing_points_gaussian_sphere": {"x": [-0.69089985945549, -0.19200496737473727, 0.6969874293757459], "y": [0.7229498494630044, -0.18222797375725328, 0.6664356538644561], "z": [-0.0009483489881877397, 0.9643272567358822, 0.2647112437174604]}, "nonfixated_points_in_view": [2, 131, 1283, 1411, 266, 400, 656, 403, 1430, 1303, 1177, 413, 1056, 1440, 419, 676, 803, 1060, 41, 169, 812, 1454, 559, 432, 177, 1201, 189, 1352, 1225, 717, 1101, 850, 1494, 601, 480, 1125, 102, 1127, 745, 1260, 1261, 110, 111, 366, 1134, 379, 125], "point_pitch": -0.269829316935267, "camera_rotation_from_original_to_final": [0.17413577437400818, 0.20557954907417297, -1.678658127784729], "camera_location": [-2.9783132076263428, -7.1683149337768555, 4.279703140258789], "camera_rotation_original": [1.5714958906173706, -0.0020283132325857878, -2.2531356811523438], "view_id": 4, "point_location": [-6.291841506958008, -10.336597442626953, 3.0212464332580566], "camera_distance": 4.754071724111086, "bounding_box_ranges": {"x": [-11.9948674223157, -7.1683149337768555], "y": [-7.284179671337578, -2.9783132076263428], "z": [2.76627194736931, 5.212399500155047]}, "obliqueness_angle": 0.676711916923523, "resolution": 512, "point_uuid": "514", "point_normal": [0.764898419380188, 0.5205837488174438, -0.3793719410896301], "camera_rotation_final": [1.302891731262207, 0.0009483491303399205, -3.949655532836914], "vanishing_points_image": {"x": [18.415249735785988, 322.02614199280254], "y": [498.91048347560076, 317.228431323463], "z": [255.75512271871625, 6.99690110011959]}, "camera_uuid": "e17726a518b6f85be09164e3bce92661", "field_of_view_rads": 1.0381453398920506, "room": "ef914082afe6874a9bab2b30c864407b"}