{"vanishing_points_gaussian_sphere": {"x": [-0.17362160761636877, 0.24083582191979044, 0.9549102807326596], "y": [0.9848121646255715, 0.043181172275854454, 0.16816773402284724], "z": [-0.0007333308965203918, 0.9696048129217913, -0.24467523165350072]}, "nonfixated_points_in_view": [1027, 526, 527, 528, 1042, 1045, 1051, 46, 1071, 1072, 563, 54, 63, 76, 1100, 1102, 600, 603, 611, 106, 1135, 1137, 1138, 121, 634, 635, 636, 640, 642, 1159, 140, 152, 1186, 164, 168, 683, 1198, 1200, 689, 692, 1206, 1208, 186, 190, 191, 704, 199, 1229, 1233, 1234, 725, 1241, 736, 1248, 1251, 231, 1255, 1259, 748, 239, 1265, 756, 249, 252, 766, 1280, 257, 258, 779, 272, 786, 277, 279, 281, 793, 1317, 297, 809, 1324, 814, 823, 826, 828, 318, 1353, 335, 1374, 1379, 1380, 359, 368, 884, 893, 1417, 394, 1420, 399, 914, 1426, 925, 421, 1446, 939, 941, 430, 953, 442, 443, 1469, 1474, 452, 464, 993, 493, 1006], "point_pitch": 0.2481692592289786, "camera_rotation_from_original_to_final": [0.06237408146262169, -0.23838414251804352, 3.063730001449585], "camera_location": [0.1851605325937271, -0.11082234233617783, 1.8844544887542725], "camera_rotation_original": [1.5717267990112305, -0.0008006416610442102, -1.3258916139602661], "view_id": 9, "point_location": [-7.104152202606201, -1.3945317268371582, 3.7521843910217285], "camera_distance": 7.633505595510936, "bounding_box_ranges": {"x": [-6.121057407587559, 1.5575717685234522], "y": [-7.431095903187377, 0.1851605325937271], "z": [-0.03914772216674667, 5.476663613209361]}, "obliqueness_angle": 0.2876710295677185, "resolution": 512, "point_uuid": "1068", "point_normal": [0.9999052286148071, 0.008089618757367134, -0.011145860888063908], "camera_rotation_final": [1.8179811239242554, 0.0007333309622481465, 1.7453023195266724], "vanishing_points_image": {"x": [191.71842193360638, 166.83306449892862], "y": [464.01949236638734, 246.87894538749532], "z": [255.87358960141702, 88.86108433315846]}, "camera_uuid": "a5d931f6e602ca2a792cef637b435332", "field_of_view_rads": 1.168990650743303, "room": "8de55a2e5745f73de25402626a4c3d61"}