{"vanishing_points_gaussian_sphere": {"x": [0.693510516376009, 0.1740676707162426, 0.699102002348229], "y": [0.7199849592960216, -0.13272349977329462, -0.6811799549277963], "z": [-0.02578414364270169, 0.9757483889914192, -0.21737124767839594]}, "nonfixated_points_in_view": [768, 646, 1290, 1164, 654, 1402, 144, 17, 1170, 1428, 28, 1052, 542, 671, 929, 422, 551, 1064, 1447, 938, 1194, 1483, 686, 687, 560, 1456, 946, 51, 820, 824, 1465, 60, 317, 958, 703, 832, 1085, 66, 1086, 1091, 456, 712, 969, 331, 972, 333, 334, 79, 208, 463, 338, 591, 977, 1484, 1366, 599, 727, 1242, 860, 605, 222, 94, 351, 994, 228, 1382, 104, 1257, 1002, 747, 1258, 1386, 367, 623, 1009, 1391, 116, 372, 1013, 1140, 1141, 1018, 1403, 1399], "point_pitch": 0.22861965099838777, "camera_rotation_from_original_to_final": [-0.039504919201135635, 0.19375662505626678, -2.352299928665161], "camera_location": [0.5467849373817444, -10.360032081604004, 1.5205349922180176], "camera_rotation_original": [1.5957993268966675, -0.011342709884047508, 1.5803825855255127], "view_id": 8, "point_location": [3.349348545074463, -7.483731746673584, 2.414860963821411], "camera_distance": 4.11427826132719, "bounding_box_ranges": {"x": [-10.360032081604004, -3.1599484498197015], "y": [0.5467849373817444, 6.497202442647374], "z": [-0.013906516011683356, 2.427734036213807]}, "obliqueness_angle": 1.3519805669784546, "resolution": 512, "point_uuid": "1442", "point_normal": [0.005390246398746967, -0.004834672901779413, -0.9999737739562988], "camera_rotation_final": [1.7899909019470215, 0.025787001475691795, -0.7666705846786499], "vanishing_points_image": {"x": [474.44993922600275, 201.17015792654752], "y": [366.03721308756957, 276.28448488779804], "z": [251.23507112389663, 75.68097374323393]}, "camera_uuid": "08b7810ec5503ef8e7e738fee540560e", "field_of_view_rads": 1.1168216118412302, "room": "856e4980d5eb3351797f528948f684e5"}