{"vanishing_points_gaussian_sphere": {"x": [-0.19288563714977086, 0.30803419321879516, 0.9316169098880575], "y": [0.981214502892305, 0.05703249667973757, 0.18429702557633051], "z": [0.0036373472660506203, 0.9496642723249736, -0.3132483672333256]}, "nonfixated_points_in_view": [896, 385, 1159, 779, 272, 788, 23, 793, 1051, 168, 297, 1068, 1324, 46, 692, 1208, 1209, 826, 443, 318, 704, 322, 1474, 452, 842, 76, 1229, 464, 337, 1361, 606, 1120, 227, 484, 1251, 1379, 231, 871, 1259, 1137, 1138, 1143, 121, 634, 1147, 636, 893, 766], "point_pitch": 0.3214419643071036, "camera_rotation_from_original_to_final": [0.31241291761398315, -0.06911683827638626, 0.4079933166503906], "camera_location": [-5.588504314422607, -6.667678356170654, 1.5075440406799316], "camera_rotation_original": [1.5696860551834106, -0.004471865016967058, -0.2234717458486557], "view_id": 4, "point_location": [-6.823619842529297, -0.42419859766960144, 3.606860399246216], "camera_distance": 6.701766972480935, "bounding_box_ranges": {"x": [-6.106143115937284, 1.5576142321282518], "y": [-7.236497798435207, -3.214396582176948], "z": [0.213149630475574, 4.3202359247934305]}, "obliqueness_angle": 0.916520893573761, "resolution": 512, "point_uuid": "1180", "point_normal": [0.005019086413085461, -0.3355168104171753, -0.9420209527015686], "camera_rotation_final": [1.889410138130188, -0.003637355286628008, 0.19410346448421478], "vanishing_points_image": {"x": [166.5730933186249, 113.18716303246228], "y": [523.6791088982183, 240.44131446847527], "z": [256.77885717671865, 52.650476330052484]}, "camera_uuid": "a16f93f6e5a1a0a39d5df06bb9e95552", "field_of_view_rads": 0.9540357828160959, "room": "8de55a2e5745f73de25402626a4c3d61"}