{"vanishing_points_gaussian_sphere": {"x": [-0.1153956074184935, -0.21318183382910016, 0.9701738810717278], "y": [0.9932892243829645, -0.01712509873979856, 0.114382025326713], "z": [-0.007769846408108331, 0.9768624451366805, 0.21372737954782567]}, "nonfixated_points_in_view": [515, 260, 1156, 1416, 1161, 269, 909, 271, 1423, 913, 1297, 532, 1047, 25, 411, 545, 1314, 935, 425, 564, 573, 959, 963, 1097, 78, 1104, 81, 1108, 1495, 473, 220, 989, 350, 1387, 1397], "point_pitch": -0.20949332316848235, "camera_rotation_from_original_to_final": [-0.19528807699680328, 0.11225873976945877, -2.5587246417999268], "camera_location": [4.716692924499512, -4.644749641418457, 4.289913177490234], "camera_rotation_original": [1.5800347328186035, -0.0031423436012119055, -0.47769707441329956], "view_id": 1, "point_location": [5.402288913726807, -10.45991039276123, 3.0088446140289307], "camera_distance": 5.9939362661080935, "bounding_box_ranges": {"x": [-11.595661712851248, -5.129058628294859], "y": [1.4286430648574204, 5.479944896859457], "z": [2.7656284006587732, 5.204571450796618]}, "obliqueness_angle": 1.0543055534362793, "resolution": 512, "point_uuid": "1098", "point_normal": [-0.9192308783531189, 0.37263596057891846, 0.12711040675640106], "camera_rotation_final": [1.355400800704956, 0.007769924588501453, -3.0259358882904053], "vanishing_points_image": {"x": [209.9875471797843, 341.0034008280329], "y": [472.3077224963907, 259.7293177203576], "z": [254.21386326581367, 31.438302656164918]}, "camera_uuid": "3e56251b11c1ca97c045b046c52cd27c", "field_of_view_rads": 1.1149437284962809, "room": "77c77478b552f1977cad320741ba92a5"}