{"vanishing_points_gaussian_sphere": {"x": [-0.25653997781028554, -0.15222360134440746, 0.9544711703235658], "y": [0.9665274809594646, -0.036883497908504405, 0.25389808217508336], "z": [-0.0034450450287725107, 0.9876576242685379, 0.1565903856850013]}, "nonfixated_points_in_view": [130, 135, 393, 780, 1165, 14, 1169, 274, 787, 1298, 534, 1174, 792, 667, 1054, 161, 550, 1318, 42, 556, 825, 1468, 1216, 1475, 453, 70, 585, 460, 851, 84, 979, 1492, 1367, 868, 358, 744, 1384, 877, 508, 765, 1023], "point_pitch": -0.16029851039382415, "camera_rotation_from_original_to_final": [-0.15058639645576477, 0.04213935509324074, -2.661938190460205], "camera_location": [-5.588504314422607, -6.667678356170654, 1.5075440406799316], "camera_rotation_original": [1.5696860551834106, -0.004471865016967058, -0.2234717458486557], "view_id": 1, "point_location": [-4.287714958190918, -11.557692527770996, 0.7052880525588989], "camera_distance": 5.123271092268639, "bounding_box_ranges": {"x": [-11.625818926367629, -6.667678356170654], "y": [-7.242354157069761, -3.5058537764426316], "z": [-0.015284526069417104, 2.429483291501269]}, "obliqueness_angle": 0.39016756415367126, "resolution": 512, "point_uuid": "584", "point_normal": [-0.14211958646774292, 0.9663392901420593, -0.21445387601852417], "camera_rotation_final": [1.4135578870773315, 0.0034450518433004618, -2.882150411605835], "vanishing_points_image": {"x": [162.0863904485741, 311.72569228076634], "y": [467.862508473221, 264.0848507074061], "z": [255.2847093514724, 50.93380879320521]}, "camera_uuid": "a16f93f6e5a1a0a39d5df06bb9e95552", "field_of_view_rads": 1.1790289439305994, "room": "ade82d56fe033105b37cc8ef1783cd93"}