{"vanishing_points_gaussian_sphere": {"x": [-0.3872082148335448, 0.0617110865454383, 0.9199247470107547], "y": [0.9219608362538209, 0.03415851441652991, 0.3857737838513799], "z": [-0.007616743370675783, 0.9975093672192944, -0.07012166234615465]}, "nonfixated_points_in_view": [3, 1029, 12, 17, 529, 530, 28, 1062, 1066, 43, 1070, 1078, 1080, 1084, 65, 66, 1091, 1113, 604, 607, 99, 617, 1130, 1133, 116, 117, 1141, 643, 1160, 137, 1164, 654, 144, 662, 665, 1188, 165, 682, 172, 687, 181, 1221, 1236, 1258, 751, 241, 1269, 1271, 248, 771, 774, 775, 285, 797, 287, 296, 298, 1328, 1330, 821, 317, 1351, 847, 848, 351, 362, 363, 367, 1391, 1395, 1399, 1403, 894, 1414, 1422, 1428, 926, 416, 1442, 1443, 422, 934, 958, 456, 1483, 973, 474, 994, 1013], "point_pitch": 0.0668420354512076, "camera_rotation_from_original_to_final": [-0.05203399434685707, 0.055913958698511124, 1.244476556777954], "camera_location": [2.0380539894104004, -3.850883722305298, 1.5039372444152832], "camera_rotation_original": [1.5646412372589111, 0.005592518951743841, 2.2927701473236084], "view_id": 8, "point_location": [5.20719051361084, -11.40808391571045, 2.0799872875213623], "camera_distance": 8.215019093599844, "bounding_box_ranges": {"x": [-11.703825749521059, -3.850883722305298], "y": [0.9215370397340181, 6.509891876537102], "z": [-0.024453705620355204, 2.427733865208772]}, "obliqueness_angle": 1.4790555238723755, "resolution": 512, "point_uuid": "1378", "point_normal": [-0.9429966807365417, -0.28244519233703613, 0.17601703107357025], "camera_rotation_final": [1.6409776210784912, 0.007616817019879818, 3.5392065048217773], "vanishing_points_image": {"x": [102.23281017856644, 231.4934425577759], "y": [500.97468467739117, 246.92372368848237], "z": [254.42185616269214, 49.32200339128422]}, "camera_uuid": "46dec00679fa99b86c497ab5e0e1ad5c", "field_of_view_rads": 1.0762035262879448, "room": "856e4980d5eb3351797f528948f684e5"}