{"vanishing_points_gaussian_sphere": {"x": [-0.4064811737293403, 0.34445986164424014, 0.8462390082710965], "y": [0.9136590322202258, 0.15373230348751396, 0.3762891862740986], "z": [-0.00047775100030538197, 0.9261283834223277, -0.3772081509903092]}, "nonfixated_points_in_view": [386, 1400, 7, 263, 647, 141, 653, 1037, 843, 1427, 664, 542, 1227, 1438, 931, 806, 1407, 1447, 681, 170, 47, 178, 179, 435, 1462, 951, 440, 1081, 1466, 64, 193, 578, 67, 1091, 1095, 712, 201, 75, 204, 461, 590, 463, 591, 720, 210, 338, 467, 213, 214, 471, 1366, 1114, 1242, 1244, 735, 1121, 994, 867, 228, 1382, 489, 618, 1131, 1258, 1386, 623, 114, 370, 245, 118, 374, 888, 383], "point_pitch": 0.3848782340672354, "camera_rotation_from_original_to_final": [-0.3687545955181122, -0.12163973599672318, 1.6814115047454834], "camera_location": [-3.8966617584228516, -5.1063923835754395, 1.5070674419403076], "camera_rotation_original": [1.5701526403427124, 0.0018522855825722218, -2.8113532066345215], "view_id": 5, "point_location": [1.4649299383163452, -2.722303867340088, 3.896979570388794], "camera_distance": 6.335789124883455, "bounding_box_ranges": {"x": [-5.714621107709327, 1.407199926983905], "y": [-3.8966617584228516, 1.4908166866060242], "z": [0.42233948097799523, 4.760341131820335]}, "obliqueness_angle": 0.5567954778671265, "resolution": 512, "point_uuid": "589", "point_normal": [-0.9999423623085022, -0.010318988002836704, 0.002969612367451191], "camera_rotation_final": [1.9575762748718262, 0.00047775101847946644, -1.1521968841552734], "vanishing_points_image": {"x": [102.44451025619324, 125.87416350287101], "y": [501.2540748947586, 214.73354003664838], "z": [255.91240583896183, 86.19723934083952]}, "camera_uuid": "62e24ad43a6e699e9b1ae0325438e489", "field_of_view_rads": 1.0621366844659983, "room": "8de55a2e5745f73de25402626a4c3d61"}