{"vanishing_points_gaussian_sphere": {"x": [-0.7046761822891447, 0.07390464405767906, 0.7056695981130999], "y": [0.7090680725909468, 0.10919677638914267, 0.6966337147011904], "z": [-0.025572378586202125, 0.9912689683496237, -0.12935179102168093]}, "nonfixated_points_in_view": [17, 28, 1052, 542, 551, 1064, 560, 51, 60, 1085, 1086, 66, 1091, 79, 591, 599, 605, 94, 104, 623, 116, 1140, 1141, 646, 1164, 654, 1167, 144, 1170, 671, 165, 1194, 686, 687, 703, 712, 208, 727, 1242, 222, 228, 1257, 1258, 747, 768, 1287, 1290, 1308, 820, 824, 317, 832, 331, 333, 334, 1366, 860, 351, 1382, 1386, 367, 1391, 372, 1399, 1402, 1403, 1428, 416, 929, 1442, 422, 1447, 938, 429, 1456, 946, 1465, 958, 456, 969, 1483, 972, 1484, 463, 977, 994, 1002, 1009, 1013, 1018], "point_pitch": 0.139743642010961, "camera_rotation_from_original_to_final": [-0.0380639024078846, 0.10436057299375534, -2.37162184715271], "camera_location": [0.5467849373817444, -10.360032081604004, 1.5205349922180176], "camera_rotation_original": [1.5957993268966675, -0.011342709884047508, 1.5803825855255127], "view_id": 2, "point_location": [5.4480061531066895, -5.521569728851318, 2.4189469814300537], "camera_distance": 6.945490037775149, "bounding_box_ranges": {"x": [-10.360032081604004, -3.1642988567015715], "y": [0.5467849373817444, 6.496807804794046], "z": [-0.012932775103921323, 2.4277311114690323]}, "obliqueness_angle": 1.4467836618423462, "resolution": 512, "point_uuid": "338", "point_normal": [-0.0001849634718382731, 0.00830110628157854, -0.9999655485153198], "camera_rotation_final": [1.7005542516708374, 0.025575166568160057, -0.7885047197341919], "vanishing_points_image": {"x": [38.643415890841304, 233.2041947976765], "y": [473.19499221240915, 222.55188138594687], "z": [251.205403459628, 70.14576863836936]}, "camera_uuid": "08b7810ec5503ef8e7e738fee540560e", "field_of_view_rads": 1.1403659234431238, "room": "856e4980d5eb3351797f528948f684e5"}