{"vanishing_points_gaussian_sphere": {"x": [-0.263394554854708, 0.29593887207184566, 0.9181739990163814], "y": [0.9646878926914754, 0.08155212667488508, 0.2504526309090886], "z": [-0.0007603731787078142, 0.9517191994657076, -0.3069690329674671]}, "nonfixated_points_in_view": [386, 1400, 7, 263, 141, 653, 843, 542, 1438, 806, 1447, 170, 179, 435, 951, 440, 64, 193, 578, 67, 1091, 1095, 712, 201, 75, 204, 461, 334, 463, 589, 590, 210, 338, 591, 213, 214, 471, 1366, 1114, 1242, 1121, 994, 228, 1382, 489, 1258, 1131, 1386, 1133, 367, 623, 370, 245, 118, 374, 888, 383], "point_pitch": 0.31019897858170076, "camera_rotation_from_original_to_final": [-0.29706835746765137, -0.0989527702331543, 1.521503210067749], "camera_location": [-3.8966617584228516, -5.1063923835754395, 1.5070674419403076], "camera_rotation_original": [1.5701526403427124, 0.0018522855825722218, -2.8113532066345215], "view_id": 1, "point_location": [-0.931201159954071, -4.2974958419799805, 2.4984962940216064], "camera_distance": 3.229736927911044, "bounding_box_ranges": {"x": [-5.968443719130477, 0.06539804642312319], "y": [-3.8966617584228516, 1.4911269238786127], "z": [0.6225431426820804, 4.762403317893855]}, "obliqueness_angle": 0.49258410930633545, "resolution": 512, "point_uuid": "1037", "point_normal": [-0.6721057295799255, -0.6713981032371521, -0.3122476637363434], "camera_rotation_final": [1.8828030824661255, 0.000760373251978308, -1.3042569160461426], "vanishing_points_image": {"x": [137.51713613742558, 122.87771464875604], "y": [524.3287997886034, 233.31620305731508], "z": [255.83960486552903, 55.24182855014091]}, "camera_uuid": "62e24ad43a6e699e9b1ae0325438e489", "field_of_view_rads": 0.9685523983240207, "room": "8de55a2e5745f73de25402626a4c3d61"}