{"vanishing_points_gaussian_sphere": {"x": [-0.35559448101292296, 0.2652214810236359, 0.8962199122295705], "y": [0.9346317704782852, 0.09679939542154108, 0.34218902767133], "z": [0.004002335040459041, 0.9593161330081201, -0.28230575315528134]}, "nonfixated_points_in_view": [134, 136, 520, 398, 1422, 784, 658, 917, 1176, 537, 26, 285, 34, 296, 1320, 682, 1066, 1067, 301, 1327, 48, 688, 1329, 181, 1078, 695, 571, 192, 965, 1221, 847, 980, 215, 984, 1368, 1243, 607, 223, 863, 357, 617, 362, 1130, 758], "point_pitch": 0.2613312760975699, "camera_rotation_from_original_to_final": [-0.2440306395292282, 0.11709151417016983, -0.711459755897522], "camera_location": [5.132575988769531, -10.393342971801758, 1.5002893209457397], "camera_rotation_original": [1.587233543395996, -0.019086314365267754, 2.634567975997925], "view_id": 3, "point_location": [2.2415947914123535, -11.497159004211426, 2.410937547683716], "camera_distance": 3.2257498117154304, "bounding_box_ranges": {"x": [-12.035077327457312, -9.472757901381838], "y": [-3.544541250235076, 5.132575988769531], "z": [0.03189911842280724, 2.4237113387044236]}, "obliqueness_angle": 1.1732324361801147, "resolution": 512, "point_uuid": "1330", "point_normal": [-0.008261580020189285, 0.3953365683555603, -0.9184991717338562], "camera_rotation_final": [1.8569954633712769, -0.004002345725893974, 1.9343494176864624], "vanishing_points_image": {"x": [96.90871670747295, 137.34116802768537], "y": [534.4065561789201, 227.16555720578418], "z": [256.86599133071024, 48.43130667535809]}, "camera_uuid": "3d449594a2cb2c364ffe85b6c45b4104", "field_of_view_rads": 0.9565200077151886, "room": "856e4980d5eb3351797f528948f684e5"}