{"vanishing_points_gaussian_sphere": {"x": [-0.059483058435221434, -0.292763010031472, 0.9543330580654242], "y": [0.9982115908562794, -0.02314210666349692, 0.05511862461411094], "z": [0.005948582971429347, 0.9559049444670152, 0.2936159932703674]}, "nonfixated_points_in_view": [914, 277, 23, 1051, 295, 1203, 1076, 1204, 1209, 443, 1219, 196, 1220, 1477, 1480, 719, 336, 337, 464, 849, 1105, 1361, 1238, 347, 1255, 1001, 234, 371, 252, 1151], "point_pitch": -0.2981741865489145, "camera_rotation_from_original_to_final": [-0.1394014060497284, 0.2705802619457245, 1.1588059663772583], "camera_location": [-1.9384469985961914, -2.428041458129883, 1.5036466121673584], "camera_rotation_original": [1.5763559341430664, -0.0021221297793090343, -1.119526982307434], "view_id": 7, "point_location": [-2.1147053241729736, 0.6237251162528992, 0.5647210478782654], "camera_distance": 3.1978003902904053, "bounding_box_ranges": {"x": [-2.428041458129883, 1.5575396937833184], "y": [-4.601798040847889, 0.09403463766378328], "z": [-0.024353974270168832, 2.4162135300680427]}, "obliqueness_angle": 0.28069207072257996, "resolution": 512, "point_uuid": "630", "point_normal": [-0.20315109193325043, -0.9612643122673035, 0.186281219124794], "camera_rotation_final": [1.2727835178375244, -0.005948618054389954, 0.059519246220588684], "vanishing_points_image": {"x": [231.06391936952244, 378.73010527386344], "y": [480.9871800331624, 261.21600567048165], "z": [257.5281466472016, 10.435141453575172]}, "camera_uuid": "a7a591d05adb833dd3d4b184074676ca", "field_of_view_rads": 1.0571410942069257, "room": "8de55a2e5745f73de25402626a4c3d61"}