{"vanishing_points_gaussian_sphere": {"x": [-0.5003841441129798, 0.18787935815636342, 0.8451727960003645], "y": [0.8658031235662454, 0.10766766233617714, 0.48866412361661626], "z": [0.000812122683641706, 0.9762730259849527, -0.2165417262121341]}, "nonfixated_points_in_view": [0, 644, 774, 392, 521, 777, 398, 911, 530, 658, 920, 1048, 410, 26, 1176, 797, 1304, 34, 36, 677, 678, 805, 301, 48, 688, 50, 818, 948, 1329, 1336, 572, 829, 958, 319, 192, 1084, 66, 579, 1091, 197, 965, 1218, 841, 330, 971, 591, 1490, 1109, 1365, 728, 1368, 221, 223, 97, 994, 1383, 1258, 367, 760, 625, 115, 1013, 631, 248, 1021], "point_pitch": 0.21359188953903718, "camera_rotation_from_original_to_final": [-0.2161611169576645, -0.019076310098171234, -1.1158888339996338], "camera_location": [6.898015022277832, -5.4319539070129395, 1.5056571960449219], "camera_rotation_original": [1.5721105337142944, -0.004563433583825827, -3.0698022842407227], "view_id": 6, "point_location": [3.349348545074463, -7.483731746673584, 2.414860963821411], "camera_distance": 4.198747127573996, "bounding_box_ranges": {"x": [-6.106919692986217, -5.419743417843452], "y": [4.192660959002136, 6.898015022277832], "z": [1.3242032404987412, 2.423833459245703]}, "obliqueness_angle": 1.350284457206726, "resolution": 512, "point_uuid": "1442", "point_normal": [0.005390246398746967, -0.004834672901779413, -0.9999737739562988], "camera_rotation_final": [1.7890671491622925, -0.0008121227729134262, -4.1883463859558105], "vanishing_points_image": {"x": [39.26687365681862, 174.62315953124008], "y": [542.5476944285551, 220.36612485311372], "z": [256.18326709330523, 35.690035325376655]}, "camera_uuid": "7aee671bd52588b571fedb6abd1f939e", "field_of_view_rads": 0.9460876916724495, "room": "8efc299ca974ee46c0bc622cd51b4dc7"}