{"vanishing_points_gaussian_sphere": {"x": [-0.4159335736160925, 0.32418974323808414, 0.8496471460071949], "y": [0.9093911790853512, 0.14556766615331396, 0.38963795756116], "z": [0.0026354773194726404, 0.9347251280188752, -0.3553617724367607]}, "nonfixated_points_in_view": [128, 257, 642, 1280, 1159, 905, 394, 779, 1420, 528, 1148, 1044, 1172, 1431, 152, 409, 281, 27, 793, 925, 414, 286, 1312, 1405, 1186, 164, 421, 1317, 1191, 683, 1068, 173, 46, 430, 814, 689, 1069, 1071, 692, 1072, 1206, 1211, 1469, 190, 63, 1215, 199, 843, 76, 1357, 335, 1233, 1234, 725, 1241, 603, 1371, 1374, 352, 993, 611, 1379, 1380, 359, 743, 106, 748, 1006, 239, 1262, 1263, 1265, 756, 505, 636, 893, 255], "point_pitch": 0.3433014909413199, "camera_rotation_from_original_to_final": [-0.19850221276283264, 0.2828060984611511, -0.18585613369941711], "camera_location": [0.27477186918258667, -2.2696449756622314, 2.261363983154297], "camera_rotation_original": [1.5901278257369995, -0.005768735893070698, 2.1587343215942383], "view_id": 2, "point_location": [-7.195972442626953, -5.695637226104736, 5.385974884033203], "camera_distance": 8.79276039829091, "bounding_box_ranges": {"x": [-6.139164589638059, -0.6332420335182012], "y": [-7.430403954389259, 0.27477186918258667], "z": [-0.01221231703222836, 5.475332772951967]}, "obliqueness_angle": 1.0200833082199097, "resolution": 512, "point_uuid": "249", "point_normal": [0.3091094493865967, -0.18229857087135315, -0.9333909749984741], "camera_rotation_final": [1.934098720550537, -0.002635480370372534, 1.9997670650482178], "vanishing_points_image": {"x": [130.77963129404688, 158.39989807499745], "y": [451.57317533557637, 224.69429641441386], "z": [256.38751073315996, 118.5615113492601]}, "camera_uuid": "72c78639c6d82fd06b6c6cb47f559896", "field_of_view_rads": 1.2730974493359344, "room": "8de55a2e5745f73de25402626a4c3d61"}