{"vanishing_points_gaussian_sphere": {"x": [0.6887356447781369, 0.1553198431873634, 0.708180032141755], "y": [0.7245977646291754, -0.18050037843385872, -0.6651147967679234], "z": [0.02452123786530007, 0.9712339366483683, -0.2368614556994589]}, "nonfixated_points_in_view": [393, 1289, 780, 1165, 1298, 787, 21, 1174, 1316, 1448, 42, 811, 816, 825, 1468, 702, 1476, 1223, 460, 979, 84, 856, 868, 358, 1384, 492, 877, 879, 1401, 251, 508, 765, 382], "point_pitch": 0.2455306808140616, "camera_rotation_from_original_to_final": [0.21893350780010223, -0.009086478501558304, 2.262068271636963], "camera_location": [-4.210936069488525, -6.891334056854248, 1.5098429918289185], "camera_rotation_original": [1.593726634979248, 0.010752296075224876, 0.11999154835939407], "view_id": 0, "point_location": [-6.7823486328125, -9.629240989685059, 2.425576686859131], "camera_distance": 3.8661175721629455, "bounding_box_ranges": {"x": [-11.624782195824416, -6.891334056854248], "y": [-7.289802287223834, -4.210936069488525], "z": [0.29242199121123336, 2.4276123847244357]}, "obliqueness_angle": 1.3314571380615234, "resolution": 512, "point_uuid": "892", "point_normal": [-0.0019215086940675974, 0.0020876231137663126, -0.9999960064888], "camera_rotation_final": [1.8100037574768066, -0.024523695930838585, 2.381563186645508], "vanishing_points_image": {"x": [533.8204071258989, 193.34748245396193], "y": [397.6754647645146, 291.2919595575551], "z": [261.71237724786783, 29.74491970822296]}, "camera_uuid": "41b233ae6d911bdc4a03358505e283ee", "field_of_view_rads": 0.9132896988209526, "room": "ade82d56fe033105b37cc8ef1783cd93"}