{"vanishing_points_gaussian_sphere": {"x": [-0.37773522958461453, 0.19828071873880404, 0.9044339958820001], "y": [0.9258930340797209, 0.07436960658662306, 0.370393373400227], "z": [0.006179463836575464, 0.9773197625099854, -0.21167875669069464]}, "nonfixated_points_in_view": [0, 1418, 267, 410, 1278, 293, 1061, 167, 171, 50, 818, 52, 827, 701, 707, 708, 197, 71, 328, 1232, 722, 1109, 119, 242, 115, 627, 631, 507, 254], "point_pitch": 0.21166451374558015, "camera_rotation_from_original_to_final": [0.19146178662776947, -0.08130928874015808, 0.7706358432769775], "camera_location": [-1.2640292644500732, -10.590165138244629, 1.4937529563903809], "camera_rotation_original": [1.576294183731079, -0.003259384771808982, -0.3901067078113556], "view_id": 4, "point_location": [-2.887277126312256, -6.626485824584961, 2.421434164047241], "camera_distance": 4.382496956738788, "bounding_box_ranges": {"x": [-10.590165138244629, -5.960435599718468], "y": [-3.5443519753456747, -0.20608455740437237], "z": [-0.017699519493122984, 2.426950418758056]}, "obliqueness_angle": 1.359936237335205, "resolution": 512, "point_uuid": "88", "point_normal": [-0.0023163924925029278, 0.0016792851965874434, -0.9999959468841553], "camera_rotation_final": [1.7840927839279175, -0.0061795031651854515, 0.38735687732696533], "vanishing_points_image": {"x": [134.6688435295991, 192.3108679674466], "y": [455.9408011408635, 239.9403492907368], "z": [256.9832232546833, 100.49726656319517]}, "camera_uuid": "bf987798a26d9c5da496954cb31ac414", "field_of_view_rads": 1.25785385339036, "room": "856e4980d5eb3351797f528948f684e5"}