{"vanishing_points_gaussian_sphere": {"x": [-0.13133557894154113, -0.04563237805085747, 0.9902871562216254], "y": [0.9913188192992519, 0.0001633549412314034, 0.13147992933638306], "z": [-0.006161510141784653, 0.9989582871114223, 0.04521478081541353]}, "nonfixated_points_in_view": [2, 131, 514, 1283, 266, 400, 656, 403, 790, 1046, 1177, 1056, 1184, 676, 1060, 41, 1454, 559, 432, 177, 565, 1207, 1352, 1225, 717, 1494, 601, 1115, 476, 1247, 96, 480, 1381, 102, 1127, 745, 875, 1003, 1261, 110, 111, 1134, 883, 629, 379, 125], "point_pitch": -0.049667759737696215, "camera_rotation_from_original_to_final": [0.04973679780960083, 0.011606631800532341, -1.9135887622833252], "camera_location": [-1.9461179971694946, -10.539590835571289, 4.280216217041016], "camera_rotation_original": [1.5751063823699951, -0.006250596605241299, -2.666795015335083], "view_id": 8, "point_location": [-7.265542507171631, -11.245847702026367, 4.037339687347412], "camera_distance": 5.371598064328287, "bounding_box_ranges": {"x": [-11.74570217104968, -7.7900608832664275], "y": [-7.284179626023574, -1.9461179971694946], "z": [2.7651386730822116, 5.212398664682823]}, "obliqueness_angle": 0.14778484404087067, "resolution": 512, "point_uuid": "803", "point_normal": [0.9999463558197021, -0.009794545359909534, 0.003395260078832507], "camera_rotation_final": [1.525565266609192, 0.006161549128592014, -4.580670356750488], "vanishing_points_image": {"x": [207.71063518897566, 272.7780777200766], "y": [452.9620538877483, 255.9675435146481], "z": [254.82981345090033, 66.27905111086021]}, "camera_uuid": "41fe4d40075167d2675e7ca53b4961cc", "field_of_view_rads": 1.2073716563583108, "room": "ef914082afe6874a9bab2b30c864407b"}