{"vanishing_points_gaussian_sphere": {"x": [-0.4859859816013611, 0.19167287967456131, 0.8526893530965558], "y": [0.8738587552354249, 0.09124319452730785, 0.4775411556618403], "z": [0.01372958795286956, 0.9772083639888236, -0.21183793750159916]}, "nonfixated_points_in_view": [999, 552, 1065, 618, 178, 114, 467, 1203, 1462, 664, 1276], "point_pitch": 0.2129003564503531, "camera_rotation_from_original_to_final": [-0.14529520273208618, -0.13861289620399475, 1.272318959236145], "camera_location": [-2.0300116539001465, -0.3511151969432831, 1.4951437711715698], "camera_rotation_original": [1.5840462446212769, -0.0036451206542551517, -2.3237228393554688], "view_id": 13, "point_location": [1.0611931085586548, 1.3800870180130005, 2.2631075382232666], "camera_distance": 3.62524142776769, "bounding_box_ranges": {"x": [-0.4344677817940502, 1.423445453591209], "y": [-2.0300116539001465, 1.4764615264273857], "z": [0.433672282642802, 3.621810848459362]}, "obliqueness_angle": 1.1705811023712158, "resolution": 512, "point_uuid": "720", "point_normal": [0.09013155102729797, -0.9950787425041199, 0.04116539657115936], "camera_rotation_final": [1.7842719554901123, -0.013730019330978394, -1.0632529258728027], "vanishing_points_image": {"x": [49.319782896042376, 174.48531874614028], "y": [536.0605072838222, 226.75772807399528], "z": [259.0287288296816, 40.42913547158837]}, "camera_uuid": "6f269c44fb405f239d56a612bcda89ad", "field_of_view_rads": 0.9663718825351854, "room": "8de55a2e5745f73de25402626a4c3d61"}