{"vanishing_points_gaussian_sphere": {"x": [0.4066577118169012, 0.09494036238006047, 0.9086340479043172], "y": [0.91298982870038, -0.006471023601949593, -0.40793099728164056], "z": [-0.03284932433845457, 0.9954619296812338, -0.08931107683720536]}, "nonfixated_points_in_view": [768, 1281, 654, 1402, 1170, 28, 671, 1442, 551, 1064, 1192, 1447, 686, 687, 560, 1456, 946, 820, 1463, 1465, 1085, 832, 66, 1091, 69, 198, 712, 969, 1483, 972, 333, 334, 79, 208, 462, 338, 463, 591, 977, 342, 599, 1366, 1242, 860, 605, 222, 94, 994, 228, 1382, 104, 1257, 1002, 1258, 1386, 367, 1009, 116, 1013, 1140, 1141, 1018, 1149, 1399], "point_pitch": 0.087420062222753, "camera_rotation_from_original_to_final": [-0.03440719470381737, 0.06418845802545547, -1.8414158821105957], "camera_location": [3.307429552078247, -10.623159408569336, 1.5089129209518433], "camera_rotation_original": [1.6019235849380493, -0.010716056451201439, 1.4206318855285645], "view_id": 9, "point_location": [5.895304203033447, -4.858871936798096, 2.075493097305298], "camera_distance": 6.343903948414516, "bounding_box_ranges": {"x": [-10.623159408569336, -3.149044595869565], "y": [2.027703613342948, 6.509246101219275], "z": [-0.015920702559306277, 2.4277319689583376]}, "obliqueness_angle": 0.4175145924091339, "resolution": 512, "point_uuid": "372", "point_normal": [-0.002775107976049185, -0.9960904121398926, -0.08829657733440399], "camera_rotation_final": [1.6602749824523926, 0.032855235040187836, -0.4190329909324646], "vanishing_points_image": {"x": [398.68185727707424, 222.68877328202558], "y": [401.1884416296602, 257.029056187683], "z": [249.9794873058182, 73.55511551862436]}, "camera_uuid": "6fc923253b31e08cd2b4b232614b75a1", "field_of_view_rads": 1.178601973604178, "room": "856e4980d5eb3351797f528948f684e5"}