{"vanishing_points_gaussian_sphere": {"x": [0.006208199092242528, 0.22303346621315634, 0.9747910192512936], "y": [0.9998888843164915, -0.014596152910022078, -0.003028422122030794], "z": [0.013552759289275027, 0.9747015057283805, -0.223099299520359]}, "nonfixated_points_in_view": [130, 393, 780, 1165, 14, 1169, 274, 787, 1298, 21, 534, 1174, 792, 667, 161, 550, 1318, 42, 556, 816, 825, 1468, 1216, 1475, 453, 70, 584, 585, 460, 851, 84, 979, 868, 358, 744, 1384, 508, 765, 1023], "point_pitch": 0.24640853802231355, "camera_rotation_from_original_to_final": [0.20353473722934723, 0.00011252425611019135, 3.0156877040863037], "camera_location": [-4.210936069488525, -6.891334056854248, 1.5098429918289185], "camera_rotation_original": [1.593726634979248, 0.010752296075224876, 0.11999154835939407], "view_id": 1, "point_location": [-4.2232794761657715, -10.864351272583008, 2.4191431999206543], "camera_distance": 4.075763070820288, "bounding_box_ranges": {"x": [-11.515985994131062, -7.76020417100812], "y": [-3.5512606690319424, -3.5061643084775143], "z": [-0.01245730667727285, 2.389636432663765]}, "obliqueness_angle": 1.3443669080734253, "resolution": 512, "point_uuid": "1054", "point_normal": [0.0053141298703849316, 0.0014233392430469394, -0.9999849200248718], "camera_rotation_final": [1.7958101034164429, -0.013553174212574959, 3.1353838443756104], "vanishing_points_image": {"x": [258.4519515291725, 167.9120955348653], "y": [458.12650901046567, 258.9505972903204], "z": [258.4684680458717, 78.47013543156609]}, "camera_uuid": "41b233ae6d911bdc4a03358505e283ee", "field_of_view_rads": 1.1275759972566375, "room": "856e4980d5eb3351797f528948f684e5"}