{"vanishing_points_gaussian_sphere": {"x": [0.6836127370781879, -0.22515080041881408, 0.694248329328372], "y": [0.7291557988059798, 0.25201638038466606, -0.6362543242174665], "z": [-0.03170878067794365, 0.941166755197281, 0.3364516193144854]}, "nonfixated_points_in_view": [768, 1382, 1064, 333, 591, 208, 977, 1170, 372, 1141, 342, 1366, 1465, 28, 1085], "point_pitch": -0.3344973762843271, "camera_rotation_from_original_to_final": [-0.10276906192302704, -0.3631612956523895, -2.1509408950805664], "camera_location": [3.307429552078247, -10.623159408569336, 1.5089129209518433], "camera_rotation_original": [1.6019235849380493, -0.010716056451201439, 1.4206318855285645], "view_id": 3, "point_location": [5.776179313659668, -7.929385185241699, 0.2034364938735962], "camera_distance": 3.8801306629301187, "bounding_box_ranges": {"x": [-10.623159408569336, -4.5947743871282], "y": [3.307429552078247, 6.507411730870675], "z": [-0.022889279389938344, 2.1507958883722624]}, "obliqueness_angle": 0.8782673478126526, "resolution": 512, "point_uuid": "560", "point_normal": [-0.9998681545257568, 0.004261562135070562, 0.015674874186515808], "camera_rotation_final": [1.2274702787399292, 0.031714096665382385, -0.7531725764274597], "vanishing_points_image": {"x": [543.2280122470186, 350.599783404452], "y": [407.7435590165122, 203.55323546401073], "z": [245.542657238367, -54.390470542375134]}, "camera_uuid": "6fc923253b31e08cd2b4b232614b75a1", "field_of_view_rads": 0.8731765800559527, "room": "856e4980d5eb3351797f528948f684e5"}