{"vanishing_points_gaussian_sphere": {"x": [-0.12898607989869593, -0.0059067336300364535, 0.9916288124546357], "y": [0.9914664943303793, -0.0198156136229358, 0.1288469327418185], "z": [0.018888668894218585, 0.9997862031227328, 0.008412266807125281]}, "nonfixated_points_in_view": [0, 134, 520, 1033, 267, 398, 784, 658, 660, 278, 1176, 410, 26, 34, 933, 1319, 296, 1320, 1066, 1067, 428, 301, 48, 688, 818, 944, 1329, 55, 695, 1336, 192, 1221, 1360, 980, 215, 984, 1368, 858, 1243, 223, 863, 99, 100, 357, 996, 617, 758], "point_pitch": -0.035376115641321704, "camera_rotation_from_original_to_final": [0.002178929513320327, -0.040313947945833206, 0.2789047956466675], "camera_location": [3.307429552078247, -10.623159408569336, 1.5089129209518433], "camera_rotation_original": [1.6019235849380493, -0.010716056451201439, 1.4206318855285645], "view_id": 0, "point_location": [-1.879235029220581, -11.297086715698242, 1.4649133682250977], "camera_distance": 5.230449619667315, "bounding_box_ranges": {"x": [-12.053215931926573, -8.057421697590275], "y": [-3.549340840133323, 3.307429552078247], "z": [-0.015579471982372764, 2.4244586225876987]}, "obliqueness_angle": 0.843630313873291, "resolution": 512, "point_uuid": "965", "point_normal": [0.5985888242721558, 0.512205958366394, 0.6159029603004456], "camera_rotation_final": [1.562382459640503, -0.018889792263507843, 1.7001659870147705], "vanishing_points_image": {"x": [199.8539342320299, 258.5711290328877], "y": [488.57639811575257, 260.6483104262524], "z": [260.1629272860419, 35.65428434918573]}, "camera_uuid": "6fc923253b31e08cd2b4b232614b75a1", "field_of_view_rads": 1.0560010989501214, "room": "856e4980d5eb3351797f528948f684e5"}