{"vanishing_points_gaussian_sphere": {"x": [-0.2858621984239373, -0.05704704664362202, 0.9565711881409945], "y": [0.95813380193652, -0.00014043821109999973, 0.2863207953743115], "z": [-0.016199416622304976, 0.9983714813366562, 0.054698849665671324]}, "nonfixated_points_in_view": [768, 1153, 7, 904, 654, 144, 17, 1170, 1299, 542, 1442, 420, 806, 1447, 1064, 170, 172, 686, 687, 560, 1456, 1465, 1085, 703, 193, 66, 1091, 456, 712, 75, 1099, 1483, 334, 79, 208, 463, 210, 338, 466, 591, 977, 1366, 1242, 91, 94, 994, 228, 1382, 1128, 1258, 747, 1386, 1133, 367, 623, 1391, 1010, 372, 245, 1018, 383], "point_pitch": -0.060715003809656665, "camera_rotation_from_original_to_final": [-0.0712423250079155, -0.017373647540807724, -1.8976341485977173], "camera_location": [0.4931855797767639, -7.2360944747924805, 1.5182243585586548], "camera_rotation_original": [1.5842092037200928, -0.010877704247832298, 0.6175836324691772], "view_id": 1, "point_location": [7.592460632324219, -5.11113977432251, 1.1122725009918213], "camera_distance": 7.421585885490175, "bounding_box_ranges": {"x": [-8.496311780976248, -4.63375753646125], "y": [0.4931855797767639, 6.509563526659665], "z": [-0.01526846719467212, 2.4277249603119]}, "obliqueness_angle": 0.32116320729255676, "resolution": 512, "point_uuid": "1438", "point_normal": [-0.9996779561042786, 0.025056064128875732, -0.00402469839900732], "camera_rotation_final": [1.5160629749298096, 0.016200125217437744, -1.280851125717163], "vanishing_points_image": {"x": [126.6490941015323, 281.81344159132703], "y": [519.9807176047389, 256.0386929045509], "z": [252.0682300314048, 13.684668569081015]}, "camera_uuid": "c61bffa72844e019185a72c8df1f3454", "field_of_view_rads": 0.99367944153979, "room": "856e4980d5eb3351797f528948f684e5"}