{"vanishing_points_gaussian_sphere": {"x": [-0.6118331308663854, -0.2213153462801177, 0.759394322783064], "y": [0.7908956882698727, -0.15659240309127667, 0.5915765627289704], "z": [-0.012009589933091225, 0.9625478361073858, 0.27084577337412574]}, "nonfixated_points_in_view": [896, 387, 1159, 522, 779, 272, 1042, 1045, 669, 925, 1055, 939, 1324, 941, 46, 815, 1198, 563, 1331, 694, 1334, 953, 442, 318, 63, 1215, 1217, 322, 706, 452, 1474, 1224, 1353, 458, 842, 209, 1363, 852, 343, 859, 1374, 224, 1379, 484, 743, 871, 1137, 1268, 757, 1144, 635], "point_pitch": -0.2731479843470712, "camera_rotation_from_original_to_final": [0.28180232644081116, 0.014689476229250431, -2.6105329990386963], "camera_location": [-3.8659191131591797, -9.080220222473145, 1.4999077320098877], "camera_rotation_original": [1.5778414011001587, -0.009793577715754509, -3.0118231773376465], "view_id": 1, "point_location": [-6.1962432861328125, -6.088833332061768, 0.43299880623817444], "camera_distance": 3.9391752040042336, "bounding_box_ranges": {"x": [-9.080220222473145, -5.932730910429305], "y": [-7.296639428087584, -3.8659191131591797], "z": [-0.013744816767726209, 2.430128866651561]}, "obliqueness_angle": 0.7630635499954224, "resolution": 512, "point_uuid": "804", "point_normal": [-0.06300391256809235, -0.9979822635650635, 0.007870761677622795], "camera_rotation_final": [1.2965044975280762, 0.012009878642857075, -5.624753475189209], "vanishing_points_image": {"x": [29.32003222267204, 337.99581394418], "y": [514.1070579499735, 307.10358427622924], "z": [252.80766570015714, 0.13993403901292525]}, "camera_uuid": "0ea84965dc118f5aeb7a085f7794bb81", "field_of_view_rads": 1.016346144109204, "room": "ade82d56fe033105b37cc8ef1783cd93"}