{"vanishing_points_gaussian_sphere": {"x": [-0.4281778456039148, 0.03701177114915145, 0.9029362443331163], "y": [0.9036079642843975, 0.0037085763233514076, 0.42834436303453444], "z": [0.012505175560433592, 0.9993079481611546, -0.03503206140303501]}, "nonfixated_points_in_view": [7, 1170, 1052, 542, 927, 1438, 806, 551, 1064, 1447, 170, 946, 51, 193, 69, 198, 712, 201, 75, 208, 721, 210, 338, 599, 1242, 222, 228, 1382, 104, 1386, 1010, 372, 245, 1018, 383], "point_pitch": 0.048603610196385816, "camera_rotation_from_original_to_final": [-0.00715757766738534, 0.02130410633981228, 2.5308797359466553], "camera_location": [1.9597357511520386, -5.512042045593262, 1.5149836540222168], "camera_rotation_original": [1.5890778303146362, 0.002467385260388255, 2.6240296363830566], "view_id": 8, "point_location": [3.863420248031616, -4.60895299911499, 1.5888423919677734], "camera_distance": 2.108326243029885, "bounding_box_ranges": {"x": [-5.702964563146578, -3.165806667174072], "y": [1.9597357511520386, 6.50998192396219], "z": [-0.016449594722960398, 2.4277342987494857]}, "obliqueness_angle": 1.2918399572372437, "resolution": 512, "point_uuid": "860", "point_normal": [-0.013758476823568344, -0.5452808141708374, -0.8381405472755432], "camera_rotation_final": [1.6058382987976074, -0.012505501508712769, 5.154901504516602], "vanishing_points_image": {"x": [66.42997732820103, 239.61353262924652], "y": [535.2543790843656, 254.85388772631651], "z": [258.98466693232734, 17.490642520410653]}, "camera_uuid": "5090c6fc5c0dcfff7ec7ff2b1a5d94fb", "field_of_view_rads": 0.9701259373952015, "room": "856e4980d5eb3351797f528948f684e5"}