{"vanishing_points_gaussian_sphere": {"x": [-0.16677238803700484, 0.18109145877668317, 0.969222809340849], "y": [0.985989064500102, 0.034159542100741756, 0.1632748920369614], "z": [-0.003540518980099138, 0.9828728347256326, -0.18425106643857192]}, "nonfixated_points_in_view": [516, 7, 521, 13, 542, 552, 45, 557, 47, 64, 578, 67, 1091, 1095, 1096, 75, 589, 590, 591, 1114, 1121, 618, 1131, 623, 114, 118, 632, 1152, 647, 138, 1162, 653, 148, 661, 1172, 664, 1185, 675, 681, 170, 178, 1202, 193, 1218, 709, 712, 201, 1227, 204, 720, 210, 213, 214, 729, 1242, 1244, 735, 228, 1254, 1258, 240, 245, 762, 263, 781, 1294, 1300, 1306, 1313, 802, 806, 807, 305, 315, 1342, 1344, 1346, 843, 844, 332, 338, 340, 341, 1366, 1373, 1375, 352, 867, 1382, 1386, 374, 888, 1400, 383, 1407, 386, 391, 401, 1427, 408, 1438, 931, 420, 1447, 424, 435, 1462, 951, 440, 1466, 1472, 1478, 461, 463, 467, 468, 981, 994, 999, 488, 489, 490], "point_pitch": 0.17395468155411287, "camera_rotation_from_original_to_final": [0.09674794226884842, -0.1442773938179016, -0.3997805118560791], "camera_location": [-6.116707801818848, -5.171044826507568, 1.5127230882644653], "camera_rotation_original": [1.5826430320739746, -0.00107341050170362, -1.010670781135559], "view_id": 2, "point_location": [-0.931201159954071, -4.2974958419799805, 2.4984962940216064], "camera_distance": 5.350169831771146, "bounding_box_ranges": {"x": [-6.441853931783921, 1.4338952884403025], "y": [-6.116707801818848, 1.4909525198824127], "z": [-0.10442454963922876, 5.465759611216722]}, "obliqueness_angle": 0.6118712425231934, "resolution": 512, "point_uuid": "1037", "point_normal": [-0.6721057295799255, -0.6713981032371521, -0.3122476637363434], "camera_rotation_final": [1.7561073303222656, 0.0035405263770371675, -1.4032399654388428], "vanishing_points_image": {"x": [199.01753446185592, 194.12502219069432], "y": [445.0644276117219, 249.4498723086451], "z": [255.4291181190697, 97.51919654791355]}, "camera_uuid": "676a1ae5fa5b4d774f8408cdbebb47fb", "field_of_view_rads": 1.2570685781519586, "room": "8de55a2e5745f73de25402626a4c3d61"}