{"vanishing_points_gaussian_sphere": {"x": [-0.616449856018851, -0.16373394707479716, 0.7701822963361632], "y": [0.7872726799187785, -0.1109854827853458, 0.6065343766551144], "z": [-0.013831213534698341, 0.9802415096220989, 0.19732024819046415]}, "nonfixated_points_in_view": [67, 263, 589, 1294, 118, 1114], "point_pitch": -0.1863007982585092, "camera_rotation_from_original_to_final": [0.07381181418895721, -0.2020748108625412, -2.9457569122314453], "camera_location": [0.30798399448394775, -4.362792491912842, 3.736617088317871], "camera_rotation_original": [1.5856736898422241, -0.011059120297431946, 2.032072067260742], "view_id": 3, "point_location": [1.4724558591842651, -3.445747137069702, 3.4382801055908203], "camera_distance": 1.5119430686061575, "bounding_box_ranges": {"x": [-4.415435150530142, 1.057691118047492], "y": [0.30798399448394775, 1.4757179233535138], "z": [0.36372235286938515, 4.514180951480955]}, "obliqueness_angle": 0.6907214522361755, "resolution": 512, "point_uuid": "370", "point_normal": [-0.9999921917915344, 0.00027770199812948704, 0.003946512006223202], "camera_rotation_final": [1.372153401374817, 0.01383165456354618, -0.9064954519271851], "vanishing_points_image": {"x": [80.43540083646494, 302.63134317736166], "y": [453.8831686246631, 283.89650849711694], "z": [253.31266604224925, 65.54409466704995]}, "camera_uuid": "73759aa4f227ecebe2f10f72d0e43db4", "field_of_view_rads": 1.262333795425579, "room": "8de55a2e5745f73de25402626a4c3d61"}