{"vanishing_points_gaussian_sphere": {"x": [0.1659366599676746, -0.07983517176377493, 0.9828994710692548], "y": [0.9861363798596846, 0.013175747462476614, -0.16541293781334374], "z": [0.0002553350904685731, 0.9967209965824206, 0.08091470679510605]}, "nonfixated_points_in_view": [928, 954, 770, 4, 361, 1035, 1266, 595, 1011, 950, 1497, 730, 187, 380, 799], "point_pitch": -0.08921436866256194, "camera_rotation_from_original_to_final": [-0.04853464663028717, 0.07179854065179825, 0.8834710121154785], "camera_location": [3.5659539699554443, -4.741698265075684, 4.287182807922363], "camera_rotation_original": [1.576193928718567, 0.006192484870553017, -1.0516655445098877], "view_id": 1, "point_location": [3.931178569793701, -2.571498155593872, 4.10852575302124], "camera_distance": 2.207957347747028, "bounding_box_ranges": {"x": [-4.741698265075684, -0.04503872193388858], "y": [2.1659040512388987, 4.085932621256473], "z": [2.7630608728738144, 5.207631511956277]}, "obliqueness_angle": 1.2733242511749268, "resolution": 512, "point_uuid": "143", "point_normal": [-0.9888447523117065, -0.12513983249664307, 0.08078467845916748], "camera_rotation_final": [1.489793062210083, -0.0002553350932430476, -0.16670776903629303], "vanishing_points_image": {"x": [317.65652869310253, 285.66408724588564], "y": [428.10633621378446, 253.7004908560745], "z": [256.05028249652713, 59.71824351609471]}, "camera_uuid": "cb2f6552a3a803bf140924ce8faafd94", "field_of_view_rads": 1.1907807445018834, "room": "b882b325a4c32027bb7a3589209866b9"}