{"vanishing_points_gaussian_sphere": {"x": [0.09618672929158385, -0.3042228959481901, 0.9477323159463775], "y": [0.9953627181243656, 0.02836270327590924, -0.0919163556226945], "z": [0.0010828094303624418, 0.9521785476704354, 0.3055402442886338]}, "nonfixated_points_in_view": [640, 258, 1027, 1159, 394, 779, 1038, 399, 272, 527, 528, 1042, 1045, 279, 281, 793, 669, 925, 1317, 1446, 297, 939, 1324, 941, 46, 814, 1198, 1200, 436, 823, 953, 186, 826, 318, 63, 190, 191, 1215, 1474, 452, 1353, 76, 1100, 335, 1234, 1363, 1241, 859, 1371, 1374, 736, 1248, 611, 1251, 1379, 871, 493, 494, 1135, 368, 1137, 756, 1143, 1145, 634, 636, 766], "point_pitch": -0.3046545227381845, "camera_rotation_from_original_to_final": [-0.1407974660396576, 0.2839199900627136, 2.5733213424682617], "camera_location": [-1.9384469985961914, -2.428041458129883, 1.5036466121673584], "camera_rotation_original": [1.5763559341430664, -0.0021221297793090343, -1.119526982307434], "view_id": 4, "point_location": [-5.392829418182373, -2.093015670776367, 0.38998451828956604], "camera_distance": 3.644892855549044, "bounding_box_ranges": {"x": [-5.713328227334973, 1.3953571828101503], "y": [-7.431112433546284, -1.9384469985961914], "z": [-0.03850059578021159, 3.369927440959588]}, "obliqueness_angle": 1.3496274948120117, "resolution": 512, "point_uuid": "54", "point_normal": [0.3353717029094696, 0.9412731528282166, -0.03912367299199104], "camera_rotation_final": [1.2602903842926025, -0.001082809641957283, 1.4744606018066406], "vanishing_points_image": {"x": [287.71693119449213, 356.3154669011306], "y": [421.0970412773203, 251.29558591233663], "z": [256.2217292595313, 61.02031253472257]}, "camera_uuid": "a7a591d05adb833dd3d4b184074676ca", "field_of_view_rads": 1.2712925275055997, "room": "8de55a2e5745f73de25402626a4c3d61"}