{"vanishing_points_gaussian_sphere": {"x": [-0.7046417786388429, 0.21869282579019922, 0.6750210454086493], "y": [0.7095485070557906, 0.2110451766636209, 0.6723100843672657], "z": [0.004569456377594169, 0.9526979486463266, -0.3038844167006506]}, "nonfixated_points_in_view": [258, 23, 1051, 1180, 168, 1324, 1208, 953, 186, 443, 318, 704, 452, 464, 337, 606, 1251, 231, 871, 1259, 1137, 1138, 121], "point_pitch": 0.3125824491169791, "camera_rotation_from_original_to_final": [0.13324572145938873, -0.27318817377090454, 1.8841365575790405], "camera_location": [-1.9384469985961914, -2.428041458129883, 1.5036466121673584], "camera_rotation_original": [1.5763559341430664, -0.0021221297793090343, -1.119526982307434], "view_id": 1, "point_location": [-5.474775791168213, 1.1225478649139404, 3.102066993713379], "camera_distance": 5.259967039425638, "bounding_box_ranges": {"x": [-2.428041458129883, 1.5575996149093543], "y": [-7.239754005229823, -1.9384469985961914], "z": [0.5851783478579513, 4.0048906354132106]}, "obliqueness_angle": 1.059723138809204, "resolution": 512, "point_uuid": "1147", "point_normal": [-0.01786860078573227, -0.31523069739341736, -0.9488468766212463], "camera_rotation_final": [1.8795669078826904, -0.004569472279399633, 0.781928539276123], "vanishing_points_image": {"x": [-25.31984639099269, 168.6894912803009], "y": [538.7003828057065, 171.91476602541505], "z": [257.0491674565823, 37.25632436855951]}, "camera_uuid": "a7a591d05adb833dd3d4b184074676ca", "field_of_view_rads": 0.9014480325415214, "room": "8de55a2e5745f73de25402626a4c3d61"}