{"vanishing_points_gaussian_sphere": {"x": [0.2107794685561453, 0.08609319888642984, 0.973735064964126], "y": [0.9773647846375426, -4.67219361632856e-05, -0.21156104454145305], "z": [-0.018168472296782957, 0.996287086598317, -0.08415430881326706]}, "nonfixated_points_in_view": [772, 1029, 646, 1030, 8, 1414, 1290, 654, 1167, 144, 17, 275, 1299, 1403, 662, 1304, 1432, 28, 416, 672, 673, 677, 422, 1061, 1062, 298, 171, 172, 687, 52, 693, 1463, 1465, 314, 827, 60, 701, 1085, 831, 708, 1351, 328, 456, 1099, 1483, 334, 848, 977, 466, 1232, 85, 91, 604, 94, 98, 740, 613, 1383, 1128, 874, 1133, 367, 751, 760, 242, 115, 627, 1007, 1141, 119, 248, 507, 254, 1399], "point_pitch": 0.10191138187912507, "camera_rotation_from_original_to_final": [0.06000053510069847, 0.014720908366143703, -1.9036412239074707], "camera_location": [-4.210936069488525, -6.891334056854248, 1.5098429918289185], "camera_rotation_original": [1.593726634979248, 0.010752296075224876, 0.11999154835939407], "view_id": 10, "point_location": [3.9043920040130615, -8.654532432556152, 2.2112038135528564], "camera_distance": 8.33422575860984, "bounding_box_ranges": {"x": [-10.78359001047719, -6.125257415215622], "y": [-3.5512695206523417, 6.495419648667831], "z": [-0.01837166992833006, 2.4268926497030097]}, "obliqueness_angle": 0.6672722697257996, "resolution": 512, "point_uuid": "317", "point_normal": [-0.6369099617004395, 0.7704381346702576, -0.027762115001678467], "camera_rotation_final": [1.6550642251968384, 0.018169471994042397, -1.783204197883606], "vanishing_points_image": {"x": [337.44230431295983, 222.7347652453298], "y": [431.2423198356077, 256.00837728206415], "z": [252.54323561609115, 66.44472750132309]}, "camera_uuid": "41b233ae6d911bdc4a03358505e283ee", "field_of_view_rads": 1.1465416451345583, "room": "856e4980d5eb3351797f528948f684e5"}