{"vanishing_points_gaussian_sphere": {"x": [0.12825000505719372, 0.005720315356737176, 0.9917253723662863], "y": [0.9912607853481102, 0.030404047183202977, -0.1283652965015435], "z": [-0.030886754991054016, 0.9995213213869433, -0.0017710050879532115]}, "nonfixated_points_in_view": [768, 1281, 908, 1402, 1170, 795, 1182, 671, 1058, 1442, 551, 1064, 1192, 1447, 686, 687, 1456, 946, 820, 1463, 1339, 1085, 832, 66, 1091, 69, 198, 712, 969, 972, 333, 462, 79, 208, 463, 338, 591, 342, 599, 1366, 602, 1242, 860, 605, 94, 994, 228, 1382, 104, 1257, 1002, 1258, 1386, 367, 1009, 116, 372, 1013, 1140, 1018, 1149, 510], "point_pitch": -0.009605570635523364, "camera_rotation_from_original_to_final": [-0.045539479702711105, -0.022786954417824745, -1.5484826564788818], "camera_location": [3.307429552078247, -10.623159408569336, 1.5089129209518433], "camera_rotation_original": [1.6019235849380493, -0.010716056451201439, 1.4206318855285645], "view_id": 1, "point_location": [4.078518867492676, -4.665872573852539, 1.5195516347885132], "camera_distance": 6.006992372819446, "bounding_box_ranges": {"x": [-10.623159408569336, -3.136176646713027], "y": [1.2308383886627814, 6.508010887317891], "z": [-0.01567035811088721, 2.427731906216003]}, "obliqueness_angle": 1.4276050329208374, "resolution": 512, "point_uuid": "222", "point_normal": [-0.9998717308044434, -0.01448560319840908, 0.006844755727797747], "camera_rotation_final": [1.5725681781768799, 0.030891668051481247, -0.12866593897342682], "vanishing_points_image": {"x": [319.615415131286, 253.1625713703604], "y": [488.9300768497684, 248.8555460363133], "z": [248.28312079668814, 6.275310549400716]}, "camera_uuid": "6fc923253b31e08cd2b4b232614b75a1", "field_of_view_rads": 0.9461903233169557, "room": "856e4980d5eb3351797f528948f684e5"}