{"vanishing_points_gaussian_sphere": {"x": [0.5696535362735635, 0.04573075717592981, 0.8206116904231501], "y": [0.8218846057680875, -0.032591788739453564, -0.568720907043339], "z": [0.0007371651505237069, 0.9984219915220613, -0.05615143304192584]}, "nonfixated_points_in_view": [864, 903, 778, 1034, 1389, 752], "point_pitch": 0.061826900639806226, "camera_rotation_from_original_to_final": [-0.012733045034110546, -0.05304962396621704, -2.0529298782348633], "camera_location": [-0.41287627816200256, -7.842004776000977, 4.30043888092041], "camera_rotation_original": [1.572762131690979, 0.0053438530303537846, -1.6945343017578125], "view_id": 3, "point_location": [-1.4562894105911255, -9.347554206848145, 4.403458118438721], "camera_distance": 1.8346670094509523, "bounding_box_ranges": {"x": [-9.36230449955676, -7.842004776000977], "y": [-1.8901667467716952, -0.41287627816200256], "z": [3.6009949951752236, 5.202922121670644]}, "obliqueness_angle": 0.5899417400360107, "resolution": 512, "point_uuid": "1092", "point_normal": [0.25572872161865234, 0.8649433255195618, 0.4318286180496216], "camera_rotation_final": [1.6269773244857788, -0.0007371652172878385, -3.7476770877838135], "vanishing_points_image": {"x": [532.784416805072, 233.7802468535619], "y": [439.35028178251366, 263.27074531781795], "z": [256.2054458416167, -22.25738396774175]}, "camera_uuid": "58e0ccf199c02b51751470380455ffc0", "field_of_view_rads": 0.840274865065328, "room": "9be1cd563f04d329bc30a6918cfb1205"}