{"vanishing_points_gaussian_sphere": {"x": [0.2547142250780495, -0.08333758023471141, 0.9634186583534242], "y": [0.9669113397195105, 0.03663238747637538, -0.25246886800079366], "z": [-0.014252181050989441, 0.9958478377284372, 0.08991084154253082]}, "nonfixated_points_in_view": [1280, 642, 1020, 1277, 794, 155, 27, 412, 1312, 164, 932, 1190, 679, 1321, 1068, 1197, 46, 175, 1072, 561, 690, 691, 819, 309, 947, 1199, 1082, 1083, 455, 73, 457, 1481, 76, 1356, 1486, 592, 344, 988, 993, 1122, 1124, 1380, 872, 377, 1006, 239, 1265, 882, 120, 505, 636, 893, 638, 511], "point_pitch": -0.09724490245315032, "camera_rotation_from_original_to_final": [0.09840906411409378, -0.03957463800907135, -1.6627365350723267], "camera_location": [3.9411685466766357, -6.047142028808594, 4.286668300628662], "camera_rotation_original": [1.584341049194336, -0.008459939621388912, 2.9743051528930664], "view_id": 6, "point_location": [-0.9120739698410034, -4.77532434463501, 3.833740472793579], "camera_distance": 5.03752186459276, "bounding_box_ranges": {"x": [-6.809591898599287, -4.757484815556783], "y": [0.9298002553420326, 3.9411685466766357], "z": [2.7743223652043465, 5.213278272947027]}, "obliqueness_angle": 0.9785087704658508, "resolution": 512, "point_uuid": "1393", "point_normal": [0.3716844916343689, -0.51865553855896, 0.7699657678604126], "camera_rotation_final": [1.4807547330856323, 0.01425266359001398, 1.3132174015045166], "vanishing_points_image": {"x": [360.09082112793334, 290.05650844505465], "y": [437.8404420341575, 249.11079593564082], "z": [252.83924878742934, 35.14767926572856]}, "camera_uuid": "6d257e4888f9878e655953370ee5e983", "field_of_view_rads": 1.0872009869064274, "room": "77c77478b552f1977cad320741ba92a5"}