{"vanishing_points_gaussian_sphere": {"x": [0.2592398151841276, 0.3625666433737973, 0.8951760426508056], "y": [0.9657615328393911, -0.08774665328966347, -0.24414173449898588], "z": [-0.009968947337060864, 0.9278178452417918, -0.3729003434429494]}, "nonfixated_points_in_view": [128, 773, 1288, 1420, 639, 1295, 1300, 1305, 156, 1436, 31, 1313, 1186, 292, 293, 1316, 1448, 811, 300, 173, 1069, 1071, 437, 828, 1469, 702, 1342, 1476, 709, 1223, 458, 204, 981, 475, 352, 1250, 483, 106, 1390, 1263, 624, 502, 762, 251, 1148, 382, 255], "point_pitch": 0.3726944486286978, "camera_rotation_from_original_to_final": [-0.248647540807724, -0.27572962641716003, -1.0466241836547852], "camera_location": [-2.0300116539001465, -0.3511151969432831, 1.4951437711715698], "camera_rotation_original": [1.5840462446212769, -0.0036451206542551517, -2.3237228393554688], "view_id": 1, "point_location": [-3.5608339309692383, -5.964050769805908, 3.8333051204681396], "camera_distance": 6.2702042167966, "bounding_box_ranges": {"x": [-6.441865725963716, -0.3511151969432831], "y": [-7.2534098703832885, -0.2711812894831689], "z": [0.7829126662587074, 5.4777080564605]}, "obliqueness_angle": 0.4652821719646454, "resolution": 512, "point_uuid": "764", "point_normal": [0.0035569830797612667, 0.9999743103981018, 0.006238208152353764], "camera_rotation_final": [1.9529491662979126, 0.00996911246329546, -3.403841018676758], "vanishing_points_image": {"x": [370.1865064291636, 96.3014663268546], "y": [465.4236797827093, 275.02770652555586], "z": [253.95555247371445, 65.72164518351013]}, "camera_uuid": "6f269c44fb405f239d56a612bcda89ad", "field_of_view_rads": 0.9685523983240207, "room": "8de55a2e5745f73de25402626a4c3d61"}