{"vanishing_points_gaussian_sphere": {"x": [-0.5296873303061469, 0.10793996054232398, 0.841296794853795], "y": [0.8481929548432413, 0.06765113893153395, 0.5253494406160127], "z": [-0.00020848846028389309, 0.9918529570049122, -0.12738786525087115]}, "nonfixated_points_in_view": [7, 1037, 542, 1065, 47, 1081, 64, 578, 67, 1095, 1096, 75, 589, 590, 1114, 1121, 618, 1131, 114, 118, 647, 1162, 141, 653, 148, 664, 681, 170, 178, 179, 1202, 1203, 193, 712, 201, 1227, 204, 207, 720, 210, 213, 214, 1242, 1244, 735, 228, 234, 1258, 245, 1276, 769, 263, 1296, 789, 1306, 290, 806, 807, 305, 315, 1346, 1354, 843, 336, 849, 338, 867, 1382, 1386, 370, 374, 888, 383, 1407, 386, 391, 401, 1427, 1438, 931, 420, 1447, 435, 1462, 951, 440, 1466, 1480, 461, 467, 1493, 471, 994, 489], "point_pitch": 0.12578494946030183, "camera_rotation_from_original_to_final": [-0.1220364198088646, -0.03998512774705887, 1.8010995388031006], "camera_location": [-3.8966617584228516, -5.1063923835754395, 1.5070674419403076], "camera_rotation_original": [1.5701526403427124, 0.0018522855825722218, -2.8113532066345215], "view_id": 2, "point_location": [-0.9309813380241394, -3.2544665336608887, 1.9561256170272827], "camera_distance": 3.5251302099866084, "bounding_box_ranges": {"x": [-5.401911052618416, 1.4243601448201098], "y": [-3.8966617584228516, 1.491128794103659], "z": [-0.018293891784644245, 4.763495787522558]}, "obliqueness_angle": 0.9994570016860962, "resolution": 512, "point_uuid": "1400", "point_normal": [-0.9071683883666992, 0.4206092655658722, 0.011552785523235798], "camera_rotation_final": [1.6985312700271606, 0.00020848846179433167, -1.0125644207000732], "vanishing_points_image": {"x": [92.5638914043515, 222.69490451506735], "y": [461.63932866034935, 239.59838440822733], "z": [255.9649622684558, 89.31318389734416]}, "camera_uuid": "62e24ad43a6e699e9b1ae0325438e489", "field_of_view_rads": 1.2428247458846182, "room": "8de55a2e5745f73de25402626a4c3d61"}