{"vanishing_points_gaussian_sphere": {"x": [0.007669768943872242, -0.21933368663145975, 0.9756197561309428], "y": [0.9999656537409848, -0.0013823378474101151, -0.008171932478962744], "z": [0.0031410161910950915, 0.9756489240760369, 0.21931555112795592]}, "nonfixated_points_in_view": [1028, 517, 15, 527, 528, 1044, 1068, 46, 1072, 73, 76, 603, 1122, 611, 616, 1137, 636, 640, 642, 1159, 149, 153, 156, 164, 1191, 173, 692, 1206, 186, 191, 711, 715, 717, 1233, 1234, 725, 1241, 224, 1251, 748, 239, 1263, 1265, 756, 764, 1280, 257, 259, 1288, 779, 270, 272, 788, 793, 1317, 1324, 814, 823, 1343, 321, 1352, 842, 348, 1379, 356, 1380, 870, 359, 871, 368, 880, 1393, 893, 1406, 1420, 409, 930, 419, 421, 437, 1461, 953, 988, 991, 993, 1006, 509], "point_pitch": -0.23938326438399748, "camera_rotation_from_original_to_final": [0.09969257563352585, -0.21439622342586517, -0.48136579990386963], "camera_location": [0.30798399448394775, -4.362792491912842, 3.736617088317871], "camera_rotation_original": [1.5856736898422241, -0.011059120297431946, 2.032072067260742], "view_id": 1, "point_location": [-7.165297508239746, -4.30019474029541, 2.0566518306732178], "camera_distance": 7.660034945806285, "bounding_box_ranges": {"x": [-6.441784211235682, 1.3736581519346673], "y": [-7.431150639136194, 0.30798399448394775], "z": [-0.03789080236296982, 5.461729769443864]}, "obliqueness_angle": 0.27215683460235596, "resolution": 512, "point_uuid": "1371", "point_normal": [0.923491358757019, 0.24771608412265778, 0.2929173409938812], "camera_rotation_final": [1.349682331085205, -0.003141021355986595, 1.5631264448165894], "vanishing_points_image": {"x": [258.69192743026156, 332.98150645011935], "y": [435.0302638639849, 256.2474888098858], "z": [256.6341988794566, 59.00787492075958]}, "camera_uuid": "73759aa4f227ecebe2f10f72d0e43db4", "field_of_view_rads": 1.2375072068149175, "room": "8de55a2e5745f73de25402626a4c3d61"}