{"vanishing_points_gaussian_sphere": {"x": [-0.32174283870405906, -0.19823056316148174, 0.9258435016628543], "y": [0.9468213328351174, -0.07077175906052818, 0.31388010737829586], "z": [0.003302942776653283, 0.9775970550017836, 0.2104592326814241]}, "nonfixated_points_in_view": [998, 268, 1230, 723, 308, 444], "point_pitch": -0.21335331996413665, "camera_rotation_from_original_to_final": [-0.18616575002670288, 0.10903450101613998, 0.8613119721412659], "camera_location": [-6.867229461669922, -9.096433639526367, 4.286715030670166], "camera_rotation_original": [1.574166178703308, -0.001123880734667182, -0.544407844543457], "view_id": 10, "point_location": [-7.285558700561523, -7.862499237060547, 4.006221771240234], "camera_distance": 1.3327677667809599, "bounding_box_ranges": {"x": [-9.096433639526367, -5.978178314371504], "y": [-7.284179678455205, -6.41060987177268], "z": [2.765572470530972, 5.026298425827192]}, "obliqueness_angle": 1.2548203468322754, "resolution": 512, "point_uuid": "875", "point_normal": [0.9999732971191406, 0.004659553058445454, 0.0056385076604783535], "camera_rotation_final": [1.3587504625320435, -0.003302948782220483, 0.32757148146629333], "vanishing_points_image": {"x": [99.58800129214362, 352.36776598962774], "y": [549.2299449791227, 277.9179673035613], "z": [256.96380281355766, -29.264037511153372]}, "camera_uuid": "7f2779005da07c7c8e1ad24c5414740e", "field_of_view_rads": 0.9116228586168533, "room": "ef914082afe6874a9bab2b30c864407b"}