{"vanishing_points_gaussian_sphere": {"x": [0.38691957276060196, 0.25055125586796095, 0.8874217218424062], "y": [0.9220476734586118, -0.09362794947494885, -0.37558207484739936], "z": [-0.011015084398877465, 0.9635651899379223, -0.2672466887644851]}, "nonfixated_points_in_view": [272, 1055, 1183, 804, 1316, 1448, 553, 811, 694, 699, 702, 1217, 322, 706, 1474, 1476, 1224, 209, 343, 856, 1118, 224, 743, 879, 757, 122, 251, 892, 382], "point_pitch": 0.2656311551716666, "camera_rotation_from_original_to_final": [-0.258868008852005, -0.054027434438467026, -2.091007709503174], "camera_location": [-3.8659191131591797, -9.080220222473145, 1.4999077320098877], "camera_rotation_original": [1.5778414011001587, -0.009793577715754509, -3.0118231773376465], "view_id": 1, "point_location": [-6.935413360595703, -7.78112268447876, 2.4242842197418213], "camera_distance": 3.458890158664123, "bounding_box_ranges": {"x": [-9.854598580916576, -5.936687269299182], "y": [-7.293602990662213, -3.8659191131591797], "z": [0.017799747768424412, 2.42759124620192]}, "obliqueness_angle": 1.2964773178100586, "resolution": 512, "point_uuid": "539", "point_normal": [0.0031893665436655283, -0.0021743106190115213, -0.9999926090240479], "camera_rotation_final": [1.8413478136062622, 0.011015307158231735, -5.109703063964844], "vanishing_points_image": {"x": [385.3985361885979, 172.20748074797254], "y": [400.41841597140836, 270.66475166419923], "z": [254.1922919447072, 97.8673436739134]}, "camera_uuid": "0ea84965dc118f5aeb7a085f7794bb81", "field_of_view_rads": 1.2052800007930164, "room": "ade82d56fe033105b37cc8ef1783cd93"}