{"vanishing_points_gaussian_sphere": {"x": [0.16643863989198965, -0.14739675589253165, 0.9749730127051015], "y": [0.9860128809682838, 0.03366495253839135, -0.1632337879705455], "z": [-0.008762289400021906, 0.9885043587779193, 0.15093824883549226]}, "nonfixated_points_in_view": [130, 135, 1159, 393, 522, 906, 14, 528, 274, 147, 406, 534, 792, 1174, 1305, 667, 1054, 161, 1441, 292, 1317, 550, 1318, 42, 556, 1069, 176, 433, 828, 191, 447, 63, 962, 1216, 1474, 1475, 70, 585, 458, 1100, 851, 1491, 1492, 470, 1241, 744, 1268, 1143, 1023], "point_pitch": -0.14637856086226897, "camera_rotation_from_original_to_final": [-0.09741155058145523, 0.12903980910778046, -2.463376998901367], "camera_location": [-6.425679683685303, -2.262380838394165, 1.4977667331695557], "camera_rotation_original": [1.5803217887878418, -0.003540406469255686, -0.8513162136077881], "view_id": 0, "point_location": [-6.922798156738281, -5.231607437133789, 1.0380923748016357], "camera_distance": 3.045444854690339, "bounding_box_ranges": {"x": [-6.441699462698843, -2.262380838394165], "y": [-7.215191021995454, -4.525375627070837], "z": [-0.017304817786293725, 3.282375655934974]}, "obliqueness_angle": 0.5326469540596008, "resolution": 512, "point_uuid": "1135", "point_normal": [-0.33067089319229126, 0.8906070590019226, 0.3122115433216095], "camera_rotation_final": [1.4192731380462646, 0.008762401528656483, -3.3088159561157227], "vanishing_points_image": {"x": [317.3298576608217, 310.31324159114877], "y": [428.1599901828395, 250.12202618202747], "z": [254.21013911906576, 54.07956555222514]}, "camera_uuid": "928222235a04d0c536e00fac4a58b265", "field_of_view_rads": 1.1913100497678786, "room": "8de55a2e5745f73de25402626a4c3d61"}