{"vanishing_points_gaussian_sphere": {"x": [0.07192139214333544, -0.16776485163625093, 0.9832000141922453], "y": [0.9974052941648135, 0.008972999736561463, -0.07142943684315091], "z": [0.003161095406117926, 0.985786203916039, 0.16797490182952646]}, "nonfixated_points_in_view": [1024, 902, 9, 265, 1168, 918, 666, 541, 1181, 59, 1470, 449, 451, 1350, 82, 1110, 983, 353, 482, 355, 609, 101, 873, 1385, 491, 369, 499, 1398, 1016, 1279], "point_pitch": -0.1789993484828134, "camera_rotation_from_original_to_final": [0.16298004984855652, 0.06764531880617142, -0.48766544461250305], "camera_location": [7.106297016143799, -6.809415817260742, 1.504452109336853], "camera_rotation_original": [1.5783125162124634, -0.007616623304784298, -2.721336841583252], "view_id": 1, "point_location": [6.801812171936035, -11.000494003295898, 0.7884265780448914], "camera_distance": 4.262691585193941, "bounding_box_ranges": {"x": [-11.650844513532483, -6.809415817260742], "y": [6.466996828601531, 9.295896788602581], "z": [-0.028316377493766032, 2.4286114368636564]}, "obliqueness_angle": 1.152350902557373, "resolution": 512, "point_uuid": "478", "point_normal": [-0.8788319230079651, 0.47713151574134827, 0.0], "camera_rotation_final": [1.4020204544067383, -0.003161100670695305, -3.213576555252075], "vanishing_points_image": {"x": [288.8780043365886, 332.69169568674596], "y": [479.812542135321, 253.98650569295302], "z": [256.8020271667932, 5.888182855712336]}, "camera_uuid": "b7487260ea08da3259345602cccf923b", "field_of_view_rads": 1.0068426797721106, "room": "8868fae7afbf71557a2e4faceeb9d9d6"}