{"vanishing_points_gaussian_sphere": {"x": [0.02618675676599966, -0.13485325046554952, 0.9905194872434132], "y": [0.9996023221989089, -0.0068374336347710885, -0.027357758604080212], "z": [0.010461893931186397, 0.9908419906020162, 0.13462057210993697]}, "nonfixated_points_in_view": [385, 779, 1147, 1038, 18, 1042, 23, 1051, 796, 669, 1446, 168, 297, 1324, 46, 815, 563, 1334, 1208, 1209, 442, 443, 826, 318, 704, 1219, 452, 580, 839, 76, 719, 464, 337, 978, 1105, 1361, 1238, 347, 606, 1120, 227, 1251, 1379, 231, 871, 1001, 1259, 364, 493, 494, 1137, 1138, 121, 634, 635, 766], "point_pitch": -0.1406985958430429, "camera_rotation_from_original_to_final": [-0.08643878251314163, 0.11927364021539688, 0.9784666299819946], "camera_location": [-6.116707801818848, -5.171044826507568, 1.5127230882644653], "camera_rotation_original": [1.5826430320739746, -0.00107341050170362, -1.010670781135559], "view_id": 3, "point_location": [-5.934573650360107, 1.423333764076233, 0.6164867877960205], "camera_distance": 6.657495082505763, "bounding_box_ranges": {"x": [-5.171044826507568, 1.5575682870933676], "y": [-7.398068773294137, -1.6813579571914534], "z": [-0.035721048275091816, 3.6734347880817726]}, "obliqueness_angle": 0.5268862843513489, "resolution": 512, "point_uuid": "1106", "point_normal": [0.4730258882045746, -0.8800685405731201, 0.04154576361179352], "camera_rotation_final": [1.435758352279663, -0.010462084785103798, -0.026191184297204018], "vanishing_points_image": {"x": [266.35227784380953, 309.3108521011198], "y": [452.76552458444644, 257.3459064530758], "z": [258.23818135977007, 44.02269565818202]}, "camera_uuid": "676a1ae5fa5b4d774f8408cdbebb47fb", "field_of_view_rads": 1.1407346944563055, "room": "8de55a2e5745f73de25402626a4c3d61"}