{"vanishing_points_gaussian_sphere": {"x": [0.20948000348146775, 0.11122170578032775, 0.9714668601165551], "y": [0.9777757274044039, -0.03249306110833248, -0.2071203222250269], "z": [0.00852965651084848, 0.9932642816205184, -0.1155565308266156]}, "nonfixated_points_in_view": [258, 23, 1051, 796, 295, 297, 1324, 1208, 1209, 443, 318, 1219, 452, 1220, 839, 719, 464, 337, 1105, 1106, 1361, 1238, 606, 227, 231, 871, 1259, 364, 1137, 1138, 371, 634, 1151], "point_pitch": 0.11029572884110017, "camera_rotation_from_original_to_final": [0.06642337888479233, -0.08319257199764252, 0.6381418108940125], "camera_location": [-6.425679683685303, -2.262380838394165, 1.4977667331695557], "camera_rotation_original": [1.5803217887878418, -0.003540406469255686, -0.8513162136077881], "view_id": 1, "point_location": [-5.625615119934082, 1.4902026653289795, 1.9441386461257935], "camera_distance": 3.8628012683959105, "bounding_box_ranges": {"x": [-2.262380838394165, 1.5574976024667189], "y": [-7.236359040532812, -2.1303680919352876], "z": [-0.03177431465481895, 3.6079871786180417]}, "obliqueness_angle": 1.2604490518569946, "resolution": 512, "point_uuid": "704", "point_normal": [0.029174713417887688, -0.2041863650083542, -0.9784972667694092], "camera_rotation_final": [1.6866158246994019, -0.00852975994348526, -0.21105092763900757], "vanishing_points_image": {"x": [325.6871355954703, 219.00018157790944], "y": [407.57988497767775, 261.0372435389129], "z": [257.3795429890255, 95.35451864722955]}, "camera_uuid": "928222235a04d0c536e00fac4a58b265", "field_of_view_rads": 1.2846828192381763, "room": "8de55a2e5745f73de25402626a4c3d61"}