{"vanishing_points_gaussian_sphere": {"x": [-0.19449506478917397, 0.13017519949312525, 0.9722273845194757], "y": [0.9808236279189475, 0.03845727242135213, 0.19106556234398717], "z": [-0.012517215687569428, 0.9907448993736152, -0.13515866112312563]}, "nonfixated_points_in_view": [1153, 938, 145, 727, 824, 1086, 767], "point_pitch": 0.12948508659866853, "camera_rotation_from_original_to_final": [-0.020606283098459244, 0.12162467837333679, -1.409524917602539], "camera_location": [9.260228157043457, -5.390367031097412, 1.483417272567749], "camera_rotation_original": [1.5841377973556519, -0.003986796829849482, 1.603506326675415], "view_id": 5, "point_location": [8.82886028289795, -3.19537353515625, 1.7885642051696777], "camera_distance": 2.2576955926716993, "bounding_box_ranges": {"x": [-5.390367031097412, -3.125002404662505], "y": [7.672193642007501, 9.958001960373947], "z": [0.24568830954783405, 2.4146887517762945]}, "obliqueness_angle": 0.23016580939292908, "resolution": 512, "point_uuid": "331", "point_normal": [0.019759416580200195, -0.9996874332427979, 0.015317363664507866], "camera_rotation_final": [1.7063806056976318, 0.012517542578279972, 0.19575819373130798], "vanishing_points_image": {"x": [185.63561173883102, 208.90524060835068], "y": [457.6087909235853, 248.09508827643327], "z": [253.82018841837254, 83.46664593807213]}, "camera_uuid": "c1794b25c1fb8d8a110051a2a47edf91", "field_of_view_rads": 1.2059206369319062, "room": "66bc78dc545e1a7b7ac07302c82067c1"}