{"vanishing_points_gaussian_sphere": {"x": [0.5036166419519402, -0.21095689010192123, 0.8377753090582087], "y": [0.8639012126237546, 0.115443781648426, -0.4902524126467069], "z": [0.006706174487554635, 0.9706543791675988, 0.24038532281839925]}, "nonfixated_points_in_view": [480, 803, 1283, 1127, 1225, 1260, 559, 432, 177, 1201], "point_pitch": -0.24599914153548674, "camera_rotation_from_original_to_final": [-0.24136516451835632, -0.039725497364997864, 2.510958671569824], "camera_location": [-5.364199638366699, -8.788909912109375, 4.275810241699219], "camera_rotation_original": [1.5721772909164429, 0.007314607501029968, 0.10773365199565887], "view_id": 0, "point_location": [-6.992741584777832, -11.571866989135742, 3.477287530899048], "camera_distance": 3.3218425052951877, "bounding_box_ranges": {"x": [-11.992308036465253, -8.788909912109375], "y": [-7.28417902312141, -5.364199638366699], "z": [2.7679534761503417, 4.8864129173785384]}, "obliqueness_angle": 0.5221134424209595, "resolution": 512, "point_uuid": "1430", "point_normal": [0.044872257858514786, 0.9983897805213928, 0.03470352664589882], "camera_rotation_final": [1.3280279636383057, -0.006706224754452705, 2.613799571990967], "vanishing_points_image": {"x": [502.973711323212, 359.45330502927743], "y": [453.7249465456745, 229.57786373960474], "z": [258.1721910803363, -58.40380628778097]}, "camera_uuid": "c71ad462c76696bcaee0b134a2de9f61", "field_of_view_rads": 0.8443071213454998, "room": "ef914082afe6874a9bab2b30c864407b"}