{"vanishing_points_gaussian_sphere": {"x": [-0.18978209548855118, 0.3074039850284157, 0.9324620883556736], "y": [0.981714305776407, 0.04507271415402134, 0.18494721482827847], "z": [0.01482491369020222, 0.9505110417177907, -0.31033688389657876]}, "nonfixated_points_in_view": [728, 890, 572, 965], "point_pitch": 0.3165188590672354, "camera_rotation_from_original_to_final": [-0.054045628756284714, 0.2963351607322693, 1.5354561805725098], "camera_location": [-2.125469923019409, -10.290050506591797, 1.5054166316986084], "camera_rotation_original": [1.585587501525879, -0.0013757790438830853, 1.7914842367172241], "view_id": 1, "point_location": [-1.8489652872085571, -11.684123992919922, 1.9693846702575684], "camera_distance": 1.4950458427364957, "bounding_box_ranges": {"x": [-12.057500322528272, -10.290050506591797], "y": [-2.539066777861306, -0.6467797428946969], "z": [1.1009789117052717, 2.402437174575574]}, "obliqueness_angle": 1.237835168838501, "resolution": 512, "point_uuid": "97", "point_normal": [0.0013059190241619945, 0.01801478862762451, -0.9998369216918945], "camera_rotation_final": [1.886379599571228, -0.014825456775724888, 3.3325541019439697], "vanishing_points_image": {"x": [175.0146916253192, 124.82215385468837], "y": [502.3940236989274, 244.68749560427582], "z": [258.9231504729824, 68.5799003464942]}, "camera_uuid": "2b230e47a809ba0986cefc4de1b011af", "field_of_view_rads": 1.0239588109774955, "room": "856e4980d5eb3351797f528948f684e5"}