{"vanishing_points_gaussian_sphere": {"x": [-0.36540795426865197, -0.28659187166187144, 0.885630919771066], "y": [0.9308368607928578, -0.11704564242131334, 0.3461835585054268], "z": [0.004445845982145801, 0.9508761310957003, 0.30953968689971817]}, "nonfixated_points_in_view": [928, 954, 770, 4, 361, 1035, 143, 1266, 1011, 950, 567, 1497, 730, 187, 380, 799], "point_pitch": -0.32161979278060393, "camera_rotation_from_original_to_final": [-0.1722003072500229, 0.27140843868255615, 1.4024524688720703], "camera_location": [3.5659539699554443, -4.741698265075684, 4.287182807922363], "camera_rotation_original": [1.576193928718567, 0.006192484870553017, -1.0516655445098877], "view_id": 0, "point_location": [2.8743538856506348, -2.9723987579345703, 3.6687891483306885], "camera_distance": 1.9977842887391426, "bounding_box_ranges": {"x": [-4.741698265075684, -0.04548890468531486], "y": [1.643910846431229, 4.085937153406563], "z": [2.7645159876000553, 5.195139433810028]}, "obliqueness_angle": 1.202694058418274, "resolution": 512, "point_uuid": "595", "point_normal": [0.9998926520347595, -0.014193681068718433, 0.003646435681730509], "camera_rotation_final": [1.2560842037200928, -0.004445860628038645, 0.37407490611076355], "vanishing_points_image": {"x": [121.02142155215924, 361.8645904658788], "y": [487.6872710403806, 285.1329089145267], "z": [257.08259331383215, 24.455284789261345]}, "camera_uuid": "cb2f6552a3a803bf140924ce8faafd94", "field_of_view_rads": 1.1127412230940124, "room": "b882b325a4c32027bb7a3589209866b9"}