{"vanishing_points_gaussian_sphere": {"x": [-0.5890784001457262, 0.14900574255528856, 0.7942190674916454], "y": [0.8079597924400657, 0.1252676153413382, 0.5757681810823698], "z": [-0.013697163281413422, 0.9808696718893095, -0.19418309526269456]}, "nonfixated_points_in_view": [1027, 1159, 1417, 779, 1420, 399, 527, 528, 786, 1042, 1045, 279, 281, 793, 1305, 925, 31, 1186, 164, 292, 1316, 1317, 1448, 809, 811, 939, 941, 46, 430, 1069, 689, 1071, 1198, 692, 1200, 54, 823, 828, 1469, 190, 191, 63, 702, 1474, 1476, 1349, 1223, 1353, 458, 76, 1100, 335, 1234, 852, 469, 1241, 1374, 736, 1248, 611, 1379, 106, 493, 1006, 1135, 368, 624, 1263, 1265, 756, 1143, 122, 251, 636, 893, 382, 255], "point_pitch": 0.19433732430008455, "camera_rotation_from_original_to_final": [-0.11268015205860138, -0.14451731741428375, -1.751433253288269], "camera_location": [-2.0300116539001465, -0.3511151969432831, 1.4951437711715698], "camera_rotation_original": [1.5840462446212769, -0.0036451206542551517, -2.3237228393554688], "view_id": 1, "point_location": [-6.982118129730225, -3.941138744354248, 2.7059123516082764], "camera_distance": 6.2351895137272875, "bounding_box_ranges": {"x": [-6.4414565012563685, -0.34766167841784323], "y": [-7.431087250590155, -2.0300116539001465], "z": [-0.029358734383798768, 5.478124670088917]}, "obliqueness_angle": 1.0609261989593506, "resolution": 512, "point_uuid": "394", "point_normal": [0.025108609348535538, 0.93359375, 0.35745278000831604], "camera_rotation_final": [1.7662395238876343, 0.013697591610252857, -4.08240270614624], "vanishing_points_image": {"x": [53.74848975730145, 204.84104312908664], "y": [490.8530211233696, 219.58794312896978], "z": [253.41568853286648, 70.93447301845538]}, "camera_uuid": "6f269c44fb405f239d56a612bcda89ad", "field_of_view_rads": 1.107644126887473, "room": "8de55a2e5745f73de25402626a4c3d61"}