{"vanishing_points_gaussian_sphere": {"x": [0.06360114961165646, -0.10189248961042936, 0.9927601998111448], "y": [0.9979554606285418, 0.0127813817552336, -0.06262215967292996], "z": [-0.006308119351331564, 0.9947133038425774, 0.10249707697702329]}, "nonfixated_points_in_view": [1152, 644, 773, 1159, 521, 522, 141, 639, 272, 401, 402, 528, 786, 535, 920, 793, 795, 29, 1182, 37, 678, 1317, 299, 941, 814, 1198, 689, 818, 436, 57, 315, 1087, 1472, 322, 707, 1218, 1474, 966, 967, 200, 1478, 1100, 1490, 339, 852, 981, 1371, 224, 1248, 740, 229, 997, 1252, 488, 1254, 106, 1143, 1019, 1021, 127], "point_pitch": -0.11302916606399016, "camera_rotation_from_original_to_final": [0.10018966346979141, 0.0298235435038805, -2.1000216007232666], "camera_location": [3.8354318141937256, -5.580057144165039, 1.5235874652862549], "camera_rotation_original": [1.571001648902893, -0.012118679471313953, -2.674816608428955], "view_id": 7, "point_location": [-6.670421123504639, -4.917357921600342, 0.43891391158103943], "camera_distance": 10.582467906246729, "bounding_box_ranges": {"x": [-8.743038835470552, -3.9231581168590837], "y": [-3.5502779495776013, 3.8354318141937256], "z": [-0.05799689446380418, 2.427728988979169]}, "obliqueness_angle": 0.45385274291038513, "resolution": 512, "point_uuid": "63", "point_normal": [0.9196500182151794, 0.38128751516342163, 0.09414785355329514], "camera_rotation_final": [1.4681168794631958, 0.006308161187916994, -4.776034355163574], "vanishing_points_image": {"x": [285.5292228114459, 303.30741577614293], "y": [482.2618891405319, 253.1021356204173], "z": [254.44533300991625, 10.84802173966986]}, "camera_uuid": "c83171f93afe09cc67e6fc1972ae2a82", "field_of_view_rads": 1.0017192832307495, "room": "856e4980d5eb3351797f528948f684e5"}