{"vanishing_points_gaussian_sphere": {"x": [0.3659719959792817, 0.21508760127992133, 0.9054290816704478], "y": [0.9306223478793423, -0.08725801290670558, -0.3554266236667051], "z": [0.0025580825790135994, 0.9726887287098699, -0.23209931765150918]}, "nonfixated_points_in_view": [1345, 1381, 998, 875, 717, 1230, 1488, 723, 308, 629, 246, 444], "point_pitch": 0.23513646523026033, "camera_rotation_from_original_to_final": [0.020437194034457207, -0.23141326010227203, 2.659165143966675], "camera_location": [-3.781970262527466, -8.79295825958252, 4.280111312866211], "camera_rotation_original": [1.5727763175964355, 0.0018530383240431547, -1.4653403759002686], "view_id": 9, "point_location": [-7.267398357391357, -7.4247517585754395, 5.173572063446045], "camera_distance": 3.8494765569882516, "bounding_box_ranges": {"x": [-9.015915802088672, -6.08863954420633], "y": [-7.284179495026419, -3.781970262527466], "z": [3.507498471955597, 5.212114269423411]}, "obliqueness_angle": 0.5561049580574036, "resolution": 512, "point_uuid": "256", "point_normal": [0.7755764722824097, -0.0016182123217731714, -0.6312515139579773], "camera_rotation_final": [1.80503249168396, -0.0025580853689461946, 1.1961179971694946], "vanishing_points_image": {"x": [446.0815354491819, 144.28603839490663], "y": [480.61558150434337, 277.06064759202866], "z": [256.6515339149615, 8.259875949895015]}, "camera_uuid": "719f11efd7d094b502660bf8fb326352", "field_of_view_rads": 0.8462102675973824, "room": "ef914082afe6874a9bab2b30c864407b"}