{"vanishing_points_gaussian_sphere": {"x": [0.10357216325632351, -0.022460504704185, 0.9943683083882142], "y": [0.9945477494943304, -0.009872176732431298, -0.10381384350040375], "z": [0.012148290997837539, 0.999698987623273, 0.02131556170582737]}, "nonfixated_points_in_view": [0, 1284, 1273, 134, 520, 1032, 1033, 267, 1418, 398, 528, 784, 658, 912, 660, 278, 1176, 26, 410, 34, 293, 805, 167, 296, 933, 1061, 171, 428, 301, 685, 814, 48, 688, 50, 818, 944, 55, 184, 313, 695, 827, 1336, 701, 829, 192, 1474, 708, 197, 965, 327, 328, 458, 1100, 1231, 1232, 465, 722, 1360, 980, 1365, 215, 88, 984, 858, 1243, 1368, 223, 863, 1248, 99, 100, 357, 996, 617, 1319, 242, 115, 627, 885, 758, 119, 1066, 1067, 1320, 254], "point_pitch": -0.05191557010146575, "camera_rotation_from_original_to_final": [-0.006419551558792591, -0.05206824839115143, 0.045965973287820816], "camera_location": [3.307429552078247, -10.623159408569336, 1.5089129209518433], "camera_rotation_original": [1.6019235849380493, -0.010716056451201439, 1.4206318855285645], "view_id": 0, "point_location": [-3.341876268386841, -9.928959846496582, 1.3663756847381592], "camera_distance": 6.686964795302079, "bounding_box_ranges": {"x": [-12.058965192108582, -6.121071921862272], "y": [-3.5502828063750944, 3.307429552078247], "z": [-0.08328717982374638, 2.427031559302934]}, "obliqueness_angle": 0.8720535635948181, "resolution": 512, "point_uuid": "1329", "point_normal": [0.6584511399269104, -0.043620601296424866, -0.7513584494590759], "camera_rotation_final": [1.5494775772094727, -0.012148589827120304, 1.46703040599823], "vanishing_points_image": {"x": [293.9573435107126, 264.2313728484248], "y": [430.22482812797443, 257.72940745713953], "z": [258.26271763936745, 69.7979627129743]}, "camera_uuid": "6fc923253b31e08cd2b4b232614b75a1", "field_of_view_rads": 1.2142142725015908, "room": "856e4980d5eb3351797f528948f684e5"}