{"vanishing_points_gaussian_sphere": {"x": [-0.08509230333515866, 0.12793500235156754, 0.9881254652555119], "y": [0.9963387104403167, 0.01916181180186377, 0.08331865965434625], "z": [-0.008274901283046953, 0.9915974284667011, -0.12909711796543505]}, "nonfixated_points_in_view": [3, 643, 644, 771, 774, 775, 137, 1160, 1286, 12, 1164, 1422, 529, 530, 1403, 1428, 665, 285, 797, 287, 416, 673, 926, 1442, 1188, 165, 934, 1443, 296, 298, 43, 172, 682, 1066, 1070, 1328, 1330, 181, 821, 1078, 1080, 1084, 317, 958, 65, 66, 1221, 1351, 973, 848, 1236, 1113, 351, 607, 1378, 99, 617, 362, 363, 1130, 751, 241, 1395, 116, 117, 1013, 1269, 248, 1271, 1021, 894, 1399], "point_pitch": 0.12862618366745515, "camera_rotation_from_original_to_final": [-0.09198664873838425, 0.09982548654079437, 0.9284806251525879], "camera_location": [2.0380539894104004, -3.850883722305298, 1.5039372444152832], "camera_rotation_original": [1.5646412372589111, 0.005592518951743841, 2.2927701473236084], "view_id": 6, "point_location": [2.624178171157837, -10.802122116088867, 2.412104845046997], "camera_distance": 7.034772727971619, "bounding_box_ranges": {"x": [-11.703192382173732, -3.850883722305298], "y": [0.9034418102943975, 6.510094855256197], "z": [-0.025575686112345286, 2.427073049132969]}, "obliqueness_angle": 1.4434303045272827, "resolution": 512, "point_uuid": "847", "point_normal": [-0.0012918972643092275, -0.0022084552329033613, -0.9999967217445374], "camera_rotation_final": [1.7002592086791992, 0.008274995721876621, 3.2267909049987793], "vanishing_points_image": {"x": [216.15414802984048, 196.09235893610727], "y": [502.3069085451305, 251.2629697335007], "z": [254.15843584348528, 35.32180463619303]}, "camera_uuid": "46dec00679fa99b86c497ab5e0e1ad5c", "field_of_view_rads": 0.9907030708176878, "room": "856e4980d5eb3351797f528948f684e5"}