{"vanishing_points_gaussian_sphere": {"x": [-0.1253857336052339, -0.3828151785219308, 0.9152764374228693], "y": [0.9914045116864859, -0.013609370860385321, 0.13012255466468908], "z": [-0.03735655251703256, 0.9237247014765855, 0.3812311160779448]}, "nonfixated_points_in_view": [898, 6, 395, 1035, 791, 162, 674, 1445, 1449, 426, 950, 954, 446, 1090, 68, 964, 838, 1226, 206, 597, 730, 92, 477, 992, 610, 232, 105, 236, 1011, 887, 504], "point_pitch": -0.38847891887160735, "camera_rotation_from_original_to_final": [0.3572574853897095, -0.22301097214221954, -2.640796422958374], "camera_location": [3.7044036388397217, -10.948698043823242, 4.2955145835876465], "camera_rotation_original": [1.5925167798995972, -0.030547533184289932, 2.7276031970977783], "view_id": 3, "point_location": [3.1829490661621094, -7.280808925628662, 2.7677650451660156], "camera_distance": 4.007411100129719, "bounding_box_ranges": {"x": [-10.948698043823242, -4.672907893642316], "y": [1.1351601186080988, 4.17401816448238], "z": [2.7660814232576096, 5.1069221127746705]}, "obliqueness_angle": 1.0846260786056519, "resolution": 512, "point_uuid": "1171", "point_normal": [0.0031700183171778917, -0.09542631357908249, 0.9954315423965454], "camera_rotation_final": [1.1793806552886963, 0.03736524656414986, 0.12580490112304688], "vanishing_points_image": {"x": [211.48869232919242, 391.8974717641522], "y": [460.1639455332456, 258.80263284898194], "z": [247.11365347662203, 36.265114512850985]}, "camera_uuid": "7932379097c760f1e8c634ee2e00522a", "field_of_view_rads": 1.1734346117679826, "room": "77c77478b552f1977cad320741ba92a5"}