{"vanishing_points_gaussian_sphere": {"x": [-0.5166314592825538, -0.22937009662925836, 0.8249129008882475], "y": [0.856116801097515, -0.15243852503131639, 0.4937879291404709], "z": [0.012488320869397766, 0.9613281723004696, 0.2751221310314776]}, "nonfixated_points_in_view": [3, 771, 775, 1160, 1291, 12, 529, 665, 926, 287, 1439, 35, 1188, 934, 1062, 1070, 1328, 821, 1078, 195, 1347, 973, 1113, 1370, 1117, 607, 1378, 486, 362, 363, 1395, 117, 1271, 894], "point_pitch": -0.27550332149001555, "camera_rotation_from_original_to_final": [0.07378412038087845, -0.28268003463745117, 1.900227427482605], "camera_location": [2.5174548625946045, -7.046302795410156, 1.517836332321167], "camera_rotation_original": [1.5836472511291504, 0.0011349497362971306, 1.7721537351608276], "view_id": 5, "point_location": [5.182490348815918, -11.498461723327637, 0.03296781703829765], "camera_distance": 5.397125791411489, "bounding_box_ranges": {"x": [-11.705211535627557, -7.046302795410156], "y": [2.5174548625946045, 6.510249500531991], "z": [-0.031996539696077075, 2.401821086047585]}, "obliqueness_angle": 0.489423930644989, "resolution": 512, "point_uuid": "89", "point_normal": [-0.8234639167785645, 0.5664904713630676, 0.03155704587697983], "camera_rotation_final": [1.2920572757720947, -0.012488645501434803, 3.68455171585083], "vanishing_points_image": {"x": [13.575074549962398, 363.6299702171343], "y": [569.4103808731592, 311.8052547602855], "z": [259.9921989826037, -51.31219925736404]}, "camera_uuid": "3d5b30db610d18db270d0baeb235eacb", "field_of_view_rads": 0.8693196105867449, "room": "856e4980d5eb3351797f528948f684e5"}