{"vanishing_points_gaussian_sphere": {"x": [0.056005651744544555, -0.2644014618525216, 0.9627851442263318], "y": [0.9984208924872058, 0.01061144041985196, -0.05516447024369595], "z": [0.004369029379676844, 0.9643543250810179, 0.26457824415437875]}, "nonfixated_points_in_view": [7, 654, 144, 17, 28, 1438, 422, 806, 170, 560, 1465, 1085, 703, 456, 1483, 334, 463, 591, 977, 1366, 91, 1128, 1133, 623, 1141], "point_pitch": -0.2556306560847421, "camera_rotation_from_original_to_final": [0.06312846392393112, -0.273664653301239, 2.8750476837158203], "camera_location": [2.5174548625946045, -7.046302795410156, 1.517836332321167], "camera_rotation_original": [1.5836472511291504, 0.0011349497362971306, 1.7721537351608276], "view_id": 6, "point_location": [6.345012664794922, -7.265610694885254, 0.46600329875946045], "camera_distance": 3.9755059526793772, "bounding_box_ranges": {"x": [-9.659836248256662, -4.8919516718780205], "y": [2.5174548625946045, 6.510038860844718], "z": [-0.01960419317287465, 2.4274136440951675]}, "obliqueness_angle": 0.26701757311820984, "resolution": 512, "point_uuid": "1391", "point_normal": [-0.999972403049469, -0.0018543078331276774, 0.007203808054327965], "camera_rotation_final": [1.3030271530151367, -0.004369043279439211, 4.65635347366333], "vanishing_points_image": {"x": [278.91049880689934, 364.15996578246603], "y": [462.12871443197014, 253.8092179475866], "z": [257.0681969784594, 20.2221448526829]}, "camera_uuid": "3d5b30db610d18db270d0baeb235eacb", "field_of_view_rads": 1.0857566236554907, "room": "856e4980d5eb3351797f528948f684e5"}