{"vanishing_points_gaussian_sphere": {"x": [-0.5382624305735342, 0.15070454828667287, 0.8291934002141969], "y": [0.8426832961955143, 0.08154703708314028, 0.5321982178249229], "z": [0.012586427059915018, 0.9852097339494118, -0.1708899118883107]}, "nonfixated_points_in_view": [642, 1028, 1288, 1420, 270, 15, 276, 149, 404, 1044, 156, 930, 419, 173, 437, 1206, 1461, 321, 1352, 73, 715, 1355, 1233, 725, 603, 348, 991, 224, 1122, 611, 356, 359, 616, 748, 1263, 880, 1393, 764, 509, 1406], "point_pitch": 0.1581370393421988, "camera_rotation_from_original_to_final": [-0.06877709925174713, 0.1410956084728241, 0.10414521396160126], "camera_location": [0.30798399448394775, -4.362792491912842, 3.736617088317871], "camera_rotation_original": [1.5856736898422241, -0.011059120297431946, 2.032072067260742], "view_id": 0, "point_location": [-6.83908224105835, -8.949967384338379, 5.209567070007324], "camera_distance": 8.619298695338614, "bounding_box_ranges": {"x": [-6.441893004330208, -4.32203057416686], "y": [-7.249096539928441, 0.30798399448394775], "z": [1.2832133506018242, 5.460688973356302]}, "obliqueness_angle": 1.405108094215393, "resolution": 512, "point_uuid": "717", "point_normal": [-0.006347812246531248, -0.0012992933625355363, -0.9999790787696838], "camera_rotation_final": [1.7425428628921509, -0.012586759403347969, 2.139220952987671], "vanishing_points_image": {"x": [61.553461936667915, 201.55819611352484], "y": [498.8221408321573, 232.50193588451853], "z": [258.45220047337637, 64.05261378267208]}, "camera_uuid": "73759aa4f227ecebe2f10f72d0e43db4", "field_of_view_rads": 1.0885699802923718, "room": "8de55a2e5745f73de25402626a4c3d61"}