{"vanishing_points_gaussian_sphere": {"x": [-0.6100937885232519, -0.06455034359911506, 0.7896953984585334], "y": [0.7921253253127069, -0.027082318639373854, 0.6097573427318067], "z": [-0.01797326357632019, 0.9975468917090322, 0.06765471630318548]}, "nonfixated_points_in_view": [263, 1294, 915, 1427, 661, 664, 1050, 1309, 552, 557, 302, 178, 1462, 1466, 64, 67, 332, 589, 720, 467, 214, 1240, 867, 618, 1393, 114, 370, 118, 1014, 1407], "point_pitch": -0.0837375362727304, "camera_rotation_from_original_to_final": [-0.09022583067417145, 0.02464490570127964, -0.8408331871032715], "camera_location": [-2.484394073486328, -5.331701278686523, 4.301449775695801], "camera_rotation_original": [1.594873070716858, 5.2980572945671156e-05, -0.07394442707300186], "view_id": 5, "point_location": [1.4626303911209106, -2.2840356826782227, 3.9633002281188965], "camera_distance": 4.998160839085883, "bounding_box_ranges": {"x": [-5.331701278686523, -2.621163648823595], "y": [-2.484394073486328, 1.4798520443610714], "z": [2.7070367767458117, 5.099980953156793]}, "obliqueness_angle": 0.6530635356903076, "resolution": 512, "point_uuid": "1114", "point_normal": [-0.9999719262123108, -0.00725980568677187, 0.0018650767160579562], "camera_rotation_final": [1.5030789375305176, 0.017974231392145157, -0.9144929647445679], "vanishing_points_image": {"x": [2.4077170990905468, 282.8310697523416], "y": [542.6404011419384, 265.8000738400573], "z": [251.32074916881473, -3.7064301847531995]}, "camera_uuid": "c5be5141daf3c047a2d6d480abd9ff63", "field_of_view_rads": 0.9414349507799468, "room": "7177ff6aafad58b0656fca6e31b41601"}