{"vanishing_points_gaussian_sphere": {"x": [-0.6177623856505897, -0.07231600273333827, 0.7830325859272804], "y": [0.7863640111727385, -0.05538000693563038, 0.6152761142480105], "z": [-0.0011299591202395113, 0.995843085320414, 0.09107838718326784]}, "nonfixated_points_in_view": [256, 2, 131, 514, 1283, 1411, 266, 400, 656, 403, 1430, 1303, 1177, 413, 1056, 1440, 419, 676, 803, 1060, 41, 169, 812, 1454, 559, 432, 1201, 1207, 700, 189, 1352, 1225, 717, 1101, 1230, 1488, 850, 1494, 601, 480, 1125, 102, 1127, 1381, 745, 875, 1260, 1261, 110, 111, 366, 622, 1134, 883, 629, 379, 125], "point_pitch": -0.09302870830031829, "camera_rotation_from_original_to_final": [0.06050078198313713, 0.06929576396942139, -1.7913024425506592], "camera_location": [-2.9783132076263428, -7.1683149337768555, 4.279703140258789], "camera_rotation_original": [1.5714958906173706, -0.0020283132325857878, -2.2531356811523438], "view_id": 4, "point_location": [-7.264019012451172, -10.535853385925293, 3.7812113761901855], "camera_distance": 5.473214807807055, "bounding_box_ranges": {"x": [-11.99411186697306, -7.14179611014967], "y": [-7.284179669682844, -2.9783132076263428], "z": [2.765138220864727, 5.212401054511139]}, "obliqueness_angle": 0.6634161472320557, "resolution": 512, "point_uuid": "177", "point_normal": [0.9999691247940063, 0.007704641669988632, 0.0015844037989154458], "camera_rotation_final": [1.4795914888381958, 0.0011299593606963754, -4.046494483947754], "vanishing_points_image": {"x": [84.71081734112994, 276.0513163136421], "y": [447.62310404049487, 269.49513543347865], "z": [255.8002613722034, 79.9685597471338]}, "camera_uuid": "e17726a518b6f85be09164e3bce92661", "field_of_view_rads": 1.2980528899880663, "room": "ef914082afe6874a9bab2b30c864407b"}