{"vanishing_points_gaussian_sphere": {"x": [-0.11008927840105377, 0.11391707982931952, 0.9873718902745287], "y": [0.9939020204946705, 0.006365760010209993, 0.11008292672392092], "z": [0.006254953057138984, 0.9934698666908086, -0.11392321773721163]}, "nonfixated_points_in_view": [513, 1154, 901, 397, 1293, 19, 159, 166, 810, 942, 1074, 1459, 182, 183, 1467, 830, 833, 968, 74, 588, 205, 1359, 212, 1499, 1116, 734, 612, 103, 1008, 244], "point_pitch": 0.11847682396439119, "camera_rotation_from_original_to_final": [-0.09781011193990707, -0.050106506794691086, 1.2094542980194092], "camera_location": [-1.9461179971694946, -10.539590835571289, 4.280216217041016], "camera_rotation_original": [1.5751063823699951, -0.006250596605241299, -2.666795015335083], "view_id": 0, "point_location": [0.4608452022075653, -10.271236419677734, 4.557932376861572], "camera_distance": 2.437747258092179, "bounding_box_ranges": {"x": [-11.225790402840868, -9.682550201392756], "y": [-1.9461179971694946, 0.8271429394370238], "z": [3.4525150888159724, 5.223632653072962]}, "obliqueness_angle": 0.47199809551239014, "resolution": 512, "point_uuid": "250", "point_normal": [-0.8111556768417358, -0.4980577230453491, -0.3065374195575714], "camera_rotation_final": [1.6849696636199951, -0.006254993844777346, -1.4604812860488892], "vanishing_points_image": {"x": [192.6242645967509, 190.42069187815972], "y": [562.5693907125969, 254.0364793234031], "z": [257.72489558914054, -17.963973085813073]}, "camera_uuid": "41fe4d40075167d2675e7ca53b4961cc", "field_of_view_rads": 0.8275875356955242, "room": "c6b90c3c2e476767ef8ca0b4e5cf1d4d"}