{"vanishing_points_gaussian_sphere": {"x": [0.5948575867311229, 0.1546629847056456, 0.7888116458764829], "y": [0.803786233037053, -0.10407946093330503, -0.5857432521096058], "z": [-0.0084937087617256, 0.9824697588087757, -0.18622843482588025]}, "nonfixated_points_in_view": [516, 1028, 13, 20, 22, 32, 1059, 548, 38, 39, 40, 45, 557, 64, 578, 67, 589, 590, 87, 1112, 1114, 92, 1126, 615, 109, 118, 1148, 1150, 128, 647, 653, 148, 149, 661, 1172, 668, 160, 675, 1189, 681, 173, 179, 691, 1211, 1213, 709, 204, 213, 1240, 729, 1244, 735, 1250, 739, 236, 762, 764, 769, 261, 1285, 263, 1294, 271, 1295, 276, 1300, 1306, 1309, 1313, 293, 809, 300, 813, 302, 1342, 324, 843, 332, 844, 340, 1369, 1373, 352, 1377, 356, 1390, 370, 888, 1400, 1405, 1415, 907, 919, 1431, 1436, 414, 931, 424, 1455, 945, 435, 1461, 951, 440, 445, 957, 450, 1479, 461, 1485, 981, 471, 475, 991, 483, 489, 490, 502, 1014, 1022], "point_pitch": 0.16947980324295564, "camera_rotation_from_original_to_final": [0.15092016756534576, -0.09710753709077835, -1.4970195293426514], "camera_location": [-6.215150356292725, 0.12702560424804688, 1.4902317523956299], "camera_rotation_original": [1.5806941986083984, -0.017110392451286316, -0.7174729108810425], "view_id": 0, "point_location": [-0.9442061185836792, -3.7869856357574463, 2.734633684158325], "camera_distance": 6.682130806211481, "bounding_box_ranges": {"x": [-6.441883350906577, 0.12702560424804688], "y": [-6.215150356292725, 1.4912054019571768], "z": [-0.019898057551528514, 5.466856759840275]}, "obliqueness_angle": 1.3141638040542603, "resolution": 512, "point_uuid": "1095", "point_normal": [-0.722869336605072, -0.35088422894477844, 0.5952647924423218], "camera_rotation_final": [1.7581251859664917, 0.008493810892105103, -2.207911491394043], "vanishing_points_image": {"x": [483.81242854128647, 196.76876392405683], "y": [400.18871076515273, 274.6704905760852], "z": [254.19790400228788, 47.5510326654085]}, "camera_uuid": "7d18db1fca787c6dcd4baad30e113130", "field_of_view_rads": 1.008608319372768, "room": "8de55a2e5745f73de25402626a4c3d61"}