{"vanishing_points_gaussian_sphere": {"x": [0.023739955628219515, -0.030470936929095065, 0.9992536897652334], "y": [0.999693859140501, -0.006246709961154387, -0.023940898300470866], "z": [0.006971549579716284, 0.999516133245144, 0.030313311912973692]}, "nonfixated_points_in_view": [515, 1163, 271, 273, 1041, 1171, 411, 157, 1437, 1449, 1322, 696, 961, 1473, 963, 1222, 1098, 78, 593, 345, 477, 479, 1388, 496, 1397, 503], "point_pitch": -0.0277384956690927, "camera_rotation_from_original_to_final": [-0.03310398384928703, -0.00011400366201996803, -2.7191784381866455], "camera_location": [3.4209909439086914, -2.906309127807617, 4.301186561584473], "camera_rotation_original": [1.5702917575836182, 0.007416601292788982, -0.44614845514297485], "view_id": 0, "point_location": [3.2150661945343018, -11.501306533813477, 4.0404486656188965], "camera_distance": 8.601416564503783, "bounding_box_ranges": {"x": [-4.782198623786257, -2.906309127807617], "y": [2.3195524913268244, 4.085925510842642], "z": [3.1920854251229884, 5.219467014064127]}, "obliqueness_angle": 0.40239417552948, "resolution": 512, "point_uuid": "663", "point_normal": [0.4067237973213196, 0.9080250859260559, 0.10033103078603745], "camera_rotation_final": [1.5404776334762573, -0.006971606053411961, -3.1653354167938232], "vanishing_points_image": {"x": [267.017967796679, 270.1418883454158], "y": [485.4112922711101, 257.43350465897964], "z": [257.6439089648286, 20.311576193460883]}, "camera_uuid": "b422073dff8b7042fc5c055162756ec7", "field_of_view_rads": 1.0074992132270262, "room": "b882b325a4c32027bb7a3589209866b9"}