{"vanishing_points_gaussian_sphere": {"x": [-0.31057947292480526, -0.10125675832449996, 0.9451388574655917], "y": [0.9505464631840311, -0.03167613936049916, 0.3089628513649231], "z": [-0.0013462266078033852, 0.9943559177119771, 0.10608721216571015]}, "nonfixated_points_in_view": [1410, 10, 1173, 22, 282, 923, 924, 670, 1057, 291, 548, 38, 937, 554, 427, 555, 1453, 819, 58, 188, 1341, 835, 454, 1355, 592, 83, 726, 1111, 1112, 217, 348, 349, 889, 1119, 1372, 108, 1005, 878, 1393, 370, 1014, 1015, 761, 509], "point_pitch": -0.10957495768996672, "camera_rotation_from_original_to_final": [-0.09263311326503754, 0.05882007256150246, -0.7133004069328308], "camera_location": [-6.867229461669922, -9.096433639526367, 4.286715030670166], "camera_rotation_original": [1.574166178703308, -0.001123880734667182, -0.544407844543457], "view_id": 0, "point_location": [-1.2057487964630127, -7.245713233947754, 3.6512398719787598], "camera_distance": 5.990105104248709, "bounding_box_ranges": {"x": [-9.649881478815185, -5.957644831952831], "y": [-6.867229461669922, -1.7642417795029912], "z": [2.7652123756960183, 5.212402202292996]}, "obliqueness_angle": 0.863849937915802, "resolution": 512, "point_uuid": "431", "point_normal": [-0.4699346125125885, -0.7958113551139832, -0.381897896528244], "camera_rotation_final": [1.4645090103149414, 0.0013462270144373178, -1.2549934387207031], "vanishing_points_image": {"x": [91.22413554066199, 309.7210966589196], "y": [570.5837946945938, 266.48323307408], "z": [255.60219124357138, -37.8312827718138]}, "camera_uuid": "7f2779005da07c7c8e1ad24c5414740e", "field_of_view_rads": 0.8580295857381095, "room": "ef914082afe6874a9bab2b30c864407b"}