{"vanishing_points_gaussian_sphere": {"x": [-0.48724978792548407, 0.15404628827560501, 0.8595681387970822], "y": [0.8732451708438963, 0.09217730613380173, 0.4784832450898673], "z": [-0.005524107564600157, 0.9837545859117632, -0.17943355018833612]}, "nonfixated_points_in_view": [643, 1287, 8, 904, 654, 1039, 144, 17, 657, 275, 1170, 1428, 1432, 538, 28, 542, 1438, 416, 544, 420, 165, 422, 806, 1064, 1447, 298, 429, 687, 946, 693, 1333, 824, 1336, 1465, 60, 317, 703, 1091, 1351, 456, 712, 1483, 1228, 1484, 334, 79, 208, 463, 210, 338, 466, 591, 848, 1231, 1366, 1242, 604, 860, 222, 94, 98, 994, 228, 613, 740, 1382, 746, 747, 1258, 1386, 367, 623, 1136, 1264, 1391, 116, 245, 372, 1141, 1018, 1403, 1399, 383], "point_pitch": 0.19420309464005037, "camera_rotation_from_original_to_final": [-0.04337059706449509, 0.1600412130355835, -2.8571572303771973], "camera_location": [-2.125469923019409, -10.290050506591797, 1.5054166316986084], "camera_rotation_original": [1.585587501525879, -0.0013757790438830853, 1.7914842367172241], "view_id": 5, "point_location": [1.476921796798706, -8.284759521484375, 2.2574100494384766], "camera_distance": 4.19093216972874, "bounding_box_ranges": {"x": [-10.323109208990536, -3.903871232606808], "y": [-2.125469923019409, 6.494730043033474], "z": [-0.027145004059986988, 2.427670654021048]}, "obliqueness_angle": 0.5282287001609802, "resolution": 512, "point_uuid": "1290", "point_normal": [-0.9999669194221497, -0.007627371232956648, -0.0028532345313578844], "camera_rotation_final": [1.7512097358703613, 0.005524135660380125, -1.0618501901626587], "vanishing_points_image": {"x": [46.39795766122227, 189.73333875680856], "y": [537.5610958254414, 226.27920200212603], "z": [254.75654037680692, 34.559868285103605]}, "camera_uuid": "2b230e47a809ba0986cefc4de1b011af", "field_of_view_rads": 0.9619131183544429, "room": "856e4980d5eb3351797f528948f684e5"}