{"vanishing_points_gaussian_sphere": {"x": [-0.4669817206501853, -0.0983302198848236, 0.8787828175584651], "y": [0.8842664040798237, -0.05080477937340178, 0.4642109445161306], "z": [-0.000999597084018552, 0.99385614766435, 0.11067501323897552]}, "nonfixated_points_in_view": [1280, 642, 1027, 1159, 1417, 394, 779, 1198, 1420, 399, 272, 527, 528, 786, 148, 1042, 1043, 279, 152, 281, 793, 1045, 1305, 925, 31, 417, 1186, 164, 292, 421, 1316, 1317, 809, 811, 939, 941, 46, 430, 814, 689, 1068, 1069, 692, 1071, 54, 823, 1072, 1200, 442, 828, 1469, 190, 63, 702, 1474, 1353, 458, 76, 1100, 335, 1234, 852, 725, 729, 1241, 1374, 736, 1248, 611, 1379, 106, 493, 1006, 239, 368, 1135, 1263, 1265, 756, 122, 636, 893, 255], "point_pitch": -0.11018983920546965, "camera_rotation_from_original_to_final": [-0.025470910593867302, 0.108920156955719, -2.9020001888275146], "camera_location": [0.1851605325937271, -0.11082234233617783, 1.8844544887542725], "camera_rotation_original": [1.5717267990112305, -0.0008006416610442102, -1.3258916139602661], "view_id": 7, "point_location": [-7.136116981506348, -3.9782354831695557, 0.9624027013778687], "camera_distance": 8.331156441949483, "bounding_box_ranges": {"x": [-6.115830419478562, -0.11082234233617783], "y": [-7.431135416419066, 0.1851605325937271], "z": [-0.03313169181652065, 5.044574221534446]}, "obliqueness_angle": 1.2778499126434326, "resolution": 512, "point_uuid": "191", "point_normal": [-0.12221744656562805, 0.6813905835151672, 0.7216438055038452], "camera_rotation_final": [1.459894061088562, 0.0009995972504839301, -4.2265143394470215], "vanishing_points_image": {"x": [29.022598638085675, 303.79360047268705], "y": [569.7791194571901, 274.027914282904], "z": [255.7116693603815, -30.67468455672876]}, "camera_uuid": "a5d931f6e602ca2a792cef637b435332", "field_of_view_rads": 0.8783134301439071, "room": "8de55a2e5745f73de25402626a4c3d61"}