{"vanishing_points_gaussian_sphere": {"x": [-0.2057802784159857, 0.19916557763261072, 0.9581166681053556], "y": [0.9785944612478551, 0.04459427539428443, 0.2009085140482577], "z": [-0.002712458305613717, 0.9789506745941429, -0.2040789535488975]}, "nonfixated_points_in_view": [3, 518, 1032, 12, 1039, 17, 529, 538, 28, 542, 544, 1062, 1064, 43, 1070, 566, 1080, 1085, 65, 66, 1091, 591, 89, 1113, 604, 1117, 98, 99, 623, 116, 1141, 643, 649, 654, 1167, 144, 1170, 665, 165, 174, 687, 703, 195, 1228, 208, 724, 216, 746, 1264, 241, 1271, 771, 775, 1287, 1290, 1291, 275, 285, 298, 1333, 824, 317, 1347, 334, 848, 338, 1366, 1370, 1378, 1382, 1386, 367, 1391, 372, 1399, 1403, 1404, 1424, 1428, 415, 1439, 1442, 1443, 422, 934, 429, 1460, 1464, 1465, 456, 1483, 1484, 463, 975, 977], "point_pitch": 0.19973631302383943, "camera_rotation_from_original_to_final": [0.18756848573684692, -0.07015517354011536, -0.9799744486808777], "camera_location": [-1.2640292644500732, -10.590165138244629, 1.4937529563903809], "camera_rotation_original": [1.576294183731079, -0.003259384771808982, -0.3901067078113556], "view_id": 6, "point_location": [1.6423176527023315, -9.980730056762695, 2.1128053665161133], "camera_distance": 3.0333955781090647, "bounding_box_ranges": {"x": [-11.676958215639106, -4.664359682070489], "y": [-1.2640292644500732, 6.509438130266049], "z": [-0.033919090086284465, 2.4276502184946023]}, "obliqueness_angle": 1.4780001640319824, "resolution": 512, "point_uuid": "617", "point_normal": [0.08119756728410721, 0.1521204262971878, -0.9850209951400757], "camera_rotation_final": [1.7763198614120483, 0.0027124616317451, -1.3635345697402954], "vanishing_points_image": {"x": [166.7862966792823, 169.65402510197595], "y": [501.69505313230013, 244.80374527317082], "z": [255.444117718964, 55.37706954282892]}, "camera_uuid": "bf987798a26d9c5da496954cb31ac414", "field_of_view_rads": 1.0312271876533825, "room": "856e4980d5eb3351797f528948f684e5"}