{"vanishing_points_gaussian_sphere": {"x": [-0.12977702768755064, -0.009450859373738612, 0.9914981615422606], "y": [0.991262650014884, -0.02502232105511622, 0.12950769141052712], "z": [0.023585626344329504, 0.9996422183492015, 0.012615606360106744]}, "nonfixated_points_in_view": [1280, 642, 1044, 156, 31, 1186, 1071, 1206, 1469, 1233, 725, 603, 1122, 611, 359, 106, 748, 1006, 1263, 249, 764, 255], "point_pitch": -0.007791205248560473, "camera_rotation_from_original_to_final": [-0.03834161162376404, -0.020865829661488533, 1.774889349937439], "camera_location": [-2.484394073486328, -5.331701278686523, 4.301449775695801], "camera_rotation_original": [1.594873070716858, 5.2980572945671156e-05, -0.07394442707300186], "view_id": 1, "point_location": [-7.222996711730957, -5.950647830963135, 4.241156578063965], "camera_distance": 4.77923480869691, "bounding_box_ranges": {"x": [-6.1149120304973295, -5.957524505307967], "y": [-7.23503068945139, -3.4966983463606907], "z": [2.7652128400755362, 5.212395270322056]}, "obliqueness_angle": 0.4674333930015564, "resolution": 512, "point_uuid": "1420", "point_normal": [0.894412636756897, 0.08841376006603241, -0.4384167492389679], "camera_rotation_final": [1.558176875114441, -0.02358781360089779, 1.700976848602295], "vanishing_points_image": {"x": [182.7944097808109, 261.331110989834], "y": [557.4782137474891, 263.61017743924816], "z": [262.751319427025, -30.14478285576489]}, "camera_uuid": "c5be5141daf3c047a2d6d480abd9ff63", "field_of_view_rads": 0.84571532128521, "room": "ef914082afe6874a9bab2b30c864407b"}