{"vanishing_points_gaussian_sphere": {"x": [-0.4402949419044587, 0.10382891108678434, 0.8918295360414354], "y": [0.8975877515539432, 0.02674969142428675, 0.4400235019507959], "z": [0.02183099616797145, 0.9942353902528506, -0.10497331268029958]}, "nonfixated_points_in_view": [496, 503, 479], "point_pitch": 0.10465271870163484, "camera_rotation_from_original_to_final": [-0.07934010773897171, 0.04016680642962456, 0.8385854363441467], "camera_location": [3.6592752933502197, -8.714073181152344, 4.289666175842285], "camera_rotation_original": [1.5873934030532837, -0.01419571228325367, 2.7590537071228027], "view_id": 4, "point_location": [4.071458339691162, -9.549476623535156, 4.387997627258301], "camera_distance": 0.9367298747953883, "bounding_box_ranges": {"x": [-11.544931264687225, -8.714073181152344], "y": [3.4838039008460124, 4.0760255743099645], "z": [3.145372581067573, 5.196416123338256]}, "obliqueness_angle": 1.1105200052261353, "resolution": 512, "point_uuid": "1449", "point_normal": [-0.999987006187439, 0.004864571616053581, 0.001527288113720715], "camera_rotation_final": [1.6759885549545288, -0.021832730621099472, 3.5976366996765137], "vanishing_points_image": {"x": [74.74186532626017, 213.25630036222427], "y": [518.4939165633787, 248.17722026992158], "z": [260.7313746651822, 40.52196590225579]}, "camera_uuid": "e09802cb984b5ff427a30cf5f077a7f3", "field_of_view_rads": 1.0227279121070159, "room": "77c77478b552f1977cad320741ba92a5"}