{"vanishing_points_gaussian_sphere": {"x": [-0.08135447917178747, -0.1255689904876285, 0.9887435852366402], "y": [0.9966812133289802, -0.007432954350348093, 0.08106361814462507], "z": [-0.002829790762431717, 0.9920570446388371, 0.125756957925585]}, "nonfixated_points_in_view": [516, 261, 1285, 647, 1415, 1162, 907, 653, 781, 1294, 1427, 20, 664, 1053, 1310, 546, 675, 931, 807, 424, 552, 681, 1065, 45, 47, 304, 305, 178, 179, 435, 1202, 1462, 951, 1466, 445, 1471, 64, 450, 67, 578, 325, 1095, 843, 1227, 461, 589, 590, 720, 849, 467, 340, 468, 214, 1496, 1114, 1244, 1121, 615, 999, 489, 618, 750, 114, 370, 626, 118, 1400, 1407], "point_pitch": -0.13585166533919768, "camera_rotation_from_original_to_final": [-0.08490827679634094, 0.10606638342142105, -0.6425933837890625], "camera_location": [-6.425679683685303, -2.262380838394165, 1.4977667331695557], "camera_rotation_original": [1.5803217887878418, -0.003540406469255686, -0.8513162136077881], "view_id": 3, "point_location": [0.9607604146003723, -1.6567919254302979, 0.5582939386367798], "camera_distance": 7.470532023147215, "bounding_box_ranges": {"x": [-5.004363713727793, 1.4268841110418968], "y": [-6.425679683685303, 1.489721191208595], "z": [-0.021353293266381135, 4.021657761222473]}, "obliqueness_angle": 1.4294846057891846, "resolution": 512, "point_uuid": "1126", "point_normal": [-0.017259705811738968, 0.023764874786138535, 0.9995686411857605], "camera_rotation_final": [1.4447050094604492, 0.0028297945391386747, -1.489351511001587], "vanishing_points_image": {"x": [211.6779036124149, 324.41025787814834], "y": [542.1513569017242, 258.1340323713302], "z": [255.16818158320572, -35.61566685303041]}, "camera_uuid": "928222235a04d0c536e00fac4a58b265", "field_of_view_rads": 0.8699641961423981, "room": "8de55a2e5745f73de25402626a4c3d61"}