{"vanishing_points_gaussian_sphere": {"x": [0.15987396890556185, -0.15228316240938297, 0.975320538342642], "y": [0.9871205713938749, 0.01888782705261975, -0.15885914364700737], "z": [0.005769887123128909, 0.9881564088927561, 0.1533415141661205]}, "nonfixated_points_in_view": [1162, 1296, 914, 1276, 277, 295, 1065, 305, 1202, 178, 1076, 1203, 1204, 1332, 1209, 1219, 196, 1220, 839, 1480, 719, 336, 720, 849, 1105, 1239, 347, 1255, 1001, 234, 371, 630, 252], "point_pitch": -0.1554075916621347, "camera_rotation_from_original_to_final": [-0.07337686419487, 0.1418049931526184, 0.9531168341636658], "camera_location": [-1.9384469985961914, -2.428041458129883, 1.5036466121673584], "camera_rotation_original": [1.5763559341430664, -0.0021221297793090343, -1.119526982307434], "view_id": 9, "point_location": [-1.3190723657608032, 1.3746283054351807, 0.9057846069335938], "camera_distance": 3.8988923436249627, "bounding_box_ranges": {"x": [-2.428041458129883, 1.557046304391457], "y": [-3.693789611148657, 1.4667633641808093], "z": [-0.025415379134870686, 3.175788743765928]}, "obliqueness_angle": 0.2079358696937561, "resolution": 512, "point_uuid": "1477", "point_normal": [-0.008452748879790306, -0.9998871088027954, 0.012429634109139442], "camera_rotation_final": [1.4168448448181152, -0.005769919138401747, -0.16056567430496216], "vanishing_points_image": {"x": [318.3725054411025, 315.41106260756055], "y": [438.78870654211124, 252.5024723662031], "z": [257.2490625735136, 42.08434432315355]}, "camera_uuid": "a7a591d05adb833dd3d4b184074676ca", "field_of_view_rads": 1.1391628162323721, "room": "8de55a2e5745f73de25402626a4c3d61"}