{"vanishing_points_gaussian_sphere": {"x": [-0.3170542984192599, 0.19221386068521007, 0.9287251496618133], "y": [0.948192962819229, 0.08506490128166656, 0.3060948673696322], "z": [-0.020166236980738834, 0.9776593447261817, -0.2092260226539942]}, "nonfixated_points_in_view": [867, 547, 580, 710, 839, 1255, 336, 914, 1076, 1332, 1239], "point_pitch": 0.21032853523758455, "camera_rotation_from_original_to_final": [-0.12872731685638428, 0.14451348781585693, -1.8467578887939453], "camera_location": [0.27477186918258667, -2.2696449756622314, 2.261363983154297], "camera_rotation_original": [1.5901278257369995, -0.005768735893070698, 2.1587343215942383], "view_id": 13, "point_location": [-0.8074266314506531, 1.013863444328308, 3.0010831356048584], "camera_distance": 3.535500584477282, "bounding_box_ranges": {"x": [-2.2696449756622314, 1.498173750217235], "y": [-3.294936630737066, 0.8005894362255546], "z": [1.1707973180194786, 3.734826950823215]}, "obliqueness_angle": 1.0499019622802734, "resolution": 512, "point_uuid": "1296", "point_normal": [0.028386438265442848, -0.31259503960609436, -0.9494622349739075], "camera_rotation_final": [1.7816232442855835, 0.020167604088783264, 0.3226899206638336], "vanishing_points_image": {"x": [99.44256451679735, 161.0872066922463], "y": [552.1069537422115, 229.4354611597151], "z": [251.1713505367634, 21.907031904405304]}, "camera_uuid": "72c78639c6d82fd06b6c6cb47f559896", "field_of_view_rads": 0.9014480325415214, "room": "8de55a2e5745f73de25402626a4c3d61"}