{"vanishing_points_gaussian_sphere": {"x": [0.1399419025871686, -0.24923354761709066, 0.9582791360780443], "y": [0.9901587895107027, 0.03390060685597078, -0.13578041246621986], "z": [0.0013547896454067137, 0.9678498786469916, 0.2515249032362808]}, "nonfixated_points_in_view": [1157, 776, 1364, 151, 24, 767], "point_pitch": -0.26133803924056487, "camera_rotation_from_original_to_final": [0.2497614175081253, -0.040561579167842865, -1.5766128301620483], "camera_location": [9.494723320007324, -4.332158088684082, 1.4864108562469482], "camera_rotation_original": [1.5694440603256226, -0.00708291120827198, 3.0008411407470703], "view_id": 2, "point_location": [4.772481441497803, -3.6630547046661377, 0.2469380497932434], "camera_distance": 4.927835279740222, "bounding_box_ranges": {"x": [-5.403443895845886, -3.1480050772123453], "y": [7.5591238462787915, 9.494723320007324], "z": [-0.022948152914632702, 2.1985201524237152]}, "obliqueness_angle": 0.5995722413063049, "resolution": 512, "point_uuid": "960", "point_normal": [0.9407498836517334, -0.05931315943598747, -0.33387359976768494], "camera_rotation_final": [1.3165405988693237, -0.0013547900598496199, 1.4303934574127197], "vanishing_points_image": {"x": [305.9709414706546, 344.9971823324289], "y": [428.45244969311045, 250.09565136387448], "z": [256.2882262542361, 50.09368374558399]}, "camera_uuid": "39ec3b209397fe39b3a26b2318ed7cef", "field_of_view_rads": 1.2055340279200988, "room": "66bc78dc545e1a7b7ac07302c82067c1"}