{"vanishing_points_gaussian_sphere": {"x": [0.0558439766576441, -0.32478977269080367, 0.9441361415741464], "y": [0.9982867318309542, 0.034704722433085256, -0.04710820831994548], "z": [-0.017465718460268728, 0.9451492928613441, 0.3261713704210841]}, "nonfixated_points_in_view": [899, 773, 1159, 521, 522, 272, 528, 402, 786, 408, 793, 925, 37, 1317, 941, 814, 1198, 689, 436, 190, 63, 1087, 322, 1474, 966, 967, 1478, 1100, 852, 981, 1371, 1374, 224, 1248, 1252, 997, 1254, 106, 1143, 127, 639], "point_pitch": -0.33823804458114104, "camera_rotation_from_original_to_final": [0.30042389035224915, -0.1841021180152893, -1.1335257291793823], "camera_location": [1.9597357511520386, -5.512042045593262, 1.5149836540222168], "camera_rotation_original": [1.5890778303146362, 0.002467385260388255, 2.6240296363830566], "view_id": 2, "point_location": [-2.458468198776245, -5.291593074798584, -0.011377789080142975], "camera_distance": 4.679626279360429, "bounding_box_ranges": {"x": [-6.142800535412425, -4.350092402996207], "y": [-3.5512357259697476, 1.9597357511520386], "z": [-0.06984651690327381, 2.2128926797601727]}, "obliqueness_angle": 1.2386178970336914, "resolution": 512, "point_uuid": "299", "point_normal": [-0.0002710025873966515, -0.004033157601952553, 0.9999918937683105], "camera_rotation_final": [1.2384930849075317, 0.017466606572270393, 1.5149147510528564], "vanishing_points_image": {"x": [283.52358856154405, 416.0777847061763], "y": [509.77634841230974, 247.1776472120612], "z": [250.56984647884502, -37.85025141239927]}, "camera_uuid": "5090c6fc5c0dcfff7ec7ff2b1a5d94fb", "field_of_view_rads": 0.9143416062140075, "room": "856e4980d5eb3351797f528948f684e5"}