{"vanishing_points_gaussian_sphere": {"x": [0.6969610307351969, -0.007593371807728991, 0.7170687988897031], "y": [0.7170955289909345, 0.001250202056762306, -0.6969737723157372], "z": [0.004395900106216858, 0.9999703884112804, 0.006316515087396589]}, "nonfixated_points_in_view": [1026, 264, 1162, 13, 1296, 1427, 148, 661, 408, 664, 1306, 1307, 540, 796, 290, 547, 675, 931, 681, 809, 1065, 557, 47, 304, 305, 178, 1202, 1076, 1203, 1204, 1332, 1462, 1081, 1466, 1471, 64, 1344, 1219, 196, 580, 710, 839, 1096, 1477, 1354, 1227, 844, 719, 336, 720, 849, 467, 341, 214, 347, 1244, 735, 1120, 1375, 867, 1254, 999, 1255, 489, 234, 618, 364, 750, 240, 624, 114, 630, 759, 632, 1276, 1407], "point_pitch": -0.007697506746973559, "camera_rotation_from_original_to_final": [-0.00506001990288496, 0.0012277982896193862, -0.5477147698402405], "camera_location": [-5.588504314422607, -6.667678356170654, 1.5075440406799316], "camera_rotation_original": [1.5696860551834106, -0.004471865016967058, -0.2234717458486557], "view_id": 1, "point_location": [-0.9531834125518799, -1.8987118005752563, 1.465533971786499], "camera_distance": 6.650639606139174, "bounding_box_ranges": {"x": [-6.121472731314079, 1.5528312437168044], "y": [-5.044173816467765, 1.475152818180355], "z": [-0.02614310816420168, 4.31443670997295]}, "obliqueness_angle": 0.5243156552314758, "resolution": 512, "point_uuid": "647", "point_normal": [-0.9621648788452148, -0.27214527130126953, -0.01325524877756834], "camera_rotation_final": [1.5644797086715698, -0.004395914264023304, -0.7711603045463562], "vanishing_points_image": {"x": [505.8339173544764, 258.7219338542541], "y": [378.27750278716115, 255.78681838151272], "z": [257.013999807524, 25.337392370508695]}, "camera_uuid": "a16f93f6e5a1a0a39d5df06bb9e95552", "field_of_view_rads": 1.0158913458674315, "room": "8de55a2e5745f73de25402626a4c3d61"}