{"vanishing_points_gaussian_sphere": {"x": [-0.6256594565864415, -0.15163111803791618, 0.7652177784307748], "y": [0.779977195776741, -0.10445303073085094, 0.6170292849123059], "z": [-0.013631524207165673, 0.982902624075097, 0.18362084068557688]}, "nonfixated_points_in_view": [1027, 1159, 394, 779, 528, 786, 1042, 1045, 279, 281, 793, 1305, 1186, 164, 292, 1316, 1317, 40, 809, 1448, 811, 939, 941, 46, 430, 1069, 689, 1198, 54, 828, 1469, 190, 191, 63, 702, 1474, 1476, 1349, 1223, 1353, 458, 1100, 335, 1234, 852, 469, 1241, 1374, 736, 1248, 611, 1379, 1256, 106, 1006, 1135, 624, 756, 1143, 122, 251, 636, 382, 255], "point_pitch": -0.1864214380595346, "camera_rotation_from_original_to_final": [0.1488448530435562, 0.13209688663482666, -1.701759934425354], "camera_location": [-2.0300116539001465, -0.3511151969432831, 1.4951437711715698], "camera_rotation_original": [1.5840462446212769, -0.0036451206542551517, -2.3237228393554688], "view_id": 9, "point_location": [-6.627525329589844, -4.0582966804504395, 0.39192911982536316], "camera_distance": 6.008111993396029, "bounding_box_ranges": {"x": [-6.441326574010691, -0.3511151969432831], "y": [-7.431147458198018, -2.0300116539001465], "z": [-0.018502696567300303, 3.857266456013007]}, "obliqueness_angle": 0.8598915338516235, "resolution": 512, "point_uuid": "925", "point_normal": [0.980218231678009, -0.10893964767456055, -0.16524101793766022], "camera_rotation_final": [1.3861103057861328, 0.01363194640725851, -4.036337852478027], "vanishing_points_image": {"x": [9.892424588889599, 315.64517346351596], "y": [529.9342012158405, 292.6847360317179], "z": [252.35485133459352, -6.833864645047066]}, "camera_uuid": "6f269c44fb405f239d56a612bcda89ad", "field_of_view_rads": 0.9701259373952015, "room": "8de55a2e5745f73de25402626a4c3d61"}