{"vanishing_points_gaussian_sphere": {"x": [-0.46915447047472614, -0.09526360100552071, 0.877962942929279], "y": [0.8831007853276035, -0.04474896936821686, 0.46704446543584305], "z": [-0.005204400767545027, 0.9944457632590846, 0.10512153988934632]}, "nonfixated_points_in_view": [652, 525, 913, 405, 1047, 1175, 411, 1444, 1449, 1322, 1452, 1457, 1335, 441, 698, 583, 1098, 473, 732, 485, 1388, 1392], "point_pitch": -0.09896187385055022, "camera_rotation_from_original_to_final": [-0.055925097316503525, 0.09560512751340866, -1.6036312580108643], "camera_location": [3.5659539699554443, -4.741698265075684, 4.287182807922363], "camera_rotation_original": [1.576193928718567, 0.006192484870553017, -1.0516655445098877], "view_id": 2, "point_location": [6.700291156768799, -10.633708000183105, 3.581712484359741], "camera_distance": 6.711001170503602, "bounding_box_ranges": {"x": [-10.89923728730674, -4.741698265075684], "y": [3.5659539699554443, 5.479972695653107], "z": [2.7656345516613343, 5.183933417627028]}, "obliqueness_angle": 1.1072745323181152, "resolution": 512, "point_uuid": "891", "point_normal": [-0.828330397605896, 0.0015272056916728616, 0.5602379441261292], "camera_rotation_final": [1.465478777885437, 0.005204424262046814, -2.653252363204956], "vanishing_points_image": {"x": [-0.9038097834835953, 308.1652964475597], "y": [609.9505564398405, 273.9355775367293], "z": [254.31247094346077, -66.44944146444442]}, "camera_uuid": "cb2f6552a3a803bf140924ce8faafd94", "field_of_view_rads": 0.7895647794367642, "room": "77c77478b552f1977cad320741ba92a5"}