{"vanishing_points_gaussian_sphere": {"x": [-0.3090144278453351, -0.0486908362990515, 0.949810131470453], "y": [0.951057217416575, -0.015292717388154865, 0.30863619683168686], "z": [-0.0005025766229096428, 0.9986968184866643, 0.05103344159816296]}, "nonfixated_points_in_view": [1026, 516, 13, 18, 20, 546, 547, 552, 1065, 45, 557, 47, 1076, 64, 578, 67, 580, 1096, 589, 590, 1114, 1121, 1126, 615, 618, 114, 626, 118, 630, 647, 1162, 653, 661, 664, 675, 681, 178, 179, 1202, 1203, 1204, 1219, 1220, 710, 1227, 719, 720, 214, 1244, 735, 227, 234, 750, 261, 1285, 263, 781, 1294, 1296, 796, 1310, 290, 295, 807, 302, 304, 305, 325, 839, 1354, 843, 844, 336, 849, 340, 347, 364, 370, 371, 1400, 1407, 1415, 907, 1427, 931, 435, 1462, 1466, 445, 1471, 450, 1480, 461, 467, 468, 1496, 489], "point_pitch": -0.06120543082686858, "camera_rotation_from_original_to_final": [-0.03691338002681732, 0.04821678623557091, -0.4063057005405426], "camera_location": [-6.425679683685303, -2.262380838394165, 1.4977667331695557], "camera_rotation_original": [1.5803217887878418, -0.003540406469255686, -0.8513162136077881], "view_id": 1, "point_location": [1.4559894800186157, 0.2987300753593445, 1.0742826461791992], "camera_distance": 8.298152607003233, "bounding_box_ranges": {"x": [-4.358286648184654, 1.5534834502178239], "y": [-6.425679683685303, 1.4770242349981908], "z": [-0.02432531998309287, 4.917966172030178]}, "obliqueness_angle": 0.34490713477134705, "resolution": 512, "point_uuid": "999", "point_normal": [-0.999625563621521, 0.02731691300868988, 0.0016352341044694185], "camera_rotation_final": [1.5197407007217407, 0.0005025766440667212, -1.2566397190093994], "vanishing_points_image": {"x": [141.25352477082956, 274.08039152163184], "y": [475.27950120169777, 259.5259492062971], "z": [255.89943975623936, 56.17137500637592]}, "camera_uuid": "928222235a04d0c536e00fac4a58b265", "field_of_view_rads": 1.161813169820338, "room": "8de55a2e5745f73de25402626a4c3d61"}