{"vanishing_points_gaussian_sphere": {"x": [-0.6556602748943767, -0.23109781092735376, 0.7188208439590602], "y": [0.7547915124952972, -0.17540846246774747, 0.6320772452475745], "z": [-0.01998440868507915, 0.9569878123985102, 0.28943902696461277]}, "nonfixated_points_in_view": [640, 257, 258, 133, 517, 523, 527, 1426, 788, 23, 153, 794, 1179, 288, 1191, 168, 297, 1068, 1324, 692, 823, 1208, 569, 186, 443, 826, 953, 318, 1209, 1343, 1219, 839, 76, 1229, 1361, 1106, 600, 1251, 871, 1255, 1259, 368, 1137, 1138, 884, 634, 635, 893], "point_pitch": -0.2975841005656381, "camera_rotation_from_original_to_final": [0.2375723272562027, -0.20670552551746368, -1.8113058805465698], "camera_location": [1.7699029445648193, -5.448235511779785, 4.298521995544434], "camera_rotation_original": [1.5894720554351807, -0.008107524365186691, 2.503649950027466], "view_id": 8, "point_location": [-4.31368350982666, 1.470236897468567, 1.512742042541504], "camera_distance": 9.624752264426384, "bounding_box_ranges": {"x": [-5.448235511779785, -4.910776351772048], "y": [1.453305845937785, 1.7699029445648193], "z": [3.7702599629179505, 4.383147849178005]}, "obliqueness_angle": 0.7143555879592896, "resolution": 512, "point_uuid": "337", "point_normal": [0.01691446639597416, -0.994480550289154, 0.10354860126972198], "camera_rotation_final": [1.2770951986312866, 0.019985739141702652, 0.7152302265167236], "vanishing_points_image": {"x": [-17.0195514754437, 352.23004946655817], "y": [550.367714392436, 324.4090736672717], "z": [249.7672818938241, -42.46443593696051]}, "camera_uuid": "3d44530aec2e5604a8aef567eab9ad28", "field_of_view_rads": 0.8948135800648693, "room": "77c77478b552f1977cad320741ba92a5"}