{"vanishing_points_gaussian_sphere": {"x": [0.6497887803612642, -0.03298600918655066, 0.759398751720442], "y": [0.7598689972359342, 0.002782791631108028, -0.6500702755167272], "z": [0.019329975589136753, 0.9994519394491577, 0.02687327250337679]}, "nonfixated_points_in_view": [612, 1031, 244, 183, 1467, 734], "point_pitch": -0.033173127970423266, "camera_rotation_from_original_to_final": [0.013301174156367779, 0.024871161207556725, -0.25045886635780334], "camera_location": [-0.3368440568447113, -10.415435791015625, 4.328280448913574], "camera_rotation_original": [1.5721080303192139, -0.020286651328206062, -2.0281968116760254], "view_id": 4, "point_location": [0.27163270115852356, -10.936311721801758, 4.306747913360596], "camera_distance": 0.8012610977840202, "bounding_box_ranges": {"x": [-11.318915284037097, -10.415435791015625], "y": [-0.3368440568447113, 0.8255789403704454], "z": [3.5514767022991283, 5.036327321594474]}, "obliqueness_angle": 0.8706498146057129, "resolution": 512, "point_uuid": "1074", "point_normal": [0.005707473028451204, 0.9993306398391724, -0.03613482043147087], "camera_rotation_final": [1.543914794921875, -0.019331179559230804, -2.2782626152038574], "vanishing_points_image": {"x": [480.47710328041654, 267.395401113053], "y": [378.8891073860071, 255.54995560967475], "z": [260.19863750724704, 38.91041391586958]}, "camera_uuid": "b87171fb6c278f89d23d6a3ee7d4a1a2", "field_of_view_rads": 1.0768948950274149, "room": "c6b90c3c2e476767ef8ca0b4e5cf1d4d"}