{"vanishing_points_gaussian_sphere": {"x": [-0.044951812645573186, 0.2829303245227243, 0.9580865127979536], "y": [0.9989332041460102, 0.0025800339649894592, 0.04610636701503704], "z": [0.010572993637711236, 0.959136994850165, -0.2827444728289689]}, "nonfixated_points_in_view": [385, 386, 647, 140, 1296, 18, 914, 1426, 277, 1427, 23, 1051, 547, 931, 295, 47, 305, 435, 1076, 1203, 1204, 1332, 1208, 1209, 443, 704, 1219, 196, 1220, 710, 839, 1096, 1477, 1480, 719, 336, 337, 464, 978, 1105, 1238, 600, 347, 1244, 606, 1120, 227, 231, 1255, 489, 364, 371, 884, 374, 630, 1147, 252], "point_pitch": 0.2786800424244742, "camera_rotation_from_original_to_final": [0.04109163209795952, -0.2724495530128479, 1.403965711593628], "camera_location": [-1.854644775390625, -5.243408679962158, 1.4990227222442627], "camera_rotation_original": [1.582518458366394, 0.006183302495628595, -1.3640222549438477], "view_id": 0, "point_location": [-2.140113592147827, 0.6886100172996521, 3.249643325805664], "camera_distance": 6.191527396740687, "bounding_box_ranges": {"x": [-5.243408679962158, 1.5574819766527233], "y": [-5.9955072181896805, 0.38855628199357595], "z": [-0.00929019578032464, 4.289910224092662]}, "obliqueness_angle": 0.9594471454620361, "resolution": 512, "point_uuid": "1026", "point_normal": [0.002032854361459613, -0.31932178139686584, -0.9476442337036133], "camera_rotation_final": [1.8574669361114502, -0.01057319063693285, 0.044969480484724045], "vanishing_points_image": {"x": [235.88873285828814, 129.41806694578102], "y": [494.31941117087626, 255.3844711810708], "z": [258.15905923039713, 60.139333389887454]}, "camera_uuid": "614fa69f38f6a61f05c875e475650ac3", "field_of_view_rads": 1.004429524663338, "room": "8de55a2e5745f73de25402626a4c3d61"}