{"vanishing_points_gaussian_sphere": {"x": [0.1322041628998619, -0.030082260881579538, 0.9907659243697269], "y": [0.991212354098145, 0.00853628800483078, -0.13200454867280992], "z": [-0.004486468005061747, 0.9995109751110046, 0.03094644143497578]}, "nonfixated_points_in_view": [3, 771, 518, 775, 1287, 649, 1291, 12, 654, 1039, 144, 17, 529, 1424, 1428, 665, 538, 28, 285, 415, 1439, 1443, 165, 422, 934, 1062, 43, 1067, 429, 174, 1070, 1460, 1333, 566, 695, 1080, 1465, 1338, 317, 65, 195, 1347, 456, 1483, 1228, 1484, 975, 848, 977, 724, 216, 89, 1113, 1370, 604, 1117, 1378, 99, 1253, 617, 746, 1391, 1264, 241, 116, 1141, 1271, 1404, 1399], "point_pitch": -0.03550378879043059, "camera_rotation_from_original_to_final": [-0.030770089477300644, 0.021021468564867973, -1.313584327697754], "camera_location": [-1.2640292644500732, -10.590165138244629, 1.4937529563903809], "camera_rotation_original": [1.576294183731079, -0.003259384771808982, -0.3901067078113556], "view_id": 1, "point_location": [5.2341814041137695, -11.455952644348145, 1.2907817363739014], "camera_distance": 6.558775109197029, "bounding_box_ranges": {"x": [-11.673134743727587, -6.690209917639496], "y": [-1.2640292644500732, 6.509847401369885], "z": [-0.03098937446412897, 2.422607927145558]}, "obliqueness_angle": 0.9459819793701172, "resolution": 512, "point_uuid": "1464", "point_normal": [-0.6875802874565125, -0.725959837436676, -0.014686305075883865], "camera_rotation_final": [1.5398446321487427, 0.004486483056098223, -1.7033900022506714], "vanishing_points_image": {"x": [304.6200573966103, 267.06320117763653], "y": [428.56027392, 254.513916629183], "z": [255.1543137140656, 67.59506245477625]}, "camera_uuid": "bf987798a26d9c5da496954cb31ac414", "field_of_view_rads": 1.2075970832338583, "room": "856e4980d5eb3351797f528948f684e5"}