{"vanishing_points_gaussian_sphere": {"x": [0.5703773890708, -0.1702118666911037, 0.8035530813047184], "y": [0.8213636791652721, 0.11152656797164094, -0.5593956839166307], "z": [0.0055982662374441305, 0.9790759649148768, 0.20341807771468537]}, "nonfixated_points_in_view": [1030, 520, 1033, 530, 1048, 537, 26, 544, 34, 36, 1063, 1066, 1067, 48, 1078, 55, 572, 1084, 62, 1089, 579, 1094, 93, 97, 99, 617, 1130, 117, 643, 134, 136, 146, 658, 660, 1176, 1178, 677, 682, 174, 688, 181, 693, 695, 192, 1221, 1231, 1236, 215, 728, 221, 223, 1269, 774, 1286, 777, 784, 278, 1304, 797, 805, 1319, 296, 301, 1329, 1330, 1336, 314, 827, 319, 1351, 330, 847, 1360, 1368, 862, 357, 890, 1403, 900, 398, 911, 1422, 917, 410, 416, 944, 958, 965, 971, 973, 980, 472, 984, 996, 486], "point_pitch": -0.21560113032790618, "camera_rotation_from_original_to_final": [0.18642178177833557, 0.08614092320203781, -1.0675173997879028], "camera_location": [3.8354318141937256, -5.580057144165039, 1.5235874652862549], "camera_rotation_original": [1.571001648902893, -0.012118679471313953, -2.674816608428955], "view_id": 3, "point_location": [0.13324838876724243, -10.898117065429688, 0.17732949554920197], "camera_distance": 6.618182074916465, "bounding_box_ranges": {"x": [-12.054728367200665, -5.580057144165039], "y": [-3.5460186175929214, 3.8354318141937256], "z": [-0.015582691436848206, 2.4255294931961737]}, "obliqueness_angle": 0.6906938552856445, "resolution": 512, "point_uuid": "684", "point_normal": [-0.055551379919052124, 0.9984535574913025, -0.002118680626153946], "camera_rotation_final": [1.3659453392028809, -0.005598295480012894, -3.7485687732696533], "vanishing_points_image": {"x": [473.0442024889507, 320.7702723986144], "y": [402.1091403839348, 236.16097936925198], "z": [257.4186845774896, 7.887475031977418]}, "camera_uuid": "c83171f93afe09cc67e6fc1972ae2a82", "field_of_view_rads": 1.024460394200322, "room": "856e4980d5eb3351797f528948f684e5"}