{"vanishing_points_gaussian_sphere": {"x": [-0.24420804516875308, -0.20479661273023253, 0.9478506095841683], "y": [0.9697222667733298, -0.05265821279656699, 0.238465590702446], "z": [0.0010751738702639158, 0.9773870574338984, 0.21145539473339064]}, "nonfixated_points_in_view": [0, 900, 134, 136, 520, 267, 398, 1422, 784, 658, 917, 278, 1176, 537, 26, 410, 34, 933, 1319, 296, 1320, 682, 1066, 684, 301, 1067, 1327, 48, 688, 818, 944, 1329, 181, 949, 55, 695, 1078, 1330, 571, 1336, 192, 965, 1221, 327, 1484, 973, 980, 1236, 86, 215, 984, 1368, 858, 1243, 223, 607, 863, 99, 100, 357, 996, 617, 362, 1130, 758], "point_pitch": -0.23822931846114592, "camera_rotation_from_original_to_final": [0.19309069216251373, -0.1261059045791626, -0.8316214084625244], "camera_location": [5.132575988769531, -10.393342971801758, 1.5002893209457397], "camera_rotation_original": [1.587233543395996, -0.019086314365267754, 2.634567975997925], "view_id": 5, "point_location": [0.6118060946464539, -11.5307035446167, 0.4917522072792053], "camera_distance": 4.769496695778387, "bounding_box_ranges": {"x": [-12.036409894632506, -8.172138538822884], "y": [-3.5487222283213935, 5.132575988769531], "z": [-0.020072985172826685, 2.425154407372331]}, "obliqueness_angle": 1.2164382934570312, "resolution": 512, "point_uuid": "1360", "point_normal": [0.12169909477233887, 0.9922864437103271, -0.023599928244948387], "camera_rotation_final": [1.3577324151992798, -0.0010751740774139762, 1.8174993991851807], "vanishing_points_image": {"x": [150.80901967618095, 344.21476968624916], "y": [505.48944691131, 269.5478670915416], "z": [256.27244250752267, 8.336075018130648]}, "camera_uuid": "3d449594a2cb2c364ffe85b6c45b4104", "field_of_view_rads": 1.0283671353685855, "room": "856e4980d5eb3351797f528948f684e5"}