{"vanishing_points_gaussian_sphere": {"x": [0.09760516629967263, -0.34080106101970326, 0.9350550081783734], "y": [0.9952250435579382, 0.03286967945179886, -0.09190591301889198], "z": [0.0005866742822006648, 0.9395606531675219, 0.3423820013270355]}, "nonfixated_points_in_view": [388, 134, 1146, 520, 398, 911, 784, 1039, 530, 275, 658, 660, 1040, 1424, 544, 34, 296, 1066, 1067, 301, 1330, 949, 55, 695, 1338, 572, 319, 65, 1089, 579, 965, 1221, 330, 971, 973, 975, 1360, 980, 86, 728, 93, 863, 97, 99, 996, 357, 1253, 617, 1130, 237, 1269, 758, 375, 378, 1404, 890], "point_pitch": -0.33219186862441497, "camera_rotation_from_original_to_final": [-0.30561041831970215, -0.1990407109260559, 2.45489764213562], "camera_location": [0.4931855797767639, -7.2360944747924805, 1.5182243585586548], "camera_rotation_original": [1.5842092037200928, -0.010877704247832298, 0.6175836324691772], "view_id": 2, "point_location": [0.13324838876724243, -10.898117065429688, 0.17732949554920197], "camera_distance": 3.916371229963718, "bounding_box_ranges": {"x": [-12.059102455897778, -7.2360944747924805], "y": [-3.3773175142098735, 3.1949432359907943], "z": [-0.018190134807392955, 2.420624019842645]}, "obliqueness_angle": 0.38238275051116943, "resolution": 512, "point_uuid": "684", "point_normal": [-0.055551379919052124, 0.9984535574913025, -0.002118680626153946], "camera_rotation_final": [1.22134530544281, -0.000586674315854907, 3.0438318252563477], "vanishing_points_image": {"x": [287.12676403645145, 364.68312213272844], "y": [417.5725174061607, 250.66368246082874], "z": [256.1201990236787, 63.5008967939529]}, "camera_uuid": "c61bffa72844e019185a72c8df1f3454", "field_of_view_rads": 1.2918473668138102, "room": "856e4980d5eb3351797f528948f684e5"}