{"vanishing_points_gaussian_sphere": {"x": [0.24438342252887688, -0.008587747385899886, 0.9696406516787074], "y": [0.9696763317874734, 0.004365064492102564, -0.2443537554104086], "z": [-0.0021340956544813596, 0.9999535973268039, 0.00939408478361616]}, "nonfixated_points_in_view": [256, 866, 419, 1315, 1381, 329, 875, 1196, 621, 1230, 80, 1488, 434, 723, 180, 53, 246, 308, 629, 697, 444], "point_pitch": -0.009615465006556079, "camera_rotation_from_original_to_final": [0.009595770388841629, 0.005208887625485659, -2.7061121463775635], "camera_location": [-2.9783132076263428, -7.1683149337768555, 4.279703140258789], "camera_rotation_original": [1.5714958906173706, -0.0020283132325857878, -2.2531356811523438], "view_id": 4, "point_location": [-6.728434085845947, -6.223268032073975, 4.243371486663818], "camera_distance": 3.8675367620883168, "bounding_box_ranges": {"x": [-8.47505477727115, -5.968187247807621], "y": [-7.284179068193666, -2.9783132076263428], "z": [3.1454502174681522, 5.209210470469769]}, "obliqueness_angle": 0.644009530544281, "resolution": 512, "point_uuid": "1345", "point_normal": [0.8763015866279602, 0.2210882008075714, 0.42803704738616943], "camera_rotation_final": [1.5614020824432373, 0.0021340972743928432, -4.959273338317871], "vanishing_points_image": {"x": [357.246630055484, 259.5578537758117], "y": [440.4306231633793, 255.16977290459093], "z": [255.54235771947816, 41.56676045157234]}, "camera_uuid": "e17726a518b6f85be09164e3bce92661", "field_of_view_rads": 1.0804147600633591, "room": "ef914082afe6874a9bab2b30c864407b"}