{"vanishing_points_gaussian_sphere": {"x": [-0.6384009060159873, 0.09566333681512487, 0.7637360860842982], "y": [0.7696866668896617, 0.0726789948476211, 0.6342713918506987], "z": [0.00516894672534842, 0.9927569136990866, -0.12002913101582911]}, "nonfixated_points_in_view": [160, 1124, 230, 872, 1486, 498, 691, 1246], "point_pitch": 0.12670524517563386, "camera_rotation_from_original_to_final": [0.04734143242239952, -0.10537257790565491, -2.9708492755889893], "camera_location": [3.5659539699554443, -4.741698265075684, 4.287182807922363], "camera_rotation_original": [1.576193928718567, 0.006192484870553017, -1.0516655445098877], "view_id": 1, "point_location": [1.674314260482788, -6.312676429748535, 4.584473609924316], "camera_distance": 2.4768235327763626, "bounding_box_ranges": {"x": [-7.182800057817254, -4.741698265075684], "y": [0.9297286697285783, 3.5659539699554443], "z": [3.3503955964122674, 5.206542314531514]}, "obliqueness_angle": 0.6876494288444519, "resolution": 512, "point_uuid": "882", "point_normal": [0.9998036026954651, 0.016507240012288094, 0.010964838787913322], "camera_rotation_final": [1.6911171674728394, -0.005168969742953777, -4.019958972930908], "vanishing_points_image": {"x": [-39.86111224241102, 211.66569382306852], "y": [578.8904052866585, 225.51051497746747], "z": [257.39690158759583, -12.291352673891453]}, "camera_uuid": "cb2f6552a3a803bf140924ce8faafd94", "field_of_view_rads": 0.8404156309745672, "room": "77c77478b552f1977cad320741ba92a5"}