{"vanishing_points_gaussian_sphere": {"x": [-0.3000473468252096, -0.23245260502194384, 0.9251688365275089], "y": [0.953849751192172, -0.08523562579225953, 0.2879332218526261], "z": [0.011926517252914668, 0.9688656638122305, 0.24729958283810718]}, "nonfixated_points_in_view": [3, 775, 136, 137, 1160, 12, 1164, 144, 529, 1428, 917, 537, 1178, 28, 285, 926, 287, 1439, 929, 35, 1188, 1443, 422, 934, 1062, 43, 174, 1070, 181, 821, 1078, 1080, 317, 1347, 973, 848, 1113, 474, 1370, 604, 862, 351, 607, 486, 362, 363, 1130, 241, 1395, 117, 1141, 1271, 894, 1399], "point_pitch": -0.25206772883864836, "camera_rotation_from_original_to_final": [0.22419965267181396, 0.11177464574575424, -0.15243850648403168], "camera_location": [3.8354318141937256, -5.580057144165039, 1.5235874652862549], "camera_rotation_original": [1.571001648902893, -0.012118679471313953, -2.674816608428955], "view_id": 4, "point_location": [5.316117763519287, -10.337699890136719, 0.251860111951828], "camera_distance": 5.142459101590806, "bounding_box_ranges": {"x": [-11.7051470939211, -5.580057144165039], "y": [2.2687884674319516, 6.503983786043862], "z": [-0.03173938485040706, 2.4251245017912746]}, "obliqueness_angle": 0.8066553473472595, "resolution": 512, "point_uuid": "771", "point_normal": [-0.8603728413581848, 0.502646267414093, -0.08429324626922607], "camera_rotation_final": [1.3208858966827393, -0.011926800012588501, -2.8368279933929443], "vanishing_points_image": {"x": [139.82597946247085, 346.00230795426097], "y": [487.8562189682364, 276.7185774204844], "z": [258.83181859570277, 25.953646539110995]}, "camera_uuid": "c83171f93afe09cc67e6fc1972ae2a82", "field_of_view_rads": 1.1029684729730944, "room": "856e4980d5eb3351797f528948f684e5"}