{"vanishing_points_gaussian_sphere": {"x": [0.3235646445888383, -0.2457919902322967, 0.9137243667046127], "y": [0.9462045140959947, 0.08230149188287324, -0.31292727899340467], "z": [0.0017141401522429178, 0.9658223242250615, 0.25919934365665076]}, "nonfixated_points_in_view": [1031, 1451, 620, 1293, 855, 303, 754, 1074, 183, 1499, 734, 95], "point_pitch": -0.26366560061904387, "camera_rotation_from_original_to_final": [-0.07618844509124756, 0.25133660435676575, -0.6296012997627258], "camera_location": [-2.806222438812256, -9.90909194946289, 4.287649154663086], "camera_rotation_original": [1.5709993839263916, -0.0022501780185848475, -1.2808427810668945], "view_id": 2, "point_location": [0.19623330235481262, -10.937355995178223, 3.4359312057495117], "camera_distance": 3.285953493029483, "bounding_box_ranges": {"x": [-11.011870320053662, -9.732766154548205], "y": [-2.806222438812256, -1.7641670282883648], "z": [3.030194037024363, 4.623288438316219]}, "obliqueness_angle": 1.3652210235595703, "resolution": 512, "point_uuid": "1482", "point_normal": [0.12178687751293182, 0.9923786520957947, 0.01878034882247448], "camera_rotation_final": [1.3086028099060059, -0.001714140991680324, -1.9002912044525146], "vanishing_points_image": {"x": [389.1280970764778, 357.1291575995465], "y": [438.8402214320634, 240.09643710648473], "z": [256.4400945470194, 8.031280683279412]}, "camera_uuid": "48bee344cd0412ed9774218b24d4c13a", "field_of_view_rads": 1.0403353713183625, "room": "ef914082afe6874a9bab2b30c864407b"}