{"vanishing_points_gaussian_sphere": {"x": [-0.05069710780698974, 0.29025537288789677, 0.9556053692658464], "y": [0.9987121542807199, 0.012857545615086305, 0.049078675743337304], "z": [0.0019586097033695324, 0.9568628438969005, -0.2905334091246064]}, "nonfixated_points_in_view": [256, 480, 1056, 131, 676, 1381, 1352, 41, 266, 745, 875, 1261, 110, 1230, 656, 177, 1488, 629, 1177, 125], "point_pitch": 0.2966604987767081, "camera_rotation_from_original_to_final": [0.027848806232213974, -0.29154014587402344, 3.082782506942749], "camera_location": [-3.781970262527466, -8.79295825958252, 4.280111312866211], "camera_rotation_original": [1.5727763175964355, 0.0018530383240431547, -1.4653403759002686], "view_id": 4, "point_location": [-6.83908224105835, -8.949967384338379, 5.209567070007324], "camera_distance": 3.199136415348983, "bounding_box_ranges": {"x": [-11.236130781387468, -6.833846994912923], "y": [-7.284179682984666, -3.781970262527466], "z": [3.3554553388897177, 5.212401794815416]}, "obliqueness_angle": 1.2824184894561768, "resolution": 512, "point_uuid": "717", "point_normal": [-0.006347812246531248, -0.0012992933625355363, -0.9999790787696838], "camera_rotation_final": [1.8655811548233032, -0.0019586109556257725, 1.6215152740478516], "vanishing_points_image": {"x": [235.62477703321002, 139.3460488039066], "y": [470.8742608108479, 253.23368179906333], "z": [256.358917874552, 80.65359097403028]}, "camera_uuid": "719f11efd7d094b502660bf8fb326352", "field_of_view_rads": 1.0953291733298438, "room": "ef914082afe6874a9bab2b30c864407b"}