{"vanishing_points_gaussian_sphere": {"x": [0.29732468209489027, 0.06207748290047287, 0.9527562225112539], "y": [0.9547648142130652, -0.014408640300607458, -0.2970126943842279], "z": [-0.004709878752530104, 0.9979673227122365, -0.06355344082508246]}, "nonfixated_points_in_view": [515, 260, 1156, 1416, 269, 909, 271, 1423, 1041, 1297, 532, 791, 25, 411, 33, 545, 163, 674, 1314, 935, 425, 564, 573, 959, 68, 1097, 1098, 1104, 81, 1108, 597, 1495, 220, 477, 350, 1387, 1397], "point_pitch": 0.07214351097610994, "camera_rotation_from_original_to_final": [0.05188865587115288, -0.018009917810559273, -2.9662983417510986], "camera_location": [4.716692924499512, -4.644749641418457, 4.289913177490234], "camera_rotation_original": [1.5800347328186035, -0.0031423436012119055, -0.47769707441329956], "view_id": 0, "point_location": [2.5699832439422607, -11.530960083007812, 4.749257564544678], "camera_distance": 7.227672869976188, "bounding_box_ranges": {"x": [-11.599660546340171, -5.96968167688655], "y": [1.4028697720965142, 5.479832649757311], "z": [2.7656265520081895, 5.205937166046135]}, "obliqueness_angle": 0.5111537575721741, "resolution": 512, "point_uuid": "989", "point_normal": [0.07129853218793869, 0.8594328165054321, -0.5062527060508728], "camera_rotation_final": [1.634393334388733, 0.004709896165877581, -3.4434854984283447], "vanishing_points_image": {"x": [410.50640907968057, 223.74109401184435], "y": [482.2019449427881, 259.4136809520623], "z": [254.7578977997324, -7.186691731748198]}, "camera_uuid": "3e56251b11c1ca97c045b046c52cd27c", "field_of_view_rads": 0.8793934735205857, "room": "77c77478b552f1977cad320741ba92a5"}