{"vanishing_points_gaussian_sphere": {"x": [-0.0722977015015753, 0.20090475082482967, 0.9769392629296881], "y": [0.9973506079659423, 0.006656620213331051, 0.07243931389308372], "z": [0.008050288662797106, 0.9795881637215451, -0.2008537337195828]}, "nonfixated_points_in_view": [256, 1280, 642, 764, 1288, 1420, 276, 149, 1044, 156, 31, 164, 292, 1197, 1071, 1072, 690, 180, 309, 1206, 828, 321, 711, 73, 715, 1233, 1234, 725, 603, 988, 991, 993, 1122, 356, 1380, 359, 616, 106, 748, 1006, 1263, 756, 636], "point_pitch": 0.17384131351975007, "camera_rotation_from_original_to_final": [-0.11000486463308334, 0.14489378035068512, -0.5094857811927795], "camera_location": [0.3440798223018646, -5.207657814025879, 4.2956719398498535], "camera_rotation_original": [1.591770052909851, -0.020765699446201324, 2.1472725868225098], "view_id": 2, "point_location": [-4.005077838897705, -5.530144691467285, 5.189836025238037], "camera_distance": 4.451820044299487, "bounding_box_ranges": {"x": [-6.4415940038693495, -2.3393215244788146], "y": [-7.246814243138807, 0.3440798223018646], "z": [2.3747087883046922, 5.458324953681726]}, "obliqueness_angle": 0.15414589643478394, "resolution": 512, "point_uuid": "15", "point_normal": [0.9692453145980835, -0.07786696404218674, -0.2334529161453247], "camera_rotation_final": [1.773032307624817, -0.008050375618040562, 1.6431595087051392], "vanishing_points_image": {"x": [218.49544345768706, 151.78031624193557], "y": [530.6001428007145, 254.16723542698912], "z": [257.94124895319794, 19.781824845915576]}, "camera_uuid": "65572d2c193d1b3ea0911dbf66b34fb7", "field_of_view_rads": 0.898886474145157, "room": "8de55a2e5745f73de25402626a4c3d61"}