{"vanishing_points_gaussian_sphere": {"x": [0.05042505966319872, -0.05613079548174395, 0.997149260219627], "y": [0.9986188482409853, -0.011916723688246426, -0.051170183059921784], "z": [0.014754975290076496, 0.9983523052986479, 0.055452368831859764]}, "nonfixated_points_in_view": [530, 535, 1048, 26, 36, 1061, 48, 50, 55, 568, 1084, 576, 577, 1089, 71, 88, 100, 1132, 115, 119, 1152, 641, 644, 134, 138, 650, 657, 658, 1176, 678, 1194, 171, 685, 688, 701, 192, 1217, 707, 708, 197, 200, 714, 1232, 209, 722, 1243, 221, 223, 229, 743, 753, 757, 1273, 254, 772, 1284, 774, 777, 802, 805, 1320, 1329, 818, 315, 827, 829, 1346, 327, 328, 841, 1365, 343, 1368, 360, 373, 885, 392, 906, 912, 401, 406, 410, 933, 943, 944, 948, 958, 967, 465, 501, 1013, 1021], "point_pitch": -0.0791916092250009, "camera_rotation_from_original_to_final": [-0.05343232303857803, -0.06643969565629959, 0.9209917783737183], "camera_location": [5.059991836547852, -7.579131126403809, 1.5203824043273926], "camera_rotation_original": [1.596900224685669, 0.009909546934068203, 0.6009308099746704], "view_id": 4, "point_location": [-7.25993013381958, -6.946915149688721, 0.8352587223052979], "camera_distance": 12.355143191510498, "bounding_box_ranges": {"x": [-11.575676232856715, -4.670965738341604], "y": [-3.5497759886028675, 5.059991836547852], "z": [-0.10258100555434335, 2.427732874337523]}, "obliqueness_angle": 0.06984097510576248, "resolution": 512, "point_uuid": "1055", "point_normal": [0.9997295141220093, 0.009611556306481361, 0.021178359165787697], "camera_rotation_final": [1.515309453010559, -0.014755510725080967, 1.5203443765640259], "vanishing_points_image": {"x": [278.23707327573544, 280.7532599959185], "y": [471.3106785795969, 258.5693465212292], "z": [259.3557330607986, 28.944124178345202]}, "camera_uuid": "e2c81e729be96548bbabfecfc7939d49", "field_of_view_rads": 1.0494585093670383, "room": "856e4980d5eb3351797f528948f684e5"}