{"vanishing_points_gaussian_sphere": {"x": [-0.06527369819588173, -0.16540983855454183, 0.984062462262022], "y": [0.9978613199201539, -0.007377872835625208, 0.0649488506413301], "z": [-0.0034828911900040387, 0.9861973191515895, 0.1655376608726149]}, "nonfixated_points_in_view": [0, 520, 1032, 530, 1048, 537, 26, 34, 1066, 1067, 48, 50, 1078, 55, 571, 1100, 86, 88, 99, 100, 617, 1130, 115, 119, 134, 136, 658, 1176, 682, 1194, 684, 685, 688, 181, 695, 192, 706, 197, 1221, 1236, 215, 223, 758, 1273, 1278, 1284, 1286, 267, 784, 278, 805, 1319, 296, 1320, 301, 814, 1327, 1329, 1330, 818, 1336, 827, 829, 327, 847, 1360, 1365, 1368, 858, 863, 357, 362, 1409, 900, 398, 1422, 912, 917, 410, 1434, 933, 943, 944, 949, 965, 458, 1484, 973, 465, 980, 984, 996], "point_pitch": -0.19125036796065764, "camera_rotation_from_original_to_final": [0.14948095381259918, -0.10790131986141205, -1.0079683065414429], "camera_location": [5.132575988769531, -10.393342971801758, 1.5002893209457397], "camera_rotation_original": [1.587233543395996, -0.019086314365267754, 2.634567975997925], "view_id": 3, "point_location": [-2.5811901092529297, -10.902457237243652, 0.20268985629081726], "camera_distance": 7.838695521867203, "bounding_box_ranges": {"x": [-12.038349487506531, -6.17070010517718], "y": [-3.550242329891778, 5.132575988769531], "z": [-0.028814365572993994, 2.425915504457965]}, "obliqueness_angle": 1.3665287494659424, "resolution": 512, "point_uuid": "1243", "point_normal": [0.14032728970050812, 0.9901014566421509, 0.002738007577136159], "camera_rotation_final": [1.4044921398162842, 0.0034828982315957546, 1.636116862297058], "vanishing_points_image": {"x": [227.71843650996666, 327.6682060348097], "y": [482.9916816225501, 257.67830511948284], "z": [255.16427516228083, 19.360510120879326]}, "camera_uuid": "3d449594a2cb2c364ffe85b6c45b4104", "field_of_view_rads": 1.0535271230902155, "room": "856e4980d5eb3351797f528948f684e5"}