{"vanishing_points_gaussian_sphere": {"x": [-0.4638436727448472, 0.2125726676304873, 0.8600359924044048], "y": [0.885794156859553, 0.1274525231358373, 0.44623375714952646], "z": [-0.014756657075525318, 0.9687975615796972, -0.24741367332705788]}, "nonfixated_points_in_view": [768, 1153, 7, 17, 1170, 542, 1438, 806, 1447, 1064, 170, 687, 1465, 703, 193, 1091, 456, 712, 75, 1483, 334, 79, 208, 463, 210, 338, 591, 1366, 1242, 94, 994, 228, 1382, 1386, 747, 1133, 367, 623, 1010, 372, 245, 1018, 383], "point_pitch": 0.24106820026901765, "camera_rotation_from_original_to_final": [0.1795940101146698, 0.15702655911445618, -1.692287802696228], "camera_location": [0.4931855797767639, -7.2360944747924805, 1.5182243585586548], "camera_rotation_original": [1.5842092037200928, -0.010877704247832298, 0.6175836324691772], "view_id": 10, "point_location": [3.6245691776275635, -5.611361026763916, 2.419055223464966], "camera_distance": 3.6409914871887414, "bounding_box_ranges": {"x": [-7.504421665269157, -4.334538812542074], "y": [0.4931855797767639, 6.509373347166825], "z": [-0.018743106478202876, 2.4276673709407284]}, "obliqueness_angle": 1.323526382446289, "resolution": 512, "point_uuid": "1258", "point_normal": [-0.0007062116637825966, 0.007297624368220568, -0.9999731779098511], "camera_rotation_final": [1.8208341598510742, 0.014757192693650723, -1.0884103775024414], "vanishing_points_image": {"x": [74.08876574455735, 172.6327825303649], "y": [510.8743625443187, 219.32739346116264], "z": [253.06448712591109, 63.2789995831828]}, "camera_uuid": "c61bffa72844e019185a72c8df1f3454", "field_of_view_rads": 1.0400765520486877, "room": "856e4980d5eb3351797f528948f684e5"}