{"vanishing_points_gaussian_sphere": {"x": [-0.07650142869757154, 0.1099422929014902, 0.9909895174212456], "y": [0.9967851364117669, 0.032167571702633665, 0.07338010056773606], "z": [-0.02381014984844741, 0.9934173038367707, -0.1120497086202174]}, "nonfixated_points_in_view": [519, 1161, 11, 1421, 150, 1309, 160, 162, 1445, 302, 817, 1457, 819, 952, 194, 838, 1479, 982, 608, 992, 233, 1393, 370, 118, 1014, 504], "point_pitch": 0.10875947872665925, "camera_rotation_from_original_to_final": [0.08974932879209518, 0.017184652388095856, -1.4205358028411865], "camera_location": [-2.484394073486328, -5.331701278686523, 4.301449775695801], "camera_rotation_original": [1.594873070716858, 5.2980572945671156e-05, -0.07394442707300186], "view_id": 6, "point_location": [4.036098003387451, -4.848876953125, 5.038712501525879], "camera_distance": 6.5797789356470595, "bounding_box_ranges": {"x": [-5.983075016419934, -2.983061741347342], "y": [-2.484394073486328, 1.4853454367776289], "z": [2.8482142106062174, 5.457663652245909]}, "obliqueness_angle": 1.504981517791748, "resolution": 512, "point_uuid": "887", "point_normal": [0.008048663847148418, -0.9999622702598572, -0.0032682267483323812], "camera_rotation_final": [1.6831138134002686, 0.023812400177121162, -1.4941983222961426], "vanishing_points_image": {"x": [217.01448348440448, 199.97284928340767], "y": [522.0326475119107, 247.41477540998793], "z": [250.20321199534, 14.143919834332356]}, "camera_uuid": "c5be5141daf3c047a2d6d480abd9ff63", "field_of_view_rads": 0.9238743616398584, "room": "7177ff6aafad58b0656fca6e31b41601"}