{"vanishing_points_gaussian_sphere": {"x": [0.02303339430590806, 0.10535786812518119, 0.994167582639298], "y": [0.9996679609806077, 0.00906270666003596, -0.024121259023284117], "z": [-0.011551213599565523, 0.9943930746802853, -0.10511414030598426]}, "nonfixated_points_in_view": [640, 258, 1417, 779, 526, 399, 527, 1042, 279, 1446, 168, 297, 939, 1324, 46, 1200, 563, 692, 1331, 823, 442, 186, 826, 318, 704, 452, 1353, 76, 1102, 1106, 1251, 1259, 493, 368, 1137, 1138, 1265, 121, 634, 635, 636, 893, 766], "point_pitch": 0.11275966564682527, "camera_rotation_from_original_to_final": [-0.051961712539196014, -0.07753804326057434, -2.4100513458251953], "camera_location": [-2.0300116539001465, -0.3511151969432831, 1.4951437711715698], "camera_rotation_original": [1.5840462446212769, -0.0036451206542551517, -2.3237228393554688], "view_id": 11, "point_location": [-7.185127258300781, -0.2260369062423706, 2.04019832611084], "camera_distance": 5.1853587486423915, "bounding_box_ranges": {"x": [-3.128114358848646, 1.5385130223382997], "y": [-7.431151566278226, -2.0300116539001465], "z": [-0.03649294393294189, 4.499733715641406]}, "obliqueness_angle": 1.3383206129074097, "resolution": 512, "point_uuid": "953", "point_normal": [0.33032292127609253, -0.045227136462926865, 0.942783772945404], "camera_rotation_final": [1.6761120557785034, 0.01155147049576044, -4.73542594909668], "vanishing_points_image": {"x": [266.59624841486965, 207.53132324795286], "y": [484.5278135784706, 253.9282315539157], "z": [253.46094689891615, 37.42410767486403]}, "camera_uuid": "6f269c44fb405f239d56a612bcda89ad", "field_of_view_rads": 1.0106674886901923, "room": "8de55a2e5745f73de25402626a4c3d61"}