{"vanishing_points_gaussian_sphere": {"x": [-0.30973358028859244, -0.112263812290559, 0.9441726249429181], "y": [0.950823323440956, -0.03692725895340778, 0.3075246090102109], "z": [0.00034182203733603957, 0.9929920513257788, 0.11818066323014394]}, "nonfixated_points_in_view": [527, 528, 1042, 1044, 27, 1068, 1069, 46, 1071, 1072, 54, 63, 76, 603, 611, 106, 1148, 636, 128, 642, 1159, 152, 1186, 164, 1191, 683, 173, 1200, 689, 692, 1206, 1211, 190, 1215, 199, 1233, 1234, 725, 1241, 1251, 743, 748, 1262, 239, 1263, 1265, 756, 249, 255, 1280, 257, 779, 279, 281, 793, 1317, 1324, 814, 823, 1353, 843, 1357, 335, 1363, 1371, 1374, 352, 1379, 1380, 359, 871, 368, 893, 1405, 905, 394, 1420, 399, 409, 925, 414, 421, 939, 430, 442, 1469, 452, 993, 493, 494, 1006], "point_pitch": -0.13862828811141448, "camera_rotation_from_original_to_final": [0.07227358222007751, -0.11754001677036285, -0.27770107984542847], "camera_location": [0.27477186918258667, -2.2696449756622314, 2.261363983154297], "camera_rotation_original": [1.5901278257369995, -0.005768735893070698, 2.1587343215942383], "view_id": 0, "point_location": [-0.8947803974151611, -2.6505775451660156, 2.1149730682373047], "camera_distance": 1.2387060232577156, "bounding_box_ranges": {"x": [-6.441449532668814, -0.17999127932979242], "y": [-7.431137273658069, 0.27477186918258667], "z": [-0.04234833885663036, 5.47775701030986]}, "obliqueness_angle": 0.33137819170951843, "resolution": 512, "point_uuid": "286", "point_normal": [0.9935566782951355, -0.018559522926807404, 0.1118067055940628], "camera_rotation_final": [1.4523388147354126, -0.000341822043992579, 1.8857091665267944], "vanishing_points_image": {"x": [140.28417913593506, 297.9415265869052], "y": [477.60258875073146, 264.606410862882], "z": [256.0716505448653, 47.855369891152826]}, "camera_uuid": "72c78639c6d82fd06b6c6cb47f559896", "field_of_view_rads": 1.1513394126570726, "room": "8de55a2e5745f73de25402626a4c3d61"}