{"vanishing_points_gaussian_sphere": {"x": [-0.2123705919880368, -0.03533757251984922, 0.9765500435856093], "y": [0.9768623893980474, 0.018166320207159855, 0.21309588684361958], "z": [-0.02527061214511007, 0.9992103085830006, 0.030661953350627907]}, "nonfixated_points_in_view": [1281, 644, 646, 774, 908, 1402, 657, 1149, 795, 1182, 671, 802, 1442, 551, 1192, 1447, 686, 1456, 946, 820, 1463, 568, 570, 1339, 1084, 958, 832, 66, 1091, 69, 198, 712, 969, 972, 462, 79, 599, 602, 860, 605, 222, 94, 994, 104, 1257, 1002, 1258, 1009, 116, 1013, 1140, 1018, 1021, 510], "point_pitch": -0.05177311500045256, "camera_rotation_from_original_to_final": [-0.04487815126776695, -0.05569889396429062, -1.2048618793487549], "camera_location": [3.307429552078247, -10.623159408569336, 1.5089129209518433], "camera_rotation_original": [1.6019235849380493, -0.010716056451201439, 1.4206318855285645], "view_id": 6, "point_location": [1.6861941814422607, -3.1935575008392334, 1.275634765625], "camera_distance": 7.608009271629154, "bounding_box_ranges": {"x": [-10.623159408569336, -3.132127040381677], "y": [-0.3496717198161088, 5.040277322569134], "z": [-0.01497881347384536, 2.4277324635341015]}, "obliqueness_angle": 0.09666057676076889, "resolution": 512, "point_uuid": "1058", "point_normal": [0.12270180135965347, -0.9924435019493103, 0.0004570731252897531], "camera_rotation_final": [1.5401197671890259, 0.02527330256998539, 0.2140696793794632], "vanishing_points_image": {"x": [158.4825584286049, 272.22649177186196], "y": [512.9133507739887, 251.22228489262383], "z": [249.96954579429587, 17.55338172355104]}, "camera_uuid": "6fc923253b31e08cd2b4b232614b75a1", "field_of_view_rads": 0.9975842939180312, "room": "856e4980d5eb3351797f528948f684e5"}