{"vanishing_points_gaussian_sphere": {"x": [0.1933276041973239, -0.3078181206425009, 0.9315967164280056], "y": [0.98112296229898, 0.0560965564893998, -0.18507001161643127], "z": [0.004708535334612705, 0.9497900720444231, 0.3128524392438907]}, "nonfixated_points_in_view": [3, 771, 518, 775, 520, 649, 1287, 1291, 12, 144, 1424, 1428, 665, 538, 28, 285, 415, 1439, 1443, 165, 422, 934, 1062, 43, 1067, 429, 174, 1070, 1460, 1333, 566, 1080, 1464, 1338, 65, 195, 1347, 1484, 975, 848, 724, 980, 216, 89, 1113, 1370, 604, 1117, 1378, 1264, 241, 1141, 758, 375, 1271, 1404, 1399], "point_pitch": -0.3041094978663583, "camera_rotation_from_original_to_final": [0.07906434684991837, -0.3238224685192108, 2.7124063968658447], "camera_location": [-2.125469923019409, -10.290050506591797, 1.5054166316986084], "camera_rotation_original": [1.585587501525879, -0.0013757790438830853, 1.7914842367172241], "view_id": 1, "point_location": [2.3815345764160156, -11.185407638549805, -0.008144386112689972], "camera_distance": 4.837935772817209, "bounding_box_ranges": {"x": [-11.738848476336136, -7.800625630709959], "y": [-2.125469923019409, 6.510119965359399], "z": [-0.026193062190453364, 2.423946103602247]}, "obliqueness_angle": 1.2625682353973389, "resolution": 512, "point_uuid": "1253", "point_normal": [0.010801997035741806, 0.00324806896969676, 0.9999364018440247], "camera_rotation_final": [1.2525979280471802, -0.004708552733063698, 4.517834186553955], "vanishing_points_image": {"x": [341.840290972422, 392.6757590166326], "y": [469.00539802614304, 243.82123158658737], "z": [257.3239308181008, -11.058916997434775]}, "camera_uuid": "2b230e47a809ba0986cefc4de1b011af", "field_of_view_rads": 0.989715356913344, "room": "856e4980d5eb3351797f528948f684e5"}