{"vanishing_points_gaussian_sphere": {"x": [-0.5396935082545701, 0.28839323490504, 0.7909236747050127], "y": [0.841849558802484, 0.17985773732117338, 0.5088619799805945], "z": [0.004498610000596005, 0.9404682537899481, -0.33985177080802204]}, "nonfixated_points_in_view": [480, 803, 41, 745, 559, 656, 1177, 125], "point_pitch": 0.34083207050827546, "camera_rotation_from_original_to_final": [0.3447059988975525, 0.02509060502052307, 2.0370187759399414], "camera_location": [-5.364199638366699, -8.788909912109375, 4.275810241699219], "camera_rotation_original": [1.5721772909164429, 0.007314607501029968, 0.10773365199565887], "view_id": 8, "point_location": [-7.277583599090576, -10.019936561584473, 5.097971439361572], "camera_distance": 2.41917627161423, "bounding_box_ranges": {"x": [-11.580467159411688, -8.788909912109375], "y": [-7.284179630425647, -5.364199638366699], "z": [3.950676068500915, 5.21240220570947]}, "obliqueness_angle": 0.5610536932945251, "resolution": 512, "point_uuid": "110", "point_normal": [0.9912004470825195, 0.0387432798743248, -0.1265728920698166], "camera_rotation_final": [1.917559266090393, -0.004498625174164772, 2.140875816345215], "vanishing_points_image": {"x": [19.33232154364845, 129.5331139923618], "y": [555.3381835031827, 192.04761347704851], "z": [257.01937850699585, 42.891256566272666]}, "camera_uuid": "c71ad462c76696bcaee0b134a2de9f61", "field_of_view_rads": 0.8996354405984017, "room": "ef914082afe6874a9bab2b30c864407b"}