{"vanishing_points_gaussian_sphere": {"x": [0.5878521650162611, 0.04132874097389341, 0.807911979893359], "y": [0.8088642155361743, -0.014002724213667198, -0.5878287204106699], "z": [-0.012981252279503237, 0.9990474757908699, -0.041660871392075915]}, "nonfixated_points_in_view": [3, 388, 643, 646, 775, 8, 137, 520, 1146, 12, 1287, 1290, 1039, 144, 529, 1167, 275, 1424, 1428, 662, 1432, 665, 538, 28, 285, 415, 416, 544, 673, 1443, 1188, 165, 422, 677, 1062, 298, 43, 1067, 429, 174, 1070, 944, 693, 566, 695, 821, 1080, 1464, 317, 65, 1221, 1228, 1484, 975, 848, 1231, 604, 607, 863, 1378, 617, 362, 363, 746, 237, 1130, 751, 241, 116, 1141, 758, 1269, 378, 1271, 1404, 894, 1399], "point_pitch": 0.05013151566055818, "camera_rotation_from_original_to_final": [0.0243514571338892, 0.018670696765184402, -2.3192200660705566], "camera_location": [-2.1478989124298096, -7.17814826965332, 1.5089408159255981], "camera_rotation_original": [1.586061954498291, -0.002639547921717167, 0.12005194276571274], "view_id": 1, "point_location": [3.9744298458099365, -11.632695198059082, 1.82464599609375], "camera_distance": 7.577966012466752, "bounding_box_ranges": {"x": [-11.70256170281865, -7.17814826965332], "y": [-2.1478989124298096, 6.497111617759133], "z": [-0.026184689482411483, 2.4205681546893456]}, "obliqueness_angle": 0.12078360468149185, "resolution": 512, "point_uuid": "1328", "point_normal": [-0.7412350177764893, 0.6710812449455261, 0.014856253750622272], "camera_rotation_final": [1.6124727725982666, 0.012981616891920567, -2.199258804321289], "vanishing_points_image": {"x": [486.0700552701527, 239.82500518672674], "y": [401.82782297613824, 258.5245112202927], "z": [253.0335756121944, 27.701625316917706]}, "camera_uuid": "3dfb7fb5350fdc03281337b3a75a5e86", "field_of_view_rads": 1.0036983060820588, "room": "856e4980d5eb3351797f528948f684e5"}