{"vanishing_points_gaussian_sphere": {"x": [0.5396962160442945, 0.22920123843590176, 0.810058508187476], "y": [0.8418202097881411, -0.13759181664696296, -0.5219264568730336], "z": [-0.008168768555918037, 0.9636053571308316, -0.2672040174268389]}, "nonfixated_points_in_view": [128, 1028, 261, 1400, 521, 653, 1037, 1295, 1172, 1300, 1431, 1436, 1053, 1309, 1310, 32, 1313, 293, 38, 424, 1452, 173, 302, 813, 435, 437, 1461, 951, 440, 957, 1342, 831, 578, 709, 1095, 843, 204, 461, 590, 213, 981, 475, 1373, 352, 1121, 483, 356, 739, 490, 1131, 1390, 118, 888, 762, 507, 381, 1022], "point_pitch": 0.26445479790237947, "camera_rotation_from_original_to_final": [0.182954341173172, -0.1875242441892624, -1.3074374198913574], "camera_location": [-6.425679683685303, -2.262380838394165, 1.4977667331695557], "camera_rotation_original": [1.5803217887878418, -0.003540406469255686, -0.8513162136077881], "view_id": 1, "point_location": [-2.6126046180725098, -4.71917200088501, 2.7555384635925293], "camera_distance": 4.707159852609771, "bounding_box_ranges": {"x": [-6.441881830730834, -2.262380838394165], "y": [-6.425679683685303, 1.4908785406766247], "z": [0.41986317172432575, 5.466827185315348]}, "obliqueness_angle": 1.170087218284607, "resolution": 512, "point_uuid": "502", "point_normal": [0.03445916995406151, 0.9537429213523865, 0.29864194989204407], "camera_rotation_final": [1.8412959575653076, 0.008168859407305717, -2.1408939361572266], "vanishing_points_image": {"x": [531.881976599847, 138.83688338174355], "y": [459.0422857692428, 289.18636999956647], "z": [253.808378496821, -2.528345712087821]}, "camera_uuid": "928222235a04d0c536e00fac4a58b265", "field_of_view_rads": 0.7967221505578096, "room": "8de55a2e5745f73de25402626a4c3d61"}