{"vanishing_points_gaussian_sphere": {"x": [-0.19393334789493905, 0.2662082945145508, 0.9442049568318919], "y": [0.9809935494092131, 0.046303364652568055, 0.18843474849232325], "z": [0.006443026600470307, 0.9628027536071475, -0.270128386243875]}, "nonfixated_points_in_view": [1298, 780, 1468], "point_pitch": 0.2775429050114493, "camera_rotation_from_original_to_final": [0.21584884822368622, 0.16269388794898987, 1.1306309700012207], "camera_location": [-5.388822078704834, -10.731203079223633, 1.4981894493103027], "camera_rotation_original": [1.5747919082641602, -0.006452437024563551, 0.6547536253929138], "view_id": 4, "point_location": [-6.290363311767578, -10.911123275756836, 1.7561120986938477], "camera_distance": 0.9548151340638059, "bounding_box_ranges": {"x": [-11.574959132940581, -10.248241235543093], "y": [-7.265223391153912, -5.388822078704834], "z": [1.2235928530210247, 2.425257126396475]}, "obliqueness_angle": 1.0134469270706177, "resolution": 512, "point_uuid": "787", "point_normal": [0.710830569267273, 0.20827540755271912, 0.6718193888664246], "camera_rotation_final": [1.84432852268219, -0.00644307117909193, 1.7659704685211182], "vanishing_points_image": {"x": [149.00613951574246, 109.13174122857863], "y": [571.4264815602068, 241.11171923041226], "z": [257.65320034318665, 8.956810302752071]}, "camera_uuid": "71b3547b15480cf3650f1acaad8a6075", "field_of_view_rads": 0.8281674884813506, "room": "ade82d56fe033105b37cc8ef1783cd93"}