{"vanishing_points_gaussian_sphere": {"x": [-0.22470028460136116, 0.005063541960202284, 0.9744147693066257], "y": [0.9741025654302368, 0.027006514823198536, 0.2244879510783055], "z": [-0.02517884275137813, 0.9996224330715682, -0.011000780780460281]}, "nonfixated_points_in_view": [768, 1281, 908, 141, 1170, 795, 542, 671, 1182, 1058, 1442, 1447, 552, 1192, 686, 687, 1456, 820, 1463, 1339, 1085, 1471, 66, 1091, 1346, 712, 969, 75, 972, 333, 462, 79, 208, 463, 338, 214, 599, 602, 1242, 860, 605, 94, 994, 228, 1382, 999, 1002, 1258, 1386, 367, 1009, 116, 372, 1140, 1018], "point_pitch": 0.01043279568222566, "camera_rotation_from_original_to_final": [-0.016755713149905205, -0.041334670037031174, -2.407496452331543], "camera_location": [5.132575988769531, -10.393342971801758, 1.5002893209457397], "camera_rotation_original": [1.587233543395996, -0.019086314365267754, 2.634567975997925], "view_id": 5, "point_location": [3.7835981845855713, -4.537954330444336, 1.5663933753967285], "camera_distance": 6.0091336099754615, "bounding_box_ranges": {"x": [-10.393342971801758, -3.1402479248240596], "y": [0.7280774292312904, 6.348130721322512], "z": [-0.015793945833066286, 2.4277325662514966]}, "obliqueness_angle": 1.1349049806594849, "resolution": 512, "point_uuid": "946", "point_normal": [-0.7783135175704956, -0.6109811663627625, -0.14467298984527588], "camera_rotation_final": [1.5818008184432983, 0.02518150396645069, 0.2267085760831833], "vanishing_points_image": {"x": [136.76735206442663, 253.31313417373326], "y": [554.5687760099089, 247.72232744146967], "z": [249.18623971162725, -14.51233867596122]}, "camera_uuid": "3d449594a2cb2c364ffe85b6c45b4104", "field_of_view_rads": 0.8793934735205857, "room": "856e4980d5eb3351797f528948f684e5"}