{"vanishing_points_gaussian_sphere": {"x": [0.511615046666519, 0.008724495889660542, 0.8591704878520252], "y": [0.8591787196568218, -0.014356365696510463, -0.5114741659681872], "z": [0.007872211460595973, 0.9998588790101628, -0.014840833913911555]}, "nonfixated_points_in_view": [388, 134, 520, 398, 911, 784, 1040, 658, 660, 1176, 410, 26, 34, 36, 1320, 1067, 684, 301, 48, 688, 944, 1329, 949, 55, 695, 1338, 572, 319, 192, 1089, 579, 965, 330, 971, 980, 1368, 93, 223, 863, 97, 996, 237, 625, 758, 890], "point_pitch": 0.030212239423070386, "camera_rotation_from_original_to_final": [-0.0005753621808253229, 0.003277683397755027, 1.986939549446106], "camera_location": [0.4931855797767639, -7.2360944747924805, 1.5182243585586548], "camera_rotation_original": [1.5842092037200928, -0.010877704247832298, 0.6175836324691772], "view_id": 5, "point_location": [-2.1893272399902344, -11.74216079711914, 1.59605872631073], "camera_distance": 5.244670339865868, "bounding_box_ranges": {"x": [-12.0593595378107, -7.2360944747924805], "y": [-3.5433369546826503, 0.6040091067756053], "z": [-0.01637033504884146, 2.4182854490851144]}, "obliqueness_angle": 0.2267979383468628, "resolution": 512, "point_uuid": "728", "point_normal": [0.6635890603065491, 0.7368307113647461, -0.12934482097625732], "camera_rotation_final": [1.585638165473938, -0.007872292771935463, 2.60451078414917], "vanishing_points_image": {"x": [439.1184547161231, 252.87730801527195], "y": [395.6896889052073, 258.3341316679211], "z": [257.5953852080584, 53.36823969945437]}, "camera_uuid": "c61bffa72844e019185a72c8df1f3454", "field_of_view_rads": 1.1199954965404644, "room": "856e4980d5eb3351797f528948f684e5"}