{"vanishing_points_gaussian_sphere": {"x": [-0.0404796242883208, 0.052355709467620186, 0.9978077368429344], "y": [0.9991722299568808, 0.006150561461978166, 0.04021225530477931], "z": [-0.004031736656915009, 0.9986095584761067, -0.052561343396879734]}, "nonfixated_points_in_view": [130, 135, 892, 393, 1289, 780, 1165, 14, 1169, 274, 787, 1298, 534, 1174, 792, 667, 1054, 161, 550, 1318, 42, 556, 825, 1468, 1216, 1475, 453, 70, 1223, 584, 460, 851, 84, 979, 1492, 865, 868, 358, 744, 1384, 877, 879, 1401, 251, 508, 765, 1023], "point_pitch": 0.05034728447464509, "camera_rotation_from_original_to_final": [0.05424550920724869, -0.0036083899904042482, -2.877716064453125], "camera_location": [-5.588504314422607, -6.667678356170654, 1.5075440406799316], "camera_rotation_original": [1.5696860551834106, -0.004471865016967058, -0.2234717458486557], "view_id": 5, "point_location": [-5.392122268676758, -11.540597915649414, 1.7642329931259155], "camera_distance": 4.883625629240444, "bounding_box_ranges": {"x": [-11.621994097889909, -6.667678356170654], "y": [-7.27757909314583, -3.5038082888246564], "z": [-0.01722693568105957, 2.4290388752522403]}, "obliqueness_angle": 0.1028415635228157, "resolution": 512, "point_uuid": "585", "point_normal": [0.042862117290496826, 0.9990493059158325, 0.007970834150910378], "camera_rotation_final": [1.623382329940796, 0.004031747579574585, -3.1011016368865967], "vanishing_points_image": {"x": [240.3492440230712, 235.75755834489996], "y": [453.5518997730635, 254.78393827905205], "z": [255.2388926696513, 67.48345743047403]}, "camera_uuid": "a16f93f6e5a1a0a39d5df06bb9e95552", "field_of_view_rads": 1.1676907533114678, "room": "ade82d56fe033105b37cc8ef1783cd93"}