{"vanishing_points_gaussian_sphere": {"x": [0.6193103295284663, 0.11887085765589622, 0.7760956351761645], "y": [0.7851343301389758, -0.09922058021248856, -0.6113259033441318], "z": [0.004335824784776412, 0.9879397732971625, -0.15477792142610955]}, "nonfixated_points_in_view": [516, 647, 1162, 1296, 664, 807, 552, 1065, 305, 178, 1202, 1076, 1203, 1462, 196, 1477, 1480, 336, 849, 467, 214, 1239, 234, 618, 114, 1276], "point_pitch": 0.15132828156021638, "camera_rotation_from_original_to_final": [0.06371878832578659, -0.1357310712337494, 0.4478079080581665], "camera_location": [-1.9384469985961914, -2.428041458129883, 1.5036466121673584], "camera_rotation_original": [1.5763559341430664, -0.0021221297793090343, -1.119526982307434], "view_id": 11, "point_location": [1.0611931085586548, 1.3800870180130005, 2.2631075382232666], "camera_distance": 4.90677718956533, "bounding_box_ranges": {"x": [-2.428041458129883, 1.4258229352591605], "y": [-1.9384469985961914, 1.4768691926957258], "z": [0.12486270075851913, 3.9377132048873658]}, "obliqueness_angle": 0.7801543474197388, "resolution": 512, "point_uuid": "720", "point_normal": [0.09013155102729797, -0.9950787425041199, 0.04116539657115936], "camera_rotation_final": [1.7262004613876343, -0.004335838370025158, -0.6678714156150818], "vanishing_points_image": {"x": [469.0671193072019, 215.10374814900598], "y": [382.6013931254909, 271.9991267728633], "z": [256.84727579712614, 62.943891766113694]}, "camera_uuid": "a7a591d05adb833dd3d4b184074676ca", "field_of_view_rads": 1.0925229298782162, "room": "8de55a2e5745f73de25402626a4c3d61"}