{"vanishing_points_gaussian_sphere": {"x": [0.2712285360745903, 0.043117137475355574, 0.9615487474250933], "y": [0.9624988812746885, -0.006372466498826572, -0.27121079479934856], "z": [-0.005566395944208902, 0.9990497005287838, -0.04322859134345779]}, "nonfixated_points_in_view": [255, 773, 1043, 1300, 1305, 1313, 292, 293, 1316, 1448, 811, 1069, 1071, 828, 702, 1342, 1476, 709, 1349, 458, 204, 722, 729, 352, 122, 762, 1019, 1278, 639], "point_pitch": 0.04534633556870027, "camera_rotation_from_original_to_final": [0.02336026541888714, -0.03055468387901783, -2.297161102294922], "camera_location": [-1.9384469985961914, -2.428041458129883, 1.5036466121673584], "camera_rotation_original": [1.5763559341430664, -0.0021221297793090343, -1.119526982307434], "view_id": 4, "point_location": [-2.9162943363189697, -5.894894123077393, 1.6595066785812378], "camera_distance": 3.605488250675553, "bounding_box_ranges": {"x": [-6.441873043350254, -2.428041458129883], "y": [-6.592145485535097, -0.6058745724921786], "z": [-0.01765143149748527, 5.149172062557121]}, "obliqueness_angle": 0.18242034316062927, "resolution": 512, "point_uuid": "981", "point_normal": [0.15585288405418396, 0.9830942153930664, 0.09610303491353989], "camera_rotation_final": [1.6140390634536743, 0.005566424690186977, -3.4162662029266357], "vanishing_points_image": {"x": [349.3195168815984, 241.1650180443731], "y": [407.4139907433632, 257.002474498659], "z": [255.02662462684623, 81.29981970415149]}, "camera_uuid": "a7a591d05adb833dd3d4b184074676ca", "field_of_view_rads": 1.243429542734397, "room": "8de55a2e5745f73de25402626a4c3d61"}