{"vanishing_points_gaussian_sphere": {"x": [-0.34582054980571214, -0.17921601170810833, 0.9210264754498181], "y": [0.9382250220335263, -0.07851080208530041, 0.33700127890871867], "z": [0.011914502182810063, 0.9806720527798077, 0.19529559527642668]}, "nonfixated_points_in_view": [3, 771, 1414, 775, 136, 137, 1160, 12, 1422, 529, 1403, 1428, 917, 285, 797, 287, 926, 1442, 1188, 422, 934, 296, 682, 43, 172, 1066, 174, 687, 1070, 1330, 181, 821, 1078, 1080, 317, 65, 66, 1091, 1221, 973, 847, 848, 721, 89, 1113, 1370, 222, 607, 862, 362, 363, 1002, 1130, 1133, 241, 1395, 116, 117, 1013, 1269, 248, 1271, 894], "point_pitch": -0.19986252387496428, "camera_rotation_from_original_to_final": [-0.05714410915970802, 0.17618554830551147, -1.4927775859832764], "camera_location": [3.2709619998931885, -3.7192935943603516, 1.5157769918441772], "camera_rotation_original": [1.5592020750045776, -0.004284437280148268, -1.3022267818450928], "view_id": 0, "point_location": [5.673376083374023, -10.285102844238281, 0.12355470657348633], "camera_distance": 7.128795708622313, "bounding_box_ranges": {"x": [-11.705755587478329, -3.7192935943603516], "y": [1.0328721921625754, 6.385070433543422], "z": [-0.03093298443267356, 2.4277340106402505]}, "obliqueness_angle": 0.8997970819473267, "resolution": 512, "point_uuid": "35", "point_normal": [0.5099493265151978, 0.8601754903793335, 0.007056917529553175], "camera_rotation_final": [1.3742233514785767, -0.011914784088730812, -2.7884533405303955], "vanishing_points_image": {"x": [141.17275829824192, 315.5073956848245], "y": [458.12499396166936, 272.9138479839542], "z": [258.3652374502236, 61.319414102838195]}, "camera_uuid": "2d006a1a730dfc7454d6b6a574948a71", "field_of_view_rads": 1.2408541950762046, "room": "856e4980d5eb3351797f528948f684e5"}