{"vanishing_points_gaussian_sphere": {"x": [-0.18129593717304354, 0.20428493382658097, 0.9619768443034465], "y": [0.9834284856469188, 0.03721886841179152, 0.17743497246133297], "z": [0.00044360202446419263, 0.9782036708403906, -0.20764725274279147]}, "nonfixated_points_in_view": [509, 1026, 517, 648, 270, 910, 16, 153, 284, 930, 936, 1321, 427, 555, 940, 1199, 434, 180, 1077, 697, 58, 1083, 444, 1212, 1341, 1345, 835, 710, 455, 72, 329, 713, 715, 1096, 1355, 974, 1357, 80, 336, 1481, 87, 348, 988, 354, 1255, 621, 240, 880, 243, 500, 246, 759, 1020, 253, 1406], "point_pitch": 0.21138449112442537, "camera_rotation_from_original_to_final": [0.062271296977996826, -0.19960950314998627, 1.4571917057037354], "camera_location": [-2.806222438812256, -9.90909194946289, 4.287649154663086], "camera_rotation_original": [1.5709993839263916, -0.0022501780185848475, -1.2808427810668945], "view_id": 6, "point_location": [-3.510662317276001, -6.089918613433838, 5.112035751342773], "camera_distance": 3.970130237357658, "bounding_box_ranges": {"x": [-9.90909194946289, -5.957853048127825], "y": [-7.059334637786499, -1.7641871713219555], "z": [2.7651396688943692, 5.212402163691233]}, "obliqueness_angle": 0.22825996577739716, "resolution": 512, "point_uuid": "1057", "point_normal": [0.010119562037289143, -0.998297929763794, -0.05743711441755295], "camera_rotation_final": [1.7799655199050903, -0.00044360203901305795, 0.18230408430099487], "vanishing_points_image": {"x": [197.2358902962096, 189.78438342631705], "y": [437.54775465294, 249.12913741110611], "z": [256.0676075143574, 106.91610255687748]}, "camera_uuid": "48bee344cd0412ed9774218b24d4c13a", "field_of_view_rads": 1.3008397687571032, "room": "ef914082afe6874a9bab2b30c864407b"}