{"vanishing_points_gaussian_sphere": {"x": [-0.2711071372935787, -0.11591992045559928, 0.9555435584786537], "y": [0.9625490620092632, -0.032162067601215434, 0.26919306200699644], "z": [-0.00047258181135382513, 0.9927377163426312, 0.12029797677953356]}, "nonfixated_points_in_view": [1038, 527, 528, 1042, 1044, 27, 1068, 1069, 46, 1071, 1072, 54, 63, 76, 603, 611, 106, 1145, 634, 1148, 636, 128, 642, 1159, 152, 1180, 1186, 164, 1191, 683, 173, 1200, 689, 692, 1206, 186, 1211, 190, 1215, 199, 1233, 1234, 725, 1241, 1251, 743, 748, 1262, 239, 1263, 1265, 756, 249, 766, 255, 1280, 257, 779, 279, 281, 793, 286, 1317, 297, 1324, 814, 823, 826, 1353, 843, 1357, 335, 1363, 1371, 1374, 352, 1379, 1380, 359, 871, 368, 893, 1405, 905, 394, 1420, 399, 409, 925, 421, 939, 430, 953, 442, 1469, 452, 993, 493, 494, 1006], "point_pitch": -0.14075855811568694, "camera_rotation_from_original_to_final": [0.07279285043478012, -0.11976375430822372, -0.3181321620941162], "camera_location": [0.27477186918258667, -2.2696449756622314, 2.261363983154297], "camera_rotation_original": [1.5901278257369995, -0.005768735893070698, 2.1587343215942383], "view_id": 4, "point_location": [-0.910748302936554, -2.603626251220703, 2.1121129989624023], "camera_distance": 1.2406762026963343, "bounding_box_ranges": {"x": [-6.433533962798126, 0.5429711743956434], "y": [-7.431127370407766, 0.27477186918258667], "z": [-0.04257574809944964, 5.478028092407982]}, "obliqueness_angle": 1.1237852573394775, "resolution": 512, "point_uuid": "414", "point_normal": [0.16632336378097534, 0.7092985510826111, 0.6850051879882812], "camera_rotation_final": [1.4502062797546387, 0.00047258182894438505, 1.8453394174575806], "vanishing_points_image": {"x": [163.82025425060218, 295.4141921218267], "y": [453.4963779501007, 262.5990317889533], "z": [255.9107161557659, 68.44424245327704]}, "camera_uuid": "72c78639c6d82fd06b6c6cb47f559896", "field_of_view_rads": 1.2491874820168305, "room": "8de55a2e5745f73de25402626a4c3d61"}