{"vanishing_points_gaussian_sphere": {"x": [0.377364251226603, -0.01573778436803711, 0.9259311767293347], "y": [0.926064892372802, 0.006620735725613774, -0.3773062164515745], "z": [-0.00019238174599669306, 0.9998542333768642, 0.01707263856663811]}, "nonfixated_points_in_view": [1409, 387, 899, 264, 782, 1038, 1045, 23, 1434, 1051, 1446, 297, 553, 809, 939, 685, 815, 176, 562, 563, 1334, 826, 443, 1210, 318, 575, 704, 577, 1087, 1224, 458, 1358, 464, 337, 1361, 1367, 861, 1376, 227, 1256, 1259, 493, 1007, 1137, 1138, 628, 885, 1268, 1273, 634, 635, 766], "point_pitch": -0.024660511812891528, "camera_rotation_from_original_to_final": [-0.02075832709670067, -0.007559929508715868, -1.0416895151138306], "camera_location": [-5.388822078704834, -10.731203079223633, 1.4981894493103027], "camera_rotation_original": [1.5747919082641602, -0.006452437024563551, 0.6547536253929138], "view_id": 2, "point_location": [-3.5436344146728516, -6.203006267547607, 1.414696455001831], "camera_distance": 4.890424799372986, "bounding_box_ranges": {"x": [-10.731203079223633, -5.955895797113704], "y": [-6.088333609485774, -2.911592164894798], "z": [-0.04470218718969575, 2.428533157559908]}, "obliqueness_angle": 1.1982496976852417, "resolution": 512, "point_uuid": "1004", "point_normal": [-0.9998597502708435, 0.014160736463963985, -0.008952110074460506], "camera_rotation_final": [1.553722858428955, 0.00019238174718338996, -0.38694846630096436], "vanishing_points_image": {"x": [407.9844025877235, 262.33843229043504], "y": [424.51038453939765, 254.79526507024974], "z": [255.95803111493564, 37.87760390527293]}, "camera_uuid": "71b3547b15480cf3650f1acaad8a6075", "field_of_view_rads": 1.0687257008162423, "room": "ade82d56fe033105b37cc8ef1783cd93"}