{"vanishing_points_gaussian_sphere": {"x": [-0.1731360017218257, 0.1709536010288498, 0.9699478291140451], "y": [0.9848918232519456, 0.03351880231169541, 0.16989581037520587], "z": [-0.003467188953375751, 0.9847087671930511, -0.17417411522354076]}, "nonfixated_points_in_view": [516, 7, 521, 13, 1037, 542, 552, 45, 557, 47, 64, 578, 67, 1091, 1095, 75, 589, 590, 591, 1114, 1121, 618, 623, 114, 118, 632, 1152, 647, 138, 1162, 653, 148, 661, 1172, 664, 1185, 675, 681, 170, 178, 193, 1218, 709, 712, 201, 1227, 204, 720, 210, 213, 214, 729, 1242, 1244, 735, 228, 1254, 1258, 245, 762, 263, 781, 1294, 1300, 1306, 1313, 802, 806, 807, 315, 1342, 1344, 1346, 843, 844, 332, 338, 340, 341, 1366, 1373, 1375, 352, 867, 1382, 1386, 374, 888, 1400, 383, 1407, 386, 391, 401, 1427, 408, 1438, 931, 420, 1447, 424, 435, 1462, 951, 440, 1466, 1472, 1478, 461, 463, 467, 468, 981, 994, 999, 488, 489, 490], "point_pitch": 0.163689331212316, "camera_rotation_from_original_to_final": [0.09113030135631561, -0.1356763243675232, -0.3925032615661621], "camera_location": [-6.116707801818848, -5.171044826507568, 1.5127230882644653], "camera_rotation_original": [1.5826430320739746, -0.00107341050170362, -1.010670781135559], "view_id": 2, "point_location": [-0.9683496356010437, -4.269258975982666, 2.4372167587280273], "camera_distance": 5.307871558192386, "bounding_box_ranges": {"x": [-6.441856737370062, 1.409398416136252], "y": [-6.116707801818848, 1.4900396185045697], "z": [-0.10423443925656395, 5.461591729306044]}, "obliqueness_angle": 0.9492539763450623, "resolution": 512, "point_uuid": "1131", "point_normal": [-0.5386763215065002, -0.7484932541847229, 0.38676315546035767], "camera_rotation_final": [1.7458643913269043, 0.003467195900157094, -1.396782398223877], "vanishing_points_image": {"x": [189.5412647819732, 190.37898535049573], "y": [468.7828523435099, 248.75836574673616], "z": [255.3694680482275, 76.92399657041788]}, "camera_uuid": "676a1ae5fa5b4d774f8408cdbebb47fb", "field_of_view_rads": 1.1491816575132905, "room": "8de55a2e5745f73de25402626a4c3d61"}