{"vanishing_points_gaussian_sphere": {"x": [-0.683484254746886, 0.2361796700521995, 0.6907014094144649], "y": [0.7299652350733515, 0.2209196614553722, 0.6467961493134837], "z": [0.00017057960129969422, 0.946263000775407, -0.32339805853795983]}, "nonfixated_points_in_view": [22, 284, 924, 1057, 291, 548, 38, 554, 427, 1453, 431, 434, 819, 697, 58, 1212, 835, 454, 329, 713, 1355, 974, 80, 592, 853, 726, 1111, 1112, 217, 349, 738, 108, 621, 880, 1393, 370, 761, 1014, 1015, 253, 509, 1406], "point_pitch": 0.3257698575642447, "camera_rotation_from_original_to_final": [0.28191542625427246, -0.16583335399627686, -0.2972348630428314], "camera_location": [-6.867229461669922, -9.096433639526367, 4.286715030670166], "camera_rotation_original": [1.574166178703308, -0.001123880734667182, -0.544407844543457], "view_id": 9, "point_location": [-4.923257827758789, -7.276032447814941, 5.196915149688721], "camera_distance": 2.8144893815976597, "bounding_box_ranges": {"x": [-9.126480529020519, -5.957618217368741], "y": [-6.867229461669922, -1.7643317059861996], "z": [2.765244983111634, 5.211530858285135]}, "obliqueness_angle": 1.2416589260101318, "resolution": 512, "point_uuid": "270", "point_normal": [0.001838240073993802, -0.0017001174855977297, -0.9999968409538269], "camera_rotation_final": [1.90011465549469, -0.00017057960212696344, -0.8182711005210876], "vanishing_points_image": {"x": [68.97712112443826, 191.3737829097461], "y": [449.2608459234582, 197.51074790609863], "z": [256.0263031884713, 110.0872773581985]}, "camera_uuid": "7f2779005da07c7c8e1ad24c5414740e", "field_of_view_rads": 1.2408541950762046, "room": "ef914082afe6874a9bab2b30c864407b"}