{"vanishing_points_gaussian_sphere": {"x": [-0.1908050923739552, 0.03647221547633714, 0.9809501486938131], "y": [0.9814857653268212, -0.009919184942603894, 0.19127807566707383], "z": [0.016706561135997357, 0.9992854383349745, -0.0339043293207096]}, "nonfixated_points_in_view": [0, 1284, 1273, 650, 906, 912, 147, 406, 920, 1176, 410, 26, 1434, 1055, 36, 804, 678, 1061, 1320, 171, 685, 943, 688, 1329, 50, 818, 694, 313, 701, 829, 192, 576, 577, 706, 708, 197, 1217, 71, 328, 841, 1232, 209, 465, 722, 1490, 1109, 343, 88, 1368, 223, 743, 360, 1383, 1132, 625, 501, 757, 631, 760, 885], "point_pitch": 0.03828461567429109, "camera_rotation_from_original_to_final": [0.02009083516895771, 0.007115375716239214, 1.1455763578414917], "camera_location": [0.4931855797767639, -7.2360944747924805, 1.5182243585586548], "camera_rotation_original": [1.5842092037200928, -0.010877704247832298, 0.6175836324691772], "view_id": 2, "point_location": [-2.6229171752929688, -7.8437113761901855, 1.6259251832962036], "camera_distance": 3.1766167725764527, "bounding_box_ranges": {"x": [-11.509554525624644, -5.43618156398884], "y": [-3.5512285117854305, 0.4931855797767639], "z": [-0.046565523993860436, 2.427719814516828]}, "obliqueness_angle": 0.8064314126968384, "resolution": 512, "point_uuid": "1365", "point_normal": [0.7936251759529114, -0.36565330624580383, 0.48626822233200073], "camera_rotation_final": [1.604711890220642, -0.016707338392734528, 1.762805700302124], "vanishing_points_image": {"x": [191.57629818977065, 243.6854694758309], "y": [442.70818060754544, 257.8869280015759], "z": [258.82623121053155, 86.95194330766735]}, "camera_uuid": "c61bffa72844e019185a72c8df1f3454", "field_of_view_rads": 1.2793351076818864, "room": "856e4980d5eb3351797f528948f684e5"}