{"vanishing_points_gaussian_sphere": {"x": [-0.0042135744956594045, -0.02922014251893637, 0.9995641195346813], "y": [0.9999768637908654, 0.005214840593722227, 0.004367759215800149], "z": [-0.005340194093351751, 0.9995593972890031, 0.02919749335628347]}, "nonfixated_points_in_view": [1152, 386, 1400, 7, 263, 391, 138, 521, 653, 781, 1037, 1294, 401, 148, 1172, 1300, 408, 1306, 542, 1185, 802, 1313, 420, 806, 1447, 424, 170, 435, 951, 440, 315, 1342, 1344, 193, 578, 1091, 1218, 709, 1346, 1095, 712, 201, 1478, 75, 204, 461, 589, 463, 590, 591, 210, 338, 843, 213, 981, 1366, 729, 1114, 1242, 1373, 352, 1121, 994, 228, 1254, 1382, 488, 1258, 1131, 1386, 623, 1472, 888, 245, 118, 374, 632, 762, 383], "point_pitch": -0.0398314436289926, "camera_rotation_from_original_to_final": [-0.01638239249587059, 0.03818206116557121, -0.5561370849609375], "camera_location": [-6.116707801818848, -5.171044826507568, 1.5127230882644653], "camera_rotation_original": [1.5826430320739746, -0.00107341050170362, -1.010670781135559], "view_id": 8, "point_location": [7.592460632324219, -5.11113977432251, 1.1122725009918213], "camera_distance": 13.715146690164314, "bounding_box_ranges": {"x": [-6.441787313609845, -1.7316474927203416], "y": [-6.116707801818848, 1.4907048092396904], "z": [-0.10477604185705058, 4.689574040399363]}, "obliqueness_angle": 0.04438220337033272, "resolution": 512, "point_uuid": "1438", "point_normal": [-0.9996779561042786, 0.025056064128875732, -0.00402469839900732], "camera_rotation_final": [1.5415942668914795, 0.005340219475328922, -1.5665826797485352], "vanishing_points_image": {"x": [253.61539922376744, 272.536642369575], "y": [539.7028534634411, 254.5205006131968], "z": [254.46584867424016, -31.157235808288224]}, "camera_uuid": "676a1ae5fa5b4d774f8408cdbebb47fb", "field_of_view_rads": 0.8492863315733845, "room": "8de55a2e5745f73de25402626a4c3d61"}