{"vanishing_points_gaussian_sphere": {"x": [-0.5335246678936666, -0.21587830299132557, 0.8177701309332215], "y": [0.8453165567807995, -0.16826013537784965, 0.5070783427389511], "z": [0.02813090082464717, 0.961813435724524, 0.27225643661552007]}, "nonfixated_points_in_view": [864, 129, 481, 741, 1000, 778, 203, 459, 1325, 752, 531, 311, 1017], "point_pitch": -0.2638076980921884, "camera_rotation_from_original_to_final": [0.24993768334388733, -0.16225776076316833, 1.143869400024414], "camera_location": [-1.4434256553649902, -7.813687324523926, 4.310910701751709], "camera_rotation_original": [1.5920394659042358, -0.022030526772141457, 2.532801628112793], "view_id": 1, "point_location": [-0.510283350944519, -9.318574905395508, 3.8098948001861572], "camera_distance": 1.8402331561750742, "bounding_box_ranges": {"x": [-9.362301943315515, -7.813687324523926], "y": [-1.5859609493882239, 0.7849883760407765], "z": [2.794180436752897, 5.000403773192279]}, "obliqueness_angle": 0.5828301310539246, "resolution": 512, "point_uuid": "1302", "point_normal": [0.008334547281265259, 0.8516659736633301, 0.5240187644958496], "camera_rotation_final": [1.2949470281600952, -0.02813461236655712, 3.7046048641204834], "vanishing_points_image": {"x": [77.9174748119212, 328.0569369018838], "y": [479.43493911785725, 300.474691525368], "z": [262.4249992997812, 36.32517729983924]}, "camera_uuid": "6c4bbfd91682179d5f66aaabeac8d0e0", "field_of_view_rads": 1.1509790697647904, "room": "9be1cd563f04d329bc30a6918cfb1205"}