{"vanishing_points_gaussian_sphere": {"x": [0.5075248224588179, 0.10320727598174126, 0.8554336986421416], "y": [0.8615491710231166, -0.07497131605804035, -0.5021078845008373], "z": [0.012311803179312254, 0.9918304088668356, -0.126967946937484]}, "nonfixated_points_in_view": [1409, 899, 264, 18, 23, 1434, 1051, 540, 796, 1307, 547, 675, 293, 804, 553, 809, 1065, 685, 176, 304, 1203, 1076, 1204, 694, 1332, 184, 1208, 1210, 443, 575, 1087, 577, 706, 1219, 580, 1477, 839, 1224, 458, 1354, 1358, 719, 336, 337, 464, 722, 849, 1361, 1238, 347, 861, 606, 1376, 227, 997, 1254, 231, 1255, 1256, 234, 874, 364, 1004, 750, 624, 242, 628, 885, 630, 1273, 507, 1278, 127], "point_pitch": 0.13307900826004548, "camera_rotation_from_original_to_final": [-0.04009596258401871, -0.10952787101268768, 1.3562774658203125], "camera_location": [-6.732573986053467, -9.080721855163574, 1.502792477607727], "camera_rotation_original": [1.58157217502594, -0.008283889852464199, -1.885231852531433], "view_id": 1, "point_location": [-0.8074266314506531, 1.013863444328308, 3.0010831356048584], "camera_distance": 11.800546804786961, "bounding_box_ranges": {"x": [-9.080721855163574, -5.9330178399267375], "y": [-6.829440447977698, -2.4487797837553824], "z": [-0.020240222394224183, 2.4278804554550995]}, "obliqueness_angle": 1.1877987384796143, "resolution": 512, "point_uuid": "1296", "point_normal": [0.028386438265442848, -0.31259503960609436, -0.9494622349739075], "camera_rotation_final": [1.6981176137924194, -0.012312114238739014, -0.5323543548583984], "vanishing_points_image": {"x": [443.3850888599716, 217.89446560044172], "y": [401.5099641322158, 268.66216006869996], "z": [258.44612933044283, 58.94150104422081]}, "camera_uuid": "6fe7ddd5d030b288cf1811fb32bc13b1", "field_of_view_rads": 1.0893302650422654, "room": "ade82d56fe033105b37cc8ef1783cd93"}