{"vanishing_points_gaussian_sphere": {"x": [-0.7049603023417743, 0.16464133328048985, 0.6898725994687838], "y": [0.7091453373770621, 0.18007221757234318, 0.6816794605494224], "z": [-0.011994273573958797, 0.9697768959065799, -0.24369839877855515]}, "nonfixated_points_in_view": [131, 1283, 1411, 400, 656, 403, 790, 1046, 1303, 1177, 1056, 1184, 1440, 803, 676, 1060, 41, 1454, 559, 432, 177, 565, 700, 705, 1225, 77, 1362, 1494, 601, 480, 102, 1127, 745, 1260, 1261, 110, 366, 622, 125], "point_pitch": 0.2543009082463126, "camera_rotation_from_original_to_final": [0.18619629740715027, -0.15117813646793365, 3.127592086791992], "camera_location": [-1.9361746311187744, -7.597706317901611, 4.284103870391846], "camera_rotation_original": [1.5789034366607666, -0.011993302032351494, -0.7884991765022278], "view_id": 5, "point_location": [-4.496929168701172, -10.12804889678955, 5.188694000244141], "camera_distance": 3.7119241145799995, "bounding_box_ranges": {"x": [-11.993222076442553, -7.597706317901611], "y": [-7.284179044973568, -1.9361746311187744], "z": [2.768825670860204, 5.212402340583584]}, "obliqueness_angle": 1.3297767639160156, "resolution": 512, "point_uuid": "1207", "point_normal": [-0.009126594290137291, 0.0019087408436462283, -0.9999566078186035], "camera_rotation_final": [1.8169918060302734, 0.011994561180472374, 2.3532350063323975], "vanishing_points_image": {"x": [-8.865054825237658, 194.14157248148769], "y": [520.7815769988325, 188.76440917057047], "z": [253.3686234297288, 43.24445573600249]}, "camera_uuid": "c967c3a72b851ec8965ae56c4998c340", "field_of_view_rads": 0.9591575138842849, "room": "ef914082afe6874a9bab2b30c864407b"}