{"vanishing_points_gaussian_sphere": {"x": [0.5610790966079398, -0.04877480070959462, 0.8263239474717875], "y": [0.8277428451977958, 0.03988526655941192, -0.5596882594224597], "z": [-0.005659467596507385, 0.9980131183141954, 0.06275178164243703]}, "nonfixated_points_in_view": [129, 481, 389, 741, 1000, 203, 459, 1325, 531, 1459, 310, 1302, 1017], "point_pitch": -0.07611851294967131, "camera_rotation_from_original_to_final": [-0.03751981630921364, 0.06270984560251236, -1.3793984651565552], "camera_location": [-1.9361746311187744, -7.597706317901611, 4.284103870391846], "camera_rotation_original": [1.5789034366607666, -0.011993302032351494, -0.7884991765022278], "view_id": 4, "point_location": [-0.03250974416732788, -8.887102127075195, 4.139537811279297], "camera_distance": 2.3037752944572656, "bounding_box_ranges": {"x": [-9.343124485552886, -8.03774920894613], "y": [-1.1398317058076397, 0.9439762822808491], "z": [3.077801374739587, 5.212894903551206]}, "obliqueness_angle": 0.5656952261924744, "resolution": 512, "point_uuid": "311", "point_normal": [-0.999463677406311, 0.032746657729148865, 0.00011859279766213149], "camera_rotation_final": [1.5080022811889648, 0.005659497808665037, -2.1664960384368896], "vanishing_points_image": {"x": [547.4562935327675, 281.3363968085078], "y": [453.15416264212456, 246.50001292563306], "z": [254.21890165730008, -58.08599496517667]}, "camera_uuid": "c967c3a72b851ec8965ae56c4998c340", "field_of_view_rads": 0.795080211067902, "room": "9be1cd563f04d329bc30a6918cfb1205"}