{"vanishing_points_gaussian_sphere": {"x": [0.13811517844531251, -0.0818303182655181, 0.9870298863233998], "y": [0.9903358757626858, -0.0012795799281048903, -0.13868387019607517], "z": [0.012611528867417702, 0.9966454543556458, 0.08086277049331592]}, "nonfixated_points_in_view": [1152, 641, 644, 772, 774, 1284, 392, 777, 138, 650, 906, 141, 912, 401, 530, 657, 406, 535, 1048, 1176, 26, 410, 1055, 802, 36, 805, 678, 1061, 1320, 171, 685, 943, 944, 1329, 50, 818, 948, 55, 568, 315, 827, 701, 829, 958, 576, 577, 1084, 707, 708, 197, 1217, 71, 200, 327, 328, 714, 841, 967, 1232, 209, 465, 722, 1365, 343, 88, 1368, 223, 229, 743, 360, 1132, 753, 115, 373, 501, 119, 757, 1273, 1346, 1021, 254], "point_pitch": -0.10586874087783293, "camera_rotation_from_original_to_final": [-0.07573758065700531, -0.07902304828166962, 0.8341469764709473], "camera_location": [5.059991836547852, -7.579131126403809, 1.5203824043273926], "camera_rotation_original": [1.596900224685669, 0.009909546934068203, 0.6009308099746704], "view_id": 0, "point_location": [-3.143556833267212, -6.4264817237854, 0.8483039736747742], "camera_distance": 8.311347677196451, "bounding_box_ranges": {"x": [-10.675331345100751, -4.6722338709483875], "y": [-3.5480813498657495, 5.059991836547852], "z": [-0.10127011931415253, 2.427716454581857]}, "obliqueness_angle": 1.4696087837219238, "resolution": 512, "point_uuid": "885", "point_normal": [-0.012013755738735199, -0.9655187129974365, -0.2600564658641815], "camera_rotation_final": [1.489838719367981, -0.01261186320334673, 1.4322271347045898], "vanishing_points_image": {"x": [322.312608804494, 295.2888163673998], "y": [481.20978461189975, 256.29098604529526], "z": [259.19604617455434, 3.427538305074288]}, "camera_uuid": "e2c81e729be96548bbabfecfc7939d49", "field_of_view_rads": 0.9690360113757166, "room": "856e4980d5eb3351797f528948f684e5"}