{"vanishing_points_gaussian_sphere": {"x": [-0.6194846384177211, 0.09037732044198973, 0.7797888962496141], "y": [0.7850079909116242, 0.07272797808301, 0.6152016705185809], "z": [-0.0011121912429113293, 0.9932484991952836, -0.11600078394974782]}, "nonfixated_points_in_view": [1027, 528, 1043, 1044, 1045, 31, 1069, 46, 1071, 1072, 54, 63, 1100, 87, 603, 611, 106, 1135, 122, 636, 642, 1159, 148, 668, 164, 683, 173, 1198, 689, 1206, 190, 191, 702, 709, 199, 1233, 1234, 725, 729, 1241, 736, 1248, 748, 239, 1263, 1265, 756, 249, 255, 1280, 1288, 779, 272, 786, 1300, 279, 281, 793, 1305, 292, 1316, 1317, 809, 811, 814, 828, 1342, 1353, 335, 852, 1374, 352, 1379, 1380, 359, 1405, 394, 1420, 925, 417, 421, 941, 430, 1469, 1474, 458, 1485, 475, 993, 1006, 502], "point_pitch": 0.11678226391342683, "camera_rotation_from_original_to_final": [0.029942579567432404, -0.11141053587198257, -2.7200987339019775], "camera_location": [0.1851605325937271, -0.11082234233617783, 1.8844544887542725], "camera_rotation_original": [1.5717267990112305, -0.0008006416610442102, -1.3258916139602661], "view_id": 3, "point_location": [-7.233041286468506, -5.963289737701416, 2.987981081008911], "camera_distance": 9.513089316631811, "bounding_box_ranges": {"x": [-6.138867079947013, -0.11082234233617783], "y": [-7.431109253112466, 0.1851605325937271], "z": [-0.021016346094162808, 5.477908216133864]}, "obliqueness_angle": 0.4695729613304138, "resolution": 512, "point_uuid": "1186", "point_normal": [0.43012234568595886, 0.902729868888855, -0.008587784133851528], "camera_rotation_final": [1.687058925628662, 0.0011121914722025394, -4.044302463531494], "vanishing_points_image": {"x": [-19.397306740966155, 215.82197281959714], "y": [563.5046352455022, 227.51087551785622], "z": [255.71487994448304, 1.3719681415697458]}, "camera_uuid": "a5d931f6e602ca2a792cef637b435332", "field_of_view_rads": 0.881877933300202, "room": "8de55a2e5745f73de25402626a4c3d61"}