{"vanishing_points_gaussian_sphere": {"x": [-0.12199156461042883, -0.12461650518200532, 0.9846769951614199], "y": [0.9924751255301982, -0.025855326794518057, 0.11968553496628559], "z": [0.010544352408605375, 0.991868050051302, 0.12683291339282254]}, "nonfixated_points_in_view": [7, 141, 1170, 542, 1438, 420, 806, 1447, 1192, 170, 946, 820, 1465, 193, 323, 1091, 69, 198, 712, 201, 75, 1483, 334, 463, 208, 591, 210, 338, 721, 1366, 599, 1242, 860, 222, 994, 228, 1257, 1258, 1386, 1133, 367, 623, 1010, 372, 245, 1018, 1149, 383], "point_pitch": -0.11200170119735198, "camera_rotation_from_original_to_final": [0.12996019423007965, -0.06347853690385818, 2.1726186275482178], "camera_location": [0.13430264592170715, -5.5853047370910645, 1.5091227293014526], "camera_rotation_original": [1.588117241859436, -0.006452574394643307, 2.6567111015319824], "view_id": 12, "point_location": [5.989661693572998, -4.873597621917725, 0.7549126148223877], "camera_distance": 5.9464769914775815, "bounding_box_ranges": {"x": [-7.096544076702518, -3.7392429517053687], "y": [0.13430264592170715, 6.509046729657174], "z": [-0.014357644346481013, 2.427733165995981]}, "obliqueness_angle": 1.4491630792617798, "resolution": 512, "point_uuid": "1382", "point_normal": [-0.0012628246331587434, -0.9999940991401672, 0.0031953139696270227], "camera_rotation_final": [1.4436137676239014, -0.01054454781115055, 4.834692001342773], "vanishing_points_image": {"x": [199.27152028960373, 313.94912876454356], "y": [505.2095687483334, 262.4922481929881], "z": [258.65777960194345, 5.992548703667191]}, "camera_uuid": "caab66acefae8cc00595de890566047d", "field_of_view_rads": 0.99367944153979, "room": "856e4980d5eb3351797f528948f684e5"}