{"vanishing_points_gaussian_sphere": {"x": [0.058062377910882874, -0.26324199197550924, 0.9629810039310743], "y": [0.9982410576083206, 0.026885959857739273, -0.05283877428129496], "z": [-0.011981284420103941, 0.9643551207015464, 0.2643400272383103]}, "nonfixated_points_in_view": [256, 1345, 329, 139, 1196, 621, 1453, 434, 723, 308, 53, 246, 1077, 1079, 697, 444, 1111, 348], "point_pitch": -0.28694157203170256, "camera_rotation_from_original_to_final": [0.23242634534835815, -0.172267884016037, -1.0816410779953003], "camera_location": [0.2899336814880371, -8.048778533935547, 4.322153091430664], "camera_rotation_original": [1.5907143354415894, -0.01110281702131033, 2.574305772781372], "view_id": 0, "point_location": [-1.9072303771972656, -7.928220272064209, 3.719027519226074], "camera_distance": 2.2816276303054996, "bounding_box_ranges": {"x": [-8.960857194455816, -6.834358289399386], "y": [-1.9325906444926277, 0.2899336814880371], "z": [2.7748478006472217, 4.690673499382771]}, "obliqueness_angle": 1.3251025676727295, "resolution": 512, "point_uuid": "1267", "point_normal": [0.30381956696510315, 0.9527221322059631, 0.0037735681980848312], "camera_rotation_final": [1.3032571077346802, 0.011981571093201637, 1.5126971006393433], "vanishing_points_image": {"x": [287.0136268526018, 396.6089313736808], "y": [525.354997251659, 248.7453718834804], "z": [252.17630554860452, -51.76327436264268]}, "camera_uuid": "62e6bdd9a68e459d349568347b61a59b", "field_of_view_rads": 0.865845630723054, "room": "9be1cd563f04d329bc30a6918cfb1205"}