{"vanishing_points_gaussian_sphere": {"x": [0.671489963107876, 0.04461059006988568, 0.7396696050933822], "y": [0.7409632868272608, -0.02878479425797919, -0.6709283443063561], "z": [-0.008639271932624237, 0.9985896709225178, -0.0523835098798443]}, "nonfixated_points_in_view": [0, 1284, 1418, 267, 912, 920, 410, 293, 1061, 167, 171, 685, 50, 818, 313, 827, 701, 707, 708, 197, 71, 328, 1232, 119, 88, 242, 115, 627, 885, 631, 1273, 254], "point_pitch": 0.026348785558019117, "camera_rotation_from_original_to_final": [-0.020247139036655426, 0.027212604880332947, -0.746076226234436], "camera_location": [0.5467849373817444, -10.360032081604004, 1.5205349922180176], "camera_rotation_original": [1.5957993268966675, -0.011342709884047508, 1.5803825855255127], "view_id": 1, "point_location": [-2.6299190521240234, -7.478554725646973, 1.7455099821090698], "camera_distance": 4.294761149897636, "bounding_box_ranges": {"x": [-10.360032081604004, -5.958313703971223], "y": [-3.5493284448421982, 0.5467849373817444], "z": [-0.016868967625212616, 2.427163501386113]}, "obliqueness_angle": 1.4847332239151, "resolution": 512, "point_uuid": "829", "point_normal": [0.7333547472953796, 0.6726991534233093, 0.09831935167312622], "camera_rotation_final": [1.6232057809829712, 0.008639379404485226, 0.834544837474823], "vanishing_points_image": {"x": [483.96196210715254, 240.8552946405615], "y": [374.6975415819934, 260.61113846543674], "z": [254.19894946578938, 47.82152451058653]}, "camera_uuid": "08b7810ec5503ef8e7e738fee540560e", "field_of_view_rads": 1.0783649055177007, "room": "856e4980d5eb3351797f528948f684e5"}