{"vanishing_points_gaussian_sphere": {"x": [-0.4966235530398148, 0.08799176513126808, 0.8634943519416871], "y": [0.867846394774441, 0.06685708359104378, 0.4923136860282327], "z": [-0.014411163836254418, 0.9938750322061541, -0.10956613853787443]}, "nonfixated_points_in_view": [768, 1153, 7, 904, 17, 1170, 1299, 542, 1438, 420, 806, 1447, 1064, 170, 172, 686, 687, 1465, 703, 193, 1091, 456, 712, 75, 1483, 334, 79, 208, 463, 210, 338, 466, 591, 1366, 1242, 94, 994, 228, 1382, 1258, 1386, 1133, 367, 623, 1010, 372, 245, 1018, 383], "point_pitch": 0.10028334061173005, "camera_rotation_from_original_to_final": [0.06406809389591217, 0.07637003809213638, -1.6663382053375244], "camera_location": [0.4931855797767639, -7.2360944747924805, 1.5182243585586548], "camera_rotation_original": [1.5842092037200928, -0.010877704247832298, 0.6175836324691772], "view_id": 1, "point_location": [4.9170403480529785, -4.713872909545898, 2.0795540809631348], "camera_distance": 5.12320062695294, "bounding_box_ranges": {"x": [-7.350114903593039, -4.67262840676225], "y": [0.4931855797767639, 6.5080759377359465], "z": [-0.01724059027557523, 2.4277316369733617]}, "obliqueness_angle": 1.0599499940872192, "resolution": 512, "point_uuid": "747", "point_normal": [-0.004899463150650263, 0.9999577403068542, 0.007790585979819298], "camera_rotation_final": [1.6805943250656128, 0.014411662705242634, -1.051032543182373], "vanishing_points_image": {"x": [65.54923108497476, 222.25593122826214], "y": [506.8758674577994, 236.67304428226484], "z": [253.02262919299562, 50.66373845138103]}, "camera_uuid": "c61bffa72844e019185a72c8df1f3454", "field_of_view_rads": 1.062164330873835, "room": "856e4980d5eb3351797f528948f684e5"}