{"vanishing_points_gaussian_sphere": {"x": [-0.2914673994604324, -0.1808054257343128, 0.9393381462906778], "y": [0.9562299684619834, -0.028479317830665023, 0.29122701775607], "z": [-0.025903715312040578, 0.9831064675206516, 0.18119235925418842]}, "nonfixated_points_in_view": [258, 133, 517, 523, 140, 1166, 1296, 1426, 1427, 23, 1179, 288, 547, 932, 168, 557, 178, 1076, 1462, 1208, 569, 1081, 443, 1466, 318, 1343, 64, 580, 839, 1096, 1227, 1229, 336, 337, 720, 467, 1239, 600, 735, 1120, 867, 1255, 618, 1259, 114, 1138, 884], "point_pitch": -0.19640056689712004, "camera_rotation_from_original_to_final": [0.07267098873853683, -0.19560468196868896, -1.8580187559127808], "camera_location": [0.3440798223018646, -5.207657814025879, 4.2956719398498535], "camera_rotation_original": [1.591770052909851, -0.020765699446201324, 2.1472725868225098], "view_id": 11, "point_location": [-1.681174874305725, 1.3247005939483643, 3.03562068939209], "camera_distance": 6.954213783656138, "bounding_box_ranges": {"x": [-5.207657814025879, 1.5575511851267718], "y": [-7.243998426051351, 1.480495247016057], "z": [-0.032832758810545926, 4.860253096730733]}, "obliqueness_angle": 1.4095593690872192, "resolution": 512, "point_uuid": "1332", "point_normal": [0.00875871442258358, -0.34895196557044983, -0.9370997548103333], "camera_rotation_final": [1.388535737991333, 0.02590661309659481, 0.29586276412010193], "vanishing_points_image": {"x": [152.21218138041073, 320.38250303906784], "y": [467.3544176647202, 262.2947510892909], "z": [250.62091215888574, 51.851059114171534]}, "camera_uuid": "65572d2c193d1b3ea0911dbf66b34fb7", "field_of_view_rads": 1.19135229169642, "room": "8de55a2e5745f73de25402626a4c3d61"}