{"vanishing_points_gaussian_sphere": {"x": [0.032050451725649215, 0.06680577182497693, 0.9972511004732214], "y": [0.9994851208734205, -0.003643555338134562, -0.031878168974114655], "z": [0.00150389388790701, 0.9977593464134361, -0.06688815252200382]}, "nonfixated_points_in_view": [385, 1026, 1147, 140, 526, 1038, 1296, 18, 23, 1051, 796, 290, 547, 675, 295, 168, 297, 1065, 304, 305, 563, 1076, 1203, 1204, 1332, 1208, 1209, 826, 443, 1334, 318, 704, 1219, 196, 580, 710, 839, 1096, 1477, 1354, 1480, 1229, 719, 336, 337, 849, 978, 1361, 600, 347, 606, 735, 227, 231, 1255, 234, 1259, 364, 493, 750, 1137, 1138, 371, 630, 121, 634, 635, 766], "point_pitch": 0.06567974487808748, "camera_rotation_from_original_to_final": [-0.06502550095319748, -0.018728317692875862, 2.7798945903778076], "camera_location": [-3.8966617584228516, -5.1063923835754395, 1.5070674419403076], "camera_rotation_original": [1.5701526403427124, 0.0018522855825722218, -2.8113532066345215], "view_id": 5, "point_location": [-3.686372995376587, 1.472112774848938, 1.948304295539856], "camera_distance": 6.5966386066685185, "bounding_box_ranges": {"x": [-5.1063923835754395, 1.557539936899908], "y": [-7.240507323224518, 0.4766257963126441], "z": [-0.031953426380312455, 4.02043349266306]}, "obliqueness_angle": 1.5098309516906738, "resolution": 512, "point_uuid": "464", "point_normal": [-0.003921192139387131, 0.006100562866777182, -0.999973714351654], "camera_rotation_final": [1.6377345323562622, -0.0015038944547995925, -0.03205597773194313], "vanishing_points_image": {"x": [269.21550596377824, 228.45367761037673], "y": [459.3857415262805, 256.74142895052904], "z": [256.300844483614, 56.40453800860274]}, "camera_uuid": "62e24ad43a6e699e9b1ae0325438e489", "field_of_view_rads": 1.108767664116922, "room": "8de55a2e5745f73de25402626a4c3d61"}