{"vanishing_points_gaussian_sphere": {"x": [0.25388148017044265, -0.2618985006667562, 0.9311033075738536], "y": [0.9671304184094642, 0.08291443315162617, -0.24038292485590415], "z": [-0.014245975347439483, 0.9615271042064544, 0.27434044554667936]}, "nonfixated_points_in_view": [1280, 642, 1020, 1277, 794, 155, 27, 412, 1312, 164, 932, 1190, 679, 1321, 1068, 1197, 46, 175, 1072, 561, 690, 691, 819, 309, 947, 1199, 1082, 1083, 455, 73, 457, 1481, 76, 1356, 1486, 344, 988, 993, 1122, 1124, 1380, 377, 1006, 239, 1265, 882, 1393, 120, 505, 636, 893, 638, 511], "point_pitch": -0.28514854510756926, "camera_rotation_from_original_to_final": [0.2840976119041443, -0.06993693113327026, -1.6693830490112305], "camera_location": [3.9411685466766357, -6.047142028808594, 4.286668300628662], "camera_rotation_original": [1.584341049194336, -0.008459939621388912, 2.9743051528930664], "view_id": 1, "point_location": [-0.9153221249580383, -4.793341636657715, 2.855750322341919], "camera_distance": 5.215845327597668, "bounding_box_ranges": {"x": [-7.05475661807236, -4.766223834708451], "y": [0.9298214579705957, 3.9411685466766357], "z": [2.7675962288793476, 5.083939818675226]}, "obliqueness_angle": 0.9237121343612671, "resolution": 512, "point_uuid": "592", "point_normal": [0.4094492793083191, -0.9122936129570007, 0.008468331769108772], "camera_rotation_final": [1.2928636074066162, 0.014246457256376743, 1.3140785694122314], "vanishing_points_image": {"x": [347.2574609079352, 350.1391714369949], "y": [421.8577928111875, 241.7806097161788], "z": [252.8281681138413, 41.918320497721794]}, "camera_uuid": "6d257e4888f9878e655953370ee5e983", "field_of_view_rads": 1.1754911801487262, "room": "77c77478b552f1977cad320741ba92a5"}