{"vanishing_points_gaussian_sphere": {"x": [-0.617867950331434, -0.15454825781287368, 0.7709435984300267], "y": [0.7861634232842927, -0.10440818970827838, 0.6091354544038315], "z": [-0.013647997770900304, 0.9824529331875628, 0.18601066159766175]}, "nonfixated_points_in_view": [1027, 1159, 1417, 394, 779, 1420, 399, 527, 528, 786, 1042, 1045, 279, 281, 793, 1305, 925, 31, 1186, 164, 292, 1316, 1317, 40, 809, 1448, 811, 939, 941, 46, 430, 1069, 689, 1071, 1198, 1200, 54, 823, 828, 1469, 702, 191, 63, 1474, 1476, 1349, 1223, 1353, 458, 76, 1100, 335, 1234, 852, 469, 1241, 1374, 736, 1248, 611, 1379, 1256, 106, 493, 1006, 1135, 368, 624, 1263, 756, 1143, 122, 251, 636, 893, 382, 255], "point_pitch": -0.1887180050227304, "camera_rotation_from_original_to_final": [0.15055403113365173, 0.13384154438972473, -1.7114498615264893], "camera_location": [-2.0300116539001465, -0.3511151969432831, 1.4951437711715698], "camera_rotation_original": [1.5840462446212769, -0.0036451206542551517, -2.3237228393554688], "view_id": 6, "point_location": [-6.653486251831055, -4.0041985511779785, 0.37960630655288696], "camera_distance": 5.997162614915566, "bounding_box_ranges": {"x": [-6.441027340547407, -0.3511151969432831], "y": [-7.4311465652575315, -2.0300116539001465], "z": [-0.02702172495514832, 4.571787941576318]}, "obliqueness_angle": 0.29938456416130066, "resolution": 512, "point_uuid": "190", "point_normal": [0.6625801920890808, 0.7469471096992493, -0.05529574304819107], "camera_rotation_final": [1.3836783170700073, 0.013648421503603458, -4.046287536621094], "vanishing_points_image": {"x": [56.19848250543953, 305.97665993290116], "y": [480.6481904351216, 285.83490479191346], "z": [253.0097387022117, 40.74564311014333]}, "camera_uuid": "6f269c44fb405f239d56a612bcda89ad", "field_of_view_rads": 1.1444574204138305, "room": "8de55a2e5745f73de25402626a4c3d61"}