{"vanishing_points_gaussian_sphere": {"x": [-0.48601760563361396, 0.0856514811949567, 0.8697417494769807], "y": [0.8739445607000842, 0.050810588197032075, 0.4833623785006532], "z": [-0.002791386197942844, 0.9950286970214386, -0.09954948652259506]}, "nonfixated_points_in_view": [7, 1170, 542, 1438, 806, 1447, 1064, 170, 687, 1465, 703, 712, 75, 1483, 334, 79, 208, 463, 210, 338, 591, 1366, 1242, 222, 228, 1382, 1386, 747, 1133, 367, 623, 372, 245, 1018], "point_pitch": 0.11231024662521882, "camera_rotation_from_original_to_final": [-0.019047582522034645, 0.08477113395929337, -2.8363990783691406], "camera_location": [2.5174548625946045, -7.046302795410156, 1.517836332321167], "camera_rotation_original": [1.5836472511291504, 0.0011349497362971306, 1.7721537351608276], "view_id": 7, "point_location": [6.334534645080566, -4.924944877624512, 1.9547337293624878], "camera_distance": 4.388751134084578, "bounding_box_ranges": {"x": [-7.082614924320125, -3.9462008431806987], "y": [2.5174548625946045, 6.5102154286733995], "z": [-0.01694963452530207, 2.4277333068487286]}, "obliqueness_angle": 1.5065956115722656, "resolution": 512, "point_uuid": "383", "point_normal": [-0.5471320748329163, 0.8033002018928528, 0.23527739942073822], "camera_rotation_final": [1.6705113649368286, 0.0027913898229599, -1.0632669925689697], "vanishing_points_image": {"x": [56.189359572343655, 220.78712476098414], "y": [523.7604042795227, 240.43257816443284], "z": [255.38221393564461, 35.78150672717698]}, "camera_uuid": "3d5b30db610d18db270d0baeb235eacb", "field_of_view_rads": 1.0071124190770742, "room": "856e4980d5eb3351797f528948f684e5"}