{"vanishing_points_gaussian_sphere": {"x": [0.4448427588137197, -0.15839154929718505, 0.8814913709403152], "y": [0.8955620555327015, 0.06862432753650168, -0.43961267766092166], "z": [0.009139180545389316, 0.9849887404338186, 0.17237649665067006]}, "nonfixated_points_in_view": [1025, 1275, 400, 403, 790, 1046, 1303, 413, 1184, 169, 555, 812, 1201, 565, 438, 1207, 956, 700, 189, 1088, 705, 835, 77, 850, 985, 217, 986, 991, 1125, 619, 1260, 366, 878, 379], "point_pitch": -0.1509740789744516, "camera_rotation_from_original_to_final": [-0.19746646285057068, 0.005316837690770626, 2.75309157371521], "camera_location": [-2.484394073486328, -5.331701278686523, 4.301449775695801], "camera_rotation_original": [1.594873070716858, 5.2980572945671156e-05, -0.07394442707300186], "view_id": 3, "point_location": [-5.550583839416504, -11.479886054992676, 3.0991644859313965], "camera_distance": 6.974753355635469, "bounding_box_ranges": {"x": [-11.993637921307798, -5.9575205449656865], "y": [-6.363549895656437, -2.157630070767399], "z": [2.7669745046023966, 5.2124022010514555]}, "obliqueness_angle": 0.8768728375434875, "resolution": 512, "point_uuid": "1440", "point_normal": [-0.3253974914550781, 0.9256154894828796, -0.1932680755853653], "camera_rotation_final": [1.3975472450256348, -0.009139307774603367, 2.6805732250213623], "vanishing_points_image": {"x": [435.4858686107789, 319.9080759278293], "y": [421.6677132127858, 243.3053627679938], "z": [258.2567507582391, 12.775339343477901]}, "camera_uuid": "c5be5141daf3c047a2d6d480abd9ff63", "field_of_view_rads": 1.0319856049102254, "room": "ef914082afe6874a9bab2b30c864407b"}