{"vanishing_points_gaussian_sphere": {"x": [0.08166649235397602, -0.1758033722421992, 0.9810319863974205], "y": [0.9965040640240305, 0.031798510059075996, -0.07725610099929842], "z": [-0.01761347240577309, 0.9839115961641542, 0.1777856476870883]}, "nonfixated_points_in_view": [899, 773, 1159, 521, 522, 272, 528, 402, 786, 408, 793, 29, 925, 1186, 292, 37, 1317, 299, 941, 430, 814, 689, 436, 57, 828, 1469, 190, 63, 1087, 322, 1474, 966, 967, 1478, 1100, 1234, 852, 981, 1371, 1374, 224, 352, 1248, 611, 1252, 997, 1254, 106, 1143, 1019, 127, 639], "point_pitch": -0.18424431880446868, "camera_rotation_from_original_to_final": [0.16432000696659088, -0.11027371138334274, -1.1421083211898804], "camera_location": [1.9597357511520386, -5.512042045593262, 1.5149836540222168], "camera_rotation_original": [1.5890778303146362, 0.002467385260388255, 2.6240296363830566], "view_id": 4, "point_location": [-6.435690402984619, -4.850902557373047, -0.006462689023464918], "camera_distance": 8.557749801943759, "bounding_box_ranges": {"x": [-6.1420945447004405, -4.35493425997232], "y": [-3.5511154335245756, 1.9597357511520386], "z": [-0.07122070912906031, 2.4277340581088063]}, "obliqueness_angle": 1.398671269416809, "resolution": 512, "point_uuid": "1198", "point_normal": [-0.006318928208202124, 0.003952939994633198, 0.9999722838401794], "camera_rotation_final": [1.392032504081726, 0.01761438325047493, 1.4890260696411133], "vanishing_points_image": {"x": [290.8185760762174, 330.95391211782055], "y": [464.40910382605375, 249.3496518241435], "z": [251.80073603221132, 21.42362470745061]}, "camera_uuid": "5090c6fc5c0dcfff7ec7ff2b1a5d94fb", "field_of_view_rads": 1.0649807972334213, "room": "856e4980d5eb3351797f528948f684e5"}