{"vanishing_points_gaussian_sphere": {"x": [-0.06690928737069195, 0.042628344170925356, 0.9968480182739952], "y": [0.9970683383487942, 0.04002581038866487, 0.06521244639718157], "z": [-0.03711975115650418, 0.9982889154828757, -0.045181470738605053]}, "nonfixated_points_in_view": [898, 6, 395, 1035, 1171, 791, 162, 674, 1445, 1449, 950, 1090, 68, 964, 838, 1226, 206, 597, 730, 92, 477, 992, 610, 232, 105, 236, 1011, 887, 504], "point_pitch": 0.05035467545059724, "camera_rotation_from_original_to_final": [-0.04879087209701538, -0.05247896537184715, -2.6593942642211914], "camera_location": [3.7044036388397217, -10.948698043823242, 4.2955145835876465], "camera_rotation_original": [1.5925167798995972, -0.030547533184289932, 2.7276031970977783], "view_id": 6, "point_location": [2.9981613159179688, -0.15296237170696259, 4.7848219871521], "camera_distance": 10.829870956406978, "bounding_box_ranges": {"x": [-10.948698043823242, -4.67187724290416], "y": [1.9054127244759287, 4.174397878591125], "z": [2.765626299369309, 5.205519885811282]}, "obliqueness_angle": 0.6927599906921387, "resolution": 512, "point_uuid": "954", "point_normal": [-0.32166188955307007, -0.7678515315055847, -0.554019570350647], "camera_rotation_final": [1.616024374961853, 0.037128280848264694, 0.06700555980205536], "vanishing_points_image": {"x": [222.8955156498513, 234.90891671494185], "y": [511.775415718973, 245.73228022804972], "z": [246.99175134901083, 13.734508017563913]}, "camera_uuid": "7932379097c760f1e8c634ee2e00522a", "field_of_view_rads": 0.9523991250227075, "room": "77c77478b552f1977cad320741ba92a5"}