{"vanishing_points_gaussian_sphere": {"x": [-0.5171420583232095, -0.10395131609790347, 0.8495635440593883], "y": [0.8557637504384502, -0.08048137534611706, 0.5110686369343312], "z": [0.015247785044135763, 0.9913207715487007, 0.13057807223012846]}, "nonfixated_points_in_view": [1444, 583, 473, 525, 716, 1452, 1392, 913, 411, 405, 1175, 441, 698, 219, 732, 1335, 1437, 895], "point_pitch": -0.1357115944239755, "camera_rotation_from_original_to_final": [0.1436423361301422, -0.01719629392027855, 0.7079129815101624], "camera_location": [3.9411685466766357, -6.047142028808594, 4.286668300628662], "camera_rotation_original": [1.584341049194336, -0.008459939621388912, 2.9743051528930664], "view_id": 3, "point_location": [6.700291156768799, -10.633708000183105, 3.581712484359741], "camera_distance": 5.398731993773053, "bounding_box_ranges": {"x": [-11.542973906279446, -6.047142028808594], "y": [3.471797959741419, 5.479961874219359], "z": [2.7658280404637363, 5.200951999417944]}, "obliqueness_angle": 1.0497523546218872, "resolution": 512, "point_uuid": "891", "point_normal": [-0.828330397605896, 0.0015272056916728616, 0.5602379441261292], "camera_rotation_final": [1.4398289918899536, -0.015248375944793224, 3.685171365737915], "vanishing_points_image": {"x": [90.8917231792709, 289.18860339811096], "y": [467.1061224320724, 275.8537400872777], "z": [258.9958567896214, 61.22711623094981]}, "camera_uuid": "6d257e4888f9878e655953370ee5e983", "field_of_view_rads": 1.217388224611055, "room": "77c77478b552f1977cad320741ba92a5"}