{"vanishing_points_gaussian_sphere": {"x": [-0.5435940204673558, 0.24506626162029038, 0.8027752290196748], "y": [0.8392526125383694, 0.14425598461564182, 0.5242568676232038], "z": [0.012672539589901508, 0.9587141066647695, -0.28408919096353413]}, "nonfixated_points_in_view": [1028, 1288, 1420, 270, 15, 276, 149, 404, 1044, 156, 419, 437, 1206, 1461, 321, 1352, 73, 715, 717, 1233, 725, 603, 348, 991, 1122, 356, 359, 616, 748, 1263, 880, 1393, 764, 509, 1406], "point_pitch": 0.27455063263443513, "camera_rotation_from_original_to_final": [-0.12221378833055496, 0.24494032561779022, 0.10169018059968948], "camera_location": [0.30798399448394775, -4.362792491912842, 3.736617088317871], "camera_rotation_original": [1.5856736898422241, -0.011059120297431946, 2.032072067260742], "view_id": 7, "point_location": [-3.8323404788970947, -7.066653728485107, 5.201809883117676], "camera_distance": 5.157513319211875, "bounding_box_ranges": {"x": [-6.440326803980181, -4.362792491912842], "y": [-7.249718057552586, 0.30798399448394775], "z": [2.8750823785982496, 5.459408637451638]}, "obliqueness_angle": 1.2748528718948364, "resolution": 512, "point_uuid": "1355", "point_normal": [0.013037798926234245, -0.0055020893923938274, -0.9998999238014221], "camera_rotation_final": [1.8588764667510986, -0.012672878801822662, 2.145561456680298], "vanishing_points_image": {"x": [31.12360224448874, 154.61989637560762], "y": [537.6610733256214, 207.58633425328966], "z": [258.74786566144735, 48.11605107561701]}, "camera_uuid": "73759aa4f227ecebe2f10f72d0e43db4", "field_of_view_rads": 0.9541305022610298, "room": "8de55a2e5745f73de25402626a4c3d61"}