{"vanishing_points_gaussian_sphere": {"x": [-0.6283517567751999, -0.072944109917928, 0.7745019216153057], "y": [0.7778113389612125, -0.07625046652450265, 0.6238552615295968], "z": [0.013549566077398224, 0.9944169262352069, 0.10464887040019726]}, "nonfixated_points_in_view": [1409, 899, 264, 782, 1296, 1434, 1307, 540, 796, 547, 675, 293, 553, 809, 1065, 176, 304, 562, 1203, 1076, 1204, 1332, 184, 1210, 575, 1087, 577, 580, 1477, 839, 1224, 458, 1354, 1358, 719, 336, 849, 722, 1367, 347, 861, 997, 1254, 1255, 1256, 234, 874, 364, 1004, 750, 1007, 624, 242, 628, 885, 630, 1273, 507, 1278, 127], "point_pitch": -0.10378460486861663, "camera_rotation_from_original_to_final": [0.030813969671726227, 0.11157955974340439, 0.9943997263908386], "camera_location": [-6.732573986053467, -9.080721855163574, 1.502792477607727], "camera_rotation_original": [1.58157217502594, -0.008283889852464199, -1.885231852531433], "view_id": 4, "point_location": [-3.497734308242798, -6.475083827972412, 1.0657081604003906], "camera_distance": 4.176670909278094, "bounding_box_ranges": {"x": [-9.080721855163574, -5.932677835461838], "y": [-6.732573986053467, -2.4487477523899983], "z": [-0.018344900158321575, 2.429110727531166]}, "obliqueness_angle": 0.8567336201667786, "resolution": 512, "point_uuid": "685", "point_normal": [-0.04036400467157364, -0.9991809129714966, 0.0028973144944757223], "camera_rotation_final": [1.465945839881897, -0.013549980707466602, -0.8912895321846008], "vanishing_points_image": {"x": [45.355775075756384, 280.4532705300415], "y": [488.2039022401159, 278.7634324517115], "z": [258.93693994879413, 40.454883666794274]}, "camera_uuid": "6fe7ddd5d030b288cf1811fb32bc13b1", "field_of_view_rads": 1.114510956353179, "room": "ade82d56fe033105b37cc8ef1783cd93"}