{"vanishing_points_gaussian_sphere": {"x": [0.6078118727090209, -0.28476705000513214, 0.7412640923620459], "y": [0.79403572118772, 0.22793121058699897, -0.5635198636412406], "z": [-0.008485332748343703, 0.9311042317977724, 0.36465450587704273]}, "nonfixated_points_in_view": [257, 258, 133, 523, 140, 779, 527, 914, 1426, 788, 23, 409, 153, 1179, 164, 421, 1191, 168, 1068, 1324, 46, 692, 823, 1208, 953, 186, 443, 318, 191, 1343, 580, 710, 711, 839, 1096, 76, 1229, 337, 1106, 1234, 600, 1120, 993, 1251, 1379, 1380, 871, 1255, 1259, 239, 368, 1137, 1138, 1265, 756, 884, 636, 893], "point_pitch": -0.3897570808741708, "camera_rotation_from_original_to_final": [0.16246652603149414, -0.3546297550201416, -1.1442869901657104], "camera_location": [0.30798399448394775, -4.362792491912842, 3.736617088317871], "camera_rotation_original": [1.5856736898422241, -0.011059120297431946, 2.032072067260742], "view_id": 4, "point_location": [-7.179401397705078, 1.329228401184082, 0.05330304801464081], "camera_distance": 10.100833828187563, "bounding_box_ranges": {"x": [-4.639492284052507, 1.5576049135463954], "y": [-7.431150952975462, 0.30798399448394775], "z": [-0.02886521337796788, 4.630623172719036]}, "obliqueness_angle": 0.599000096321106, "resolution": 512, "point_uuid": "640", "point_normal": [0.354649156332016, -0.9286378622055054, 0.10888457298278809], "camera_rotation_final": [1.1975204944610596, 0.008485434576869011, 0.9174666404724121], "vanishing_points_image": {"x": [451.64485326133854, 347.66192733880666], "y": [381.4981209583635, 219.975249635311], "z": [253.89770707462014, 25.31324942067919]}, "camera_uuid": "73759aa4f227ecebe2f10f72d0e43db4", "field_of_view_rads": 1.1270035836480075, "room": "8de55a2e5745f73de25402626a4c3d61"}