{"vanishing_points_gaussian_sphere": {"x": [-0.42832272367091545, -0.1718994398462639, 0.8871246964027489], "y": [0.9034996431118665, -0.065063372194023, 0.4236214731283955], "z": [-0.015100969633058616, 0.9829635497714464, 0.18317920334158763]}, "nonfixated_points_in_view": [768, 1153, 7, 904, 654, 17, 1170, 1299, 542, 1438, 1442, 420, 806, 1447, 1064, 170, 172, 686, 687, 560, 1456, 1465, 1085, 703, 193, 1091, 456, 712, 75, 1099, 1483, 334, 79, 208, 463, 338, 466, 591, 977, 1366, 1242, 91, 94, 994, 228, 1382, 1128, 1258, 747, 1386, 1133, 367, 623, 1391, 1010, 372, 245, 1018, 383], "point_pitch": -0.19261757930251555, "camera_rotation_from_original_to_final": [-0.17667120695114136, -0.0928257629275322, -1.7370442152023315], "camera_location": [0.4931855797767639, -7.2360944747924805, 1.5182243585586548], "camera_rotation_original": [1.5842092037200928, -0.010877704247832298, 0.6175836324691772], "view_id": 4, "point_location": [5.437924385070801, -4.874873161315918, 0.49720287322998047], "camera_distance": 5.573893986031544, "bounding_box_ranges": {"x": [-8.155696515074325, -4.631456072304992], "y": [0.4931855797767639, 6.50807455527372], "z": [-0.013767856659367972, 2.427733526926035]}, "obliqueness_angle": 1.1260058879852295, "resolution": 512, "point_uuid": "210", "point_normal": [-0.0048467195592820644, -0.9999033212661743, 0.013039172627031803], "camera_rotation_final": [1.3865556716918945, 0.015101543627679348, -1.1281064748764038], "vanishing_points_image": {"x": [111.49993629314602, 313.9924403638273], "y": [471.1844591503987, 271.4959956684105], "z": [252.87941390014961, 52.872488018168006]}, "camera_uuid": "c61bffa72844e019185a72c8df1f3454", "field_of_view_rads": 1.196897716705917, "room": "856e4980d5eb3351797f528948f684e5"}