{"vanishing_points_gaussian_sphere": {"x": [-0.5303161028117499, -0.156886002783875, 0.8331576160781677], "y": [0.8477535187990907, -0.08784012058777259, 0.5230660422727569], "z": [-0.008877075099226802, 0.9837026457957829, 0.17958369133097568]}, "nonfixated_points_in_view": [3, 388, 134, 1146, 520, 137, 1287, 12, 911, 784, 1039, 658, 894, 1424, 665, 538, 285, 415, 544, 34, 1188, 1067, 301, 174, 429, 944, 1070, 1328, 566, 695, 1080, 1464, 1338, 65, 579, 965, 1221, 971, 1228, 1484, 975, 858, 93, 607, 97, 1378, 617, 362, 363, 746, 237, 1130, 241, 1269, 758, 1271, 378, 1404, 890], "point_pitch": -0.1678737839076181, "camera_rotation_from_original_to_final": [-0.19581452012062073, -0.011920295655727386, -2.7008628845214844], "camera_location": [-2.1478989124298096, -7.17814826965332, 1.5089408159255981], "camera_rotation_original": [1.586061954498291, -0.002639547921717167, 0.12005194276571274], "view_id": 4, "point_location": [0.18258605897426605, -10.890222549438477, 0.7088183760643005], "camera_distance": 4.455429344263855, "bounding_box_ranges": {"x": [-12.061384432493687, -7.17814826965332], "y": [-2.149535279231615, 5.793015488730004], "z": [-0.023307159233992625, 2.4201181552772635]}, "obliqueness_angle": 0.6198784708976746, "resolution": 512, "point_uuid": "863", "point_normal": [-0.007927662692964077, 0.9944931268692017, -0.10450239479541779], "camera_rotation_final": [1.390225887298584, 0.008877191692590714, -2.582594633102417], "vanishing_points_image": {"x": [48.205007976861175, 317.4730073708317], "y": [518.434533700304, 283.19219746711985], "z": [253.77047865579507, 8.93821212083753]}, "camera_uuid": "3dfb7fb5350fdc03281337b3a75a5e86", "field_of_view_rads": 1.0208578342368517, "room": "856e4980d5eb3351797f528948f684e5"}