{"vanishing_points_gaussian_sphere": {"x": [0.3271603902438728, -0.25952472304007024, 0.908632487415265], "y": [0.9449583988903815, 0.09436654379331086, -0.3132867373174802], "z": [-0.004438853681251316, 0.96111491172673, 0.27611306204979963]}, "nonfixated_points_in_view": [260, 1156, 1416, 269, 909, 1423, 913, 1297, 532, 791, 1047, 25, 411, 33, 545, 163, 674, 1314, 935, 425, 564, 573, 959, 448, 963, 68, 1097, 1098, 78, 1104, 81, 1108, 597, 1495, 473, 220, 477, 350, 989, 1387, 1397], "point_pitch": -0.2710602720591684, "camera_rotation_from_original_to_final": [-0.25479984283447266, 0.13807053864002228, -3.014720916748047], "camera_location": [4.716692924499512, -4.644749641418457, 4.289913177490234], "camera_rotation_original": [1.5800347328186035, -0.0031423436012119055, -0.47769707441329956], "view_id": 2, "point_location": [2.9958057403564453, -9.63587760925293, 2.773221254348755], "camera_distance": 5.493010566431811, "bounding_box_ranges": {"x": [-11.5986556115134, -5.618538070836264], "y": [1.4045874272802799, 5.479933370759499], "z": [2.765626138911788, 5.206233557615792]}, "obliqueness_angle": 1.271164894104004, "resolution": 512, "point_uuid": "515", "point_normal": [0.13378234207630157, -0.0223473459482193, 0.9907587766647339], "camera_rotation_final": [1.291045904159546, 0.004438868258148432, -3.474893093109131], "vanishing_points_image": {"x": [382.7290837533436, 356.52968312481806], "y": [428.69104622330605, 238.7545242253202], "z": [254.9114493294475, 20.303498883700577]}, "camera_uuid": "3e56251b11c1ca97c045b046c52cd27c", "field_of_view_rads": 1.08898763604181, "room": "77c77478b552f1977cad320741ba92a5"}