{"vanishing_points_gaussian_sphere": {"x": [0.23702314224875873, 0.26408143432551384, 0.9349230054304494], "y": [0.9714730253238343, -0.056742178186166066, -0.23026177772884143], "z": [-0.007758292768494655, 0.9628298506274454, -0.2699971993077885]}, "nonfixated_points_in_view": [513, 1025, 1154, 1155, 524, 397, 19, 790, 407, 1046, 30, 159, 1184, 166, 808, 810, 1195, 942, 1326, 1459, 182, 312, 574, 830, 1088, 833, 834, 968, 74, 586, 588, 205, 1359, 976, 212, 1237, 598, 1116, 990, 869, 103, 1005, 1008, 250], "point_pitch": 0.2868834296849112, "camera_rotation_from_original_to_final": [0.013392835855484009, 0.26120132207870483, 3.0193705558776855], "camera_location": [-5.609722137451172, -10.968703269958496, 4.285808086395264], "camera_rotation_original": [1.5832164287567139, -0.00936906412243843, 1.4556810855865479], "view_id": 6, "point_location": [-3.604857921600342, -11.462480545043945, 4.8647942543029785], "camera_distance": 2.144416399522485, "bounding_box_ranges": {"x": [-11.665424843422285, -9.396985222512923], "y": [-5.609722137451172, -1.7674265431773173], "z": [2.928679284276262, 5.207620119495935]}, "obliqueness_angle": 1.3384495973587036, "resolution": 512, "point_uuid": "565", "point_normal": [0.0, 1.0, 0.0], "camera_rotation_final": [1.8441948890686035, 0.007758370600640774, 4.473081111907959], "vanishing_points_image": {"x": [333.3051088684233, 169.86982791225677], "y": [407.3119936804916, 264.8378903822476], "z": [254.81275789096145, 108.65931866528544]}, "camera_uuid": "84fae33197a8eefa4becf372ea5729e2", "field_of_view_rads": 1.2702010026897281, "room": "ef914082afe6874a9bab2b30c864407b"}