{"vanishing_points_gaussian_sphere": {"x": [0.44264543975190646, -0.09682367607499588, 0.8914539754906956], "y": [0.8966021327684303, 0.062230743326208274, -0.43844264174481257], "z": [-0.01302421521412422, 0.9933541716509736, 0.11435846921703845]}, "nonfixated_points_in_view": [257, 132, 517, 905, 788, 153, 794, 155, 1312, 162, 932, 549, 679, 1191, 1068, 175, 307, 691, 692, 567, 953, 186, 316, 1343, 1090, 457, 1226, 1486, 211, 1377, 1251, 1124, 232, 872, 239, 882, 377, 893, 638], "point_pitch": -0.12282912333938079, "camera_rotation_from_original_to_final": [0.12208457291126251, 0.004246294032782316, -2.29331636428833], "camera_location": [4.866747856140137, -7.32299280166626, 4.294677257537842], "camera_rotation_original": [1.5751346349716187, -0.014772405847907066, -2.8775057792663574], "view_id": 6, "point_location": [-7.095946788787842, -1.4393996000289917, 2.7600650787353516], "camera_distance": 13.419305193448865, "bounding_box_ranges": {"x": [-7.423084727295231, -4.672145923891897], "y": [0.9299214199022208, 4.866747856140137], "z": [2.7677848669346594, 5.2133621499037925]}, "obliqueness_angle": 0.3706527054309845, "resolution": 512, "point_uuid": "76", "point_normal": [0.9949422478675842, -0.09962992370128632, 0.012800492346286774], "camera_rotation_final": [1.4561773538589478, 0.013024583458900452, -5.170977592468262], "vanishing_points_image": {"x": [404.65478970119256, 288.51655142565585], "y": [392.8875228801228, 246.4990050886779], "z": [253.42860336982065, 59.88011657025852]}, "camera_uuid": "85ddc613ad5dac20833685dcf49001a9", "field_of_view_rads": 1.2047695261225082, "room": "77c77478b552f1977cad320741ba92a5"}