{"vanishing_points_gaussian_sphere": {"x": [-0.14749587874693387, -0.30020539453654366, 0.9424020834250252], "y": [0.988981774792193, -0.032578832886968875, 0.14440799415755015], "z": [-0.012649698872063044, 0.9533180690298916, 0.3017029074761544]}, "nonfixated_points_in_view": [640, 258, 1027, 1417, 779, 526, 399, 527, 1042, 279, 1446, 297, 939, 1324, 46, 1200, 563, 1331, 54, 823, 953, 442, 186, 826, 191, 452, 1353, 1102, 335, 1241, 736, 1379, 368, 1137, 634, 635, 766], "point_pitch": -0.30113498767348723, "camera_rotation_from_original_to_final": [0.23441603779792786, 0.22010476887226105, -2.2131457328796387], "camera_location": [-2.0300116539001465, -0.3511151969432831, 1.4951437711715698], "camera_rotation_original": [1.5840462446212769, -0.0036451206542551517, -2.3237228393554688], "view_id": 0, "point_location": [-5.616995811462402, -0.9007638096809387, 0.34679773449897766], "camera_distance": 3.8062143062615443, "bounding_box_ranges": {"x": [-4.069199436844549, 1.3802810267803103], "y": [-7.430185845897773, -2.0300116539001465], "z": [-0.03336500341745774, 2.6631496565171107]}, "obliqueness_angle": 1.4335362911224365, "resolution": 512, "point_uuid": "493", "point_normal": [-0.18453550338745117, 0.11174988001585007, 0.9764520525932312], "camera_rotation_final": [1.2642927169799805, 0.012650036253035069, -4.564341068267822], "vanishing_points_image": {"x": [191.31178279867174, 387.6630127687149], "y": [503.213212755373, 264.14364647670106], "z": [252.54512448005647, -4.369459599163126]}, "camera_uuid": "6f269c44fb405f239d56a612bcda89ad", "field_of_view_rads": 1.0086282145859926, "room": "8de55a2e5745f73de25402626a4c3d61"}