{"vanishing_points_gaussian_sphere": {"x": [-0.536726808433043, 0.0658561234623419, 0.8411820873697872], "y": [0.8437320300104779, 0.049419133831638144, 0.5344848087137077], "z": [-0.00637139260110811, 0.9966045957218156, -0.08208949471448297]}, "nonfixated_points_in_view": [1338, 695], "point_pitch": 0.08268781105545564, "camera_rotation_from_original_to_final": [0.07459653913974762, -0.020236581563949585, -2.1857945919036865], "camera_location": [-1.2640292644500732, -10.590165138244629, 1.4937529563903809], "camera_rotation_original": [1.576294183731079, -0.003259384771808982, -0.3901067078113556], "view_id": 1, "point_location": [-0.42936959862709045, -11.903767585754395, 1.6219449043273926], "camera_distance": 1.5616149863578774, "bounding_box_ranges": {"x": [-12.0610217574751, -10.590165138244629], "y": [-1.3263530447172642, 0.6887071345404561], "z": [0.8144750914549952, 2.403707879736929]}, "obliqueness_angle": 1.3643280267715454, "resolution": 512, "point_uuid": "571", "point_normal": [-0.9366724491119385, -0.3497978746891022, 0.016922518610954285], "camera_rotation_final": [1.6529799699783325, 0.006371435709297657, -2.575026750564575], "vanishing_points_image": {"x": [83.14271470632707, 234.79049351959935], "y": [470.8640767323231, 243.4149656692372], "z": [254.8579514311539, 77.3623106427971]}, "camera_uuid": "bf987798a26d9c5da496954cb31ac414", "field_of_view_rads": 1.202463628376891, "room": "856e4980d5eb3351797f528948f684e5"}