{"vanishing_points_gaussian_sphere": {"x": [0.42227782829749105, 0.2059205770000619, 0.8827673259111465], "y": [0.9064227824947025, -0.08636403445434243, -0.4134476906784346], "z": [-0.008898039273688377, 0.9747502087820915, -0.22312071928970012]}, "nonfixated_points_in_view": [636, 1027, 764, 1159, 264, 1289, 394, 522, 779, 780, 14, 906, 528, 1420, 786, 147, 787, 1043, 406, 1298, 1305, 156, 925, 31, 1186, 164, 292, 1317, 941, 46, 1069, 1071, 433, 1198, 825, 828, 1468, 190, 191, 447, 63, 962, 1216, 1474, 70, 585, 458, 76, 460, 1100, 335, 979, 852, 469, 1491, 1241, 859, 1248, 865, 611, 1379, 358, 1384, 106, 877, 1006, 1135, 624, 1263, 1143, 1401, 508, 765, 255], "point_pitch": 0.22760899464157625, "camera_rotation_from_original_to_final": [0.11998722702264786, -0.18268482387065887, -2.5262134075164795], "camera_location": [-4.307779312133789, 0.3686792552471161, 1.49626624584198], "camera_rotation_original": [1.5781090259552002, -0.005691109225153923, -1.0627084970474243], "view_id": 6, "point_location": [-7.230966091156006, -5.872725009918213, 3.0737907886505127], "camera_distance": 7.070270753178721, "bounding_box_ranges": {"x": [-6.441317789087872, 0.3686792552471161], "y": [-7.431148674841721, -3.2775888148184125], "z": [-0.019834078995827897, 5.4781858096125475]}, "obliqueness_angle": 1.169076681137085, "resolution": 512, "point_uuid": "1469", "point_normal": [0.9996796250343323, -0.025311153382062912, -0.00013610583846457303], "camera_rotation_final": [1.7958201169967651, 0.008898156695067883, -3.5775678157806396], "vanishing_points_image": {"x": [416.6047298024924, 177.68232283659123], "y": [415.5866662879237, 271.20543019429726], "z": [254.2992716463546, 69.69094169998074]}, "camera_uuid": "5fb98853d32c905b4569c0e295d9d2d9", "field_of_view_rads": 1.0844691444663117, "room": "8de55a2e5745f73de25402626a4c3d61"}