{"vanishing_points_gaussian_sphere": {"x": [0.32220292567380127, -0.0658845626118569, 0.9443751897930648], "y": [0.9466596276463186, 0.01761507825013566, -0.3217534124182292], "z": [0.0045633399803558725, 0.9976717563546068, 0.06804588525794765]}, "nonfixated_points_in_view": [1026, 13, 1038, 18, 23, 1051, 540, 547, 1065, 47, 563, 1076, 1081, 580, 1096, 606, 1120, 618, 1137, 114, 1138, 630, 632, 634, 1147, 635, 1151, 647, 1162, 148, 661, 664, 675, 168, 681, 178, 1202, 1203, 1204, 1208, 1209, 704, 1219, 196, 710, 1227, 1229, 720, 214, 1238, 1244, 735, 227, 1254, 231, 1255, 234, 1259, 750, 240, 759, 1276, 766, 264, 1296, 788, 1307, 796, 290, 297, 809, 815, 304, 305, 1332, 1334, 826, 318, 1344, 839, 1354, 844, 336, 337, 849, 1361, 341, 347, 1375, 1376, 867, 364, 1407, 385, 387, 1427, 408, 931, 1446, 939, 1462, 1466, 443, 1477, 464, 978, 467, 999, 489, 493, 494], "point_pitch": -0.06746189197036223, "camera_rotation_from_original_to_final": [-0.0653497576713562, 0.014736128970980644, -0.10537181049585342], "camera_location": [-5.588504314422607, -6.667678356170654, 1.5075440406799316], "camera_rotation_original": [1.5696860551834106, -0.004471865016967058, -0.2234717458486557], "view_id": 6, "point_location": [-2.8124072551727295, 1.4804160594940186, 0.9204414486885071], "camera_distance": 8.628026768084785, "bounding_box_ranges": {"x": [-5.014765246738102, 1.5571315726401878], "y": [-7.2324732413995445, 1.4834194084417565], "z": [-0.029910459688237023, 4.268009445951659]}, "obliqueness_angle": 0.311692476272583, "resolution": 512, "point_uuid": "719", "point_normal": [-0.02798948436975479, -0.9868899583816528, 0.15894955396652222], "camera_rotation_final": [1.5026971101760864, -0.004563355818390846, -0.3280591368675232], "vanishing_points_image": {"x": [388.07296241655666, 283.00648773896154], "y": [432.4297391558212, 252.71706327161345], "z": [257.02206860234753, 32.547664208997396]}, "camera_uuid": "a16f93f6e5a1a0a39d5df06bb9e95552", "field_of_view_rads": 1.0684761344387421, "room": "8de55a2e5745f73de25402626a4c3d61"}