{"vanishing_points_gaussian_sphere": {"x": [-0.022840884867071386, 0.1266983245975176, 0.991678288822878], "y": [0.9996616681367355, -0.009452058620736689, 0.024232371858927175], "z": [0.012443602234415797, 0.9918962612753475, -0.12643956513457094]}, "nonfixated_points_in_view": [3, 900, 1146, 136, 137, 520, 1160, 12, 1422, 530, 660, 1428, 278, 665, 285, 287, 1439, 1443, 1188, 934, 296, 682, 1066, 1067, 174, 1070, 1328, 1330, 181, 949, 695, 1078, 1080, 195, 1347, 1221, 1484, 973, 847, 1360, 980, 1236, 86, 215, 89, 1117, 607, 1378, 99, 357, 486, 617, 362, 363, 1130, 241, 1395, 117, 1269, 1271, 378, 894], "point_pitch": 0.12339015404251619, "camera_rotation_from_original_to_final": [-0.00950177013874054, 0.11434909701347351, 1.392384648323059], "camera_location": [2.5174548625946045, -7.046302795410156, 1.517836332321167], "camera_rotation_original": [1.5836472511291504, 0.0011349497362971306, 1.7721537351608276], "view_id": 1, "point_location": [2.626870632171631, -11.524042129516602, 2.0887508392333984], "camera_distance": 4.515314508318265, "bounding_box_ranges": {"x": [-12.034070423117676, -7.046302795410156], "y": [-0.5105321409134804, 5.75007437747886], "z": [-0.029193630755334543, 2.422988600840999]}, "obliqueness_angle": 0.16697071492671967, "resolution": 512, "point_uuid": "65", "point_normal": [-0.12131334841251373, 0.9925719499588013, 0.009166059084236622], "camera_rotation_final": [1.697585105895996, -0.012443923391401768, 3.1644372940063477], "vanishing_points_image": {"x": [247.40785538127278, 208.33939778481562], "y": [447.9132437773031, 257.8145891636116], "z": [258.21963133920525, 79.07020223789655]}, "camera_uuid": "3d5b30db610d18db270d0baeb235eacb", "field_of_view_rads": 1.1873891875340676, "room": "856e4980d5eb3351797f528948f684e5"}