{"vanishing_points_gaussian_sphere": {"x": [-0.26075247729136447, -0.17180076063833388, 0.9499961285344833], "y": [0.9654056885282193, -0.04644993934040061, 0.25658187717106634], "z": [4.630088004142598e-05, 0.9840360266673995, 0.17796936836676558]}, "nonfixated_points_in_view": [388, 774, 520, 1292, 398, 911, 1040, 146, 530, 658, 1176, 26, 797, 34, 1442, 1063, 1067, 301, 48, 688, 1329, 695, 1336, 572, 1084, 958, 319, 192, 66, 323, 579, 965, 1094, 330, 971, 591, 980, 1236, 472, 728, 1368, 221, 223, 863, 97, 99, 617, 1133, 367, 1013, 758, 890, 763], "point_pitch": -0.18996231158706145, "camera_rotation_from_original_to_final": [0.18125995993614197, 0.002687966451048851, -1.3816249370574951], "camera_location": [8.056329727172852, -4.2689995765686035, 1.4923113584518433], "camera_rotation_original": [1.572834849357605, -0.010850214399397373, -3.067706823348999], "view_id": 4, "point_location": [6.479491233825684, -4.694883823394775, 1.196911334991455], "camera_distance": 1.6598368124218523, "bounding_box_ranges": {"x": [-6.106919561553444, -3.208629160401278], "y": [4.192384768047233, 7.605944140863506], "z": [-0.018485914973788098, 2.424578792005091]}, "obliqueness_angle": 0.2994288206100464, "resolution": 512, "point_uuid": "24", "point_normal": [0.9993005394935608, 0.034336768090724945, -0.01481534168124199], "camera_rotation_final": [1.391873836517334, -4.630088005797006e-05, -4.448587417602539], "vanishing_points_image": {"x": [146.85510727953573, 327.91178309770214], "y": [499.3739959805316, 267.70979981230573], "z": [256.0111686182641, 18.632530307263714]}, "camera_uuid": "bd5b2b073675437662294c1b37a7fa10", "field_of_view_rads": 1.0548611796323821, "room": "8efc299ca974ee46c0bc622cd51b4dc7"}