{"vanishing_points_gaussian_sphere": {"x": [0.17242244085779934, -0.11812897489741903, 0.9779141307795505], "y": [0.9848428334645901, 0.03966641225636598, -0.1688525069761942], "z": [-0.018843971504870324, 0.9922056848397882, 0.12317785397355596]}, "nonfixated_points_in_view": [772, 1029, 646, 1030, 8, 1414, 1290, 654, 1167, 144, 17, 275, 1299, 662, 1304, 1432, 28, 416, 672, 673, 677, 422, 1061, 1062, 171, 172, 687, 693, 1463, 1465, 314, 827, 60, 317, 701, 831, 1085, 708, 1351, 328, 456, 1099, 1483, 334, 848, 977, 466, 1232, 85, 91, 604, 94, 98, 740, 613, 1383, 1128, 874, 1133, 367, 751, 760, 242, 115, 627, 1141, 119, 248, 1403, 254, 1399], "point_pitch": -0.10659353335830168, "camera_rotation_from_original_to_final": [-0.14635679125785828, -0.009315579198300838, -1.8612533807754517], "camera_location": [-4.210936069488525, -6.891334056854248, 1.5098429918289185], "camera_rotation_original": [1.593726634979248, 0.010752296075224876, 0.11999154835939407], "view_id": 3, "point_location": [1.999193787574768, -7.963612079620361, 0.727616012096405], "camera_distance": 6.35038354590158, "bounding_box_ranges": {"x": [-10.774198726193, -6.147995915560104], "y": [-3.5512688537609938, 6.495406264988747], "z": [-0.017909344607419997, 2.4277332600159935]}, "obliqueness_angle": 0.0594809427857399, "resolution": 512, "point_uuid": "298", "point_normal": [-0.9793153405189514, 0.12281670421361923, 0.16080345213413239], "camera_rotation_final": [1.4472827911376953, 0.01884508691728115, -1.7441158294677734], "vanishing_points_image": {"x": [345.7597123805244, 317.4956078677904], "y": [497.6083601584761, 246.26876523544786], "z": [250.65774804088892, -25.289576473118903]}, "camera_uuid": "41b233ae6d911bdc4a03358505e283ee", "field_of_view_rads": 0.896880404183927, "room": "856e4980d5eb3351797f528948f684e5"}