{"vanishing_points_gaussian_sphere": {"x": [0.4527593602819085, 0.19278978852192905, 0.8705406705713334], "y": [0.8915989674154959, -0.10639145246018232, -0.44015013364423083], "z": [0.007761635184575178, 0.9754552559113527, -0.22006090232973902]}, "nonfixated_points_in_view": [519, 1479, 1161, 652, 525, 1452, 817, 1457, 1047, 952, 473, 381], "point_pitch": 0.2503590146687369, "camera_rotation_from_original_to_final": [-0.12118659168481827, 0.16114087402820587, 2.0883216857910156], "camera_location": [0.3440798223018646, -5.207657814025879, 4.2956719398498535], "camera_rotation_original": [1.591770052909851, -0.020765699446201324, 2.1472725868225098], "view_id": 4, "point_location": [1.700490117073059, -5.893465995788574, 4.638554096221924], "camera_distance": 1.5581238045326358, "bounding_box_ranges": {"x": [-5.979561261340033, -5.131675139965724], "y": [0.3440798223018646, 1.4912039130923809], "z": [3.954661839784539, 5.4129807194712205]}, "obliqueness_angle": 0.3019229471683502, "resolution": 512, "point_uuid": "691", "point_normal": [0.6858335137367249, -0.6657043695449829, 0.29405808448791504], "camera_rotation_final": [1.792680025100708, -0.007761713117361069, 4.242516040802002], "vanishing_points_image": {"x": [457.82003880747413, 170.06286426203528], "y": [439.95875170673025, 277.95116807231614], "z": [257.7601747323181, 34.787374936891084]}, "camera_uuid": "65572d2c193d1b3ea0911dbf66b34fb7", "field_of_view_rads": 0.9408146237702437, "room": "8de55a2e5745f73de25402626a4c3d61"}