{"vanishing_points_gaussian_sphere": {"x": [0.3918667186057622, 0.0006863575883605392, 0.9200217409183401], "y": [0.9200105063765152, -0.005290208849754675, -0.391857986835989], "z": [0.00459815245294834, 0.9999857712005642, -0.0027045129751154706]}, "nonfixated_points_in_view": [1026, 13, 1038, 18, 23, 1051, 540, 547, 1065, 557, 47, 563, 1076, 1081, 64, 1096, 606, 1120, 618, 624, 1137, 114, 1138, 630, 632, 121, 634, 1147, 635, 1151, 647, 1162, 148, 661, 664, 1180, 675, 168, 681, 178, 1202, 1203, 1204, 1208, 1209, 704, 1219, 196, 710, 1227, 1229, 719, 720, 214, 1238, 1244, 735, 227, 1254, 231, 1255, 234, 1259, 750, 240, 759, 1276, 766, 264, 1296, 788, 1306, 1307, 796, 290, 297, 809, 815, 304, 305, 1332, 1334, 826, 318, 1344, 839, 1354, 844, 336, 337, 849, 1361, 341, 347, 1375, 1376, 867, 364, 1407, 385, 387, 1427, 408, 931, 1446, 939, 1462, 1466, 443, 1471, 1477, 464, 978, 467, 999, 489, 493, 494], "point_pitch": 0.0030002156880239994, "camera_rotation_from_original_to_final": [0.003691920544952154, -0.0009686098783276975, -0.1791769564151764], "camera_location": [-5.588504314422607, -6.667678356170654, 1.5075440406799316], "camera_rotation_original": [1.5696860551834106, -0.004471865016967058, -0.2234717458486557], "view_id": 1, "point_location": [-2.1547887325286865, 1.3941526412963867, 1.531244158744812], "camera_distance": 8.762652267707361, "bounding_box_ranges": {"x": [-6.101205186651736, 1.557575570651264], "y": [-7.241522425764187, 1.4813198438423534], "z": [-0.04542583390238993, 4.3146747286759375]}, "obliqueness_angle": 0.38188454508781433, "resolution": 512, "point_uuid": "580", "point_normal": [-0.02124599553644657, -0.9996330142021179, 0.01681044138967991], "camera_rotation_final": [1.5735008716583252, -0.004598168656229973, -0.4026642143726349], "vanishing_points_image": {"x": [382.91108523639207, 255.7777142526699], "y": [390.5344745729997, 256.7735949351125], "z": [256.8030501735404, 81.35621528041705]}, "camera_uuid": "a16f93f6e5a1a0a39d5df06bb9e95552", "field_of_view_rads": 1.2636586322956198, "room": "8de55a2e5745f73de25402626a4c3d61"}