{"vanishing_points_gaussian_sphere": {"x": [-0.03442306201165072, 0.14784695249313964, 0.9884110134150841], "y": [0.9993792949285347, -0.0023182795649192545, 0.0351518199813848], "z": [0.0074885025129765165, 0.9890075349654068, -0.14767538085870288]}, "nonfixated_points_in_view": [3, 643, 900, 774, 1146, 1160, 137, 1286, 1291, 12, 1164, 1422, 530, 660, 1428, 278, 665, 285, 797, 287, 544, 926, 1439, 1442, 1188, 165, 934, 1319, 296, 1443, 298, 43, 1066, 1067, 1070, 1328, 1330, 181, 821, 949, 1078, 1080, 1084, 317, 62, 958, 65, 66, 195, 1347, 1221, 1351, 1484, 973, 847, 1360, 980, 1236, 215, 89, 1113, 1117, 351, 607, 1378, 99, 996, 357, 617, 362, 363, 1130, 751, 241, 1395, 116, 117, 1013, 1271, 378, 1403, 894], "point_pitch": 0.13136167923477693, "camera_rotation_from_original_to_final": [-0.10818234831094742, 0.07280521094799042, 0.5483768582344055], "camera_location": [1.9597357511520386, -5.512042045593262, 1.5149836540222168], "camera_rotation_original": [1.5890778303146362, 0.002467385260388255, 2.6240296363830566], "view_id": 4, "point_location": [2.172774076461792, -11.501947402954102, 2.409916400909424], "camera_distance": 6.060136734757814, "bounding_box_ranges": {"x": [-11.70306228164877, -5.512042045593262], "y": [0.029947469559619133, 6.281118615508778], "z": [-0.029617230607563827, 2.4225624759463797]}, "obliqueness_angle": 1.1128062009811401, "resolution": 512, "point_uuid": "682", "point_normal": [-0.009405186399817467, 0.3047005534172058, -0.9524017572402954], "camera_rotation_final": [1.7190179824829102, -0.007488572504371405, 3.176023483276367], "vanishing_points_image": {"x": [242.82193891867337, 199.400265496917], "y": [452.9733440262238, 256.45692289264656], "z": [257.3503067868737, 77.6648008839055]}, "camera_uuid": "5090c6fc5c0dcfff7ec7ff2b1a5d94fb", "field_of_view_rads": 1.168207149849008, "room": "856e4980d5eb3351797f528948f684e5"}