{"vanishing_points_gaussian_sphere": {"x": [-0.40466816861892035, 0.2979714874090362, 0.8645557622258125], "y": [0.9143199981544105, 0.148591582628755, 0.37674856674817064], "z": [-0.016205378166768133, 0.9429387754584752, -0.3325715734324622]}, "nonfixated_points_in_view": [1028, 14, 528, 1043, 22, 31, 32, 548, 38, 40, 556, 1069, 1071, 63, 578, 70, 1095, 585, 1100, 590, 594, 87, 92, 109, 1135, 624, 1148, 1150, 128, 130, 653, 1169, 147, 148, 149, 1172, 667, 156, 160, 675, 173, 176, 691, 1211, 1216, 709, 204, 213, 729, 1250, 739, 744, 236, 1263, 762, 255, 261, 264, 271, 1295, 274, 276, 1300, 792, 1305, 1307, 1313, 292, 293, 1317, 1318, 300, 813, 828, 1342, 324, 843, 851, 1369, 1373, 352, 1377, 356, 1390, 888, 1405, 394, 906, 406, 919, 1431, 1436, 1441, 424, 433, 435, 1461, 951, 440, 957, 447, 962, 1474, 1475, 1479, 458, 460, 461, 1485, 1491, 469, 470, 981, 475, 991, 483, 490, 502, 1014, 1022], "point_pitch": 0.3277571956303458, "camera_rotation_from_original_to_final": [0.2730283737182617, -0.18923421204090118, -2.0333666801452637], "camera_location": [-6.215150356292725, 0.12702560424804688, 1.4902317523956299], "camera_rotation_original": [1.5806941986083984, -0.017110392451286316, -0.7174729108810425], "view_id": 6, "point_location": [-3.5608339309692383, -5.964050769805908, 3.8333051204681396], "camera_distance": 7.045324692130776, "bounding_box_ranges": {"x": [-6.441835640561866, 0.12702560424804688], "y": [-7.294447308205391, 1.4911880590551405], "z": [-0.015124871927647554, 5.4780662262256286]}, "obliqueness_angle": 0.5333301424980164, "resolution": 512, "point_uuid": "764", "point_normal": [0.0035569830797612667, 0.9999743103981018, 0.006238208152353764], "camera_rotation_final": [1.9098716974258423, 0.016206087544560432, -2.7249186038970947], "vanishing_points_image": {"x": [120.12937678486095, 155.9536537979262], "y": [470.7359500492336, 221.1019831902263], "z": [253.35139907959106, 101.88644073175158]}, "camera_uuid": "7d18db1fca787c6dcd4baad30e113130", "field_of_view_rads": 1.1826860344720125, "room": "8de55a2e5745f73de25402626a4c3d61"}