{"vanishing_points_gaussian_sphere": {"x": [0.03083291381205441, -0.1825304587210491, 0.9827166239893075], "y": [0.9995148585565414, 0.001300382904315922, -0.031118427482749622], "z": [0.00440215294548124, 0.9831993392203768, 0.18248200022484146]}, "nonfixated_points_in_view": [512, 1, 1024, 902, 9, 265, 1168, 918, 666, 541, 1181, 801, 306, 59, 955, 1470, 449, 451, 1350, 82, 1110, 983, 478, 353, 482, 355, 609, 101, 873, 1385, 491, 369, 499, 886, 1398, 1016, 123, 1279], "point_pitch": -0.18528704246016936, "camera_rotation_from_original_to_final": [0.18436500430107117, 0.01309891790151596, -0.10224844515323639], "camera_location": [6.898015022277832, -5.4319539070129395, 1.5056571960449219], "camera_rotation_original": [1.5721105337142944, -0.004563433583825827, -3.0698022842407227], "view_id": 0, "point_location": [6.710185527801514, -11.363446235656738, 0.4042295217514038], "camera_distance": 6.035811852520725, "bounding_box_ranges": {"x": [-6.106924295686511, -5.4319539070129395], "y": [6.5271518838978695, 6.898015022277832], "z": [0.9298121974294328, 1.7455285363348396]}, "obliqueness_angle": 1.4783447980880737, "resolution": 512, "point_uuid": "1425", "point_normal": [-0.9797932505607605, 0.14961865544319153, -0.13273902237415314], "camera_rotation_final": [1.387284278869629, -0.004402167163789272, -3.1724307537078857], "vanishing_points_image": {"x": [269.5030889699845, 335.93811544592967], "y": [475.2373359004892, 255.71476913909564], "z": [257.07906328132196, 14.996491418648395]}, "camera_uuid": "7aee671bd52588b571fedb6abd1f939e", "field_of_view_rads": 1.0430947587974642, "room": "8efc299ca974ee46c0bc622cd51b4dc7"}