{"vanishing_points_gaussian_sphere": {"x": [0.43112657827217415, -0.23060808288796036, 0.8723243580309256], "y": [0.902286401214293, 0.10695046484576072, -0.41766116440607154], "z": [0.0030205448327500803, 0.967151234386854, 0.2541837251534764]}, "nonfixated_points_in_view": [640, 258, 1038, 399, 527, 18, 1042, 279, 669, 1446, 297, 939, 1324, 46, 1200, 54, 823, 953, 186, 826, 318, 1215, 704, 452, 1353, 1106, 227, 871, 1259, 493, 494, 368, 1137, 1138, 634, 766], "point_pitch": -0.2518777092311044, "camera_rotation_from_original_to_final": [-0.11757218837738037, 0.23531582951545715, 2.229987859725952], "camera_location": [-1.9384469985961914, -2.428041458129883, 1.5036466121673584], "camera_rotation_original": [1.5763559341430664, -0.0021221297793090343, -1.119526982307434], "view_id": 0, "point_location": [-6.865513324737549, -0.06900490075349808, 0.06796406209468842], "camera_distance": 5.6482049622425805, "bounding_box_ranges": {"x": [-2.6293970045503787, 1.54573852290858], "y": [-7.431110199797271, -1.9384469985961914], "z": [-0.040789233629328736, 2.861700996459578]}, "obliqueness_angle": 1.5131722688674927, "resolution": 512, "point_uuid": "1145", "point_normal": [0.33694911003112793, -0.007126228418201208, -0.941495954990387], "camera_rotation_final": [1.3137915134429932, -0.003020549425855279, 1.1250531673431396], "vanishing_points_image": {"x": [450.90036224515205, 360.25151488375406], "y": [446.25716730574436, 233.4482997236768], "z": [256.88202073964743, -26.415092090573065]}, "camera_uuid": "a7a591d05adb833dd3d4b184074676ca", "field_of_view_rads": 0.9307589445220894, "room": "8de55a2e5745f73de25402626a4c3d61"}