{"vanishing_points_gaussian_sphere": {"x": [-0.024120182860524267, -0.3104217490905548, 0.9502928782592952], "y": [0.9996485259203757, 0.0029719412698168864, 0.026343731518308974], "z": [-0.011001881838797323, 0.9505942905659857, 0.31024096012511904]}, "nonfixated_points_in_view": [513, 1025, 1154, 1410, 10, 524, 397, 19, 790, 407, 282, 923, 30, 159, 670, 1184, 166, 808, 937, 810, 555, 1195, 942, 1326, 1459, 565, 182, 312, 1341, 574, 830, 1088, 833, 834, 968, 74, 586, 588, 205, 1359, 976, 83, 212, 1237, 598, 1116, 1372, 990, 1119, 869, 103, 619, 1005, 878, 1008, 889, 250], "point_pitch": -0.30446664889785247, "camera_rotation_from_original_to_final": [-0.05986049398779869, -0.32320740818977356, -2.992321729660034], "camera_location": [-5.609722137451172, -10.968703269958496, 4.285808086395264], "camera_rotation_original": [1.5832164287567139, -0.00936906412243843, 1.4556810855865479], "view_id": 2, "point_location": [-1.9684770107269287, -10.867761611938477, 3.097054958343506], "camera_distance": 3.8317083964993324, "bounding_box_ranges": {"x": [-11.667050202444933, -8.277033025478998], "y": [-5.609722137451172, -1.784427198397446], "z": [2.7651452197245607, 5.211580976543482]}, "obliqueness_angle": 1.2741622924804688, "resolution": 512, "point_uuid": "1155", "point_normal": [-0.331231951713562, 0.9435179829597473, 0.007707973476499319], "camera_rotation_final": [1.2553300857543945, 0.011002103798091412, -1.5466723442077637], "vanishing_points_image": {"x": [247.90292397815523, 360.2076884638347], "y": [434.48082968632957, 255.46937895684127], "z": [253.70565901991174, 57.76232864159725]}, "camera_uuid": "84fae33197a8eefa4becf372ea5729e2", "field_of_view_rads": 1.2565563871796654, "room": "ef914082afe6874a9bab2b30c864407b"}