{"vanishing_points_gaussian_sphere": {"x": [-0.041937463894011005, -0.20533848559553733, 0.9777920819148976], "y": [0.9991185718268223, -0.006831885237300521, 0.041417445295858044], "z": [-0.0018244322047037706, 0.978667171043065, 0.20544400640976307]}, "nonfixated_points_in_view": [388, 1146, 1287, 520, 911, 784, 1039, 530, 275, 660, 1424, 544, 34, 296, 1066, 1067, 684, 301, 1330, 949, 1078, 55, 695, 1333, 1338, 65, 579, 1221, 971, 1228, 973, 847, 975, 1360, 980, 86, 93, 607, 863, 97, 99, 996, 1253, 617, 362, 746, 1130, 237, 1269, 758, 375, 378, 1404, 890], "point_pitch": -0.18974535068007903, "camera_rotation_from_original_to_final": [-0.18775421380996704, -0.1166795939207077, 2.575955629348755], "camera_location": [0.4931855797767639, -7.2360944747924805, 1.5182243585586548], "camera_rotation_original": [1.5842092037200928, -0.010877704247832298, 0.6175836324691772], "view_id": 0, "point_location": [0.6749640107154846, -11.527600288391113, 0.6165345907211304], "camera_distance": 4.38897602332898, "bounding_box_ranges": {"x": [-12.059020921966187, -7.2360944747924805], "y": [-2.206130330076115, 3.6420633356719248], "z": [-0.017906530689321243, 2.4202024228749353]}, "obliqueness_angle": 0.907874584197998, "resolution": 512, "point_uuid": "357", "point_normal": [0.36659133434295654, 0.7582162022590637, -0.5391837954521179], "camera_rotation_final": [1.363878607749939, 0.0018244332168251276, 3.183542490005493], "vanishing_points_image": {"x": [239.75932612790638, 335.51924289878093], "y": [457.9371731473442, 257.38082869340025], "z": [255.597550086339, 40.11665970724407]}, "camera_uuid": "c61bffa72844e019185a72c8df1f3454", "field_of_view_rads": 1.1480952861228106, "room": "856e4980d5eb3351797f528948f684e5"}