{"vanishing_points_gaussian_sphere": {"x": [-0.03362071976672198, -0.3379492496392201, 0.9405636352053249], "y": [0.9994343695911022, -0.012090622562700848, 0.0313808496711377], "z": [0.0007668653100672758, 0.9410866705645843, 0.33816459069994576]}, "nonfixated_points_in_view": [1026, 517, 648, 910, 16, 153, 284, 1057, 936, 1321, 427, 555, 940, 1199, 434, 180, 1077, 697, 58, 1083, 1212, 1341, 710, 455, 1096, 329, 1481, 715, 1357, 974, 80, 336, 83, 87, 988, 354, 1255, 240, 500, 759, 253, 1020, 509], "point_pitch": -0.34284059604140715, "camera_rotation_from_original_to_final": [-0.10108104348182678, 0.33060774207115173, 1.2970670461654663], "camera_location": [-2.806222438812256, -9.90909194946289, 4.287649154663086], "camera_rotation_original": [1.5709993839263916, -0.0022501780185848475, -1.2808427810668945], "view_id": 2, "point_location": [-2.9333605766296387, -6.098439693450928, 2.917590618133545], "camera_distance": 4.051455911038995, "bounding_box_ranges": {"x": [-9.90909194946289, -5.957536402135975], "y": [-5.674547469539858, -1.7641664968902135], "z": [2.7651506378982376, 5.208193384177227]}, "obliqueness_angle": 0.5836502313613892, "resolution": 512, "point_uuid": "930", "point_normal": [0.3072451055049896, -0.9369012117385864, -0.16678322851657867], "camera_rotation_final": [1.225830316543579, -0.0007668653852306306, 0.033627066761255264], "vanishing_points_image": {"x": [244.95972300096332, 366.9748200967015], "y": [432.62021692736255, 258.1366569379486], "z": [256.16053839734064, 58.989463902350806]}, "camera_uuid": "48bee344cd0412ed9774218b24d4c13a", "field_of_view_rads": 1.2687730908974515, "room": "ef914082afe6874a9bab2b30c864407b"}