{"vanishing_points_gaussian_sphere": {"x": [0.3306196358577104, -0.0750664727709223, 0.9407739797906017], "y": [0.9436312273279028, 0.043019531501199214, -0.3281911435749802], "z": [-0.015835504316281244, 0.9962501415684466, 0.08505816967169777]}, "nonfixated_points_in_view": [772, 1029, 646, 1030, 8, 1414, 1290, 654, 1167, 144, 17, 275, 1299, 662, 1304, 1432, 28, 416, 672, 673, 677, 422, 1061, 1062, 298, 171, 172, 687, 693, 1463, 1465, 314, 827, 60, 317, 701, 831, 1085, 708, 1351, 328, 456, 1099, 1483, 334, 848, 977, 466, 1232, 85, 91, 604, 94, 740, 613, 1383, 1128, 874, 1133, 367, 751, 760, 242, 115, 627, 1007, 1141, 119, 248, 1403, 254, 1399], "point_pitch": -0.06540720065566497, "camera_rotation_from_original_to_final": [-0.1079312190413475, -0.007803906686604023, -2.0259318351745605], "camera_location": [-4.210936069488525, -6.891334056854248, 1.5098429918289185], "camera_rotation_original": [1.593726634979248, 0.010752296075224876, 0.11999154835939407], "view_id": 0, "point_location": [1.3499401807785034, -8.831257820129395, 1.007067084312439], "camera_distance": 5.9109587568908735, "bounding_box_ranges": {"x": [-10.767636062666327, -6.148533111366044], "y": [-3.5512683156872664, 6.496816971319645], "z": [-0.01821380582197471, 2.4277136501394185]}, "obliqueness_angle": 1.0672080516815186, "resolution": 512, "point_uuid": "98", "point_normal": [-0.5637602806091309, 0.06769540905952454, -0.8231596350669861], "camera_rotation_final": [1.4856245517730713, 0.015836166217923164, -1.907800316810608], "vanishing_points_image": {"x": [372.0596816220179, 282.35109952764753], "y": [406.70409177782915, 249.12949885947015], "z": [252.92519424414272, 62.55648166387768]}, "camera_uuid": "41b233ae6d911bdc4a03358505e283ee", "field_of_view_rads": 1.2059206369319062, "room": "856e4980d5eb3351797f528948f684e5"}