{"vanishing_points_gaussian_sphere": {"x": [0.04105957561262503, -0.2165154169283678, 0.9754153912476706], "y": [0.9991484850882888, 0.012856192494685337, -0.03920488566897576], "z": [-0.004051665865911585, 0.97619454646442, 0.2168589206300639]}, "nonfixated_points_in_view": [3, 771, 518, 775, 1287, 649, 12, 654, 144, 17, 529, 1424, 1428, 665, 538, 28, 285, 415, 1439, 1443, 165, 422, 934, 1062, 43, 1067, 429, 174, 1070, 1460, 1333, 566, 1080, 1464, 1465, 317, 1085, 65, 195, 1347, 456, 1483, 1484, 975, 848, 977, 724, 216, 89, 1113, 1370, 604, 1117, 1378, 99, 1253, 617, 1391, 1264, 241, 116, 1141, 1271, 1404, 1399], "point_pitch": -0.22354058822127776, "camera_rotation_from_original_to_final": [-0.2050599753856659, 0.09132159501314163, -1.231074571609497], "camera_location": [-1.2640292644500732, -10.590165138244629, 1.4937529563903809], "camera_rotation_original": [1.576294183731079, -0.003259384771808982, -0.3901067078113556], "view_id": 3, "point_location": [5.093968391418457, -10.845711708068848, 0.0802127942442894], "camera_distance": 6.518246450958826, "bounding_box_ranges": {"x": [-11.675458026146089, -6.647311760707443], "y": [-1.2640292644500732, 6.5102342329388385], "z": [-0.02826753257728143, 2.424356323713311]}, "obliqueness_angle": 0.8149421811103821, "resolution": 512, "point_uuid": "1291", "point_normal": [-0.8288673758506775, -0.1578618288040161, -0.5367109179496765], "camera_rotation_final": [1.352198839187622, 0.004051676951348782, -1.6118677854537964], "vanishing_points_image": {"x": [274.08065677247595, 351.3429469501784], "y": [477.0633487862563, 253.15554493858363], "z": [254.9748309394033, 8.999265171779209]}, "camera_uuid": "bf987798a26d9c5da496954cb31ac414", "field_of_view_rads": 1.0322138916707388, "room": "856e4980d5eb3351797f528948f684e5"}