{"vanishing_points_gaussian_sphere": {"x": [-0.14189375909141924, 0.05708974499602159, 0.9882342445732163], "y": [0.9898790127640995, 0.010591570042259572, 0.14151805090945674], "z": [-0.002387722780801809, 0.9983128666206448, -0.05801481810359232]}, "nonfixated_points_in_view": [1280, 257, 642, 1159, 394, 779, 1420, 399, 272, 527, 1042, 1148, 788, 149, 1044, 279, 152, 409, 793, 1431, 669, 1405, 1312, 1186, 164, 421, 1190, 1191, 1317, 683, 1068, 173, 46, 430, 1072, 689, 1324, 436, 692, 1206, 823, 1461, 953, 186, 1211, 1469, 191, 1215, 1343, 322, 452, 709, 199, 455, 1353, 76, 1357, 335, 1233, 1234, 725, 1241, 603, 1371, 993, 1122, 611, 1251, 1379, 870, 359, 871, 1380, 106, 748, 239, 368, 633, 1265, 756, 249, 636, 893], "point_pitch": 0.05390198627975984, "camera_rotation_from_original_to_final": [-0.031231196597218513, 0.0432182140648365, -0.44588083028793335], "camera_location": [0.21503694355487823, -3.282130241394043, 2.989867687225342], "camera_rotation_original": [1.575566053390503, 0.00037009804509580135, 2.1583032608032227], "view_id": 8, "point_location": [-7.2202301025390625, -4.3468828201293945, 3.426358938217163], "camera_distance": 7.523790149207668, "bounding_box_ranges": {"x": [-6.437540993030941, 0.06295230609568891], "y": [-7.43113805988665, 0.21503694355487823], "z": [-0.04952136954912234, 5.4781064922214115]}, "obliqueness_angle": 0.1561535745859146, "resolution": 512, "point_uuid": "1006", "point_normal": [0.9999874830245972, -0.0007104248506948352, 0.004971824586391449], "camera_rotation_final": [1.628843903541565, 0.0023877250496298075, 1.7131710052490234], "vanishing_points_image": {"x": [199.21340313613138, 233.15239658946925], "y": [471.6682894621339, 253.69237880157294], "z": [255.5302163151241, 59.582266370733414]}, "camera_uuid": "41fbfac86809ed0f1940b75ebedda277", "field_of_view_rads": 1.1275679307814865, "room": "8de55a2e5745f73de25402626a4c3d61"}