{"vanishing_points_gaussian_sphere": {"x": [-0.35574225430607803, 0.26868558899445577, 0.8951287632334983], "y": [0.9345566748939705, 0.0949320630505791, 0.34291649831422016], "z": [0.007160301135803187, 0.9585384487184972, -0.28487325675812636]}, "nonfixated_points_in_view": [570, 802], "point_pitch": 0.2731667319920401, "camera_rotation_from_original_to_final": [0.2245936393737793, 0.16089066863059998, -0.2331829071044922], "camera_location": [0.4931855797767639, -7.2360944747924805, 1.5182243585586548], "camera_rotation_original": [1.5842092037200928, -0.010877704247832298, 0.6175836324691772], "view_id": 3, "point_location": [0.066933274269104, -6.1234307289123535, 1.8723275661468506], "camera_distance": 1.2430208218047403, "bounding_box_ranges": {"x": [-7.2360944747924805, -6.121630251543124], "y": [-0.7762183844580448, 0.909756795986534], "z": [1.075085919502755, 2.422658168049295]}, "obliqueness_angle": 0.4638794958591461, "resolution": 512, "point_uuid": "568", "point_normal": [-0.0005210750969126821, -0.9999974370002747, 0.002191830426454544], "camera_rotation_final": [1.8596781492233276, -0.00716036232188344, 0.3637179136276245], "vanishing_points_image": {"x": [142.1102427765353, 169.98115874732804], "y": [455.490460267824, 235.735802588663], "z": [257.10848559832897, 107.6087458198998]}, "camera_uuid": "c61bffa72844e019185a72c8df1f3454", "field_of_view_rads": 1.2529559735716955, "room": "856e4980d5eb3351797f528948f684e5"}