{"vanishing_points_gaussian_sphere": {"x": [-0.4741949443599266, -0.08297270184064225, 0.8765013893273359], "y": [0.8804167161970687, -0.04202256415549762, 0.472335166955169], "z": [-0.002358089111230453, 0.9956654231472845, 0.09297744116011436]}, "nonfixated_points_in_view": [1027, 1159, 394, 779, 272, 786, 1043, 1045, 279, 281, 793, 1305, 925, 1186, 164, 292, 1316, 1317, 1448, 811, 941, 430, 814, 1069, 689, 1071, 1198, 436, 828, 1469, 702, 63, 190, 191, 1474, 1476, 1349, 458, 1100, 335, 1234, 1363, 852, 729, 1241, 859, 1371, 1374, 736, 1248, 611, 1379, 106, 1006, 1135, 756, 1143, 122, 636, 255], "point_pitch": -0.08764867385360198, "camera_rotation_from_original_to_final": [-0.039110008627176285, 0.0907236784696579, -3.1005749702453613], "camera_location": [-1.9384469985961914, -2.428041458129883, 1.5036466121673584], "camera_rotation_original": [1.5763559341430664, -0.0021221297793090343, -1.119526982307434], "view_id": 8, "point_location": [-6.810376167297363, -5.053460121154785, 0.9868411421775818], "camera_distance": 5.558381428419935, "bounding_box_ranges": {"x": [-6.112662081846494, -2.102105497849448], "y": [-7.431141779014326, -1.9384469985961914], "z": [-0.016988713623226515, 4.569089854516531]}, "obliqueness_angle": 1.4517579078674316, "resolution": 512, "point_uuid": "528", "point_normal": [0.011528247967362404, 0.033309176564216614, 0.9993786811828613], "camera_rotation_final": [1.4776841402053833, 0.0023580912966281176, 2.064847230911255], "vanishing_points_image": {"x": [77.48459942264384, 287.23589840473954], "y": [499.75386326647765, 267.63444783455606], "z": [255.47700722236377, 35.17466190392624]}, "camera_uuid": "a7a591d05adb833dd3d4b184074676ca", "field_of_view_rads": 1.0885699802923718, "room": "8de55a2e5745f73de25402626a4c3d61"}