{"vanishing_points_gaussian_sphere": {"x": [0.15634649474956466, -0.02909131072490049, 0.9872737559663135], "y": [0.9876934417159972, 0.00037877823992975073, -0.15640179576415747], "z": [0.004175975422893775, 0.9995766864865108, 0.028792517464006885]}, "nonfixated_points_in_view": [3, 643, 771, 518, 775, 8, 520, 649, 1146, 12, 1287, 654, 1039, 144, 17, 1291, 275, 1424, 1428, 665, 538, 28, 285, 415, 544, 1439, 1443, 165, 422, 934, 1062, 43, 1067, 429, 174, 687, 1070, 1460, 1333, 566, 695, 1080, 1465, 1338, 571, 317, 65, 195, 1347, 456, 1483, 1228, 1484, 334, 975, 848, 724, 980, 216, 89, 1113, 1370, 604, 1117, 98, 1378, 1253, 746, 237, 1391, 1264, 241, 116, 1141, 758, 375, 378, 1271, 1404, 1399], "point_pitch": -0.014540835222925708, "camera_rotation_from_original_to_final": [0.012282995507121086, -0.04191597178578377, 2.7635343074798584], "camera_location": [-2.125469923019409, -10.290050506591797, 1.5054166316986084], "camera_rotation_original": [1.585587501525879, -0.0013757790438830853, 1.7914842367172241], "view_id": 3, "point_location": [5.2341814041137695, -11.455952644348145, 1.2907817363739014], "camera_distance": 7.4545198775711246, "bounding_box_ranges": {"x": [-12.013752851042296, -5.917310300769509], "y": [-2.125469923019409, 6.5093921941352795], "z": [-0.030962322152929572, 2.427680277776584]}, "obliqueness_angle": 0.9705260992050171, "resolution": 512, "point_uuid": "1464", "point_normal": [-0.6875802874565125, -0.725959837436676, -0.014686305075883865], "camera_rotation_final": [1.5419995784759521, -0.004175987560302019, 4.555397033691406], "vanishing_points_image": {"x": [309.8815426803264, 266.02571054094403], "y": [415.8587535496826, 255.93869452327058], "z": [256.7393831210882, 79.01856323921682]}, "camera_uuid": "2b230e47a809ba0986cefc4de1b011af", "field_of_view_rads": 1.2657054331228823, "room": "856e4980d5eb3351797f528948f684e5"}