{"vanishing_points_gaussian_sphere": {"x": [0.22019051032266285, -0.015955160041133475, 0.9753263925640007], "y": [0.975354736081719, 0.018071022387193617, -0.2199012891113694], "z": [-0.014116584813821383, 0.9997093932828397, 0.01954100855254976]}, "nonfixated_points_in_view": [964, 446, 1193, 426, 1270, 56, 574], "point_pitch": -0.03620831569167571, "camera_rotation_from_original_to_final": [0.022974876686930656, -0.03975110501050949, -1.410747766494751], "camera_location": [3.6592752933502197, -8.714073181152344, 4.289666175842285], "camera_rotation_original": [1.5873934030532837, -0.01419571228325367, 2.7590537071228027], "view_id": 2, "point_location": [0.95287024974823, -8.103875160217285, 4.235442161560059], "camera_distance": 2.7748712955032033, "bounding_box_ranges": {"x": [-9.85019589680305, -7.947495118647257], "y": [0.9355762310997631, 3.6592752933502197], "z": [2.765670456695948, 5.203172822456779]}, "obliqueness_angle": 0.1477014273405075, "resolution": 512, "point_uuid": "845", "point_normal": [0.9941063523292542, -0.08258998394012451, 0.07022559642791748], "camera_rotation_final": [1.5512521266937256, 0.014117053709924221, 1.3487640619277954], "vanishing_points_image": {"x": [333.5843116525025, 261.62181407038344], "y": [414.6316338255983, 253.06093003895631], "z": [253.42649716379793, 73.74947744639553]}, "camera_uuid": "e09802cb984b5ff427a30cf5f077a7f3", "field_of_view_rads": 1.2335528712409576, "room": "77c77478b552f1977cad320741ba92a5"}