{"vanishing_points_gaussian_sphere": {"x": [-0.6240908846354347, 0.09297523349487209, 0.7758003439490954], "y": [0.7812327775371297, 0.09157764040193077, 0.617485937556505], "z": [-0.013635065697748385, 0.9914480025371925, -0.12978807051662883]}, "nonfixated_points_in_view": [1027, 1159, 394, 779, 1420, 528, 786, 1045, 279, 793, 1305, 925, 31, 1186, 164, 292, 1316, 1317, 1448, 809, 811, 939, 941, 46, 430, 1069, 689, 1071, 1198, 54, 828, 1469, 190, 191, 63, 702, 1474, 1476, 1349, 1223, 1353, 458, 76, 1100, 335, 1234, 852, 469, 1241, 1374, 736, 1248, 611, 1379, 106, 1006, 1135, 624, 1263, 1265, 756, 1143, 122, 251, 636, 893, 382, 255], "point_pitch": 0.12845929066208406, "camera_rotation_from_original_to_final": [-0.06753430515527725, -0.09706230461597443, -1.7119277715682983], "camera_location": [-2.0300116539001465, -0.3511151969432831, 1.4951437711715698], "camera_rotation_original": [1.5840462446212769, -0.0036451206542551517, -2.3237228393554688], "view_id": 0, "point_location": [-7.153756141662598, -4.429278373718262, 2.3523242473602295], "camera_distance": 6.604462946875422, "bounding_box_ranges": {"x": [-6.440891229323103, -0.3511151969432831], "y": [-7.431145651455992, -2.0300116539001465], "z": [-0.020933402406055346, 5.476952023029867]}, "obliqueness_angle": 0.6489854454994202, "resolution": 512, "point_uuid": "281", "point_normal": [0.9921491742134094, 0.0660293772816658, 0.10620791465044022], "camera_rotation_final": [1.7009637355804443, 0.013635488227009773, -4.038347244262695], "vanishing_points_image": {"x": [-2.0724232278229024, 217.55312567622153], "y": [542.0598537919822, 222.4675021616768], "z": [252.75909084053447, 20.343422775939146]}, "camera_uuid": "6f269c44fb405f239d56a612bcda89ad", "field_of_view_rads": 0.9363962601308717, "room": "8de55a2e5745f73de25402626a4c3d61"}