{"vanishing_points_gaussian_sphere": {"x": [0.4023599843735595, 0.07676325954247079, 0.912257554070847], "y": [0.915480715050757, -0.032403323506669614, -0.4010549650557599], "z": [-0.0012261097274110563, 0.9965226673840076, -0.083313084475363]}, "nonfixated_points_in_view": [128, 1028, 1288, 1420, 528, 401, 786, 1043, 20, 148, 276, 1044, 1172, 1300, 1305, 1431, 668, 1053, 286, 31, 1310, 417, 1186, 1405, 292, 1316, 424, 811, 173, 430, 813, 1069, 689, 945, 1071, 1198, 1461, 1206, 1436, 828, 1469, 702, 1342, 709, 458, 843, 1100, 1485, 1233, 339, 852, 725, 1107, 87, 729, 475, 603, 352, 359, 233, 106, 748, 1135, 1263, 502, 249, 122, 1148, 1277, 255], "point_pitch": 0.08334656158951326, "camera_rotation_from_original_to_final": [0.022010542452335358, -0.07952048629522324, -2.2306878566741943], "camera_location": [0.1851605325937271, -0.11082234233617783, 1.8844544887542725], "camera_rotation_original": [1.5717267990112305, -0.0008006416610442102, -1.3258916139602661], "view_id": 2, "point_location": [-0.910748302936554, -2.603626251220703, 2.1121129989624023], "camera_distance": 2.7325657356080155, "bounding_box_ranges": {"x": [-6.133629371070861, -0.11082234233617783], "y": [-7.2538748890809535, 1.1296027135347808], "z": [-0.02332881365751438, 5.477506230585459]}, "obliqueness_angle": 0.8543645739555359, "resolution": 512, "point_uuid": "414", "point_normal": [0.16632336378097534, 0.7092985510826111, 0.6850051879882812], "camera_rotation_final": [1.6542061567306519, 0.001226110034622252, -3.5556862354278564], "vanishing_points_image": {"x": [410.45035389415347, 226.53356928407698], "y": [415.20155271244334, 261.63491871592225], "z": [255.75426048460463, 56.27481073775746]}, "camera_uuid": "a5d931f6e602ca2a792cef637b435332", "field_of_view_rads": 1.1000097582239403, "room": "8de55a2e5745f73de25402626a4c3d61"}