{"vanishing_points_gaussian_sphere": {"x": [0.2329839748224503, 0.30040019247089894, 0.9249206408332441], "y": [0.9724367256414457, -0.06293398827860999, -0.22451309036020933], "z": [-0.009234830787599364, 0.9517347516418609, -0.30678279028904104]}, "nonfixated_points_in_view": [1027, 10, 522, 14, 528, 1043, 31, 40, 1069, 63, 70, 585, 1100, 87, 611, 106, 109, 1135, 624, 1143, 636, 1150, 1159, 147, 156, 670, 1186, 164, 173, 1198, 1211, 190, 191, 1216, 709, 729, 1241, 1248, 739, 1263, 764, 765, 255, 264, 1289, 779, 780, 1295, 786, 787, 1298, 1300, 1305, 292, 293, 1317, 300, 825, 828, 1341, 1342, 335, 852, 352, 865, 1379, 356, 358, 1384, 877, 1401, 1405, 394, 906, 1420, 406, 919, 925, 941, 433, 1468, 957, 1469, 447, 962, 1474, 458, 460, 1485, 979, 1491, 469, 981, 475, 991, 1005, 1006, 502, 508], "point_pitch": 0.31258280674484773, "camera_rotation_from_original_to_final": [0.16483527421951294, -0.2576483190059662, -2.3359837532043457], "camera_location": [-4.307779312133789, 0.3686792552471161, 1.49626624584198], "camera_rotation_original": [1.5781090259552002, -0.005691109225153923, -1.0627084970474243], "view_id": 1, "point_location": [-5.847051620483398, -5.972611904144287, 3.5995802879333496], "camera_distance": 6.8560382313046295, "bounding_box_ranges": {"x": [-6.441888563964099, 0.3686792552471161], "y": [-7.378035024633298, -1.2272579160792505], "z": [-0.019508824751616638, 5.478172380408329]}, "obliqueness_angle": 0.39966103434562683, "resolution": 512, "point_uuid": "1071", "point_normal": [-0.025035332888364792, 0.9996607899665833, -0.007193791680037975], "camera_rotation_final": [1.8826210498809814, 0.009234962053596973, -3.3767478466033936], "vanishing_points_image": {"x": [334.4423278510463, 154.85960868219752], "y": [414.2309127691008, 266.2403602691535], "z": [254.5509372709401, 106.66067930478997]}, "camera_uuid": "5fb98853d32c905b4569c0e295d9d2d9", "field_of_view_rads": 1.2311548404334092, "room": "8de55a2e5745f73de25402626a4c3d61"}