{"vanishing_points_gaussian_sphere": {"x": [-0.06096754224034957, -0.32042346870543253, 0.9453104037806577], "y": [0.9981354732731473, -0.016799626521444157, 0.05868006085997338], "z": [-0.002921606914247933, 0.9471254263567834, 0.3208502625236887]}, "nonfixated_points_in_view": [0, 641, 772, 1273, 1284, 777, 650, 906, 912, 657, 1040, 147, 406, 1048, 1176, 410, 26, 1055, 1441, 802, 36, 805, 678, 1061, 171, 685, 943, 688, 1329, 50, 818, 948, 55, 568, 1336, 570, 827, 701, 829, 319, 192, 576, 577, 1089, 708, 197, 582, 71, 328, 841, 714, 1232, 465, 1365, 343, 88, 984, 1368, 223, 631, 360, 743, 1383, 1132, 1217, 625, 753, 115, 501, 757, 119, 760, 885, 254], "point_pitch": -0.33919446071120696, "camera_rotation_from_original_to_final": [0.06859824806451797, -0.3327435851097107, -0.1511801779270172], "camera_location": [2.5174548625946045, -7.046302795410156, 1.517836332321167], "camera_rotation_original": [1.5836472511291504, 0.0011349497362971306, 1.7721537351608276], "view_id": 1, "point_location": [-1.9693498611450195, -7.324820518493652, -0.005042188335210085], "camera_distance": 4.746382768096137, "bounding_box_ranges": {"x": [-11.575004978876853, -6.119997430698939], "y": [-3.5510110696728803, 2.5174548625946045], "z": [-0.09413324671778822, 2.4277133573540244]}, "obliqueness_angle": 1.2462592124938965, "resolution": 512, "point_uuid": "392", "point_normal": [-0.0023174085654318333, 0.003636749926954508, 0.999990701675415], "camera_rotation_final": [1.2441678047180176, 0.0029216110706329346, 1.631801962852478], "vanishing_points_image": {"x": [236.203285075141, 360.0444117000632], "y": [432.08058755791484, 258.9636138458731], "z": [255.4041300817387, 62.83111487922147]}, "camera_uuid": "3d5b30db610d18db270d0baeb235eacb", "field_of_view_rads": 1.2838197197991381, "room": "856e4980d5eb3351797f528948f684e5"}