{"vanishing_points_gaussian_sphere": {"x": [0.44457901724434384, -0.033822951862321385, 0.8951008352992262], "y": [0.8957225820224135, 0.022953396169140994, -0.4440204923867853], "z": [-0.005527520344069684, 0.9991642255063087, 0.04050058008503509]}, "nonfixated_points_in_view": [897, 515, 260, 1156, 1416, 909, 271, 1041, 1171, 532, 536, 922, 33, 545, 163, 674, 1314, 425, 696, 61, 963, 68, 836, 1097, 78, 1108, 597, 1495, 345, 350, 1249, 1387, 495, 504], "point_pitch": -0.049619003138269946, "camera_rotation_from_original_to_final": [0.01921580173075199, 0.040875524282455444, -1.955037236213684], "camera_location": [5.573263168334961, -2.3623623847961426, 4.285065650939941], "camera_rotation_original": [1.5725040435791016, -0.010515237227082253, -1.6469796895980835], "view_id": 1, "point_location": [3.1257736682891846, -7.296257019042969, 4.061821460723877], "camera_distance": 5.512110286650664, "bounding_box_ranges": {"x": [-4.789540761873232, -2.3623623847961426], "y": [4.1808377364655005, 5.573263168334961], "z": [2.931434679027506, 5.2060149188744465]}, "obliqueness_angle": 1.4737708568572998, "resolution": 512, "point_uuid": "791", "point_normal": [0.9345524907112122, -0.3557324707508087, 0.008131484501063824], "camera_rotation_final": [1.53028404712677, 0.0055275484919548035, -3.602304458618164], "vanishing_points_image": {"x": [486.53236181222775, 273.53858071083187], "y": [465.978226710988, 250.6191895556448], "z": [254.383816034029, -36.14423468701411]}, "camera_uuid": "e3114e1296a47d3a7c2d3fe9ea457ba1", "field_of_view_rads": 0.8404156309745672, "room": "5cd6a063c51df65aa0d61bbfd9882874"}