{"vanishing_points_gaussian_sphere": {"x": [-0.6934471016764591, -0.08125555842263096, 0.7159110638912805], "y": [0.7204749122883629, -0.0876564019139169, 0.6879187858799771], "z": [0.006856962854978096, 0.9928312492205976, 0.11932766917807948]}, "nonfixated_points_in_view": [539, 1055, 1183, 804, 1448, 939, 815, 563, 694, 699, 318, 702, 1217, 706, 1476, 209, 343, 856, 1118, 743, 492, 251, 1137, 757, 122, 635, 382], "point_pitch": -0.12286810477706389, "camera_rotation_from_original_to_final": [-0.09795519709587097, -0.0755130872130394, 0.11441091448068619], "camera_location": [-5.388822078704834, -10.731203079223633, 1.4981894493103027], "camera_rotation_original": [1.5747919082641602, -0.006452437024563551, 0.6547536253929138], "view_id": 3, "point_location": [-7.219092845916748, -8.826456069946289, 1.180707335472107], "camera_distance": 2.6605915001988607, "bounding_box_ranges": {"x": [-10.731203079223633, -5.947072778178892], "y": [-7.291977164886212, -5.388822078704834], "z": [-0.009835112861324713, 2.4299592212203245]}, "obliqueness_angle": 0.8093770146369934, "resolution": 512, "point_uuid": "1316", "point_normal": [0.999992847442627, -0.0023506730794906616, 0.0029565012082457542], "camera_rotation_final": [1.4511808156967163, -0.006857016589492559, 0.7662850022315979], "vanishing_points_image": {"x": [73.36666386528849, 277.40029668930384], "y": [441.7034467062033, 278.59356388909686], "z": [257.23304941317684, 77.46468996163485]}, "camera_uuid": "71b3547b15480cf3650f1acaad8a6075", "field_of_view_rads": 1.2958928540398407, "room": "ade82d56fe033105b37cc8ef1783cd93"}