{"vanishing_points_gaussian_sphere": {"x": [0.3501667454071934, 0.14929227500296252, 0.9247135053817337], "y": [0.9366822673421963, -0.05254820465238588, -0.3462152744095692], "z": [-0.0030952314317550544, 0.9873958187131698, -0.15824006044656672]}, "nonfixated_points_in_view": [1152, 773, 138, 522, 141, 272, 401, 402, 528, 786, 1170, 535, 29, 37, 1317, 1064, 299, 814, 1198, 689, 436, 57, 315, 63, 1472, 322, 1346, 1474, 966, 967, 200, 712, 1478, 1100, 208, 594, 852, 981, 222, 224, 1248, 994, 1252, 229, 997, 488, 1002, 1258, 1386, 373, 1143, 1018, 1019, 639], "point_pitch": 0.1553068915989737, "camera_rotation_from_original_to_final": [-0.15666045248508453, -0.0188408475369215, -1.9987428188323975], "camera_location": [6.898015022277832, -5.4319539070129395, 1.5056571960449219], "camera_rotation_original": [1.5721105337142944, -0.004563433583825827, -3.0698022842407227], "view_id": 1, "point_location": [4.963442802429199, -4.707645416259766, 1.8367071151733398], "camera_distance": 2.0920770851041444, "bounding_box_ranges": {"x": [-5.6925868738583, -4.676303310145762], "y": [4.1924191256201535, 6.898015022277832], "z": [0.7308840071207167, 2.4281971178159174]}, "obliqueness_angle": 1.2749600410461426, "resolution": 512, "point_uuid": "79", "point_normal": [0.06010647863149643, 0.9981439709663391, 0.009787449613213539], "camera_rotation_final": [1.7297050952911377, 0.00309523637406528, -5.0701398849487305], "vanishing_points_image": {"x": [434.2508229193433, 180.0034320111304], "y": [474.52708657179363, 268.2594464180981], "z": [255.21499176533868, 5.578063660168131]}, "camera_uuid": "7aee671bd52588b571fedb6abd1f939e", "field_of_view_rads": 0.8749361662998517, "room": "8efc299ca974ee46c0bc622cd51b4dc7"}