{"vanishing_points_gaussian_sphere": {"x": [0.2611752022785766, 0.23465579602949435, 0.9363355013586258], "y": [0.9652452669310934, -0.07297161878652995, -0.2509516238616432], "z": [0.009438664199287862, 0.9693357520701678, -0.24555877377258475]}, "nonfixated_points_in_view": [907, 20, 1301, 664, 1059, 1189, 39, 552, 44, 179, 1462, 1213, 1471, 450, 325, 467, 214, 471, 1112, 1496, 1126, 999, 618, 113, 370, 626, 118], "point_pitch": 0.23811943928268953, "camera_rotation_from_original_to_final": [-0.1664717048406601, -0.16653339564800262, 0.5041440725326538], "camera_location": [-2.0300116539001465, -0.3511151969432831, 1.4951437711715698], "camera_rotation_original": [1.5840462446212769, -0.0036451206542551517, -2.3237228393554688], "view_id": 10, "point_location": [1.446426272392273, -1.282850742340088, 2.4068567752838135], "camera_distance": 3.712812074716295, "bounding_box_ranges": {"x": [-4.441645652841069, 0.8186117237867999], "y": [-2.0300116539001465, 1.4767188663792434], "z": [0.4094697158509182, 4.9548526653002805]}, "obliqueness_angle": 0.3478388488292694, "resolution": 512, "point_uuid": "67", "point_normal": [-0.9999181628227234, 0.0032329419627785683, -0.012385547161102295], "camera_rotation_final": [1.8189036846160889, -0.009438804350793362, -1.8350478410720825], "vanishing_points_image": {"x": [361.4373765418745, 161.26860395687507], "y": [440.1360553240282, 269.9205096303462], "z": [257.80490116336784, 70.63953058765426]}, "camera_uuid": "6f269c44fb405f239d56a612bcda89ad", "field_of_view_rads": 1.0752022568071218, "room": "8de55a2e5745f73de25402626a4c3d61"}