{"vanishing_points_gaussian_sphere": {"x": [-0.620070564791623, -0.11491902245445888, 0.7760838311401091], "y": [0.7845314578334271, -0.09685721620487708, 0.6124778129359457], "z": [0.0047839678882030685, 0.9886416428348309, 0.15021589697529147]}, "nonfixated_points_in_view": [1421], "point_pitch": -0.150769635042872, "camera_rotation_from_original_to_final": [0.09101284295320511, -0.1264341175556183, 1.646021842956543], "camera_location": [0.21503694355487823, -3.282130241394043, 2.989867687225342], "camera_rotation_original": [1.575566053390503, 0.00037009804509580135, 2.1583032608032227], "view_id": 0, "point_location": [1.3742527961730957, -4.750997543334961, 2.705559253692627], "camera_distance": 1.8926657370020374, "bounding_box_ranges": {"x": [-5.984109943607278, -3.282130241394043], "y": [0.21503694355487823, 1.491192543079657], "z": [2.0283090437842124, 4.215097221457626]}, "obliqueness_angle": 0.7273046970367432, "resolution": 512, "point_uuid": "846", "point_normal": [0.010209968313574791, 0.9931207895278931, -0.11664862930774689], "camera_rotation_final": [1.4200079441070557, -0.004783986136317253, 3.810434341430664], "vanishing_points_image": {"x": [45.18011113128947, 295.0717071868934], "y": [491.28409093055006, 285.0478626921635], "z": [257.0761909849309, 33.59733171081361]}, "camera_uuid": "41fbfac86809ed0f1940b75ebedda277", "field_of_view_rads": 1.1030452184658521, "room": "8de55a2e5745f73de25402626a4c3d61"}