{"vanishing_points_gaussian_sphere": {"x": [-0.6338335975883295, 0.12228071745901808, 0.7637423627807637], "y": [0.773453346314384, 0.09383383708160967, 0.6268693102183449], "z": [0.004989152565045186, 0.988049916328244, -0.15405346864135508]}, "nonfixated_points_in_view": [0, 900, 134, 1146, 520, 777, 1033, 1286, 398, 911, 784, 1040, 530, 660, 278, 1048, 1176, 26, 410, 1432, 544, 34, 36, 805, 678, 1067, 301, 48, 688, 818, 944, 948, 693, 949, 55, 695, 1329, 1336, 827, 572, 319, 192, 1089, 579, 197, 582, 965, 841, 330, 971, 1231, 1360, 890, 980, 86, 215, 728, 984, 1365, 1368, 221, 93, 223, 97, 99, 357, 613, 631, 617, 237, 625, 119, 378, 254], "point_pitch": 0.14277418056992097, "camera_rotation_from_original_to_final": [-0.022502057254314423, 0.14016909897327423, 0.48384639620780945], "camera_location": [2.5174548625946045, -7.046302795410156, 1.517836332321167], "camera_rotation_original": [1.5836472511291504, 0.0011349497362971306, 1.7721537351608276], "view_id": 7, "point_location": [-1.8554298877716064, -10.635507583618164, 2.399885416030884], "camera_distance": 5.725602448094959, "bounding_box_ranges": {"x": [-12.05705298071781, -7.046302795410156], "y": [-3.550602588622845, 2.5174548625946045], "z": [-0.015541465447699188, 2.4224791139705055]}, "obliqueness_angle": 1.427352786064148, "resolution": 512, "point_uuid": "658", "point_normal": [-0.013469696044921875, -0.0012760588433593512, -0.9999085664749146], "camera_rotation_final": [1.7254676818847656, -0.004989173263311386, 2.2573060989379883], "vanishing_points_image": {"x": [57.39030344137225, 217.68373484473986], "y": [474.20084508268275, 229.52830310176753], "z": [256.89723144264536, 78.31261917226838]}, "camera_uuid": "3d5b30db610d18db270d0baeb235eacb", "field_of_view_rads": 1.1679358503427633, "room": "856e4980d5eb3351797f528948f684e5"}