{"vanishing_points_gaussian_sphere": {"x": [-0.08681554659938498, -0.2996830754469286, 0.9500805835082204], "y": [0.9960886860337786, -0.010370853140075057, 0.08774836158383427], "z": [-0.016443552662072012, 0.95398244202701, 0.2994112721325505]}, "nonfixated_points_in_view": [899, 773, 1159, 521, 522, 272, 528, 786, 408, 793, 925, 37, 1317, 299, 941, 430, 814, 1198, 689, 436, 828, 190, 63, 1087, 322, 1474, 966, 1478, 1100, 852, 981, 1371, 1374, 224, 352, 1248, 1252, 997, 1254, 106, 1143, 127, 639], "point_pitch": -0.31247822841140227, "camera_rotation_from_original_to_final": [0.27572670578956604, -0.16981275379657745, -0.9868373870849609], "camera_location": [1.9597357511520386, -5.512042045593262, 1.5149836540222168], "camera_rotation_original": [1.5890778303146362, 0.002467385260388255, 2.6240296363830566], "view_id": 1, "point_location": [-2.9507203102111816, -5.965566158294678, -0.032513052225112915], "camera_distance": 5.16846297619189, "bounding_box_ranges": {"x": [-6.14066433776542, -4.338720598438034], "y": [-3.5512101419114623, 1.9597357511520386], "z": [-0.07045792795580264, 2.3268976417999587]}, "obliqueness_angle": 0.6243639588356018, "resolution": 512, "point_uuid": "402", "point_normal": [0.6036537289619446, 0.4386567771434784, 0.6657194495201111], "camera_rotation_final": [1.2666783332824707, 0.016444293782114983, 1.6577330827713013], "vanishing_points_image": {"x": [212.39281225900885, 406.529906747191], "y": [530.706862373143, 258.86013139812536], "z": [250.9006725542611, -39.8405004900178]}, "camera_uuid": "5090c6fc5c0dcfff7ec7ff2b1a5d94fb", "field_of_view_rads": 0.903841861773928, "room": "856e4980d5eb3351797f528948f684e5"}