{"vanishing_points_gaussian_sphere": {"x": [0.5928890383926131, -0.21159386252336912, 0.7769881759050934], "y": [0.8052820836113825, 0.15359090514170537, -0.5726522502114719], "z": [0.001831384283278277, 0.9652138991955065, 0.2614551105475158]}, "nonfixated_points_in_view": [643, 1029, 904, 1032, 1290, 654, 1167, 17, 657, 275, 1170, 662, 1432, 1052, 542, 416, 544, 1185, 1442, 420, 165, 551, 1064, 1192, 298, 1447, 687, 946, 51, 693, 1333, 568, 824, 570, 1336, 60, 1085, 1465, 703, 832, 66, 1091, 69, 198, 1351, 456, 712, 1483, 972, 334, 79, 208, 463, 338, 591, 721, 85, 977, 599, 1366, 1242, 860, 222, 98, 994, 228, 613, 740, 1382, 104, 1258, 747, 1386, 367, 623, 1136, 1391, 116, 372, 1018, 1403, 1149, 254], "point_pitch": -0.270653291544642, "camera_rotation_from_original_to_final": [-0.25012534856796265, 0.10283717513084412, -0.2581676244735718], "camera_location": [-1.2640292644500732, -10.590165138244629, 1.4937529563903809], "camera_rotation_original": [1.576294183731079, -0.003259384771808982, -0.3901067078113556], "view_id": 0, "point_location": [2.012869358062744, -6.143991470336914, -0.002376634394749999], "camera_distance": 5.722318567722075, "bounding_box_ranges": {"x": [-10.590165138244629, -3.1670771148572694], "y": [-1.3453263964242426, 6.499209643694849], "z": [-0.017788237901015802, 2.4277326341750705]}, "obliqueness_angle": 1.3058586120605469, "resolution": 512, "point_uuid": "1308", "point_normal": [-0.00607085507363081, 0.0039583053439855576, 0.9999737739562988], "camera_rotation_final": [1.3062664270401, -0.0018313853070139885, -0.6346429586410522], "vanishing_points_image": {"x": [434.85023810942573, 319.82916573630007], "y": [371.48184357454795, 233.9742263698403], "z": [256.38863358750564, 51.174314981455325]}, "camera_uuid": "bf987798a26d9c5da496954cb31ac414", "field_of_view_rads": 1.2132325863719666, "room": "856e4980d5eb3351797f528948f684e5"}