{"vanishing_points_gaussian_sphere": {"x": [-0.4235196146820572, 0.05281814084469545, 0.904345829855632], "y": [0.9057863671134413, 0.009815909876321943, 0.42362094502601505], "z": [0.013497893576256585, 0.9985559032477901, -0.05199918228197642]}, "nonfixated_points_in_view": [3, 771, 774, 775, 1160, 137, 1291, 12, 1164, 1422, 144, 529, 1403, 1428, 665, 28, 285, 797, 287, 926, 929, 1439, 35, 1188, 165, 422, 934, 296, 1062, 298, 43, 682, 1066, 1070, 1328, 1330, 181, 821, 1078, 1080, 317, 65, 66, 195, 1347, 1221, 1351, 1484, 973, 847, 1236, 1442, 89, 1113, 1117, 1443, 351, 607, 1378, 99, 617, 362, 363, 1130, 241, 1395, 116, 117, 1013, 1141, 1271, 1399], "point_pitch": 0.03945334354904695, "camera_rotation_from_original_to_final": [-0.02143130637705326, 0.030569126829504967, 0.954791247844696], "camera_location": [1.9597357511520386, -5.512042045593262, 1.5149836540222168], "camera_rotation_original": [1.5890778303146362, 0.002467385260388255, 2.6240296363830566], "view_id": 8, "point_location": [4.842002868652344, -11.665107727050781, 1.8687796592712402], "camera_distance": 6.80388509287377, "bounding_box_ranges": {"x": [-11.70368380659224, -5.512042045593262], "y": [1.3034596307479918, 6.5095136680842245], "z": [-0.03510709321376815, 2.424749078789575]}, "obliqueness_angle": 1.3008540868759155, "resolution": 512, "point_uuid": "894", "point_normal": [0.08079767972230911, 0.27768826484680176, -0.9572674632072449], "camera_rotation_final": [1.622823715209961, -0.013498303480446339, 3.5789623260498047], "vanishing_points_image": {"x": [92.58698912154173, 235.6203738263369], "y": [498.91354005322967, 253.3675719756089], "z": [258.7808362452992, 50.27749722419893]}, "camera_uuid": "5090c6fc5c0dcfff7ec7ff2b1a5d94fb", "field_of_view_rads": 1.08898763604181, "room": "856e4980d5eb3351797f528948f684e5"}