{"vanishing_points_gaussian_sphere": {"x": [-0.03508267339787184, 0.26135473407308146, 0.9646050533792819], "y": [0.9993804409617957, 0.011896091158828254, 0.03312426962436376], "z": [-0.002817844968225692, 0.9651695115329378, -0.26161015606624544]}, "nonfixated_points_in_view": [1280, 257, 642, 1159, 394, 523, 779, 1420, 272, 788, 1044, 152, 409, 793, 1405, 1186, 164, 421, 1190, 1191, 1317, 683, 1068, 173, 46, 430, 1072, 689, 1324, 692, 1206, 823, 953, 186, 1211, 1469, 191, 1343, 322, 452, 709, 199, 455, 76, 1357, 1233, 1234, 725, 1241, 603, 1371, 121, 1122, 611, 1251, 1379, 870, 359, 871, 1380, 106, 748, 1006, 239, 368, 633, 1265, 756, 249, 636, 893], "point_pitch": 0.26082499424484773, "camera_rotation_from_original_to_final": [-0.1484249383211136, 0.21418069303035736, -0.5688185691833496], "camera_location": [0.21503694355487823, -3.282130241394043, 2.989867687225342], "camera_rotation_original": [1.575566053390503, 0.00037009804509580135, 2.1583032608032227], "view_id": 5, "point_location": [-5.176787853240967, -3.467283248901367, 4.452181339263916], "camera_distance": 5.589670507477499, "bounding_box_ranges": {"x": [-6.112645781515413, 0.7124717822931106], "y": [-7.245556376066952, 0.21503694355487823], "z": [0.8824187477616863, 5.475274148618848]}, "obliqueness_angle": 1.319063425064087, "resolution": 512, "point_uuid": "993", "point_normal": [0.015354011207818985, -0.3435669243335724, -0.9390027523040771], "camera_rotation_final": [1.8354874849319458, 0.0028178486973047256, 1.6058863401412964], "vanishing_points_image": {"x": [241.5064378379539, 148.02758177308658], "y": [473.34138093948945, 253.4128842488117], "z": [255.46704830488812, 73.45314840167643]}, "camera_uuid": "41fbfac86809ed0f1940b75ebedda277", "field_of_view_rads": 1.0786059117022635, "room": "8de55a2e5745f73de25402626a4c3d61"}