{"vanishing_points_gaussian_sphere": {"x": [0.07769183406659612, 0.011745136707791167, 0.9969082358387276], "y": [0.9965178219144355, 0.029443768194892087, -0.07800830161844927], "z": [-0.030268953174465596, 0.9994974318517287, -0.009416697697242462]}, "nonfixated_points_in_view": [768, 1281, 644, 646, 908, 1402, 1170, 1149, 795, 1182, 671, 1058, 1442, 551, 1064, 1192, 1447, 686, 687, 1456, 820, 1463, 1339, 1085, 832, 66, 1091, 69, 198, 712, 969, 972, 333, 462, 79, 208, 463, 338, 591, 342, 599, 1366, 602, 1242, 860, 605, 222, 94, 994, 228, 1382, 104, 1257, 1002, 1258, 1386, 367, 1009, 116, 372, 1013, 1140, 1018, 1021, 510], "point_pitch": -0.003511830172266528, "camera_rotation_from_original_to_final": [-0.04377913847565651, -0.015320932492613792, -1.4978901147842407], "camera_location": [3.307429552078247, -10.623159408569336, 1.5089129209518433], "camera_rotation_original": [1.6019235849380493, -0.010716056451201439, 1.4206318855285645], "view_id": 4, "point_location": [3.7835981845855713, -4.537954330444336, 1.5663933753967285], "camera_distance": 6.104077397071085, "bounding_box_ranges": {"x": [-10.623159408569336, -3.143604659580922], "y": [1.227520162451878, 6.509205335395742], "z": [-0.015478426429812175, 2.4277334708366873]}, "obliqueness_angle": 0.8350112438201904, "resolution": 512, "point_uuid": "946", "point_normal": [-0.7783135175704956, -0.6109811663627625, -0.14467298984527588], "camera_rotation_final": [1.5802174806594849, 0.030273577198386192, -0.07780592888593674], "vanishing_points_image": {"x": [292.30617094322554, 250.51138017028794], "y": [480.79338690245083, 249.35810737134136], "z": [248.93888745578488, 22.838191817195177]}, "camera_uuid": "6fc923253b31e08cd2b4b232614b75a1", "field_of_view_rads": 0.9997307928440335, "room": "856e4980d5eb3351797f528948f684e5"}