{"vanishing_points_gaussian_sphere": {"x": [-0.27743166026357985, -0.09483621874050685, 0.9560532231515129], "y": [0.9607453149670055, -0.027036394379921405, 0.276111341939955], "z": [-0.00033712363163315533, 0.9951256830139277, 0.0986142046244906]}, "nonfixated_points_in_view": [0, 521, 522, 528, 530, 535, 1048, 26, 29, 34, 36, 37, 48, 50, 57, 572, 1084, 63, 66, 579, 1091, 1100, 591, 594, 85, 97, 1133, 625, 115, 631, 1143, 639, 1152, 644, 138, 141, 658, 1176, 677, 678, 1198, 688, 689, 192, 1218, 197, 200, 712, 728, 221, 222, 223, 224, 1248, 1252, 229, 1258, 760, 248, 773, 774, 777, 272, 786, 1304, 1308, 797, 805, 1317, 299, 301, 814, 1329, 818, 1336, 315, 829, 319, 322, 1346, 841, 330, 852, 1365, 1368, 1383, 367, 373, 392, 398, 911, 401, 402, 920, 410, 1442, 436, 948, 958, 1472, 1474, 965, 966, 967, 1478, 971, 1490, 981, 994, 997, 488, 1002, 1013, 1018, 1019, 1021], "point_pitch": -0.10351185401412444, "camera_rotation_from_original_to_final": [0.1001821756362915, 0.0023021383676677942, -1.3615632057189941], "camera_location": [6.898015022277832, -5.4319539070129395, 1.5056571960449219], "camera_rotation_original": [1.5721105337142944, -0.004563433583825827, -3.0698022842407227], "view_id": 0, "point_location": [-2.5967142581939697, -8.174065589904785, 0.526300847530365], "camera_distance": 9.931172881838275, "bounding_box_ranges": {"x": [-6.106767995822969, -4.829963667781273], "y": [4.192427104047855, 6.898015022277832], "z": [0.0011363650180178653, 2.4291293600410695]}, "obliqueness_angle": 0.2435915172100067, "resolution": 512, "point_uuid": "1109", "point_normal": [0.9024965763092041, 0.42149046063423157, -0.08857731521129608], "camera_rotation_final": [1.4720215797424316, 0.0003371236380189657, -4.43126916885376], "vanishing_points_image": {"x": [149.73277770087665, 292.3259965691404], "y": [478.8541513850628, 262.2713527010602], "z": [255.92910091714427, 46.71921505450136]}, "camera_uuid": "7aee671bd52588b571fedb6abd1f939e", "field_of_view_rads": 1.138915624314731, "room": "8efc299ca974ee46c0bc622cd51b4dc7"}