{"vanishing_points_gaussian_sphere": {"x": [0.1329684786072941, -0.12015622265444324, 0.983809872818055], "y": [0.9911032574068707, 0.02193528801721146, -0.1312751929996381], "z": [-0.005806621595370687, 0.9925126323110542, 0.12200392554598537]}, "nonfixated_points_in_view": [352, 1313, 1342, 1316, 709, 773, 1476, 1448, 204, 722, 1043, 1300, 981, 1278, 440, 729, 762, 1019, 702, 639], "point_pitch": -0.12101201613875823, "camera_rotation_from_original_to_final": [-0.04885491356253624, 0.11848174035549164, -2.1580936908721924], "camera_location": [-1.9384469985961914, -2.428041458129883, 1.5036466121673584], "camera_rotation_original": [1.5763559341430664, -0.0021221297793090343, -1.119526982307434], "view_id": 6, "point_location": [-2.435725688934326, -6.154768466949463, 1.041488766670227], "camera_distance": 3.7880562911185174, "bounding_box_ranges": {"x": [-6.441854708693709, -2.428041458129883], "y": [-4.876794200303002, -0.5796331582371197], "z": [-0.016417773401513513, 3.3306789825283323]}, "obliqueness_angle": 0.29222381114959717, "resolution": 512, "point_uuid": "293", "point_normal": [-0.004719390533864498, -0.9901169538497925, 0.14016516506671906], "camera_rotation_final": [1.4484856128692627, 0.00580665422603488, -3.274958372116089], "vanishing_points_image": {"x": [308.8667783002727, 303.7727687870394], "y": [443.8834344447794, 251.84172767326783], "z": [254.750782781578, 42.47414001064235]}, "camera_uuid": "a7a591d05adb833dd3d4b184074676ca", "field_of_view_rads": 1.1295520377625676, "room": "8de55a2e5745f73de25402626a4c3d61"}