{"vanishing_points_gaussian_sphere": {"x": [-0.44575949013178967, 0.2951453323130106, 0.8450962724869218], "y": [0.8951522286070266, 0.14800933125658353, 0.42047083784830147], "z": [-0.0009821289735538938, 0.9439186779987043, -0.33017656601863465]}, "nonfixated_points_in_view": [1027, 527, 528, 1042, 1043, 1044, 1045, 31, 1068, 1069, 46, 1071, 1072, 563, 54, 63, 76, 1100, 1102, 87, 603, 611, 106, 1135, 1137, 121, 634, 122, 635, 636, 642, 1159, 140, 148, 152, 1186, 164, 168, 173, 1198, 1200, 689, 692, 1206, 186, 190, 191, 702, 709, 199, 1229, 1233, 1234, 725, 729, 1241, 736, 1248, 1251, 748, 239, 1263, 1265, 756, 249, 766, 255, 1280, 257, 1288, 779, 272, 786, 279, 281, 793, 1305, 292, 1316, 1317, 297, 809, 811, 1324, 814, 823, 826, 828, 1353, 335, 852, 1374, 1379, 1380, 359, 368, 884, 893, 1405, 1417, 394, 1420, 399, 925, 417, 421, 939, 941, 430, 953, 442, 1469, 1474, 452, 458, 1485, 475, 993, 493, 1006, 502], "point_pitch": 0.33722670475510164, "camera_rotation_from_original_to_final": [0.08613147586584091, -0.32472753524780273, -2.9386227130889893], "camera_location": [0.1851605325937271, -0.11082234233617783, 1.8844544887542725], "camera_rotation_original": [1.5717267990112305, -0.0008006416610442102, -1.3258916139602661], "view_id": 2, "point_location": [-7.065735340118408, -3.71844744682312, 4.717356204986572], "camera_distance": 8.579964084505614, "bounding_box_ranges": {"x": [-6.1153393398541285, 1.0831083591181427], "y": [-7.431152144697257, 0.1851605325937271], "z": [-0.039097573396393415, 5.473944654514854]}, "obliqueness_angle": 1.4825007915496826, "resolution": 512, "point_uuid": "683", "point_normal": [-0.14394955337047577, -0.2523454427719116, -0.9568701386451721], "camera_rotation_final": [1.9072871208190918, 0.0009821291314437985, -4.2503662109375], "vanishing_points_image": {"x": [116.6261072380664, 163.7180524349196], "y": [460.6425147582023, 222.16329514907125], "z": [255.84780292424855, 109.72423947671065]}, "camera_uuid": "a5d931f6e602ca2a792cef637b435332", "field_of_view_rads": 1.233410004067505, "room": "8de55a2e5745f73de25402626a4c3d61"}