{"vanishing_points_gaussian_sphere": {"x": [0.08105297864014213, 0.04182152998935728, 0.9958320010337637], "y": [0.9967082872604611, -0.005138559075417553, -0.0809084996582354], "z": [0.0017334243216524717, 0.9991118830441252, -0.04210036104528523]}, "nonfixated_points_in_view": [772, 1029, 646, 1030, 8, 1414, 1290, 144, 17, 1299, 662, 1304, 1432, 28, 416, 672, 673, 677, 422, 1061, 298, 171, 172, 685, 687, 562, 693, 1463, 1465, 827, 60, 317, 701, 831, 708, 1351, 456, 1483, 334, 977, 466, 722, 85, 91, 604, 740, 613, 1128, 874, 1004, 751, 1007, 242, 115, 627, 1141, 119, 248, 1273, 1403, 254, 1399], "point_pitch": 0.0378435413029532, "camera_rotation_from_original_to_final": [0.04275517165660858, -0.006909745279699564, -1.4284802675247192], "camera_location": [-5.588504314422607, -6.667678356170654, 1.5075440406799316], "camera_rotation_original": [1.5696860551834106, -0.004471865016967058, -0.2234717458486557], "view_id": 9, "point_location": [6.365652084350586, -7.638917446136475, 2.0129222869873047], "camera_distance": 12.004190238624732, "bounding_box_ranges": {"x": [-6.441890229210515, -6.0698766387699274], "y": [-4.203208401877804, -1.717222174166599], "z": [-0.01493320668311554, 2.425921177524129]}, "obliqueness_angle": 0.0991906151175499, "resolution": 512, "point_uuid": "654", "point_normal": [-0.9998473525047302, -0.013273387216031551, -0.011369302868843079], "camera_rotation_final": [1.612909197807312, -0.0017334251897409558, -1.6519384384155273], "vanishing_points_image": {"x": [295.9018017832696, 235.41155984757438], "y": [492.779985493487, 257.22072622339584], "z": [256.4196214771196, 14.13838600631525]}, "camera_uuid": "a16f93f6e5a1a0a39d5df06bb9e95552", "field_of_view_rads": 0.9556622791474476, "room": "8de55a2e5745f73de25402626a4c3d61"}